ISO-10303-21;
HEADER;
/* Generated by software containing ST-Developer
 * from STEP Tools, Inc. (www.steptools.com) 
 */
/* OPTION: using custom renumber hook */

FILE_DESCRIPTION(
/* description */ ('STEP AP242',
'CAx-IF Rec.Pracs.---Representation and Presentation of Product Manufa
cturing Information (PMI)---4.0---2014-10-13',
'CAx-IF Rec.Pracs.---3D Tessellated Geometry---0.4---2014-09-14','2;1'),

/* implementation_level */ '2;1');

FILE_NAME(
/* name */ '6883f4f94addd603f7249ad0',
/* time_stamp */ '2025-07-25T21:19:54Z',
/* author */ (''),
/* organization */ (''),
/* preprocessor_version */ 'ST-DEVELOPER v20',
/* originating_system */ 'ONSHAPE BY PTC INC, 1.201',
/* authorisation */ '  ');

FILE_SCHEMA (('AP242_MANAGED_MODEL_BASED_3D_ENGINEERING_MIM_LF { 1 0 10303 442 1 1 4 }'));
ENDSEC;

DATA;
#10=SHAPE_REPRESENTATION_RELATIONSHIP('','',#2225,#11);
#11=ADVANCED_BREP_SHAPE_REPRESENTATION('',(#2223),#3517);
#12=CYLINDRICAL_SURFACE('',#2250,0.00265);
#13=CYLINDRICAL_SURFACE('',#2277,0.00550000000000015);
#14=CYLINDRICAL_SURFACE('',#2349,0.00225);
#15=CYLINDRICAL_SURFACE('',#2350,0.00225);
#16=CYLINDRICAL_SURFACE('',#2351,0.00225);
#17=CYLINDRICAL_SURFACE('',#2352,0.00225);
#18=CYLINDRICAL_SURFACE('',#2353,0.00224999999999997);
#19=CYLINDRICAL_SURFACE('',#2354,0.00224999999999997);
#20=CYLINDRICAL_SURFACE('',#2355,0.00225);
#21=CYLINDRICAL_SURFACE('',#2356,0.00225);
#22=CIRCLE('',#2230,0.00225);
#23=CIRCLE('',#2231,0.00225);
#24=CIRCLE('',#2232,0.00225);
#25=CIRCLE('',#2233,0.00225);
#26=CIRCLE('',#2238,0.00265);
#27=CIRCLE('',#2251,0.00265);
#28=CIRCLE('',#2256,0.00224999999999997);
#29=CIRCLE('',#2257,0.00550000000000015);
#30=CIRCLE('',#2260,0.00224999999999997);
#31=CIRCLE('',#2262,0.00225);
#32=CIRCLE('',#2264,0.00225);
#33=CIRCLE('',#2267,0.00224999999999997);
#34=CIRCLE('',#2268,0.00550000000000015);
#35=CIRCLE('',#2270,0.00225);
#36=CIRCLE('',#2272,0.00225);
#37=CIRCLE('',#2274,0.00224999999999997);
#38=CIRCLE('',#2324,0.00225);
#39=CIRCLE('',#2332,0.00225);
#40=CIRCLE('',#2340,0.00225);
#41=CIRCLE('',#2348,0.00225);
#42=ORIENTED_EDGE('',*,*,#642,.F.);
#43=ORIENTED_EDGE('',*,*,#643,.F.);
#44=ORIENTED_EDGE('',*,*,#644,.F.);
#45=ORIENTED_EDGE('',*,*,#645,.T.);
#46=ORIENTED_EDGE('',*,*,#646,.T.);
#47=ORIENTED_EDGE('',*,*,#647,.T.);
#48=ORIENTED_EDGE('',*,*,#648,.F.);
#49=ORIENTED_EDGE('',*,*,#649,.T.);
#50=ORIENTED_EDGE('',*,*,#650,.T.);
#51=ORIENTED_EDGE('',*,*,#651,.T.);
#52=ORIENTED_EDGE('',*,*,#652,.T.);
#53=ORIENTED_EDGE('',*,*,#653,.T.);
#54=ORIENTED_EDGE('',*,*,#654,.F.);
#55=ORIENTED_EDGE('',*,*,#655,.F.);
#56=ORIENTED_EDGE('',*,*,#656,.T.);
#57=ORIENTED_EDGE('',*,*,#657,.T.);
#58=ORIENTED_EDGE('',*,*,#658,.T.);
#59=ORIENTED_EDGE('',*,*,#659,.F.);
#60=ORIENTED_EDGE('',*,*,#660,.F.);
#61=ORIENTED_EDGE('',*,*,#661,.F.);
#62=ORIENTED_EDGE('',*,*,#662,.F.);
#63=ORIENTED_EDGE('',*,*,#663,.F.);
#64=ORIENTED_EDGE('',*,*,#664,.T.);
#65=ORIENTED_EDGE('',*,*,#665,.T.);
#66=ORIENTED_EDGE('',*,*,#666,.F.);
#67=ORIENTED_EDGE('',*,*,#667,.F.);
#68=ORIENTED_EDGE('',*,*,#668,.F.);
#69=ORIENTED_EDGE('',*,*,#669,.F.);
#70=ORIENTED_EDGE('',*,*,#670,.F.);
#71=ORIENTED_EDGE('',*,*,#671,.F.);
#72=ORIENTED_EDGE('',*,*,#672,.F.);
#73=ORIENTED_EDGE('',*,*,#673,.F.);
#74=ORIENTED_EDGE('',*,*,#674,.F.);
#75=ORIENTED_EDGE('',*,*,#675,.F.);
#76=ORIENTED_EDGE('',*,*,#676,.F.);
#77=ORIENTED_EDGE('',*,*,#677,.F.);
#78=ORIENTED_EDGE('',*,*,#678,.F.);
#79=ORIENTED_EDGE('',*,*,#679,.F.);
#80=ORIENTED_EDGE('',*,*,#680,.F.);
#81=ORIENTED_EDGE('',*,*,#681,.F.);
#82=ORIENTED_EDGE('',*,*,#682,.F.);
#83=ORIENTED_EDGE('',*,*,#683,.F.);
#84=ORIENTED_EDGE('',*,*,#684,.F.);
#85=ORIENTED_EDGE('',*,*,#685,.F.);
#86=ORIENTED_EDGE('',*,*,#686,.F.);
#87=ORIENTED_EDGE('',*,*,#687,.F.);
#88=ORIENTED_EDGE('',*,*,#688,.F.);
#89=ORIENTED_EDGE('',*,*,#689,.F.);
#90=ORIENTED_EDGE('',*,*,#690,.F.);
#91=ORIENTED_EDGE('',*,*,#691,.F.);
#92=ORIENTED_EDGE('',*,*,#692,.F.);
#93=ORIENTED_EDGE('',*,*,#693,.F.);
#94=ORIENTED_EDGE('',*,*,#694,.F.);
#95=ORIENTED_EDGE('',*,*,#695,.T.);
#96=ORIENTED_EDGE('',*,*,#696,.F.);
#97=ORIENTED_EDGE('',*,*,#697,.F.);
#98=ORIENTED_EDGE('',*,*,#698,.F.);
#99=ORIENTED_EDGE('',*,*,#699,.F.);
#100=ORIENTED_EDGE('',*,*,#700,.F.);
#101=ORIENTED_EDGE('',*,*,#646,.F.);
#102=ORIENTED_EDGE('',*,*,#701,.F.);
#103=ORIENTED_EDGE('',*,*,#643,.T.);
#104=ORIENTED_EDGE('',*,*,#648,.T.);
#105=ORIENTED_EDGE('',*,*,#702,.T.);
#106=ORIENTED_EDGE('',*,*,#645,.F.);
#107=ORIENTED_EDGE('',*,*,#703,.T.);
#108=ORIENTED_EDGE('',*,*,#704,.T.);
#109=ORIENTED_EDGE('',*,*,#705,.T.);
#110=ORIENTED_EDGE('',*,*,#706,.T.);
#111=ORIENTED_EDGE('',*,*,#707,.T.);
#112=ORIENTED_EDGE('',*,*,#708,.T.);
#113=ORIENTED_EDGE('',*,*,#709,.T.);
#114=ORIENTED_EDGE('',*,*,#710,.T.);
#115=ORIENTED_EDGE('',*,*,#711,.T.);
#116=ORIENTED_EDGE('',*,*,#712,.T.);
#117=ORIENTED_EDGE('',*,*,#713,.F.);
#118=ORIENTED_EDGE('',*,*,#714,.F.);
#119=ORIENTED_EDGE('',*,*,#715,.T.);
#120=ORIENTED_EDGE('',*,*,#716,.T.);
#121=ORIENTED_EDGE('',*,*,#717,.F.);
#122=ORIENTED_EDGE('',*,*,#718,.T.);
#123=ORIENTED_EDGE('',*,*,#719,.T.);
#124=ORIENTED_EDGE('',*,*,#720,.F.);
#125=ORIENTED_EDGE('',*,*,#721,.F.);
#126=ORIENTED_EDGE('',*,*,#722,.T.);
#127=ORIENTED_EDGE('',*,*,#723,.T.);
#128=ORIENTED_EDGE('',*,*,#724,.F.);
#129=ORIENTED_EDGE('',*,*,#725,.T.);
#130=ORIENTED_EDGE('',*,*,#726,.T.);
#131=ORIENTED_EDGE('',*,*,#727,.T.);
#132=ORIENTED_EDGE('',*,*,#728,.T.);
#133=ORIENTED_EDGE('',*,*,#729,.T.);
#134=ORIENTED_EDGE('',*,*,#730,.T.);
#135=ORIENTED_EDGE('',*,*,#731,.T.);
#136=ORIENTED_EDGE('',*,*,#732,.T.);
#137=ORIENTED_EDGE('',*,*,#733,.T.);
#138=ORIENTED_EDGE('',*,*,#734,.T.);
#139=ORIENTED_EDGE('',*,*,#735,.T.);
#140=ORIENTED_EDGE('',*,*,#736,.T.);
#141=ORIENTED_EDGE('',*,*,#737,.T.);
#142=ORIENTED_EDGE('',*,*,#738,.T.);
#143=ORIENTED_EDGE('',*,*,#739,.T.);
#144=ORIENTED_EDGE('',*,*,#740,.T.);
#145=ORIENTED_EDGE('',*,*,#741,.T.);
#146=ORIENTED_EDGE('',*,*,#742,.T.);
#147=ORIENTED_EDGE('',*,*,#743,.T.);
#148=ORIENTED_EDGE('',*,*,#744,.T.);
#149=ORIENTED_EDGE('',*,*,#745,.T.);
#150=ORIENTED_EDGE('',*,*,#746,.T.);
#151=ORIENTED_EDGE('',*,*,#747,.F.);
#152=ORIENTED_EDGE('',*,*,#748,.T.);
#153=ORIENTED_EDGE('',*,*,#749,.F.);
#154=ORIENTED_EDGE('',*,*,#706,.F.);
#155=ORIENTED_EDGE('',*,*,#750,.F.);
#156=ORIENTED_EDGE('',*,*,#708,.F.);
#157=ORIENTED_EDGE('',*,*,#751,.T.);
#158=ORIENTED_EDGE('',*,*,#752,.T.);
#159=ORIENTED_EDGE('',*,*,#753,.F.);
#160=ORIENTED_EDGE('',*,*,#722,.F.);
#161=ORIENTED_EDGE('',*,*,#754,.T.);
#162=ORIENTED_EDGE('',*,*,#666,.T.);
#163=ORIENTED_EDGE('',*,*,#755,.F.);
#164=ORIENTED_EDGE('',*,*,#699,.T.);
#165=ORIENTED_EDGE('',*,*,#756,.F.);
#166=ORIENTED_EDGE('',*,*,#710,.F.);
#167=ORIENTED_EDGE('',*,*,#757,.F.);
#168=ORIENTED_EDGE('',*,*,#704,.F.);
#169=ORIENTED_EDGE('',*,*,#758,.T.);
#170=ORIENTED_EDGE('',*,*,#696,.T.);
#171=ORIENTED_EDGE('',*,*,#718,.F.);
#172=ORIENTED_EDGE('',*,*,#759,.F.);
#173=ORIENTED_EDGE('',*,*,#760,.F.);
#174=ORIENTED_EDGE('',*,*,#761,.T.);
#175=ORIENTED_EDGE('',*,*,#759,.T.);
#176=ORIENTED_EDGE('',*,*,#721,.T.);
#177=ORIENTED_EDGE('',*,*,#762,.F.);
#178=ORIENTED_EDGE('',*,*,#763,.T.);
#179=ORIENTED_EDGE('',*,*,#762,.T.);
#180=ORIENTED_EDGE('',*,*,#720,.T.);
#181=ORIENTED_EDGE('',*,*,#764,.F.);
#182=ORIENTED_EDGE('',*,*,#765,.T.);
#183=ORIENTED_EDGE('',*,*,#766,.T.);
#184=ORIENTED_EDGE('',*,*,#717,.T.);
#185=ORIENTED_EDGE('',*,*,#767,.F.);
#186=ORIENTED_EDGE('',*,*,#768,.T.);
#187=ORIENTED_EDGE('',*,*,#716,.F.);
#188=ORIENTED_EDGE('',*,*,#769,.F.);
#189=ORIENTED_EDGE('',*,*,#770,.F.);
#190=ORIENTED_EDGE('',*,*,#767,.T.);
#191=ORIENTED_EDGE('',*,*,#715,.F.);
#192=ORIENTED_EDGE('',*,*,#771,.F.);
#193=ORIENTED_EDGE('',*,*,#772,.F.);
#194=ORIENTED_EDGE('',*,*,#769,.T.);
#195=ORIENTED_EDGE('',*,*,#773,.T.);
#196=ORIENTED_EDGE('',*,*,#713,.T.);
#197=ORIENTED_EDGE('',*,*,#771,.T.);
#198=ORIENTED_EDGE('',*,*,#714,.T.);
#199=ORIENTED_EDGE('',*,*,#766,.F.);
#200=ORIENTED_EDGE('',*,*,#774,.T.);
#201=ORIENTED_EDGE('',*,*,#719,.F.);
#202=ORIENTED_EDGE('',*,*,#761,.F.);
#203=ORIENTED_EDGE('',*,*,#775,.F.);
#204=ORIENTED_EDGE('',*,*,#764,.T.);
#205=ORIENTED_EDGE('',*,*,#748,.F.);
#206=ORIENTED_EDGE('',*,*,#776,.T.);
#207=ORIENTED_EDGE('',*,*,#752,.F.);
#208=ORIENTED_EDGE('',*,*,#777,.F.);
#209=ORIENTED_EDGE('',*,*,#778,.F.);
#210=ORIENTED_EDGE('',*,*,#779,.F.);
#211=ORIENTED_EDGE('',*,*,#780,.T.);
#212=ORIENTED_EDGE('',*,*,#658,.F.);
#213=ORIENTED_EDGE('',*,*,#781,.F.);
#214=ORIENTED_EDGE('',*,*,#782,.T.);
#215=ORIENTED_EDGE('',*,*,#783,.F.);
#216=ORIENTED_EDGE('',*,*,#784,.F.);
#217=ORIENTED_EDGE('',*,*,#785,.F.);
#218=ORIENTED_EDGE('',*,*,#786,.F.);
#219=ORIENTED_EDGE('',*,*,#654,.T.);
#220=ORIENTED_EDGE('',*,*,#787,.F.);
#221=ORIENTED_EDGE('',*,*,#788,.F.);
#222=ORIENTED_EDGE('',*,*,#789,.T.);
#223=ORIENTED_EDGE('',*,*,#790,.F.);
#224=ORIENTED_EDGE('',*,*,#791,.T.);
#225=ORIENTED_EDGE('',*,*,#792,.F.);
#226=ORIENTED_EDGE('',*,*,#793,.T.);
#227=ORIENTED_EDGE('',*,*,#655,.T.);
#228=ORIENTED_EDGE('',*,*,#789,.F.);
#229=ORIENTED_EDGE('',*,*,#794,.T.);
#230=ORIENTED_EDGE('',*,*,#795,.F.);
#231=ORIENTED_EDGE('',*,*,#796,.T.);
#232=ORIENTED_EDGE('',*,*,#797,.F.);
#233=ORIENTED_EDGE('',*,*,#791,.F.);
#234=ORIENTED_EDGE('',*,*,#798,.T.);
#235=ORIENTED_EDGE('',*,*,#799,.F.);
#236=ORIENTED_EDGE('',*,*,#783,.T.);
#237=ORIENTED_EDGE('',*,*,#800,.F.);
#238=ORIENTED_EDGE('',*,*,#796,.F.);
#239=ORIENTED_EDGE('',*,*,#801,.T.);
#240=ORIENTED_EDGE('',*,*,#780,.F.);
#241=ORIENTED_EDGE('',*,*,#802,.T.);
#242=ORIENTED_EDGE('',*,*,#803,.T.);
#243=ORIENTED_EDGE('',*,*,#659,.T.);
#244=ORIENTED_EDGE('',*,*,#804,.T.);
#245=ORIENTED_EDGE('',*,*,#803,.F.);
#246=ORIENTED_EDGE('',*,*,#805,.T.);
#247=ORIENTED_EDGE('',*,*,#806,.T.);
#248=ORIENTED_EDGE('',*,*,#807,.T.);
#249=ORIENTED_EDGE('',*,*,#808,.F.);
#250=ORIENTED_EDGE('',*,*,#809,.T.);
#251=ORIENTED_EDGE('',*,*,#660,.T.);
#252=ORIENTED_EDGE('',*,*,#810,.T.);
#253=ORIENTED_EDGE('',*,*,#661,.T.);
#254=ORIENTED_EDGE('',*,*,#809,.F.);
#255=ORIENTED_EDGE('',*,*,#811,.F.);
#256=ORIENTED_EDGE('',*,*,#812,.T.);
#257=ORIENTED_EDGE('',*,*,#813,.T.);
#258=ORIENTED_EDGE('',*,*,#662,.T.);
#259=ORIENTED_EDGE('',*,*,#812,.F.);
#260=ORIENTED_EDGE('',*,*,#814,.F.);
#261=ORIENTED_EDGE('',*,*,#815,.T.);
#262=ORIENTED_EDGE('',*,*,#816,.T.);
#263=ORIENTED_EDGE('',*,*,#663,.T.);
#264=ORIENTED_EDGE('',*,*,#815,.F.);
#265=ORIENTED_EDGE('',*,*,#817,.F.);
#266=ORIENTED_EDGE('',*,*,#787,.T.);
#267=ORIENTED_EDGE('',*,*,#808,.T.);
#268=ORIENTED_EDGE('',*,*,#818,.T.);
#269=ORIENTED_EDGE('',*,*,#784,.T.);
#270=ORIENTED_EDGE('',*,*,#801,.F.);
#271=ORIENTED_EDGE('',*,*,#798,.F.);
#272=ORIENTED_EDGE('',*,*,#794,.F.);
#273=ORIENTED_EDGE('',*,*,#788,.T.);
#274=ORIENTED_EDGE('',*,*,#817,.T.);
#275=ORIENTED_EDGE('',*,*,#814,.T.);
#276=ORIENTED_EDGE('',*,*,#811,.T.);
#277=ORIENTED_EDGE('',*,*,#779,.T.);
#278=ORIENTED_EDGE('',*,*,#819,.F.);
#279=ORIENTED_EDGE('',*,*,#805,.F.);
#280=ORIENTED_EDGE('',*,*,#802,.F.);
#281=ORIENTED_EDGE('',*,*,#819,.T.);
#282=ORIENTED_EDGE('',*,*,#786,.T.);
#283=ORIENTED_EDGE('',*,*,#820,.F.);
#284=ORIENTED_EDGE('',*,*,#806,.F.);
#285=ORIENTED_EDGE('',*,*,#820,.T.);
#286=ORIENTED_EDGE('',*,*,#785,.T.);
#287=ORIENTED_EDGE('',*,*,#818,.F.);
#288=ORIENTED_EDGE('',*,*,#807,.F.);
#289=ORIENTED_EDGE('',*,*,#657,.F.);
#290=ORIENTED_EDGE('',*,*,#821,.F.);
#291=ORIENTED_EDGE('',*,*,#822,.T.);
#292=ORIENTED_EDGE('',*,*,#781,.T.);
#293=ORIENTED_EDGE('',*,*,#656,.F.);
#294=ORIENTED_EDGE('',*,*,#793,.F.);
#295=ORIENTED_EDGE('',*,*,#823,.T.);
#296=ORIENTED_EDGE('',*,*,#821,.T.);
#297=ORIENTED_EDGE('',*,*,#824,.F.);
#298=ORIENTED_EDGE('',*,*,#825,.F.);
#299=ORIENTED_EDGE('',*,*,#826,.F.);
#300=ORIENTED_EDGE('',*,*,#827,.F.);
#301=ORIENTED_EDGE('',*,*,#828,.F.);
#302=ORIENTED_EDGE('',*,*,#829,.F.);
#303=ORIENTED_EDGE('',*,*,#830,.F.);
#304=ORIENTED_EDGE('',*,*,#831,.F.);
#305=ORIENTED_EDGE('',*,*,#832,.F.);
#306=ORIENTED_EDGE('',*,*,#833,.F.);
#307=ORIENTED_EDGE('',*,*,#834,.F.);
#308=ORIENTED_EDGE('',*,*,#835,.F.);
#309=ORIENTED_EDGE('',*,*,#836,.F.);
#310=ORIENTED_EDGE('',*,*,#837,.F.);
#311=ORIENTED_EDGE('',*,*,#838,.F.);
#312=ORIENTED_EDGE('',*,*,#839,.F.);
#313=ORIENTED_EDGE('',*,*,#840,.F.);
#314=ORIENTED_EDGE('',*,*,#841,.F.);
#315=ORIENTED_EDGE('',*,*,#842,.F.);
#316=ORIENTED_EDGE('',*,*,#843,.F.);
#317=ORIENTED_EDGE('',*,*,#844,.F.);
#318=ORIENTED_EDGE('',*,*,#845,.F.);
#319=ORIENTED_EDGE('',*,*,#846,.F.);
#320=ORIENTED_EDGE('',*,*,#847,.F.);
#321=ORIENTED_EDGE('',*,*,#782,.F.);
#322=ORIENTED_EDGE('',*,*,#822,.F.);
#323=ORIENTED_EDGE('',*,*,#823,.F.);
#324=ORIENTED_EDGE('',*,*,#792,.T.);
#325=ORIENTED_EDGE('',*,*,#797,.T.);
#326=ORIENTED_EDGE('',*,*,#800,.T.);
#327=ORIENTED_EDGE('',*,*,#768,.F.);
#328=ORIENTED_EDGE('',*,*,#770,.T.);
#329=ORIENTED_EDGE('',*,*,#772,.T.);
#330=ORIENTED_EDGE('',*,*,#774,.F.);
#331=ORIENTED_EDGE('',*,*,#773,.F.);
#332=ORIENTED_EDGE('',*,*,#644,.T.);
#333=ORIENTED_EDGE('',*,*,#701,.T.);
#334=ORIENTED_EDGE('',*,*,#649,.F.);
#335=ORIENTED_EDGE('',*,*,#703,.F.);
#336=ORIENTED_EDGE('',*,*,#760,.T.);
#337=ORIENTED_EDGE('',*,*,#763,.F.);
#338=ORIENTED_EDGE('',*,*,#765,.F.);
#339=ORIENTED_EDGE('',*,*,#775,.T.);
#340=ORIENTED_EDGE('',*,*,#848,.F.);
#341=ORIENTED_EDGE('',*,*,#849,.T.);
#342=ORIENTED_EDGE('',*,*,#850,.T.);
#343=ORIENTED_EDGE('',*,*,#851,.T.);
#344=ORIENTED_EDGE('',*,*,#852,.T.);
#345=ORIENTED_EDGE('',*,*,#853,.F.);
#346=ORIENTED_EDGE('',*,*,#691,.T.);
#347=ORIENTED_EDGE('',*,*,#854,.F.);
#348=ORIENTED_EDGE('',*,*,#851,.F.);
#349=ORIENTED_EDGE('',*,*,#855,.T.);
#350=ORIENTED_EDGE('',*,*,#690,.T.);
#351=ORIENTED_EDGE('',*,*,#856,.T.);
#352=ORIENTED_EDGE('',*,*,#852,.F.);
#353=ORIENTED_EDGE('',*,*,#854,.T.);
#354=ORIENTED_EDGE('',*,*,#777,.T.);
#355=ORIENTED_EDGE('',*,*,#751,.F.);
#356=ORIENTED_EDGE('',*,*,#707,.F.);
#357=ORIENTED_EDGE('',*,*,#749,.T.);
#358=ORIENTED_EDGE('',*,*,#725,.F.);
#359=ORIENTED_EDGE('',*,*,#857,.T.);
#360=ORIENTED_EDGE('',*,*,#688,.T.);
#361=ORIENTED_EDGE('',*,*,#858,.F.);
#362=ORIENTED_EDGE('',*,*,#687,.T.);
#363=ORIENTED_EDGE('',*,*,#859,.F.);
#364=ORIENTED_EDGE('',*,*,#726,.F.);
#365=ORIENTED_EDGE('',*,*,#858,.T.);
#366=ORIENTED_EDGE('',*,*,#686,.T.);
#367=ORIENTED_EDGE('',*,*,#860,.F.);
#368=ORIENTED_EDGE('',*,*,#727,.F.);
#369=ORIENTED_EDGE('',*,*,#859,.T.);
#370=ORIENTED_EDGE('',*,*,#685,.T.);
#371=ORIENTED_EDGE('',*,*,#861,.F.);
#372=ORIENTED_EDGE('',*,*,#728,.F.);
#373=ORIENTED_EDGE('',*,*,#860,.T.);
#374=ORIENTED_EDGE('',*,*,#684,.T.);
#375=ORIENTED_EDGE('',*,*,#862,.F.);
#376=ORIENTED_EDGE('',*,*,#729,.F.);
#377=ORIENTED_EDGE('',*,*,#861,.T.);
#378=ORIENTED_EDGE('',*,*,#683,.T.);
#379=ORIENTED_EDGE('',*,*,#863,.F.);
#380=ORIENTED_EDGE('',*,*,#730,.F.);
#381=ORIENTED_EDGE('',*,*,#862,.T.);
#382=ORIENTED_EDGE('',*,*,#682,.T.);
#383=ORIENTED_EDGE('',*,*,#864,.F.);
#384=ORIENTED_EDGE('',*,*,#731,.F.);
#385=ORIENTED_EDGE('',*,*,#863,.T.);
#386=ORIENTED_EDGE('',*,*,#681,.T.);
#387=ORIENTED_EDGE('',*,*,#865,.F.);
#388=ORIENTED_EDGE('',*,*,#732,.F.);
#389=ORIENTED_EDGE('',*,*,#864,.T.);
#390=ORIENTED_EDGE('',*,*,#680,.T.);
#391=ORIENTED_EDGE('',*,*,#866,.F.);
#392=ORIENTED_EDGE('',*,*,#733,.F.);
#393=ORIENTED_EDGE('',*,*,#865,.T.);
#394=ORIENTED_EDGE('',*,*,#679,.T.);
#395=ORIENTED_EDGE('',*,*,#867,.F.);
#396=ORIENTED_EDGE('',*,*,#734,.F.);
#397=ORIENTED_EDGE('',*,*,#866,.T.);
#398=ORIENTED_EDGE('',*,*,#678,.T.);
#399=ORIENTED_EDGE('',*,*,#868,.F.);
#400=ORIENTED_EDGE('',*,*,#735,.F.);
#401=ORIENTED_EDGE('',*,*,#867,.T.);
#402=ORIENTED_EDGE('',*,*,#677,.T.);
#403=ORIENTED_EDGE('',*,*,#869,.F.);
#404=ORIENTED_EDGE('',*,*,#736,.F.);
#405=ORIENTED_EDGE('',*,*,#868,.T.);
#406=ORIENTED_EDGE('',*,*,#676,.T.);
#407=ORIENTED_EDGE('',*,*,#870,.F.);
#408=ORIENTED_EDGE('',*,*,#737,.F.);
#409=ORIENTED_EDGE('',*,*,#869,.T.);
#410=ORIENTED_EDGE('',*,*,#675,.T.);
#411=ORIENTED_EDGE('',*,*,#871,.F.);
#412=ORIENTED_EDGE('',*,*,#738,.F.);
#413=ORIENTED_EDGE('',*,*,#870,.T.);
#414=ORIENTED_EDGE('',*,*,#674,.T.);
#415=ORIENTED_EDGE('',*,*,#872,.F.);
#416=ORIENTED_EDGE('',*,*,#739,.F.);
#417=ORIENTED_EDGE('',*,*,#871,.T.);
#418=ORIENTED_EDGE('',*,*,#673,.T.);
#419=ORIENTED_EDGE('',*,*,#873,.F.);
#420=ORIENTED_EDGE('',*,*,#740,.F.);
#421=ORIENTED_EDGE('',*,*,#872,.T.);
#422=ORIENTED_EDGE('',*,*,#672,.T.);
#423=ORIENTED_EDGE('',*,*,#874,.F.);
#424=ORIENTED_EDGE('',*,*,#741,.F.);
#425=ORIENTED_EDGE('',*,*,#873,.T.);
#426=ORIENTED_EDGE('',*,*,#671,.T.);
#427=ORIENTED_EDGE('',*,*,#875,.F.);
#428=ORIENTED_EDGE('',*,*,#742,.F.);
#429=ORIENTED_EDGE('',*,*,#874,.T.);
#430=ORIENTED_EDGE('',*,*,#670,.T.);
#431=ORIENTED_EDGE('',*,*,#876,.F.);
#432=ORIENTED_EDGE('',*,*,#743,.F.);
#433=ORIENTED_EDGE('',*,*,#875,.T.);
#434=ORIENTED_EDGE('',*,*,#669,.T.);
#435=ORIENTED_EDGE('',*,*,#877,.F.);
#436=ORIENTED_EDGE('',*,*,#744,.F.);
#437=ORIENTED_EDGE('',*,*,#876,.T.);
#438=ORIENTED_EDGE('',*,*,#668,.T.);
#439=ORIENTED_EDGE('',*,*,#878,.F.);
#440=ORIENTED_EDGE('',*,*,#745,.F.);
#441=ORIENTED_EDGE('',*,*,#877,.T.);
#442=ORIENTED_EDGE('',*,*,#667,.T.);
#443=ORIENTED_EDGE('',*,*,#754,.F.);
#444=ORIENTED_EDGE('',*,*,#746,.F.);
#445=ORIENTED_EDGE('',*,*,#878,.T.);
#446=ORIENTED_EDGE('',*,*,#698,.T.);
#447=ORIENTED_EDGE('',*,*,#879,.F.);
#448=ORIENTED_EDGE('',*,*,#711,.F.);
#449=ORIENTED_EDGE('',*,*,#756,.T.);
#450=ORIENTED_EDGE('',*,*,#697,.T.);
#451=ORIENTED_EDGE('',*,*,#758,.F.);
#452=ORIENTED_EDGE('',*,*,#712,.F.);
#453=ORIENTED_EDGE('',*,*,#879,.T.);
#454=ORIENTED_EDGE('',*,*,#849,.F.);
#455=ORIENTED_EDGE('',*,*,#880,.T.);
#456=ORIENTED_EDGE('',*,*,#693,.T.);
#457=ORIENTED_EDGE('',*,*,#881,.F.);
#458=ORIENTED_EDGE('',*,*,#692,.T.);
#459=ORIENTED_EDGE('',*,*,#855,.F.);
#460=ORIENTED_EDGE('',*,*,#850,.F.);
#461=ORIENTED_EDGE('',*,*,#881,.T.);
#462=ORIENTED_EDGE('',*,*,#882,.F.);
#463=ORIENTED_EDGE('',*,*,#883,.F.);
#464=ORIENTED_EDGE('',*,*,#884,.T.);
#465=ORIENTED_EDGE('',*,*,#885,.T.);
#466=ORIENTED_EDGE('',*,*,#700,.T.);
#467=ORIENTED_EDGE('',*,*,#642,.T.);
#468=ORIENTED_EDGE('',*,*,#702,.F.);
#469=ORIENTED_EDGE('',*,*,#647,.F.);
#470=ORIENTED_EDGE('',*,*,#750,.T.);
#471=ORIENTED_EDGE('',*,*,#776,.F.);
#472=ORIENTED_EDGE('',*,*,#747,.T.);
#473=ORIENTED_EDGE('',*,*,#705,.F.);
#474=ORIENTED_EDGE('',*,*,#757,.T.);
#475=ORIENTED_EDGE('',*,*,#695,.F.);
#476=ORIENTED_EDGE('',*,*,#886,.F.);
#477=ORIENTED_EDGE('',*,*,#883,.T.);
#478=ORIENTED_EDGE('',*,*,#887,.T.);
#479=ORIENTED_EDGE('',*,*,#664,.F.);
#480=ORIENTED_EDGE('',*,*,#755,.T.);
#481=ORIENTED_EDGE('',*,*,#709,.F.);
#482=ORIENTED_EDGE('',*,*,#753,.T.);
#483=ORIENTED_EDGE('',*,*,#665,.F.);
#484=ORIENTED_EDGE('',*,*,#887,.F.);
#485=ORIENTED_EDGE('',*,*,#882,.T.);
#486=ORIENTED_EDGE('',*,*,#888,.T.);
#487=ORIENTED_EDGE('',*,*,#723,.F.);
#488=ORIENTED_EDGE('',*,*,#848,.T.);
#489=ORIENTED_EDGE('',*,*,#889,.F.);
#490=ORIENTED_EDGE('',*,*,#884,.F.);
#491=ORIENTED_EDGE('',*,*,#886,.T.);
#492=ORIENTED_EDGE('',*,*,#694,.T.);
#493=ORIENTED_EDGE('',*,*,#880,.F.);
#494=ORIENTED_EDGE('',*,*,#853,.T.);
#495=ORIENTED_EDGE('',*,*,#856,.F.);
#496=ORIENTED_EDGE('',*,*,#689,.T.);
#497=ORIENTED_EDGE('',*,*,#857,.F.);
#498=ORIENTED_EDGE('',*,*,#724,.T.);
#499=ORIENTED_EDGE('',*,*,#888,.F.);
#500=ORIENTED_EDGE('',*,*,#885,.F.);
#501=ORIENTED_EDGE('',*,*,#889,.T.);
#502=ORIENTED_EDGE('',*,*,#842,.T.);
#503=ORIENTED_EDGE('',*,*,#890,.F.);
#504=ORIENTED_EDGE('',*,*,#891,.F.);
#505=ORIENTED_EDGE('',*,*,#892,.T.);
#506=ORIENTED_EDGE('',*,*,#847,.T.);
#507=ORIENTED_EDGE('',*,*,#893,.F.);
#508=ORIENTED_EDGE('',*,*,#894,.F.);
#509=ORIENTED_EDGE('',*,*,#890,.T.);
#510=ORIENTED_EDGE('',*,*,#846,.T.);
#511=ORIENTED_EDGE('',*,*,#895,.F.);
#512=ORIENTED_EDGE('',*,*,#896,.F.);
#513=ORIENTED_EDGE('',*,*,#893,.T.);
#514=ORIENTED_EDGE('',*,*,#845,.T.);
#515=ORIENTED_EDGE('',*,*,#897,.F.);
#516=ORIENTED_EDGE('',*,*,#898,.F.);
#517=ORIENTED_EDGE('',*,*,#895,.T.);
#518=ORIENTED_EDGE('',*,*,#844,.T.);
#519=ORIENTED_EDGE('',*,*,#899,.F.);
#520=ORIENTED_EDGE('',*,*,#900,.F.);
#521=ORIENTED_EDGE('',*,*,#897,.T.);
#522=ORIENTED_EDGE('',*,*,#843,.T.);
#523=ORIENTED_EDGE('',*,*,#892,.F.);
#524=ORIENTED_EDGE('',*,*,#901,.F.);
#525=ORIENTED_EDGE('',*,*,#899,.T.);
#526=ORIENTED_EDGE('',*,*,#902,.F.);
#527=ORIENTED_EDGE('',*,*,#891,.T.);
#528=ORIENTED_EDGE('',*,*,#894,.T.);
#529=ORIENTED_EDGE('',*,*,#896,.T.);
#530=ORIENTED_EDGE('',*,*,#898,.T.);
#531=ORIENTED_EDGE('',*,*,#900,.T.);
#532=ORIENTED_EDGE('',*,*,#901,.T.);
#533=ORIENTED_EDGE('',*,*,#836,.T.);
#534=ORIENTED_EDGE('',*,*,#903,.F.);
#535=ORIENTED_EDGE('',*,*,#904,.F.);
#536=ORIENTED_EDGE('',*,*,#905,.T.);
#537=ORIENTED_EDGE('',*,*,#841,.T.);
#538=ORIENTED_EDGE('',*,*,#906,.F.);
#539=ORIENTED_EDGE('',*,*,#907,.F.);
#540=ORIENTED_EDGE('',*,*,#903,.T.);
#541=ORIENTED_EDGE('',*,*,#840,.T.);
#542=ORIENTED_EDGE('',*,*,#908,.F.);
#543=ORIENTED_EDGE('',*,*,#909,.F.);
#544=ORIENTED_EDGE('',*,*,#906,.T.);
#545=ORIENTED_EDGE('',*,*,#839,.T.);
#546=ORIENTED_EDGE('',*,*,#910,.F.);
#547=ORIENTED_EDGE('',*,*,#911,.F.);
#548=ORIENTED_EDGE('',*,*,#908,.T.);
#549=ORIENTED_EDGE('',*,*,#838,.T.);
#550=ORIENTED_EDGE('',*,*,#912,.F.);
#551=ORIENTED_EDGE('',*,*,#913,.F.);
#552=ORIENTED_EDGE('',*,*,#910,.T.);
#553=ORIENTED_EDGE('',*,*,#837,.T.);
#554=ORIENTED_EDGE('',*,*,#905,.F.);
#555=ORIENTED_EDGE('',*,*,#914,.F.);
#556=ORIENTED_EDGE('',*,*,#912,.T.);
#557=ORIENTED_EDGE('',*,*,#915,.F.);
#558=ORIENTED_EDGE('',*,*,#904,.T.);
#559=ORIENTED_EDGE('',*,*,#907,.T.);
#560=ORIENTED_EDGE('',*,*,#909,.T.);
#561=ORIENTED_EDGE('',*,*,#911,.T.);
#562=ORIENTED_EDGE('',*,*,#913,.T.);
#563=ORIENTED_EDGE('',*,*,#914,.T.);
#564=ORIENTED_EDGE('',*,*,#830,.T.);
#565=ORIENTED_EDGE('',*,*,#916,.F.);
#566=ORIENTED_EDGE('',*,*,#917,.F.);
#567=ORIENTED_EDGE('',*,*,#918,.T.);
#568=ORIENTED_EDGE('',*,*,#835,.T.);
#569=ORIENTED_EDGE('',*,*,#919,.F.);
#570=ORIENTED_EDGE('',*,*,#920,.F.);
#571=ORIENTED_EDGE('',*,*,#916,.T.);
#572=ORIENTED_EDGE('',*,*,#834,.T.);
#573=ORIENTED_EDGE('',*,*,#921,.F.);
#574=ORIENTED_EDGE('',*,*,#922,.F.);
#575=ORIENTED_EDGE('',*,*,#919,.T.);
#576=ORIENTED_EDGE('',*,*,#833,.T.);
#577=ORIENTED_EDGE('',*,*,#923,.F.);
#578=ORIENTED_EDGE('',*,*,#924,.F.);
#579=ORIENTED_EDGE('',*,*,#921,.T.);
#580=ORIENTED_EDGE('',*,*,#832,.T.);
#581=ORIENTED_EDGE('',*,*,#925,.F.);
#582=ORIENTED_EDGE('',*,*,#926,.F.);
#583=ORIENTED_EDGE('',*,*,#923,.T.);
#584=ORIENTED_EDGE('',*,*,#831,.T.);
#585=ORIENTED_EDGE('',*,*,#918,.F.);
#586=ORIENTED_EDGE('',*,*,#927,.F.);
#587=ORIENTED_EDGE('',*,*,#925,.T.);
#588=ORIENTED_EDGE('',*,*,#928,.F.);
#589=ORIENTED_EDGE('',*,*,#917,.T.);
#590=ORIENTED_EDGE('',*,*,#920,.T.);
#591=ORIENTED_EDGE('',*,*,#922,.T.);
#592=ORIENTED_EDGE('',*,*,#924,.T.);
#593=ORIENTED_EDGE('',*,*,#926,.T.);
#594=ORIENTED_EDGE('',*,*,#927,.T.);
#595=ORIENTED_EDGE('',*,*,#824,.T.);
#596=ORIENTED_EDGE('',*,*,#929,.F.);
#597=ORIENTED_EDGE('',*,*,#930,.F.);
#598=ORIENTED_EDGE('',*,*,#931,.T.);
#599=ORIENTED_EDGE('',*,*,#829,.T.);
#600=ORIENTED_EDGE('',*,*,#932,.F.);
#601=ORIENTED_EDGE('',*,*,#933,.F.);
#602=ORIENTED_EDGE('',*,*,#929,.T.);
#603=ORIENTED_EDGE('',*,*,#828,.T.);
#604=ORIENTED_EDGE('',*,*,#934,.F.);
#605=ORIENTED_EDGE('',*,*,#935,.F.);
#606=ORIENTED_EDGE('',*,*,#932,.T.);
#607=ORIENTED_EDGE('',*,*,#827,.T.);
#608=ORIENTED_EDGE('',*,*,#936,.F.);
#609=ORIENTED_EDGE('',*,*,#937,.F.);
#610=ORIENTED_EDGE('',*,*,#934,.T.);
#611=ORIENTED_EDGE('',*,*,#826,.T.);
#612=ORIENTED_EDGE('',*,*,#938,.F.);
#613=ORIENTED_EDGE('',*,*,#939,.F.);
#614=ORIENTED_EDGE('',*,*,#936,.T.);
#615=ORIENTED_EDGE('',*,*,#825,.T.);
#616=ORIENTED_EDGE('',*,*,#931,.F.);
#617=ORIENTED_EDGE('',*,*,#940,.F.);
#618=ORIENTED_EDGE('',*,*,#938,.T.);
#619=ORIENTED_EDGE('',*,*,#941,.F.);
#620=ORIENTED_EDGE('',*,*,#930,.T.);
#621=ORIENTED_EDGE('',*,*,#933,.T.);
#622=ORIENTED_EDGE('',*,*,#935,.T.);
#623=ORIENTED_EDGE('',*,*,#937,.T.);
#624=ORIENTED_EDGE('',*,*,#939,.T.);
#625=ORIENTED_EDGE('',*,*,#940,.T.);
#626=ORIENTED_EDGE('',*,*,#941,.T.);
#627=ORIENTED_EDGE('',*,*,#650,.F.);
#628=ORIENTED_EDGE('',*,*,#928,.T.);
#629=ORIENTED_EDGE('',*,*,#651,.F.);
#630=ORIENTED_EDGE('',*,*,#915,.T.);
#631=ORIENTED_EDGE('',*,*,#652,.F.);
#632=ORIENTED_EDGE('',*,*,#902,.T.);
#633=ORIENTED_EDGE('',*,*,#653,.F.);
#634=ORIENTED_EDGE('',*,*,#790,.T.);
#635=ORIENTED_EDGE('',*,*,#816,.F.);
#636=ORIENTED_EDGE('',*,*,#778,.T.);
#637=ORIENTED_EDGE('',*,*,#804,.F.);
#638=ORIENTED_EDGE('',*,*,#795,.T.);
#639=ORIENTED_EDGE('',*,*,#813,.F.);
#640=ORIENTED_EDGE('',*,*,#799,.T.);
#641=ORIENTED_EDGE('',*,*,#810,.F.);
#642=EDGE_CURVE('',#942,#943,#1148,.T.);
#643=EDGE_CURVE('',#944,#942,#1149,.T.);
#644=EDGE_CURVE('',#945,#944,#1150,.T.);
#645=EDGE_CURVE('',#945,#943,#1151,.T.);
#646=EDGE_CURVE('',#946,#947,#1152,.T.);
#647=EDGE_CURVE('',#947,#948,#1153,.T.);
#648=EDGE_CURVE('',#949,#948,#1154,.T.);
#649=EDGE_CURVE('',#949,#946,#1155,.T.);
#650=EDGE_CURVE('',#950,#950,#22,.T.);
#651=EDGE_CURVE('',#951,#951,#23,.T.);
#652=EDGE_CURVE('',#952,#952,#24,.T.);
#653=EDGE_CURVE('',#953,#953,#25,.T.);
#654=EDGE_CURVE('',#954,#955,#1156,.T.);
#655=EDGE_CURVE('',#956,#954,#1157,.T.);
#656=EDGE_CURVE('',#956,#957,#1158,.T.);
#657=EDGE_CURVE('',#957,#958,#1159,.T.);
#658=EDGE_CURVE('',#958,#959,#1160,.T.);
#659=EDGE_CURVE('',#960,#959,#1161,.T.);
#660=EDGE_CURVE('',#961,#960,#1162,.T.);
#661=EDGE_CURVE('',#962,#961,#1163,.T.);
#662=EDGE_CURVE('',#963,#962,#1164,.T.);
#663=EDGE_CURVE('',#955,#963,#1165,.T.);
#664=EDGE_CURVE('',#964,#965,#1166,.T.);
#665=EDGE_CURVE('',#965,#966,#1167,.T.);
#666=EDGE_CURVE('',#967,#966,#1168,.T.);
#667=EDGE_CURVE('',#968,#967,#1169,.T.);
#668=EDGE_CURVE('',#969,#968,#1170,.T.);
#669=EDGE_CURVE('',#970,#969,#1171,.T.);
#670=EDGE_CURVE('',#971,#970,#1172,.T.);
#671=EDGE_CURVE('',#972,#971,#1173,.T.);
#672=EDGE_CURVE('',#973,#972,#1174,.T.);
#673=EDGE_CURVE('',#974,#973,#1175,.T.);
#674=EDGE_CURVE('',#975,#974,#1176,.T.);
#675=EDGE_CURVE('',#976,#975,#1177,.T.);
#676=EDGE_CURVE('',#977,#976,#1178,.T.);
#677=EDGE_CURVE('',#978,#977,#1179,.T.);
#678=EDGE_CURVE('',#979,#978,#1180,.T.);
#679=EDGE_CURVE('',#980,#979,#1181,.T.);
#680=EDGE_CURVE('',#981,#980,#1182,.T.);
#681=EDGE_CURVE('',#982,#981,#1183,.T.);
#682=EDGE_CURVE('',#983,#982,#1184,.T.);
#683=EDGE_CURVE('',#984,#983,#1185,.T.);
#684=EDGE_CURVE('',#985,#984,#1186,.T.);
#685=EDGE_CURVE('',#986,#985,#1187,.T.);
#686=EDGE_CURVE('',#987,#986,#1188,.T.);
#687=EDGE_CURVE('',#988,#987,#1189,.T.);
#688=EDGE_CURVE('',#989,#988,#1190,.T.);
#689=EDGE_CURVE('',#990,#989,#1191,.T.);
#690=EDGE_CURVE('',#991,#990,#1192,.T.);
#691=EDGE_CURVE('',#992,#991,#1193,.T.);
#692=EDGE_CURVE('',#993,#992,#1194,.T.);
#693=EDGE_CURVE('',#994,#993,#1195,.T.);
#694=EDGE_CURVE('',#995,#994,#1196,.T.);
#695=EDGE_CURVE('',#995,#996,#1197,.T.);
#696=EDGE_CURVE('',#997,#996,#1198,.T.);
#697=EDGE_CURVE('',#998,#997,#1199,.T.);
#698=EDGE_CURVE('',#999,#998,#1200,.T.);
#699=EDGE_CURVE('',#964,#999,#1201,.T.);
#700=EDGE_CURVE('',#947,#942,#1202,.T.);
#701=EDGE_CURVE('',#944,#946,#1203,.T.);
#702=EDGE_CURVE('',#948,#943,#1204,.T.);
#703=EDGE_CURVE('',#945,#949,#1205,.T.);
#704=EDGE_CURVE('',#1000,#1001,#1206,.T.);
#705=EDGE_CURVE('',#1001,#1002,#1207,.T.);
#706=EDGE_CURVE('',#1002,#1003,#1208,.T.);
#707=EDGE_CURVE('',#1003,#1004,#1209,.T.);
#708=EDGE_CURVE('',#1004,#1005,#1210,.T.);
#709=EDGE_CURVE('',#1005,#1006,#1211,.T.);
#710=EDGE_CURVE('',#1006,#1007,#1212,.T.);
#711=EDGE_CURVE('',#1007,#1008,#1213,.T.);
#712=EDGE_CURVE('',#1008,#1000,#1214,.T.);
#713=EDGE_CURVE('',#1009,#1009,#26,.T.);
#714=EDGE_CURVE('',#1010,#1011,#1215,.T.);
#715=EDGE_CURVE('',#1010,#1012,#1216,.T.);
#716=EDGE_CURVE('',#1012,#1013,#1217,.T.);
#717=EDGE_CURVE('',#1011,#1013,#1218,.T.);
#718=EDGE_CURVE('',#1014,#1015,#1219,.T.);
#719=EDGE_CURVE('',#1015,#1016,#1220,.T.);
#720=EDGE_CURVE('',#1017,#1016,#1221,.T.);
#721=EDGE_CURVE('',#1014,#1017,#1222,.T.);
#722=EDGE_CURVE('',#1018,#1019,#1223,.T.);
#723=EDGE_CURVE('',#1019,#1020,#1224,.T.);
#724=EDGE_CURVE('',#1021,#1020,#1225,.T.);
#725=EDGE_CURVE('',#1021,#1022,#1226,.T.);
#726=EDGE_CURVE('',#1022,#1023,#1227,.T.);
#727=EDGE_CURVE('',#1023,#1024,#1228,.T.);
#728=EDGE_CURVE('',#1024,#1025,#1229,.T.);
#729=EDGE_CURVE('',#1025,#1026,#1230,.T.);
#730=EDGE_CURVE('',#1026,#1027,#1231,.T.);
#731=EDGE_CURVE('',#1027,#1028,#1232,.T.);
#732=EDGE_CURVE('',#1028,#1029,#1233,.T.);
#733=EDGE_CURVE('',#1029,#1030,#1234,.T.);
#734=EDGE_CURVE('',#1030,#1031,#1235,.T.);
#735=EDGE_CURVE('',#1031,#1032,#1236,.T.);
#736=EDGE_CURVE('',#1032,#1033,#1237,.T.);
#737=EDGE_CURVE('',#1033,#1034,#1238,.T.);
#738=EDGE_CURVE('',#1034,#1035,#1239,.T.);
#739=EDGE_CURVE('',#1035,#1036,#1240,.T.);
#740=EDGE_CURVE('',#1036,#1037,#1241,.T.);
#741=EDGE_CURVE('',#1037,#1038,#1242,.T.);
#742=EDGE_CURVE('',#1038,#1039,#1243,.T.);
#743=EDGE_CURVE('',#1039,#1040,#1244,.T.);
#744=EDGE_CURVE('',#1040,#1041,#1245,.T.);
#745=EDGE_CURVE('',#1041,#1042,#1246,.T.);
#746=EDGE_CURVE('',#1042,#1018,#1247,.T.);
#747=EDGE_CURVE('',#1043,#1002,#1248,.T.);
#748=EDGE_CURVE('',#1043,#1044,#1249,.T.);
#749=EDGE_CURVE('',#1003,#1044,#1250,.T.);
#750=EDGE_CURVE('',#1005,#1045,#1251,.T.);
#751=EDGE_CURVE('',#1004,#1046,#1252,.T.);
#752=EDGE_CURVE('',#1046,#1045,#1253,.T.);
#753=EDGE_CURVE('',#1019,#966,#1254,.T.);
#754=EDGE_CURVE('',#1018,#967,#1255,.T.);
#755=EDGE_CURVE('',#964,#1006,#1256,.T.);
#756=EDGE_CURVE('',#1007,#999,#1257,.T.);
#757=EDGE_CURVE('',#1001,#996,#1258,.T.);
#758=EDGE_CURVE('',#1000,#997,#1259,.T.);
#759=EDGE_CURVE('',#1047,#1014,#1260,.T.);
#760=EDGE_CURVE('',#1048,#1047,#1261,.T.);
#761=EDGE_CURVE('',#1048,#1015,#1262,.T.);
#762=EDGE_CURVE('',#1049,#1017,#1263,.T.);
#763=EDGE_CURVE('',#1049,#1047,#1264,.T.);
#764=EDGE_CURVE('',#1050,#1016,#1265,.T.);
#765=EDGE_CURVE('',#1050,#1049,#1266,.T.);
#766=EDGE_CURVE('',#1051,#1011,#1267,.T.);
#767=EDGE_CURVE('',#1052,#1013,#1268,.T.);
#768=EDGE_CURVE('',#1052,#1051,#1269,.T.);
#769=EDGE_CURVE('',#1053,#1012,#1270,.T.);
#770=EDGE_CURVE('',#1052,#1053,#1271,.T.);
#771=EDGE_CURVE('',#1054,#1010,#1272,.T.);
#772=EDGE_CURVE('',#1053,#1054,#1273,.T.);
#773=EDGE_CURVE('',#1055,#1055,#27,.T.);
#774=EDGE_CURVE('',#1051,#1054,#1274,.T.);
#775=EDGE_CURVE('',#1050,#1048,#1275,.T.);
#776=EDGE_CURVE('',#1043,#1045,#1276,.T.);
#777=EDGE_CURVE('',#1044,#1046,#1277,.T.);
#778=EDGE_CURVE('',#1056,#1056,#28,.T.);
#779=EDGE_CURVE('',#1057,#1058,#1278,.T.);
#780=EDGE_CURVE('',#1057,#959,#1279,.T.);
#781=EDGE_CURVE('',#1059,#958,#1280,.T.);
#782=EDGE_CURVE('',#1059,#1060,#1281,.T.);
#783=EDGE_CURVE('',#1061,#1060,#1282,.T.);
#784=EDGE_CURVE('',#1062,#1061,#1283,.T.);
#785=EDGE_CURVE('',#1063,#1062,#1284,.T.);
#786=EDGE_CURVE('',#1058,#1063,#29,.T.);
#787=EDGE_CURVE('',#1064,#955,#1285,.T.);
#788=EDGE_CURVE('',#1065,#1064,#1286,.T.);
#789=EDGE_CURVE('',#1065,#954,#1287,.T.);
#790=EDGE_CURVE('',#1066,#1066,#30,.T.);
#791=EDGE_CURVE('',#1067,#1068,#1288,.T.);
#792=EDGE_CURVE('',#1069,#1068,#1289,.T.);
#793=EDGE_CURVE('',#1069,#956,#1290,.T.);
#794=EDGE_CURVE('',#1065,#1067,#1291,.T.);
#795=EDGE_CURVE('',#1070,#1070,#31,.T.);
#796=EDGE_CURVE('',#1071,#1072,#1292,.T.);
#797=EDGE_CURVE('',#1068,#1072,#1293,.T.);
#798=EDGE_CURVE('',#1067,#1071,#1294,.T.);
#799=EDGE_CURVE('',#1073,#1073,#32,.T.);
#800=EDGE_CURVE('',#1072,#1060,#1295,.T.);
#801=EDGE_CURVE('',#1071,#1061,#1296,.T.);
#802=EDGE_CURVE('',#1057,#1074,#1297,.T.);
#803=EDGE_CURVE('',#1074,#960,#1298,.T.);
#804=EDGE_CURVE('',#1075,#1075,#33,.T.);
#805=EDGE_CURVE('',#1074,#1076,#1299,.T.);
#806=EDGE_CURVE('',#1076,#1077,#34,.T.);
#807=EDGE_CURVE('',#1077,#1078,#1300,.T.);
#808=EDGE_CURVE('',#1079,#1078,#1301,.T.);
#809=EDGE_CURVE('',#1079,#961,#1302,.T.);
#810=EDGE_CURVE('',#1080,#1080,#35,.T.);
#811=EDGE_CURVE('',#1081,#1079,#1303,.T.);
#812=EDGE_CURVE('',#1081,#962,#1304,.T.);
#813=EDGE_CURVE('',#1082,#1082,#36,.T.);
#814=EDGE_CURVE('',#1083,#1081,#1305,.T.);
#815=EDGE_CURVE('',#1083,#963,#1306,.T.);
#816=EDGE_CURVE('',#1084,#1084,#37,.T.);
#817=EDGE_CURVE('',#1064,#1083,#1307,.T.);
#818=EDGE_CURVE('',#1078,#1062,#1308,.T.);
#819=EDGE_CURVE('',#1076,#1058,#1309,.T.);
#820=EDGE_CURVE('',#1077,#1063,#1310,.T.);
#821=EDGE_CURVE('',#1085,#957,#1311,.T.);
#822=EDGE_CURVE('',#1085,#1059,#1312,.T.);
#823=EDGE_CURVE('',#1069,#1085,#1313,.T.);
#824=EDGE_CURVE('',#1086,#1087,#1314,.T.);
#825=EDGE_CURVE('',#1088,#1086,#1315,.T.);
#826=EDGE_CURVE('',#1089,#1088,#1316,.T.);
#827=EDGE_CURVE('',#1090,#1089,#1317,.T.);
#828=EDGE_CURVE('',#1091,#1090,#1318,.T.);
#829=EDGE_CURVE('',#1087,#1091,#1319,.T.);
#830=EDGE_CURVE('',#1092,#1093,#1320,.T.);
#831=EDGE_CURVE('',#1094,#1092,#1321,.T.);
#832=EDGE_CURVE('',#1095,#1094,#1322,.T.);
#833=EDGE_CURVE('',#1096,#1095,#1323,.T.);
#834=EDGE_CURVE('',#1097,#1096,#1324,.T.);
#835=EDGE_CURVE('',#1093,#1097,#1325,.T.);
#836=EDGE_CURVE('',#1098,#1099,#1326,.T.);
#837=EDGE_CURVE('',#1100,#1098,#1327,.T.);
#838=EDGE_CURVE('',#1101,#1100,#1328,.T.);
#839=EDGE_CURVE('',#1102,#1101,#1329,.T.);
#840=EDGE_CURVE('',#1103,#1102,#1330,.T.);
#841=EDGE_CURVE('',#1099,#1103,#1331,.T.);
#842=EDGE_CURVE('',#1104,#1105,#1332,.T.);
#843=EDGE_CURVE('',#1106,#1104,#1333,.T.);
#844=EDGE_CURVE('',#1107,#1106,#1334,.T.);
#845=EDGE_CURVE('',#1108,#1107,#1335,.T.);
#846=EDGE_CURVE('',#1109,#1108,#1336,.T.);
#847=EDGE_CURVE('',#1105,#1109,#1337,.T.);
#848=EDGE_CURVE('',#1110,#1111,#1338,.T.);
#849=EDGE_CURVE('',#1110,#1112,#1339,.T.);
#850=EDGE_CURVE('',#1112,#1113,#1340,.T.);
#851=EDGE_CURVE('',#1113,#1114,#1341,.T.);
#852=EDGE_CURVE('',#1114,#1115,#1342,.T.);
#853=EDGE_CURVE('',#1111,#1115,#1343,.T.);
#854=EDGE_CURVE('',#1114,#991,#1344,.T.);
#855=EDGE_CURVE('',#1113,#992,#1345,.T.);
#856=EDGE_CURVE('',#990,#1115,#1346,.T.);
#857=EDGE_CURVE('',#1021,#989,#1347,.T.);
#858=EDGE_CURVE('',#1022,#988,#1348,.T.);
#859=EDGE_CURVE('',#1023,#987,#1349,.T.);
#860=EDGE_CURVE('',#1024,#986,#1350,.T.);
#861=EDGE_CURVE('',#1025,#985,#1351,.T.);
#862=EDGE_CURVE('',#1026,#984,#1352,.T.);
#863=EDGE_CURVE('',#1027,#983,#1353,.T.);
#864=EDGE_CURVE('',#1028,#982,#1354,.T.);
#865=EDGE_CURVE('',#1029,#981,#1355,.T.);
#866=EDGE_CURVE('',#1030,#980,#1356,.T.);
#867=EDGE_CURVE('',#1031,#979,#1357,.T.);
#868=EDGE_CURVE('',#1032,#978,#1358,.T.);
#869=EDGE_CURVE('',#1033,#977,#1359,.T.);
#870=EDGE_CURVE('',#1034,#976,#1360,.T.);
#871=EDGE_CURVE('',#1035,#975,#1361,.T.);
#872=EDGE_CURVE('',#1036,#974,#1362,.T.);
#873=EDGE_CURVE('',#1037,#973,#1363,.T.);
#874=EDGE_CURVE('',#1038,#972,#1364,.T.);
#875=EDGE_CURVE('',#1039,#971,#1365,.T.);
#876=EDGE_CURVE('',#1040,#970,#1366,.T.);
#877=EDGE_CURVE('',#1041,#969,#1367,.T.);
#878=EDGE_CURVE('',#1042,#968,#1368,.T.);
#879=EDGE_CURVE('',#1008,#998,#1369,.T.);
#880=EDGE_CURVE('',#1110,#994,#1370,.T.);
#881=EDGE_CURVE('',#1112,#993,#1371,.T.);
#882=EDGE_CURVE('',#1116,#1117,#1372,.T.);
#883=EDGE_CURVE('',#1118,#1116,#1373,.T.);
#884=EDGE_CURVE('',#1118,#1119,#1374,.T.);
#885=EDGE_CURVE('',#1119,#1117,#1375,.T.);
#886=EDGE_CURVE('',#1118,#995,#1376,.T.);
#887=EDGE_CURVE('',#1116,#965,#1377,.T.);
#888=EDGE_CURVE('',#1117,#1020,#1378,.T.);
#889=EDGE_CURVE('',#1119,#1111,#1379,.T.);
#890=EDGE_CURVE('',#1120,#1105,#1380,.T.);
#891=EDGE_CURVE('',#1121,#1120,#1381,.T.);
#892=EDGE_CURVE('',#1121,#1104,#1382,.T.);
#893=EDGE_CURVE('',#1122,#1109,#1383,.T.);
#894=EDGE_CURVE('',#1120,#1122,#1384,.T.);
#895=EDGE_CURVE('',#1123,#1108,#1385,.T.);
#896=EDGE_CURVE('',#1122,#1123,#1386,.T.);
#897=EDGE_CURVE('',#1124,#1107,#1387,.T.);
#898=EDGE_CURVE('',#1123,#1124,#1388,.T.);
#899=EDGE_CURVE('',#1125,#1106,#1389,.T.);
#900=EDGE_CURVE('',#1124,#1125,#1390,.T.);
#901=EDGE_CURVE('',#1125,#1121,#1391,.T.);
#902=EDGE_CURVE('',#1126,#1126,#38,.T.);
#903=EDGE_CURVE('',#1127,#1099,#1392,.T.);
#904=EDGE_CURVE('',#1128,#1127,#1393,.T.);
#905=EDGE_CURVE('',#1128,#1098,#1394,.T.);
#906=EDGE_CURVE('',#1129,#1103,#1395,.T.);
#907=EDGE_CURVE('',#1127,#1129,#1396,.T.);
#908=EDGE_CURVE('',#1130,#1102,#1397,.T.);
#909=EDGE_CURVE('',#1129,#1130,#1398,.T.);
#910=EDGE_CURVE('',#1131,#1101,#1399,.T.);
#911=EDGE_CURVE('',#1130,#1131,#1400,.T.);
#912=EDGE_CURVE('',#1132,#1100,#1401,.T.);
#913=EDGE_CURVE('',#1131,#1132,#1402,.T.);
#914=EDGE_CURVE('',#1132,#1128,#1403,.T.);
#915=EDGE_CURVE('',#1133,#1133,#39,.T.);
#916=EDGE_CURVE('',#1134,#1093,#1404,.T.);
#917=EDGE_CURVE('',#1135,#1134,#1405,.T.);
#918=EDGE_CURVE('',#1135,#1092,#1406,.T.);
#919=EDGE_CURVE('',#1136,#1097,#1407,.T.);
#920=EDGE_CURVE('',#1134,#1136,#1408,.T.);
#921=EDGE_CURVE('',#1137,#1096,#1409,.T.);
#922=EDGE_CURVE('',#1136,#1137,#1410,.T.);
#923=EDGE_CURVE('',#1138,#1095,#1411,.T.);
#924=EDGE_CURVE('',#1137,#1138,#1412,.T.);
#925=EDGE_CURVE('',#1139,#1094,#1413,.T.);
#926=EDGE_CURVE('',#1138,#1139,#1414,.T.);
#927=EDGE_CURVE('',#1139,#1135,#1415,.T.);
#928=EDGE_CURVE('',#1140,#1140,#40,.T.);
#929=EDGE_CURVE('',#1141,#1087,#1416,.T.);
#930=EDGE_CURVE('',#1142,#1141,#1417,.T.);
#931=EDGE_CURVE('',#1142,#1086,#1418,.T.);
#932=EDGE_CURVE('',#1143,#1091,#1419,.T.);
#933=EDGE_CURVE('',#1141,#1143,#1420,.T.);
#934=EDGE_CURVE('',#1144,#1090,#1421,.T.);
#935=EDGE_CURVE('',#1143,#1144,#1422,.T.);
#936=EDGE_CURVE('',#1145,#1089,#1423,.T.);
#937=EDGE_CURVE('',#1144,#1145,#1424,.T.);
#938=EDGE_CURVE('',#1146,#1088,#1425,.T.);
#939=EDGE_CURVE('',#1145,#1146,#1426,.T.);
#940=EDGE_CURVE('',#1146,#1142,#1427,.T.);
#941=EDGE_CURVE('',#1147,#1147,#41,.T.);
#942=VERTEX_POINT('',#2902);
#943=VERTEX_POINT('',#2903);
#944=VERTEX_POINT('',#2905);
#945=VERTEX_POINT('',#2907);
#946=VERTEX_POINT('',#2911);
#947=VERTEX_POINT('',#2912);
#948=VERTEX_POINT('',#2914);
#949=VERTEX_POINT('',#2916);
#950=VERTEX_POINT('',#2920);
#951=VERTEX_POINT('',#2922);
#952=VERTEX_POINT('',#2924);
#953=VERTEX_POINT('',#2926);
#954=VERTEX_POINT('',#2928);
#955=VERTEX_POINT('',#2929);
#956=VERTEX_POINT('',#2931);
#957=VERTEX_POINT('',#2933);
#958=VERTEX_POINT('',#2935);
#959=VERTEX_POINT('',#2937);
#960=VERTEX_POINT('',#2939);
#961=VERTEX_POINT('',#2941);
#962=VERTEX_POINT('',#2943);
#963=VERTEX_POINT('',#2945);
#964=VERTEX_POINT('',#2948);
#965=VERTEX_POINT('',#2949);
#966=VERTEX_POINT('',#2951);
#967=VERTEX_POINT('',#2953);
#968=VERTEX_POINT('',#2955);
#969=VERTEX_POINT('',#2957);
#970=VERTEX_POINT('',#2959);
#971=VERTEX_POINT('',#2961);
#972=VERTEX_POINT('',#2963);
#973=VERTEX_POINT('',#2965);
#974=VERTEX_POINT('',#2967);
#975=VERTEX_POINT('',#2969);
#976=VERTEX_POINT('',#2971);
#977=VERTEX_POINT('',#2973);
#978=VERTEX_POINT('',#2975);
#979=VERTEX_POINT('',#2977);
#980=VERTEX_POINT('',#2979);
#981=VERTEX_POINT('',#2981);
#982=VERTEX_POINT('',#2983);
#983=VERTEX_POINT('',#2985);
#984=VERTEX_POINT('',#2987);
#985=VERTEX_POINT('',#2989);
#986=VERTEX_POINT('',#2991);
#987=VERTEX_POINT('',#2993);
#988=VERTEX_POINT('',#2995);
#989=VERTEX_POINT('',#2997);
#990=VERTEX_POINT('',#2999);
#991=VERTEX_POINT('',#3001);
#992=VERTEX_POINT('',#3003);
#993=VERTEX_POINT('',#3005);
#994=VERTEX_POINT('',#3007);
#995=VERTEX_POINT('',#3009);
#996=VERTEX_POINT('',#3011);
#997=VERTEX_POINT('',#3013);
#998=VERTEX_POINT('',#3015);
#999=VERTEX_POINT('',#3017);
#1000=VERTEX_POINT('',#3027);
#1001=VERTEX_POINT('',#3028);
#1002=VERTEX_POINT('',#3030);
#1003=VERTEX_POINT('',#3032);
#1004=VERTEX_POINT('',#3034);
#1005=VERTEX_POINT('',#3036);
#1006=VERTEX_POINT('',#3038);
#1007=VERTEX_POINT('',#3040);
#1008=VERTEX_POINT('',#3042);
#1009=VERTEX_POINT('',#3046);
#1010=VERTEX_POINT('',#3048);
#1011=VERTEX_POINT('',#3049);
#1012=VERTEX_POINT('',#3051);
#1013=VERTEX_POINT('',#3053);
#1014=VERTEX_POINT('',#3056);
#1015=VERTEX_POINT('',#3057);
#1016=VERTEX_POINT('',#3059);
#1017=VERTEX_POINT('',#3061);
#1018=VERTEX_POINT('',#3064);
#1019=VERTEX_POINT('',#3065);
#1020=VERTEX_POINT('',#3067);
#1021=VERTEX_POINT('',#3069);
#1022=VERTEX_POINT('',#3071);
#1023=VERTEX_POINT('',#3073);
#1024=VERTEX_POINT('',#3075);
#1025=VERTEX_POINT('',#3077);
#1026=VERTEX_POINT('',#3079);
#1027=VERTEX_POINT('',#3081);
#1028=VERTEX_POINT('',#3083);
#1029=VERTEX_POINT('',#3085);
#1030=VERTEX_POINT('',#3087);
#1031=VERTEX_POINT('',#3089);
#1032=VERTEX_POINT('',#3091);
#1033=VERTEX_POINT('',#3093);
#1034=VERTEX_POINT('',#3095);
#1035=VERTEX_POINT('',#3097);
#1036=VERTEX_POINT('',#3099);
#1037=VERTEX_POINT('',#3101);
#1038=VERTEX_POINT('',#3103);
#1039=VERTEX_POINT('',#3105);
#1040=VERTEX_POINT('',#3107);
#1041=VERTEX_POINT('',#3109);
#1042=VERTEX_POINT('',#3111);
#1043=VERTEX_POINT('',#3115);
#1044=VERTEX_POINT('',#3117);
#1045=VERTEX_POINT('',#3121);
#1046=VERTEX_POINT('',#3123);
#1047=VERTEX_POINT('',#3136);
#1048=VERTEX_POINT('',#3138);
#1049=VERTEX_POINT('',#3142);
#1050=VERTEX_POINT('',#3146);
#1051=VERTEX_POINT('',#3150);
#1052=VERTEX_POINT('',#3152);
#1053=VERTEX_POINT('',#3156);
#1054=VERTEX_POINT('',#3160);
#1055=VERTEX_POINT('',#3164);
#1056=VERTEX_POINT('',#3174);
#1057=VERTEX_POINT('',#3176);
#1058=VERTEX_POINT('',#3177);
#1059=VERTEX_POINT('',#3180);
#1060=VERTEX_POINT('',#3182);
#1061=VERTEX_POINT('',#3184);
#1062=VERTEX_POINT('',#3186);
#1063=VERTEX_POINT('',#3188);
#1064=VERTEX_POINT('',#3192);
#1065=VERTEX_POINT('',#3194);
#1066=VERTEX_POINT('',#3198);
#1067=VERTEX_POINT('',#3200);
#1068=VERTEX_POINT('',#3201);
#1069=VERTEX_POINT('',#3203);
#1070=VERTEX_POINT('',#3208);
#1071=VERTEX_POINT('',#3210);
#1072=VERTEX_POINT('',#3211);
#1073=VERTEX_POINT('',#3216);
#1074=VERTEX_POINT('',#3221);
#1075=VERTEX_POINT('',#3225);
#1076=VERTEX_POINT('',#3227);
#1077=VERTEX_POINT('',#3229);
#1078=VERTEX_POINT('',#3231);
#1079=VERTEX_POINT('',#3233);
#1080=VERTEX_POINT('',#3237);
#1081=VERTEX_POINT('',#3239);
#1082=VERTEX_POINT('',#3243);
#1083=VERTEX_POINT('',#3245);
#1084=VERTEX_POINT('',#3249);
#1085=VERTEX_POINT('',#3260);
#1086=VERTEX_POINT('',#3266);
#1087=VERTEX_POINT('',#3267);
#1088=VERTEX_POINT('',#3269);
#1089=VERTEX_POINT('',#3271);
#1090=VERTEX_POINT('',#3273);
#1091=VERTEX_POINT('',#3275);
#1092=VERTEX_POINT('',#3278);
#1093=VERTEX_POINT('',#3279);
#1094=VERTEX_POINT('',#3281);
#1095=VERTEX_POINT('',#3283);
#1096=VERTEX_POINT('',#3285);
#1097=VERTEX_POINT('',#3287);
#1098=VERTEX_POINT('',#3290);
#1099=VERTEX_POINT('',#3291);
#1100=VERTEX_POINT('',#3293);
#1101=VERTEX_POINT('',#3295);
#1102=VERTEX_POINT('',#3297);
#1103=VERTEX_POINT('',#3299);
#1104=VERTEX_POINT('',#3302);
#1105=VERTEX_POINT('',#3303);
#1106=VERTEX_POINT('',#3305);
#1107=VERTEX_POINT('',#3307);
#1108=VERTEX_POINT('',#3309);
#1109=VERTEX_POINT('',#3311);
#1110=VERTEX_POINT('',#3315);
#1111=VERTEX_POINT('',#3316);
#1112=VERTEX_POINT('',#3318);
#1113=VERTEX_POINT('',#3320);
#1114=VERTEX_POINT('',#3322);
#1115=VERTEX_POINT('',#3324);
#1116=VERTEX_POINT('',#3385);
#1117=VERTEX_POINT('',#3386);
#1118=VERTEX_POINT('',#3388);
#1119=VERTEX_POINT('',#3390);
#1120=VERTEX_POINT('',#3402);
#1121=VERTEX_POINT('',#3404);
#1122=VERTEX_POINT('',#3408);
#1123=VERTEX_POINT('',#3412);
#1124=VERTEX_POINT('',#3416);
#1125=VERTEX_POINT('',#3420);
#1126=VERTEX_POINT('',#3426);
#1127=VERTEX_POINT('',#3429);
#1128=VERTEX_POINT('',#3431);
#1129=VERTEX_POINT('',#3435);
#1130=VERTEX_POINT('',#3439);
#1131=VERTEX_POINT('',#3443);
#1132=VERTEX_POINT('',#3447);
#1133=VERTEX_POINT('',#3453);
#1134=VERTEX_POINT('',#3456);
#1135=VERTEX_POINT('',#3458);
#1136=VERTEX_POINT('',#3462);
#1137=VERTEX_POINT('',#3466);
#1138=VERTEX_POINT('',#3470);
#1139=VERTEX_POINT('',#3474);
#1140=VERTEX_POINT('',#3480);
#1141=VERTEX_POINT('',#3483);
#1142=VERTEX_POINT('',#3485);
#1143=VERTEX_POINT('',#3489);
#1144=VERTEX_POINT('',#3493);
#1145=VERTEX_POINT('',#3497);
#1146=VERTEX_POINT('',#3501);
#1147=VERTEX_POINT('',#3507);
#1148=LINE('',#2901,#1428);
#1149=LINE('',#2904,#1429);
#1150=LINE('',#2906,#1430);
#1151=LINE('',#2908,#1431);
#1152=LINE('',#2910,#1432);
#1153=LINE('',#2913,#1433);
#1154=LINE('',#2915,#1434);
#1155=LINE('',#2917,#1435);
#1156=LINE('',#2927,#1436);
#1157=LINE('',#2930,#1437);
#1158=LINE('',#2932,#1438);
#1159=LINE('',#2934,#1439);
#1160=LINE('',#2936,#1440);
#1161=LINE('',#2938,#1441);
#1162=LINE('',#2940,#1442);
#1163=LINE('',#2942,#1443);
#1164=LINE('',#2944,#1444);
#1165=LINE('',#2946,#1445);
#1166=LINE('',#2947,#1446);
#1167=LINE('',#2950,#1447);
#1168=LINE('',#2952,#1448);
#1169=LINE('',#2954,#1449);
#1170=LINE('',#2956,#1450);
#1171=LINE('',#2958,#1451);
#1172=LINE('',#2960,#1452);
#1173=LINE('',#2962,#1453);
#1174=LINE('',#2964,#1454);
#1175=LINE('',#2966,#1455);
#1176=LINE('',#2968,#1456);
#1177=LINE('',#2970,#1457);
#1178=LINE('',#2972,#1458);
#1179=LINE('',#2974,#1459);
#1180=LINE('',#2976,#1460);
#1181=LINE('',#2978,#1461);
#1182=LINE('',#2980,#1462);
#1183=LINE('',#2982,#1463);
#1184=LINE('',#2984,#1464);
#1185=LINE('',#2986,#1465);
#1186=LINE('',#2988,#1466);
#1187=LINE('',#2990,#1467);
#1188=LINE('',#2992,#1468);
#1189=LINE('',#2994,#1469);
#1190=LINE('',#2996,#1470);
#1191=LINE('',#2998,#1471);
#1192=LINE('',#3000,#1472);
#1193=LINE('',#3002,#1473);
#1194=LINE('',#3004,#1474);
#1195=LINE('',#3006,#1475);
#1196=LINE('',#3008,#1476);
#1197=LINE('',#3010,#1477);
#1198=LINE('',#3012,#1478);
#1199=LINE('',#3014,#1479);
#1200=LINE('',#3016,#1480);
#1201=LINE('',#3018,#1481);
#1202=LINE('',#3020,#1482);
#1203=LINE('',#3021,#1483);
#1204=LINE('',#3023,#1484);
#1205=LINE('',#3024,#1485);
#1206=LINE('',#3026,#1486);
#1207=LINE('',#3029,#1487);
#1208=LINE('',#3031,#1488);
#1209=LINE('',#3033,#1489);
#1210=LINE('',#3035,#1490);
#1211=LINE('',#3037,#1491);
#1212=LINE('',#3039,#1492);
#1213=LINE('',#3041,#1493);
#1214=LINE('',#3043,#1494);
#1215=LINE('',#3047,#1495);
#1216=LINE('',#3050,#1496);
#1217=LINE('',#3052,#1497);
#1218=LINE('',#3054,#1498);
#1219=LINE('',#3055,#1499);
#1220=LINE('',#3058,#1500);
#1221=LINE('',#3060,#1501);
#1222=LINE('',#3062,#1502);
#1223=LINE('',#3063,#1503);
#1224=LINE('',#3066,#1504);
#1225=LINE('',#3068,#1505);
#1226=LINE('',#3070,#1506);
#1227=LINE('',#3072,#1507);
#1228=LINE('',#3074,#1508);
#1229=LINE('',#3076,#1509);
#1230=LINE('',#3078,#1510);
#1231=LINE('',#3080,#1511);
#1232=LINE('',#3082,#1512);
#1233=LINE('',#3084,#1513);
#1234=LINE('',#3086,#1514);
#1235=LINE('',#3088,#1515);
#1236=LINE('',#3090,#1516);
#1237=LINE('',#3092,#1517);
#1238=LINE('',#3094,#1518);
#1239=LINE('',#3096,#1519);
#1240=LINE('',#3098,#1520);
#1241=LINE('',#3100,#1521);
#1242=LINE('',#3102,#1522);
#1243=LINE('',#3104,#1523);
#1244=LINE('',#3106,#1524);
#1245=LINE('',#3108,#1525);
#1246=LINE('',#3110,#1526);
#1247=LINE('',#3112,#1527);
#1248=LINE('',#3114,#1528);
#1249=LINE('',#3116,#1529);
#1250=LINE('',#3118,#1530);
#1251=LINE('',#3120,#1531);
#1252=LINE('',#3122,#1532);
#1253=LINE('',#3124,#1533);
#1254=LINE('',#3126,#1534);
#1255=LINE('',#3127,#1535);
#1256=LINE('',#3129,#1536);
#1257=LINE('',#3130,#1537);
#1258=LINE('',#3132,#1538);
#1259=LINE('',#3133,#1539);
#1260=LINE('',#3135,#1540);
#1261=LINE('',#3137,#1541);
#1262=LINE('',#3139,#1542);
#1263=LINE('',#3141,#1543);
#1264=LINE('',#3143,#1544);
#1265=LINE('',#3145,#1545);
#1266=LINE('',#3147,#1546);
#1267=LINE('',#3149,#1547);
#1268=LINE('',#3151,#1548);
#1269=LINE('',#3153,#1549);
#1270=LINE('',#3155,#1550);
#1271=LINE('',#3157,#1551);
#1272=LINE('',#3159,#1552);
#1273=LINE('',#3161,#1553);
#1274=LINE('',#3166,#1554);
#1275=LINE('',#3168,#1555);
#1276=LINE('',#3170,#1556);
#1277=LINE('',#3171,#1557);
#1278=LINE('',#3175,#1558);
#1279=LINE('',#3178,#1559);
#1280=LINE('',#3179,#1560);
#1281=LINE('',#3181,#1561);
#1282=LINE('',#3183,#1562);
#1283=LINE('',#3185,#1563);
#1284=LINE('',#3187,#1564);
#1285=LINE('',#3191,#1565);
#1286=LINE('',#3193,#1566);
#1287=LINE('',#3195,#1567);
#1288=LINE('',#3199,#1568);
#1289=LINE('',#3202,#1569);
#1290=LINE('',#3204,#1570);
#1291=LINE('',#3205,#1571);
#1292=LINE('',#3209,#1572);
#1293=LINE('',#3212,#1573);
#1294=LINE('',#3213,#1574);
#1295=LINE('',#3217,#1575);
#1296=LINE('',#3218,#1576);
#1297=LINE('',#3220,#1577);
#1298=LINE('',#3222,#1578);
#1299=LINE('',#3226,#1579);
#1300=LINE('',#3230,#1580);
#1301=LINE('',#3232,#1581);
#1302=LINE('',#3234,#1582);
#1303=LINE('',#3238,#1583);
#1304=LINE('',#3240,#1584);
#1305=LINE('',#3244,#1585);
#1306=LINE('',#3246,#1586);
#1307=LINE('',#3250,#1587);
#1308=LINE('',#3252,#1588);
#1309=LINE('',#3254,#1589);
#1310=LINE('',#3256,#1590);
#1311=LINE('',#3259,#1591);
#1312=LINE('',#3261,#1592);
#1313=LINE('',#3263,#1593);
#1314=LINE('',#3265,#1594);
#1315=LINE('',#3268,#1595);
#1316=LINE('',#3270,#1596);
#1317=LINE('',#3272,#1597);
#1318=LINE('',#3274,#1598);
#1319=LINE('',#3276,#1599);
#1320=LINE('',#3277,#1600);
#1321=LINE('',#3280,#1601);
#1322=LINE('',#3282,#1602);
#1323=LINE('',#3284,#1603);
#1324=LINE('',#3286,#1604);
#1325=LINE('',#3288,#1605);
#1326=LINE('',#3289,#1606);
#1327=LINE('',#3292,#1607);
#1328=LINE('',#3294,#1608);
#1329=LINE('',#3296,#1609);
#1330=LINE('',#3298,#1610);
#1331=LINE('',#3300,#1611);
#1332=LINE('',#3301,#1612);
#1333=LINE('',#3304,#1613);
#1334=LINE('',#3306,#1614);
#1335=LINE('',#3308,#1615);
#1336=LINE('',#3310,#1616);
#1337=LINE('',#3312,#1617);
#1338=LINE('',#3314,#1618);
#1339=LINE('',#3317,#1619);
#1340=LINE('',#3319,#1620);
#1341=LINE('',#3321,#1621);
#1342=LINE('',#3323,#1622);
#1343=LINE('',#3325,#1623);
#1344=LINE('',#3327,#1624);
#1345=LINE('',#3328,#1625);
#1346=LINE('',#3330,#1626);
#1347=LINE('',#3333,#1627);
#1348=LINE('',#3334,#1628);
#1349=LINE('',#3336,#1629);
#1350=LINE('',#3338,#1630);
#1351=LINE('',#3340,#1631);
#1352=LINE('',#3342,#1632);
#1353=LINE('',#3344,#1633);
#1354=LINE('',#3346,#1634);
#1355=LINE('',#3348,#1635);
#1356=LINE('',#3350,#1636);
#1357=LINE('',#3352,#1637);
#1358=LINE('',#3354,#1638);
#1359=LINE('',#3356,#1639);
#1360=LINE('',#3358,#1640);
#1361=LINE('',#3360,#1641);
#1362=LINE('',#3362,#1642);
#1363=LINE('',#3364,#1643);
#1364=LINE('',#3366,#1644);
#1365=LINE('',#3368,#1645);
#1366=LINE('',#3370,#1646);
#1367=LINE('',#3372,#1647);
#1368=LINE('',#3374,#1648);
#1369=LINE('',#3377,#1649);
#1370=LINE('',#3380,#1650);
#1371=LINE('',#3381,#1651);
#1372=LINE('',#3384,#1652);
#1373=LINE('',#3387,#1653);
#1374=LINE('',#3389,#1654);
#1375=LINE('',#3391,#1655);
#1376=LINE('',#3393,#1656);
#1377=LINE('',#3394,#1657);
#1378=LINE('',#3396,#1658);
#1379=LINE('',#3398,#1659);
#1380=LINE('',#3401,#1660);
#1381=LINE('',#3403,#1661);
#1382=LINE('',#3405,#1662);
#1383=LINE('',#3407,#1663);
#1384=LINE('',#3409,#1664);
#1385=LINE('',#3411,#1665);
#1386=LINE('',#3413,#1666);
#1387=LINE('',#3415,#1667);
#1388=LINE('',#3417,#1668);
#1389=LINE('',#3419,#1669);
#1390=LINE('',#3421,#1670);
#1391=LINE('',#3423,#1671);
#1392=LINE('',#3428,#1672);
#1393=LINE('',#3430,#1673);
#1394=LINE('',#3432,#1674);
#1395=LINE('',#3434,#1675);
#1396=LINE('',#3436,#1676);
#1397=LINE('',#3438,#1677);
#1398=LINE('',#3440,#1678);
#1399=LINE('',#3442,#1679);
#1400=LINE('',#3444,#1680);
#1401=LINE('',#3446,#1681);
#1402=LINE('',#3448,#1682);
#1403=LINE('',#3450,#1683);
#1404=LINE('',#3455,#1684);
#1405=LINE('',#3457,#1685);
#1406=LINE('',#3459,#1686);
#1407=LINE('',#3461,#1687);
#1408=LINE('',#3463,#1688);
#1409=LINE('',#3465,#1689);
#1410=LINE('',#3467,#1690);
#1411=LINE('',#3469,#1691);
#1412=LINE('',#3471,#1692);
#1413=LINE('',#3473,#1693);
#1414=LINE('',#3475,#1694);
#1415=LINE('',#3477,#1695);
#1416=LINE('',#3482,#1696);
#1417=LINE('',#3484,#1697);
#1418=LINE('',#3486,#1698);
#1419=LINE('',#3488,#1699);
#1420=LINE('',#3490,#1700);
#1421=LINE('',#3492,#1701);
#1422=LINE('',#3494,#1702);
#1423=LINE('',#3496,#1703);
#1424=LINE('',#3498,#1704);
#1425=LINE('',#3500,#1705);
#1426=LINE('',#3502,#1706);
#1427=LINE('',#3504,#1707);
#1428=VECTOR('',#2361,1.);
#1429=VECTOR('',#2362,1.);
#1430=VECTOR('',#2363,1.);
#1431=VECTOR('',#2364,1.);
#1432=VECTOR('',#2367,1.);
#1433=VECTOR('',#2368,1.);
#1434=VECTOR('',#2369,1.);
#1435=VECTOR('',#2370,1.);
#1436=VECTOR('',#2381,1.);
#1437=VECTOR('',#2382,1.);
#1438=VECTOR('',#2383,1.);
#1439=VECTOR('',#2384,1.);
#1440=VECTOR('',#2385,1.);
#1441=VECTOR('',#2386,1.);
#1442=VECTOR('',#2387,1.);
#1443=VECTOR('',#2388,1.);
#1444=VECTOR('',#2389,1.);
#1445=VECTOR('',#2390,1.);
#1446=VECTOR('',#2391,1.);
#1447=VECTOR('',#2392,1.);
#1448=VECTOR('',#2393,1.);
#1449=VECTOR('',#2394,1.);
#1450=VECTOR('',#2395,1.);
#1451=VECTOR('',#2396,1.);
#1452=VECTOR('',#2397,1.);
#1453=VECTOR('',#2398,1.);
#1454=VECTOR('',#2399,1.);
#1455=VECTOR('',#2400,1.);
#1456=VECTOR('',#2401,1.);
#1457=VECTOR('',#2402,1.);
#1458=VECTOR('',#2403,1.);
#1459=VECTOR('',#2404,1.);
#1460=VECTOR('',#2405,1.);
#1461=VECTOR('',#2406,1.);
#1462=VECTOR('',#2407,1.);
#1463=VECTOR('',#2408,1.);
#1464=VECTOR('',#2409,1.);
#1465=VECTOR('',#2410,1.);
#1466=VECTOR('',#2411,1.);
#1467=VECTOR('',#2412,1.);
#1468=VECTOR('',#2413,1.);
#1469=VECTOR('',#2414,1.);
#1470=VECTOR('',#2415,1.);
#1471=VECTOR('',#2416,1.);
#1472=VECTOR('',#2417,1.);
#1473=VECTOR('',#2418,1.);
#1474=VECTOR('',#2419,1.);
#1475=VECTOR('',#2420,1.);
#1476=VECTOR('',#2421,1.);
#1477=VECTOR('',#2422,1.);
#1478=VECTOR('',#2423,1.);
#1479=VECTOR('',#2424,1.);
#1480=VECTOR('',#2425,1.);
#1481=VECTOR('',#2426,1.);
#1482=VECTOR('',#2429,1.);
#1483=VECTOR('',#2430,1.);
#1484=VECTOR('',#2433,1.);
#1485=VECTOR('',#2434,1.);
#1486=VECTOR('',#2437,1.);
#1487=VECTOR('',#2438,1.);
#1488=VECTOR('',#2439,1.);
#1489=VECTOR('',#2440,1.);
#1490=VECTOR('',#2441,1.);
#1491=VECTOR('',#2442,1.);
#1492=VECTOR('',#2443,1.);
#1493=VECTOR('',#2444,1.);
#1494=VECTOR('',#2445,1.);
#1495=VECTOR('',#2450,1.);
#1496=VECTOR('',#2451,1.);
#1497=VECTOR('',#2452,1.);
#1498=VECTOR('',#2453,1.);
#1499=VECTOR('',#2454,1.);
#1500=VECTOR('',#2455,1.);
#1501=VECTOR('',#2456,1.);
#1502=VECTOR('',#2457,1.);
#1503=VECTOR('',#2458,1.);
#1504=VECTOR('',#2459,1.);
#1505=VECTOR('',#2460,1.);
#1506=VECTOR('',#2461,1.);
#1507=VECTOR('',#2462,1.);
#1508=VECTOR('',#2463,1.);
#1509=VECTOR('',#2464,1.);
#1510=VECTOR('',#2465,1.);
#1511=VECTOR('',#2466,1.);
#1512=VECTOR('',#2467,1.);
#1513=VECTOR('',#2468,1.);
#1514=VECTOR('',#2469,1.);
#1515=VECTOR('',#2470,1.);
#1516=VECTOR('',#2471,1.);
#1517=VECTOR('',#2472,1.);
#1518=VECTOR('',#2473,1.);
#1519=VECTOR('',#2474,1.);
#1520=VECTOR('',#2475,1.);
#1521=VECTOR('',#2476,1.);
#1522=VECTOR('',#2477,1.);
#1523=VECTOR('',#2478,1.);
#1524=VECTOR('',#2479,1.);
#1525=VECTOR('',#2480,1.);
#1526=VECTOR('',#2481,1.);
#1527=VECTOR('',#2482,1.);
#1528=VECTOR('',#2485,1.);
#1529=VECTOR('',#2486,1.);
#1530=VECTOR('',#2487,1.);
#1531=VECTOR('',#2490,1.);
#1532=VECTOR('',#2491,1.);
#1533=VECTOR('',#2492,1.);
#1534=VECTOR('',#2495,1.);
#1535=VECTOR('',#2496,1.);
#1536=VECTOR('',#2499,1.);
#1537=VECTOR('',#2500,1.);
#1538=VECTOR('',#2503,1.);
#1539=VECTOR('',#2504,1.);
#1540=VECTOR('',#2507,1.);
#1541=VECTOR('',#2508,1.);
#1542=VECTOR('',#2509,1.);
#1543=VECTOR('',#2512,1.);
#1544=VECTOR('',#2513,1.);
#1545=VECTOR('',#2516,1.);
#1546=VECTOR('',#2517,1.);
#1547=VECTOR('',#2520,1.);
#1548=VECTOR('',#2521,1.);
#1549=VECTOR('',#2522,1.);
#1550=VECTOR('',#2525,1.);
#1551=VECTOR('',#2526,1.);
#1552=VECTOR('',#2529,1.);
#1553=VECTOR('',#2530,1.);
#1554=VECTOR('',#2537,1.);
#1555=VECTOR('',#2540,1.);
#1556=VECTOR('',#2543,1.);
#1557=VECTOR('',#2544,1.);
#1558=VECTOR('',#2549,1.);
#1559=VECTOR('',#2550,1.);
#1560=VECTOR('',#2551,1.);
#1561=VECTOR('',#2552,1.);
#1562=VECTOR('',#2553,1.);
#1563=VECTOR('',#2554,1.);
#1564=VECTOR('',#2555,1.);
#1565=VECTOR('',#2560,1.);
#1566=VECTOR('',#2561,1.);
#1567=VECTOR('',#2562,1.);
#1568=VECTOR('',#2567,1.);
#1569=VECTOR('',#2568,1.);
#1570=VECTOR('',#2569,1.);
#1571=VECTOR('',#2570,1.);
#1572=VECTOR('',#2575,1.);
#1573=VECTOR('',#2576,1.);
#1574=VECTOR('',#2577,1.);
#1575=VECTOR('',#2582,1.);
#1576=VECTOR('',#2583,1.);
#1577=VECTOR('',#2586,1.);
#1578=VECTOR('',#2587,1.);
#1579=VECTOR('',#2592,1.);
#1580=VECTOR('',#2595,1.);
#1581=VECTOR('',#2596,1.);
#1582=VECTOR('',#2597,1.);
#1583=VECTOR('',#2602,1.);
#1584=VECTOR('',#2603,1.);
#1585=VECTOR('',#2608,1.);
#1586=VECTOR('',#2609,1.);
#1587=VECTOR('',#2614,1.);
#1588=VECTOR('',#2617,1.);
#1589=VECTOR('',#2620,1.);
#1590=VECTOR('',#2623,1.);
#1591=VECTOR('',#2628,1.);
#1592=VECTOR('',#2629,1.);
#1593=VECTOR('',#2632,1.);
#1594=VECTOR('',#2635,1.);
#1595=VECTOR('',#2636,1.);
#1596=VECTOR('',#2637,1.);
#1597=VECTOR('',#2638,1.);
#1598=VECTOR('',#2639,1.);
#1599=VECTOR('',#2640,1.);
#1600=VECTOR('',#2641,1.);
#1601=VECTOR('',#2642,1.);
#1602=VECTOR('',#2643,1.);
#1603=VECTOR('',#2644,1.);
#1604=VECTOR('',#2645,1.);
#1605=VECTOR('',#2646,1.);
#1606=VECTOR('',#2647,1.);
#1607=VECTOR('',#2648,1.);
#1608=VECTOR('',#2649,1.);
#1609=VECTOR('',#2650,1.);
#1610=VECTOR('',#2651,1.);
#1611=VECTOR('',#2652,1.);
#1612=VECTOR('',#2653,1.);
#1613=VECTOR('',#2654,1.);
#1614=VECTOR('',#2655,1.);
#1615=VECTOR('',#2656,1.);
#1616=VECTOR('',#2657,1.);
#1617=VECTOR('',#2658,1.);
#1618=VECTOR('',#2661,1.);
#1619=VECTOR('',#2662,1.);
#1620=VECTOR('',#2663,1.);
#1621=VECTOR('',#2664,1.);
#1622=VECTOR('',#2665,1.);
#1623=VECTOR('',#2666,1.);
#1624=VECTOR('',#2669,1.);
#1625=VECTOR('',#2670,1.);
#1626=VECTOR('',#2673,1.);
#1627=VECTOR('',#2678,1.);
#1628=VECTOR('',#2679,1.);
#1629=VECTOR('',#2682,1.);
#1630=VECTOR('',#2685,1.);
#1631=VECTOR('',#2688,1.);
#1632=VECTOR('',#2691,1.);
#1633=VECTOR('',#2694,1.);
#1634=VECTOR('',#2697,1.);
#1635=VECTOR('',#2700,1.);
#1636=VECTOR('',#2703,1.);
#1637=VECTOR('',#2706,1.);
#1638=VECTOR('',#2709,1.);
#1639=VECTOR('',#2712,1.);
#1640=VECTOR('',#2715,1.);
#1641=VECTOR('',#2718,1.);
#1642=VECTOR('',#2721,1.);
#1643=VECTOR('',#2724,1.);
#1644=VECTOR('',#2727,1.);
#1645=VECTOR('',#2730,1.);
#1646=VECTOR('',#2733,1.);
#1647=VECTOR('',#2736,1.);
#1648=VECTOR('',#2739,1.);
#1649=VECTOR('',#2744,1.);
#1650=VECTOR('',#2749,1.);
#1651=VECTOR('',#2750,1.);
#1652=VECTOR('',#2755,1.);
#1653=VECTOR('',#2756,1.);
#1654=VECTOR('',#2757,1.);
#1655=VECTOR('',#2758,1.);
#1656=VECTOR('',#2761,1.);
#1657=VECTOR('',#2762,1.);
#1658=VECTOR('',#2765,1.);
#1659=VECTOR('',#2768,1.);
#1660=VECTOR('',#2773,1.);
#1661=VECTOR('',#2774,1.);
#1662=VECTOR('',#2775,1.);
#1663=VECTOR('',#2778,1.);
#1664=VECTOR('',#2779,1.);
#1665=VECTOR('',#2782,1.);
#1666=VECTOR('',#2783,1.);
#1667=VECTOR('',#2786,1.);
#1668=VECTOR('',#2787,1.);
#1669=VECTOR('',#2790,1.);
#1670=VECTOR('',#2791,1.);
#1671=VECTOR('',#2794,1.);
#1672=VECTOR('',#2801,1.);
#1673=VECTOR('',#2802,1.);
#1674=VECTOR('',#2803,1.);
#1675=VECTOR('',#2806,1.);
#1676=VECTOR('',#2807,1.);
#1677=VECTOR('',#2810,1.);
#1678=VECTOR('',#2811,1.);
#1679=VECTOR('',#2814,1.);
#1680=VECTOR('',#2815,1.);
#1681=VECTOR('',#2818,1.);
#1682=VECTOR('',#2819,1.);
#1683=VECTOR('',#2822,1.);
#1684=VECTOR('',#2829,1.);
#1685=VECTOR('',#2830,1.);
#1686=VECTOR('',#2831,1.);
#1687=VECTOR('',#2834,1.);
#1688=VECTOR('',#2835,1.);
#1689=VECTOR('',#2838,1.);
#1690=VECTOR('',#2839,1.);
#1691=VECTOR('',#2842,1.);
#1692=VECTOR('',#2843,1.);
#1693=VECTOR('',#2846,1.);
#1694=VECTOR('',#2847,1.);
#1695=VECTOR('',#2850,1.);
#1696=VECTOR('',#2857,1.);
#1697=VECTOR('',#2858,1.);
#1698=VECTOR('',#2859,1.);
#1699=VECTOR('',#2862,1.);
#1700=VECTOR('',#2863,1.);
#1701=VECTOR('',#2866,1.);
#1702=VECTOR('',#2867,1.);
#1703=VECTOR('',#2870,1.);
#1704=VECTOR('',#2871,1.);
#1705=VECTOR('',#2874,1.);
#1706=VECTOR('',#2875,1.);
#1707=VECTOR('',#2878,1.);
#1708=EDGE_LOOP('',(#42,#43,#44,#45));
#1709=EDGE_LOOP('',(#46,#47,#48,#49));
#1710=EDGE_LOOP('',(#50));
#1711=EDGE_LOOP('',(#51));
#1712=EDGE_LOOP('',(#52));
#1713=EDGE_LOOP('',(#53));
#1714=EDGE_LOOP('',(#54,#55,#56,#57,#58,#59,#60,#61,#62,#63));
#1715=EDGE_LOOP('',(#64,#65,#66,#67,#68,#69,#70,#71,#72,#73,#74,#75,#76,
#77,#78,#79,#80,#81,#82,#83,#84,#85,#86,#87,#88,#89,#90,#91,#92,#93,#94,
#95,#96,#97,#98,#99));
#1716=EDGE_LOOP('',(#100,#101,#102,#103));
#1717=EDGE_LOOP('',(#104,#105,#106,#107));
#1718=EDGE_LOOP('',(#108,#109,#110,#111,#112,#113,#114,#115,#116));
#1719=EDGE_LOOP('',(#117));
#1720=EDGE_LOOP('',(#118,#119,#120,#121));
#1721=EDGE_LOOP('',(#122,#123,#124,#125));
#1722=EDGE_LOOP('',(#126,#127,#128,#129,#130,#131,#132,#133,#134,#135,#136,
#137,#138,#139,#140,#141,#142,#143,#144,#145,#146,#147,#148,#149,#150));
#1723=EDGE_LOOP('',(#151,#152,#153,#154));
#1724=EDGE_LOOP('',(#155,#156,#157,#158));
#1725=EDGE_LOOP('',(#159,#160,#161,#162));
#1726=EDGE_LOOP('',(#163,#164,#165,#166));
#1727=EDGE_LOOP('',(#167,#168,#169,#170));
#1728=EDGE_LOOP('',(#171,#172,#173,#174));
#1729=EDGE_LOOP('',(#175,#176,#177,#178));
#1730=EDGE_LOOP('',(#179,#180,#181,#182));
#1731=EDGE_LOOP('',(#183,#184,#185,#186));
#1732=EDGE_LOOP('',(#187,#188,#189,#190));
#1733=EDGE_LOOP('',(#191,#192,#193,#194));
#1734=EDGE_LOOP('',(#195));
#1735=EDGE_LOOP('',(#196));
#1736=EDGE_LOOP('',(#197,#198,#199,#200));
#1737=EDGE_LOOP('',(#201,#202,#203,#204));
#1738=EDGE_LOOP('',(#205,#206,#207,#208));
#1739=EDGE_LOOP('',(#209));
#1740=EDGE_LOOP('',(#210,#211,#212,#213,#214,#215,#216,#217,#218));
#1741=EDGE_LOOP('',(#219,#220,#221,#222));
#1742=EDGE_LOOP('',(#223));
#1743=EDGE_LOOP('',(#224,#225,#226,#227,#228,#229));
#1744=EDGE_LOOP('',(#230));
#1745=EDGE_LOOP('',(#231,#232,#233,#234));
#1746=EDGE_LOOP('',(#235));
#1747=EDGE_LOOP('',(#236,#237,#238,#239));
#1748=EDGE_LOOP('',(#240,#241,#242,#243));
#1749=EDGE_LOOP('',(#244));
#1750=EDGE_LOOP('',(#245,#246,#247,#248,#249,#250,#251));
#1751=EDGE_LOOP('',(#252));
#1752=EDGE_LOOP('',(#253,#254,#255,#256));
#1753=EDGE_LOOP('',(#257));
#1754=EDGE_LOOP('',(#258,#259,#260,#261));
#1755=EDGE_LOOP('',(#262));
#1756=EDGE_LOOP('',(#263,#264,#265,#266));
#1757=EDGE_LOOP('',(#267,#268,#269,#270,#271,#272,#273,#274,#275,#276));
#1758=EDGE_LOOP('',(#277,#278,#279,#280));
#1759=EDGE_LOOP('',(#281,#282,#283,#284));
#1760=EDGE_LOOP('',(#285,#286,#287,#288));
#1761=EDGE_LOOP('',(#289,#290,#291,#292));
#1762=EDGE_LOOP('',(#293,#294,#295,#296));
#1763=EDGE_LOOP('',(#297,#298,#299,#300,#301,#302));
#1764=EDGE_LOOP('',(#303,#304,#305,#306,#307,#308));
#1765=EDGE_LOOP('',(#309,#310,#311,#312,#313,#314));
#1766=EDGE_LOOP('',(#315,#316,#317,#318,#319,#320));
#1767=EDGE_LOOP('',(#321,#322,#323,#324,#325,#326));
#1768=EDGE_LOOP('',(#327,#328,#329,#330));
#1769=EDGE_LOOP('',(#331));
#1770=EDGE_LOOP('',(#332,#333,#334,#335));
#1771=EDGE_LOOP('',(#336,#337,#338,#339));
#1772=EDGE_LOOP('',(#340,#341,#342,#343,#344,#345));
#1773=EDGE_LOOP('',(#346,#347,#348,#349));
#1774=EDGE_LOOP('',(#350,#351,#352,#353));
#1775=EDGE_LOOP('',(#354,#355,#356,#357));
#1776=EDGE_LOOP('',(#358,#359,#360,#361));
#1777=EDGE_LOOP('',(#362,#363,#364,#365));
#1778=EDGE_LOOP('',(#366,#367,#368,#369));
#1779=EDGE_LOOP('',(#370,#371,#372,#373));
#1780=EDGE_LOOP('',(#374,#375,#376,#377));
#1781=EDGE_LOOP('',(#378,#379,#380,#381));
#1782=EDGE_LOOP('',(#382,#383,#384,#385));
#1783=EDGE_LOOP('',(#386,#387,#388,#389));
#1784=EDGE_LOOP('',(#390,#391,#392,#393));
#1785=EDGE_LOOP('',(#394,#395,#396,#397));
#1786=EDGE_LOOP('',(#398,#399,#400,#401));
#1787=EDGE_LOOP('',(#402,#403,#404,#405));
#1788=EDGE_LOOP('',(#406,#407,#408,#409));
#1789=EDGE_LOOP('',(#410,#411,#412,#413));
#1790=EDGE_LOOP('',(#414,#415,#416,#417));
#1791=EDGE_LOOP('',(#418,#419,#420,#421));
#1792=EDGE_LOOP('',(#422,#423,#424,#425));
#1793=EDGE_LOOP('',(#426,#427,#428,#429));
#1794=EDGE_LOOP('',(#430,#431,#432,#433));
#1795=EDGE_LOOP('',(#434,#435,#436,#437));
#1796=EDGE_LOOP('',(#438,#439,#440,#441));
#1797=EDGE_LOOP('',(#442,#443,#444,#445));
#1798=EDGE_LOOP('',(#446,#447,#448,#449));
#1799=EDGE_LOOP('',(#450,#451,#452,#453));
#1800=EDGE_LOOP('',(#454,#455,#456,#457));
#1801=EDGE_LOOP('',(#458,#459,#460,#461));
#1802=EDGE_LOOP('',(#462,#463,#464,#465));
#1803=EDGE_LOOP('',(#466,#467,#468,#469));
#1804=EDGE_LOOP('',(#470,#471,#472,#473,#474,#475,#476,#477,#478,#479,#480,
#481));
#1805=EDGE_LOOP('',(#482,#483,#484,#485,#486,#487));
#1806=EDGE_LOOP('',(#488,#489,#490,#491,#492,#493));
#1807=EDGE_LOOP('',(#494,#495,#496,#497,#498,#499,#500,#501));
#1808=EDGE_LOOP('',(#502,#503,#504,#505));
#1809=EDGE_LOOP('',(#506,#507,#508,#509));
#1810=EDGE_LOOP('',(#510,#511,#512,#513));
#1811=EDGE_LOOP('',(#514,#515,#516,#517));
#1812=EDGE_LOOP('',(#518,#519,#520,#521));
#1813=EDGE_LOOP('',(#522,#523,#524,#525));
#1814=EDGE_LOOP('',(#526));
#1815=EDGE_LOOP('',(#527,#528,#529,#530,#531,#532));
#1816=EDGE_LOOP('',(#533,#534,#535,#536));
#1817=EDGE_LOOP('',(#537,#538,#539,#540));
#1818=EDGE_LOOP('',(#541,#542,#543,#544));
#1819=EDGE_LOOP('',(#545,#546,#547,#548));
#1820=EDGE_LOOP('',(#549,#550,#551,#552));
#1821=EDGE_LOOP('',(#553,#554,#555,#556));
#1822=EDGE_LOOP('',(#557));
#1823=EDGE_LOOP('',(#558,#559,#560,#561,#562,#563));
#1824=EDGE_LOOP('',(#564,#565,#566,#567));
#1825=EDGE_LOOP('',(#568,#569,#570,#571));
#1826=EDGE_LOOP('',(#572,#573,#574,#575));
#1827=EDGE_LOOP('',(#576,#577,#578,#579));
#1828=EDGE_LOOP('',(#580,#581,#582,#583));
#1829=EDGE_LOOP('',(#584,#585,#586,#587));
#1830=EDGE_LOOP('',(#588));
#1831=EDGE_LOOP('',(#589,#590,#591,#592,#593,#594));
#1832=EDGE_LOOP('',(#595,#596,#597,#598));
#1833=EDGE_LOOP('',(#599,#600,#601,#602));
#1834=EDGE_LOOP('',(#603,#604,#605,#606));
#1835=EDGE_LOOP('',(#607,#608,#609,#610));
#1836=EDGE_LOOP('',(#611,#612,#613,#614));
#1837=EDGE_LOOP('',(#615,#616,#617,#618));
#1838=EDGE_LOOP('',(#619));
#1839=EDGE_LOOP('',(#620,#621,#622,#623,#624,#625));
#1840=EDGE_LOOP('',(#626));
#1841=EDGE_LOOP('',(#627));
#1842=EDGE_LOOP('',(#628));
#1843=EDGE_LOOP('',(#629));
#1844=EDGE_LOOP('',(#630));
#1845=EDGE_LOOP('',(#631));
#1846=EDGE_LOOP('',(#632));
#1847=EDGE_LOOP('',(#633));
#1848=EDGE_LOOP('',(#634));
#1849=EDGE_LOOP('',(#635));
#1850=EDGE_LOOP('',(#636));
#1851=EDGE_LOOP('',(#637));
#1852=EDGE_LOOP('',(#638));
#1853=EDGE_LOOP('',(#639));
#1854=EDGE_LOOP('',(#640));
#1855=EDGE_LOOP('',(#641));
#1856=FACE_BOUND('',#1708,.T.);
#1857=FACE_BOUND('',#1709,.T.);
#1858=FACE_BOUND('',#1710,.T.);
#1859=FACE_BOUND('',#1711,.T.);
#1860=FACE_BOUND('',#1712,.T.);
#1861=FACE_BOUND('',#1713,.T.);
#1862=FACE_BOUND('',#1714,.T.);
#1863=FACE_BOUND('',#1715,.T.);
#1864=FACE_BOUND('',#1716,.T.);
#1865=FACE_BOUND('',#1717,.T.);
#1866=FACE_BOUND('',#1718,.T.);
#1867=FACE_BOUND('',#1719,.T.);
#1868=FACE_BOUND('',#1720,.T.);
#1869=FACE_BOUND('',#1721,.T.);
#1870=FACE_BOUND('',#1722,.T.);
#1871=FACE_BOUND('',#1723,.T.);
#1872=FACE_BOUND('',#1724,.T.);
#1873=FACE_BOUND('',#1725,.T.);
#1874=FACE_BOUND('',#1726,.T.);
#1875=FACE_BOUND('',#1727,.T.);
#1876=FACE_BOUND('',#1728,.T.);
#1877=FACE_BOUND('',#1729,.T.);
#1878=FACE_BOUND('',#1730,.T.);
#1879=FACE_BOUND('',#1731,.T.);
#1880=FACE_BOUND('',#1732,.T.);
#1881=FACE_BOUND('',#1733,.T.);
#1882=FACE_BOUND('',#1734,.T.);
#1883=FACE_BOUND('',#1735,.T.);
#1884=FACE_BOUND('',#1736,.T.);
#1885=FACE_BOUND('',#1737,.T.);
#1886=FACE_BOUND('',#1738,.T.);
#1887=FACE_BOUND('',#1739,.T.);
#1888=FACE_BOUND('',#1740,.T.);
#1889=FACE_BOUND('',#1741,.T.);
#1890=FACE_BOUND('',#1742,.T.);
#1891=FACE_BOUND('',#1743,.T.);
#1892=FACE_BOUND('',#1744,.T.);
#1893=FACE_BOUND('',#1745,.T.);
#1894=FACE_BOUND('',#1746,.T.);
#1895=FACE_BOUND('',#1747,.T.);
#1896=FACE_BOUND('',#1748,.T.);
#1897=FACE_BOUND('',#1749,.T.);
#1898=FACE_BOUND('',#1750,.T.);
#1899=FACE_BOUND('',#1751,.T.);
#1900=FACE_BOUND('',#1752,.T.);
#1901=FACE_BOUND('',#1753,.T.);
#1902=FACE_BOUND('',#1754,.T.);
#1903=FACE_BOUND('',#1755,.T.);
#1904=FACE_BOUND('',#1756,.T.);
#1905=FACE_BOUND('',#1757,.T.);
#1906=FACE_BOUND('',#1758,.T.);
#1907=FACE_BOUND('',#1759,.T.);
#1908=FACE_BOUND('',#1760,.T.);
#1909=FACE_BOUND('',#1761,.T.);
#1910=FACE_BOUND('',#1762,.T.);
#1911=FACE_BOUND('',#1763,.T.);
#1912=FACE_BOUND('',#1764,.T.);
#1913=FACE_BOUND('',#1765,.T.);
#1914=FACE_BOUND('',#1766,.T.);
#1915=FACE_BOUND('',#1767,.T.);
#1916=FACE_BOUND('',#1768,.T.);
#1917=FACE_BOUND('',#1769,.T.);
#1918=FACE_BOUND('',#1770,.T.);
#1919=FACE_BOUND('',#1771,.T.);
#1920=FACE_BOUND('',#1772,.T.);
#1921=FACE_BOUND('',#1773,.T.);
#1922=FACE_BOUND('',#1774,.T.);
#1923=FACE_BOUND('',#1775,.T.);
#1924=FACE_BOUND('',#1776,.T.);
#1925=FACE_BOUND('',#1777,.T.);
#1926=FACE_BOUND('',#1778,.T.);
#1927=FACE_BOUND('',#1779,.T.);
#1928=FACE_BOUND('',#1780,.T.);
#1929=FACE_BOUND('',#1781,.T.);
#1930=FACE_BOUND('',#1782,.T.);
#1931=FACE_BOUND('',#1783,.T.);
#1932=FACE_BOUND('',#1784,.T.);
#1933=FACE_BOUND('',#1785,.T.);
#1934=FACE_BOUND('',#1786,.T.);
#1935=FACE_BOUND('',#1787,.T.);
#1936=FACE_BOUND('',#1788,.T.);
#1937=FACE_BOUND('',#1789,.T.);
#1938=FACE_BOUND('',#1790,.T.);
#1939=FACE_BOUND('',#1791,.T.);
#1940=FACE_BOUND('',#1792,.T.);
#1941=FACE_BOUND('',#1793,.T.);
#1942=FACE_BOUND('',#1794,.T.);
#1943=FACE_BOUND('',#1795,.T.);
#1944=FACE_BOUND('',#1796,.T.);
#1945=FACE_BOUND('',#1797,.T.);
#1946=FACE_BOUND('',#1798,.T.);
#1947=FACE_BOUND('',#1799,.T.);
#1948=FACE_BOUND('',#1800,.T.);
#1949=FACE_BOUND('',#1801,.T.);
#1950=FACE_BOUND('',#1802,.T.);
#1951=FACE_BOUND('',#1803,.T.);
#1952=FACE_BOUND('',#1804,.T.);
#1953=FACE_BOUND('',#1805,.T.);
#1954=FACE_BOUND('',#1806,.T.);
#1955=FACE_BOUND('',#1807,.T.);
#1956=FACE_BOUND('',#1808,.T.);
#1957=FACE_BOUND('',#1809,.T.);
#1958=FACE_BOUND('',#1810,.T.);
#1959=FACE_BOUND('',#1811,.T.);
#1960=FACE_BOUND('',#1812,.T.);
#1961=FACE_BOUND('',#1813,.T.);
#1962=FACE_BOUND('',#1814,.T.);
#1963=FACE_BOUND('',#1815,.T.);
#1964=FACE_BOUND('',#1816,.T.);
#1965=FACE_BOUND('',#1817,.T.);
#1966=FACE_BOUND('',#1818,.T.);
#1967=FACE_BOUND('',#1819,.T.);
#1968=FACE_BOUND('',#1820,.T.);
#1969=FACE_BOUND('',#1821,.T.);
#1970=FACE_BOUND('',#1822,.T.);
#1971=FACE_BOUND('',#1823,.T.);
#1972=FACE_BOUND('',#1824,.T.);
#1973=FACE_BOUND('',#1825,.T.);
#1974=FACE_BOUND('',#1826,.T.);
#1975=FACE_BOUND('',#1827,.T.);
#1976=FACE_BOUND('',#1828,.T.);
#1977=FACE_BOUND('',#1829,.T.);
#1978=FACE_BOUND('',#1830,.T.);
#1979=FACE_BOUND('',#1831,.T.);
#1980=FACE_BOUND('',#1832,.T.);
#1981=FACE_BOUND('',#1833,.T.);
#1982=FACE_BOUND('',#1834,.T.);
#1983=FACE_BOUND('',#1835,.T.);
#1984=FACE_BOUND('',#1836,.T.);
#1985=FACE_BOUND('',#1837,.T.);
#1986=FACE_BOUND('',#1838,.T.);
#1987=FACE_BOUND('',#1839,.T.);
#1988=FACE_BOUND('',#1840,.T.);
#1989=FACE_BOUND('',#1841,.T.);
#1990=FACE_BOUND('',#1842,.T.);
#1991=FACE_BOUND('',#1843,.T.);
#1992=FACE_BOUND('',#1844,.T.);
#1993=FACE_BOUND('',#1845,.T.);
#1994=FACE_BOUND('',#1846,.T.);
#1995=FACE_BOUND('',#1847,.T.);
#1996=FACE_BOUND('',#1848,.T.);
#1997=FACE_BOUND('',#1849,.T.);
#1998=FACE_BOUND('',#1850,.T.);
#1999=FACE_BOUND('',#1851,.T.);
#2000=FACE_BOUND('',#1852,.T.);
#2001=FACE_BOUND('',#1853,.T.);
#2002=FACE_BOUND('',#1854,.T.);
#2003=FACE_BOUND('',#1855,.T.);
#2004=PLANE('',#2227);
#2005=PLANE('',#2228);
#2006=PLANE('',#2229);
#2007=PLANE('',#2234);
#2008=PLANE('',#2235);
#2009=PLANE('',#2236);
#2010=PLANE('',#2237);
#2011=PLANE('',#2239);
#2012=PLANE('',#2240);
#2013=PLANE('',#2241);
#2014=PLANE('',#2242);
#2015=PLANE('',#2243);
#2016=PLANE('',#2244);
#2017=PLANE('',#2245);
#2018=PLANE('',#2246);
#2019=PLANE('',#2247);
#2020=PLANE('',#2248);
#2021=PLANE('',#2249);
#2022=PLANE('',#2252);
#2023=PLANE('',#2253);
#2024=PLANE('',#2254);
#2025=PLANE('',#2255);
#2026=PLANE('',#2258);
#2027=PLANE('',#2259);
#2028=PLANE('',#2261);
#2029=PLANE('',#2263);
#2030=PLANE('',#2265);
#2031=PLANE('',#2266);
#2032=PLANE('',#2269);
#2033=PLANE('',#2271);
#2034=PLANE('',#2273);
#2035=PLANE('',#2275);
#2036=PLANE('',#2276);
#2037=PLANE('',#2278);
#2038=PLANE('',#2279);
#2039=PLANE('',#2280);
#2040=PLANE('',#2281);
#2041=PLANE('',#2282);
#2042=PLANE('',#2283);
#2043=PLANE('',#2284);
#2044=PLANE('',#2285);
#2045=PLANE('',#2286);
#2046=PLANE('',#2287);
#2047=PLANE('',#2288);
#2048=PLANE('',#2289);
#2049=PLANE('',#2290);
#2050=PLANE('',#2291);
#2051=PLANE('',#2292);
#2052=PLANE('',#2293);
#2053=PLANE('',#2294);
#2054=PLANE('',#2295);
#2055=PLANE('',#2296);
#2056=PLANE('',#2297);
#2057=PLANE('',#2298);
#2058=PLANE('',#2299);
#2059=PLANE('',#2300);
#2060=PLANE('',#2301);
#2061=PLANE('',#2302);
#2062=PLANE('',#2303);
#2063=PLANE('',#2304);
#2064=PLANE('',#2305);
#2065=PLANE('',#2306);
#2066=PLANE('',#2307);
#2067=PLANE('',#2308);
#2068=PLANE('',#2309);
#2069=PLANE('',#2310);
#2070=PLANE('',#2311);
#2071=PLANE('',#2312);
#2072=PLANE('',#2313);
#2073=PLANE('',#2314);
#2074=PLANE('',#2315);
#2075=PLANE('',#2316);
#2076=PLANE('',#2317);
#2077=PLANE('',#2318);
#2078=PLANE('',#2319);
#2079=PLANE('',#2320);
#2080=PLANE('',#2321);
#2081=PLANE('',#2322);
#2082=PLANE('',#2323);
#2083=PLANE('',#2325);
#2084=PLANE('',#2326);
#2085=PLANE('',#2327);
#2086=PLANE('',#2328);
#2087=PLANE('',#2329);
#2088=PLANE('',#2330);
#2089=PLANE('',#2331);
#2090=PLANE('',#2333);
#2091=PLANE('',#2334);
#2092=PLANE('',#2335);
#2093=PLANE('',#2336);
#2094=PLANE('',#2337);
#2095=PLANE('',#2338);
#2096=PLANE('',#2339);
#2097=PLANE('',#2341);
#2098=PLANE('',#2342);
#2099=PLANE('',#2343);
#2100=PLANE('',#2344);
#2101=PLANE('',#2345);
#2102=PLANE('',#2346);
#2103=PLANE('',#2347);
#2104=ADVANCED_FACE('',(#1856),#2004,.F.);
#2105=ADVANCED_FACE('',(#1857),#2005,.T.);
#2106=ADVANCED_FACE('',(#1858,#1859,#1860,#1861,#1862,#1863),#2006,.F.);
#2107=ADVANCED_FACE('',(#1864),#2007,.F.);
#2108=ADVANCED_FACE('',(#1865),#2008,.T.);
#2109=ADVANCED_FACE('',(#1866),#2009,.T.);
#2110=ADVANCED_FACE('',(#1867,#1868,#1869,#1870),#2010,.T.);
#2111=ADVANCED_FACE('',(#1871),#2011,.F.);
#2112=ADVANCED_FACE('',(#1872),#2012,.F.);
#2113=ADVANCED_FACE('',(#1873),#2013,.F.);
#2114=ADVANCED_FACE('',(#1874),#2014,.F.);
#2115=ADVANCED_FACE('',(#1875),#2015,.F.);
#2116=ADVANCED_FACE('',(#1876),#2016,.F.);
#2117=ADVANCED_FACE('',(#1877),#2017,.T.);
#2118=ADVANCED_FACE('',(#1878),#2018,.T.);
#2119=ADVANCED_FACE('',(#1879),#2019,.T.);
#2120=ADVANCED_FACE('',(#1880),#2020,.F.);
#2121=ADVANCED_FACE('',(#1881),#2021,.F.);
#2122=ADVANCED_FACE('',(#1882,#1883),#12,.F.);
#2123=ADVANCED_FACE('',(#1884),#2022,.T.);
#2124=ADVANCED_FACE('',(#1885),#2023,.F.);
#2125=ADVANCED_FACE('',(#1886),#2024,.F.);
#2126=ADVANCED_FACE('',(#1887,#1888),#2025,.F.);
#2127=ADVANCED_FACE('',(#1889),#2026,.F.);
#2128=ADVANCED_FACE('',(#1890,#1891),#2027,.T.);
#2129=ADVANCED_FACE('',(#1892,#1893),#2028,.T.);
#2130=ADVANCED_FACE('',(#1894,#1895),#2029,.T.);
#2131=ADVANCED_FACE('',(#1896),#2030,.F.);
#2132=ADVANCED_FACE('',(#1897,#1898),#2031,.F.);
#2133=ADVANCED_FACE('',(#1899,#1900),#2032,.F.);
#2134=ADVANCED_FACE('',(#1901,#1902),#2033,.F.);
#2135=ADVANCED_FACE('',(#1903,#1904),#2034,.F.);
#2136=ADVANCED_FACE('',(#1905),#2035,.F.);
#2137=ADVANCED_FACE('',(#1906),#2036,.F.);
#2138=ADVANCED_FACE('',(#1907),#13,.F.);
#2139=ADVANCED_FACE('',(#1908),#2037,.F.);
#2140=ADVANCED_FACE('',(#1909),#2038,.T.);
#2141=ADVANCED_FACE('',(#1910),#2039,.T.);
#2142=ADVANCED_FACE('',(#1911,#1912,#1913,#1914,#1915,#1916,#1917,#1918,
#1919),#2040,.T.);
#2143=ADVANCED_FACE('',(#1920),#2041,.T.);
#2144=ADVANCED_FACE('',(#1921),#2042,.F.);
#2145=ADVANCED_FACE('',(#1922),#2043,.F.);
#2146=ADVANCED_FACE('',(#1923),#2044,.F.);
#2147=ADVANCED_FACE('',(#1924),#2045,.F.);
#2148=ADVANCED_FACE('',(#1925),#2046,.F.);
#2149=ADVANCED_FACE('',(#1926),#2047,.F.);
#2150=ADVANCED_FACE('',(#1927),#2048,.F.);
#2151=ADVANCED_FACE('',(#1928),#2049,.F.);
#2152=ADVANCED_FACE('',(#1929),#2050,.F.);
#2153=ADVANCED_FACE('',(#1930),#2051,.F.);
#2154=ADVANCED_FACE('',(#1931),#2052,.F.);
#2155=ADVANCED_FACE('',(#1932),#2053,.F.);
#2156=ADVANCED_FACE('',(#1933),#2054,.F.);
#2157=ADVANCED_FACE('',(#1934),#2055,.F.);
#2158=ADVANCED_FACE('',(#1935),#2056,.F.);
#2159=ADVANCED_FACE('',(#1936),#2057,.F.);
#2160=ADVANCED_FACE('',(#1937),#2058,.F.);
#2161=ADVANCED_FACE('',(#1938),#2059,.F.);
#2162=ADVANCED_FACE('',(#1939),#2060,.F.);
#2163=ADVANCED_FACE('',(#1940),#2061,.F.);
#2164=ADVANCED_FACE('',(#1941),#2062,.F.);
#2165=ADVANCED_FACE('',(#1942),#2063,.F.);
#2166=ADVANCED_FACE('',(#1943),#2064,.F.);
#2167=ADVANCED_FACE('',(#1944),#2065,.F.);
#2168=ADVANCED_FACE('',(#1945),#2066,.F.);
#2169=ADVANCED_FACE('',(#1946),#2067,.F.);
#2170=ADVANCED_FACE('',(#1947),#2068,.F.);
#2171=ADVANCED_FACE('',(#1948),#2069,.F.);
#2172=ADVANCED_FACE('',(#1949),#2070,.F.);
#2173=ADVANCED_FACE('',(#1950,#1951),#2071,.T.);
#2174=ADVANCED_FACE('',(#1952),#2072,.T.);
#2175=ADVANCED_FACE('',(#1953),#2073,.T.);
#2176=ADVANCED_FACE('',(#1954),#2074,.F.);
#2177=ADVANCED_FACE('',(#1955),#2075,.F.);
#2178=ADVANCED_FACE('',(#1956),#2076,.F.);
#2179=ADVANCED_FACE('',(#1957),#2077,.F.);
#2180=ADVANCED_FACE('',(#1958),#2078,.F.);
#2181=ADVANCED_FACE('',(#1959),#2079,.F.);
#2182=ADVANCED_FACE('',(#1960),#2080,.F.);
#2183=ADVANCED_FACE('',(#1961),#2081,.F.);
#2184=ADVANCED_FACE('',(#1962,#1963),#2082,.T.);
#2185=ADVANCED_FACE('',(#1964),#2083,.F.);
#2186=ADVANCED_FACE('',(#1965),#2084,.F.);
#2187=ADVANCED_FACE('',(#1966),#2085,.F.);
#2188=ADVANCED_FACE('',(#1967),#2086,.F.);
#2189=ADVANCED_FACE('',(#1968),#2087,.F.);
#2190=ADVANCED_FACE('',(#1969),#2088,.F.);
#2191=ADVANCED_FACE('',(#1970,#1971),#2089,.T.);
#2192=ADVANCED_FACE('',(#1972),#2090,.F.);
#2193=ADVANCED_FACE('',(#1973),#2091,.F.);
#2194=ADVANCED_FACE('',(#1974),#2092,.F.);
#2195=ADVANCED_FACE('',(#1975),#2093,.F.);
#2196=ADVANCED_FACE('',(#1976),#2094,.F.);
#2197=ADVANCED_FACE('',(#1977),#2095,.F.);
#2198=ADVANCED_FACE('',(#1978,#1979),#2096,.T.);
#2199=ADVANCED_FACE('',(#1980),#2097,.F.);
#2200=ADVANCED_FACE('',(#1981),#2098,.F.);
#2201=ADVANCED_FACE('',(#1982),#2099,.F.);
#2202=ADVANCED_FACE('',(#1983),#2100,.F.);
#2203=ADVANCED_FACE('',(#1984),#2101,.F.);
#2204=ADVANCED_FACE('',(#1985),#2102,.F.);
#2205=ADVANCED_FACE('',(#1986,#1987),#2103,.T.);
#2206=ADVANCED_FACE('',(#1988,#1989),#14,.F.);
#2207=ADVANCED_FACE('',(#1990,#1991),#15,.F.);
#2208=ADVANCED_FACE('',(#1992,#1993),#16,.F.);
#2209=ADVANCED_FACE('',(#1994,#1995),#17,.F.);
#2210=ADVANCED_FACE('',(#1996,#1997),#18,.F.);
#2211=ADVANCED_FACE('',(#1998,#1999),#19,.F.);
#2212=ADVANCED_FACE('',(#2000,#2001),#20,.F.);
#2213=ADVANCED_FACE('',(#2002,#2003),#21,.F.);
#2214=CLOSED_SHELL('',(#2104,#2105,#2106,#2107,#2108,#2109,#2110,#2111,
#2112,#2113,#2114,#2115,#2116,#2117,#2118,#2119,#2120,#2121,#2122,#2123,
#2124,#2125,#2126,#2127,#2128,#2129,#2130,#2131,#2132,#2133,#2134,#2135,
#2136,#2137,#2138,#2139,#2140,#2141,#2142,#2143,#2144,#2145,#2146,#2147,
#2148,#2149,#2150,#2151,#2152,#2153,#2154,#2155,#2156,#2157,#2158,#2159,
#2160,#2161,#2162,#2163,#2164,#2165,#2166,#2167,#2168,#2169,#2170,#2171,
#2172,#2173,#2174,#2175,#2176,#2177,#2178,#2179,#2180,#2181,#2182,#2183,
#2184,#2185,#2186,#2187,#2188,#2189,#2190,#2191,#2192,#2193,#2194,#2195,
#2196,#2197,#2198,#2199,#2200,#2201,#2202,#2203,#2204,#2205,#2206,#2207,
#2208,#2209,#2210,#2211,#2212,#2213));
#2215=STYLED_ITEM('',(#2216),#2223);
#2216=PRESENTATION_STYLE_ASSIGNMENT((#2217));
#2217=SURFACE_STYLE_USAGE(.BOTH.,#2218);
#2218=SURFACE_SIDE_STYLE('',(#2219));
#2219=SURFACE_STYLE_FILL_AREA(#2220);
#2220=FILL_AREA_STYLE('',(#2221));
#2221=FILL_AREA_STYLE_COLOUR('',#2222);
#2222=COLOUR_RGB('',0.615686274509804,0.811764705882353,0.929411764705882);
#2223=MANIFOLD_SOLID_BREP('Part 1',#2214);
#2224=SHAPE_DEFINITION_REPRESENTATION(#3522,#2225);
#2225=SHAPE_REPRESENTATION('Part 1',(#2226),#3517);
#2226=AXIS2_PLACEMENT_3D('',#2899,#2357,#2358);
#2227=AXIS2_PLACEMENT_3D('',#2900,#2359,#2360);
#2228=AXIS2_PLACEMENT_3D('',#2909,#2365,#2366);
#2229=AXIS2_PLACEMENT_3D('',#2918,#2371,#2372);
#2230=AXIS2_PLACEMENT_3D('',#2919,#2373,#2374);
#2231=AXIS2_PLACEMENT_3D('',#2921,#2375,#2376);
#2232=AXIS2_PLACEMENT_3D('',#2923,#2377,#2378);
#2233=AXIS2_PLACEMENT_3D('',#2925,#2379,#2380);
#2234=AXIS2_PLACEMENT_3D('',#3019,#2427,#2428);
#2235=AXIS2_PLACEMENT_3D('',#3022,#2431,#2432);
#2236=AXIS2_PLACEMENT_3D('',#3025,#2435,#2436);
#2237=AXIS2_PLACEMENT_3D('',#3044,#2446,#2447);
#2238=AXIS2_PLACEMENT_3D('',#3045,#2448,#2449);
#2239=AXIS2_PLACEMENT_3D('',#3113,#2483,#2484);
#2240=AXIS2_PLACEMENT_3D('',#3119,#2488,#2489);
#2241=AXIS2_PLACEMENT_3D('',#3125,#2493,#2494);
#2242=AXIS2_PLACEMENT_3D('',#3128,#2497,#2498);
#2243=AXIS2_PLACEMENT_3D('',#3131,#2501,#2502);
#2244=AXIS2_PLACEMENT_3D('',#3134,#2505,#2506);
#2245=AXIS2_PLACEMENT_3D('',#3140,#2510,#2511);
#2246=AXIS2_PLACEMENT_3D('',#3144,#2514,#2515);
#2247=AXIS2_PLACEMENT_3D('',#3148,#2518,#2519);
#2248=AXIS2_PLACEMENT_3D('',#3154,#2523,#2524);
#2249=AXIS2_PLACEMENT_3D('',#3158,#2527,#2528);
#2250=AXIS2_PLACEMENT_3D('',#3162,#2531,#2532);
#2251=AXIS2_PLACEMENT_3D('',#3163,#2533,#2534);
#2252=AXIS2_PLACEMENT_3D('',#3165,#2535,#2536);
#2253=AXIS2_PLACEMENT_3D('',#3167,#2538,#2539);
#2254=AXIS2_PLACEMENT_3D('',#3169,#2541,#2542);
#2255=AXIS2_PLACEMENT_3D('',#3172,#2545,#2546);
#2256=AXIS2_PLACEMENT_3D('',#3173,#2547,#2548);
#2257=AXIS2_PLACEMENT_3D('',#3189,#2556,#2557);
#2258=AXIS2_PLACEMENT_3D('',#3190,#2558,#2559);
#2259=AXIS2_PLACEMENT_3D('',#3196,#2563,#2564);
#2260=AXIS2_PLACEMENT_3D('',#3197,#2565,#2566);
#2261=AXIS2_PLACEMENT_3D('',#3206,#2571,#2572);
#2262=AXIS2_PLACEMENT_3D('',#3207,#2573,#2574);
#2263=AXIS2_PLACEMENT_3D('',#3214,#2578,#2579);
#2264=AXIS2_PLACEMENT_3D('',#3215,#2580,#2581);
#2265=AXIS2_PLACEMENT_3D('',#3219,#2584,#2585);
#2266=AXIS2_PLACEMENT_3D('',#3223,#2588,#2589);
#2267=AXIS2_PLACEMENT_3D('',#3224,#2590,#2591);
#2268=AXIS2_PLACEMENT_3D('',#3228,#2593,#2594);
#2269=AXIS2_PLACEMENT_3D('',#3235,#2598,#2599);
#2270=AXIS2_PLACEMENT_3D('',#3236,#2600,#2601);
#2271=AXIS2_PLACEMENT_3D('',#3241,#2604,#2605);
#2272=AXIS2_PLACEMENT_3D('',#3242,#2606,#2607);
#2273=AXIS2_PLACEMENT_3D('',#3247,#2610,#2611);
#2274=AXIS2_PLACEMENT_3D('',#3248,#2612,#2613);
#2275=AXIS2_PLACEMENT_3D('',#3251,#2615,#2616);
#2276=AXIS2_PLACEMENT_3D('',#3253,#2618,#2619);
#2277=AXIS2_PLACEMENT_3D('',#3255,#2621,#2622);
#2278=AXIS2_PLACEMENT_3D('',#3257,#2624,#2625);
#2279=AXIS2_PLACEMENT_3D('',#3258,#2626,#2627);
#2280=AXIS2_PLACEMENT_3D('',#3262,#2630,#2631);
#2281=AXIS2_PLACEMENT_3D('',#3264,#2633,#2634);
#2282=AXIS2_PLACEMENT_3D('',#3313,#2659,#2660);
#2283=AXIS2_PLACEMENT_3D('',#3326,#2667,#2668);
#2284=AXIS2_PLACEMENT_3D('',#3329,#2671,#2672);
#2285=AXIS2_PLACEMENT_3D('',#3331,#2674,#2675);
#2286=AXIS2_PLACEMENT_3D('',#3332,#2676,#2677);
#2287=AXIS2_PLACEMENT_3D('',#3335,#2680,#2681);
#2288=AXIS2_PLACEMENT_3D('',#3337,#2683,#2684);
#2289=AXIS2_PLACEMENT_3D('',#3339,#2686,#2687);
#2290=AXIS2_PLACEMENT_3D('',#3341,#2689,#2690);
#2291=AXIS2_PLACEMENT_3D('',#3343,#2692,#2693);
#2292=AXIS2_PLACEMENT_3D('',#3345,#2695,#2696);
#2293=AXIS2_PLACEMENT_3D('',#3347,#2698,#2699);
#2294=AXIS2_PLACEMENT_3D('',#3349,#2701,#2702);
#2295=AXIS2_PLACEMENT_3D('',#3351,#2704,#2705);
#2296=AXIS2_PLACEMENT_3D('',#3353,#2707,#2708);
#2297=AXIS2_PLACEMENT_3D('',#3355,#2710,#2711);
#2298=AXIS2_PLACEMENT_3D('',#3357,#2713,#2714);
#2299=AXIS2_PLACEMENT_3D('',#3359,#2716,#2717);
#2300=AXIS2_PLACEMENT_3D('',#3361,#2719,#2720);
#2301=AXIS2_PLACEMENT_3D('',#3363,#2722,#2723);
#2302=AXIS2_PLACEMENT_3D('',#3365,#2725,#2726);
#2303=AXIS2_PLACEMENT_3D('',#3367,#2728,#2729);
#2304=AXIS2_PLACEMENT_3D('',#3369,#2731,#2732);
#2305=AXIS2_PLACEMENT_3D('',#3371,#2734,#2735);
#2306=AXIS2_PLACEMENT_3D('',#3373,#2737,#2738);
#2307=AXIS2_PLACEMENT_3D('',#3375,#2740,#2741);
#2308=AXIS2_PLACEMENT_3D('',#3376,#2742,#2743);
#2309=AXIS2_PLACEMENT_3D('',#3378,#2745,#2746);
#2310=AXIS2_PLACEMENT_3D('',#3379,#2747,#2748);
#2311=AXIS2_PLACEMENT_3D('',#3382,#2751,#2752);
#2312=AXIS2_PLACEMENT_3D('',#3383,#2753,#2754);
#2313=AXIS2_PLACEMENT_3D('',#3392,#2759,#2760);
#2314=AXIS2_PLACEMENT_3D('',#3395,#2763,#2764);
#2315=AXIS2_PLACEMENT_3D('',#3397,#2766,#2767);
#2316=AXIS2_PLACEMENT_3D('',#3399,#2769,#2770);
#2317=AXIS2_PLACEMENT_3D('',#3400,#2771,#2772);
#2318=AXIS2_PLACEMENT_3D('',#3406,#2776,#2777);
#2319=AXIS2_PLACEMENT_3D('',#3410,#2780,#2781);
#2320=AXIS2_PLACEMENT_3D('',#3414,#2784,#2785);
#2321=AXIS2_PLACEMENT_3D('',#3418,#2788,#2789);
#2322=AXIS2_PLACEMENT_3D('',#3422,#2792,#2793);
#2323=AXIS2_PLACEMENT_3D('',#3424,#2795,#2796);
#2324=AXIS2_PLACEMENT_3D('',#3425,#2797,#2798);
#2325=AXIS2_PLACEMENT_3D('',#3427,#2799,#2800);
#2326=AXIS2_PLACEMENT_3D('',#3433,#2804,#2805);
#2327=AXIS2_PLACEMENT_3D('',#3437,#2808,#2809);
#2328=AXIS2_PLACEMENT_3D('',#3441,#2812,#2813);
#2329=AXIS2_PLACEMENT_3D('',#3445,#2816,#2817);
#2330=AXIS2_PLACEMENT_3D('',#3449,#2820,#2821);
#2331=AXIS2_PLACEMENT_3D('',#3451,#2823,#2824);
#2332=AXIS2_PLACEMENT_3D('',#3452,#2825,#2826);
#2333=AXIS2_PLACEMENT_3D('',#3454,#2827,#2828);
#2334=AXIS2_PLACEMENT_3D('',#3460,#2832,#2833);
#2335=AXIS2_PLACEMENT_3D('',#3464,#2836,#2837);
#2336=AXIS2_PLACEMENT_3D('',#3468,#2840,#2841);
#2337=AXIS2_PLACEMENT_3D('',#3472,#2844,#2845);
#2338=AXIS2_PLACEMENT_3D('',#3476,#2848,#2849);
#2339=AXIS2_PLACEMENT_3D('',#3478,#2851,#2852);
#2340=AXIS2_PLACEMENT_3D('',#3479,#2853,#2854);
#2341=AXIS2_PLACEMENT_3D('',#3481,#2855,#2856);
#2342=AXIS2_PLACEMENT_3D('',#3487,#2860,#2861);
#2343=AXIS2_PLACEMENT_3D('',#3491,#2864,#2865);
#2344=AXIS2_PLACEMENT_3D('',#3495,#2868,#2869);
#2345=AXIS2_PLACEMENT_3D('',#3499,#2872,#2873);
#2346=AXIS2_PLACEMENT_3D('',#3503,#2876,#2877);
#2347=AXIS2_PLACEMENT_3D('',#3505,#2879,#2880);
#2348=AXIS2_PLACEMENT_3D('',#3506,#2881,#2882);
#2349=AXIS2_PLACEMENT_3D('',#3508,#2883,#2884);
#2350=AXIS2_PLACEMENT_3D('',#3509,#2885,#2886);
#2351=AXIS2_PLACEMENT_3D('',#3510,#2887,#2888);
#2352=AXIS2_PLACEMENT_3D('',#3511,#2889,#2890);
#2353=AXIS2_PLACEMENT_3D('',#3512,#2891,#2892);
#2354=AXIS2_PLACEMENT_3D('',#3513,#2893,#2894);
#2355=AXIS2_PLACEMENT_3D('',#3514,#2895,#2896);
#2356=AXIS2_PLACEMENT_3D('',#3515,#2897,#2898);
#2357=DIRECTION('',(0.,0.,1.));
#2358=DIRECTION('',(1.,0.,0.));
#2359=DIRECTION('',(1.88556899562696E-16,-1.,5.20910529425588E-28));
#2360=DIRECTION('',(-1.,-1.88556899562696E-16,0.));
#2361=DIRECTION('',(1.,1.88556899562696E-16,-4.07179767067554E-16));
#2362=DIRECTION('',(-4.07179767067554E-16,-5.20987305980031E-28,-1.));
#2363=DIRECTION('',(-1.,-1.88556899562696E-16,4.07179767067554E-16));
#2364=DIRECTION('',(-4.07179767067554E-16,-5.20987305980031E-28,-1.));
#2365=DIRECTION('',(0.,-1.,5.20987305980031E-28));
#2366=DIRECTION('',(0.,-5.20987305980031E-28,-1.));
#2367=DIRECTION('',(-4.07179767067554E-16,-5.20987305980031E-28,-1.));
#2368=DIRECTION('',(1.,-2.12135489894102E-43,-4.07179767067554E-16));
#2369=DIRECTION('',(-4.07179767067554E-16,-5.20987305980031E-28,-1.));
#2370=DIRECTION('',(-1.,2.12135489894102E-43,4.07179767067554E-16));
#2371=DIRECTION('',(4.07179767067554E-16,5.20987305980031E-28,1.));
#2372=DIRECTION('',(1.,-2.12135489894102E-43,-4.07179767067554E-16));
#2373=DIRECTION('',(4.07179767067554E-16,5.20987305980031E-28,1.));
#2374=DIRECTION('',(1.,0.,-4.07179767067554E-16));
#2375=DIRECTION('',(4.07179767067554E-16,5.20987305980031E-28,1.));
#2376=DIRECTION('',(1.,0.,-4.07179767067554E-16));
#2377=DIRECTION('',(4.07179767067554E-16,5.20987305980031E-28,1.));
#2378=DIRECTION('',(1.,0.,-4.07179767067554E-16));
#2379=DIRECTION('',(4.07179767067554E-16,5.20987305980031E-28,1.));
#2380=DIRECTION('',(1.,0.,-4.07179767067554E-16));
#2381=DIRECTION('',(1.,-2.12135489894102E-43,-4.07179767067554E-16));
#2382=DIRECTION('',(2.12135489894102E-43,-1.,5.20987305980031E-28));
#2383=DIRECTION('',(0.978608706276416,0.205730406114407,-3.98469665072019E-16));
#2384=DIRECTION('',(0.978608706276418,-0.2057304061144,-3.98469665071804E-16));
#2385=DIRECTION('',(2.12135489894102E-43,-1.,5.20987305980031E-28));
#2386=DIRECTION('',(1.,-2.12135489894102E-43,-4.07179767067554E-16));
#2387=DIRECTION('',(-2.12135489894102E-43,1.,-5.20987305980031E-28));
#2388=DIRECTION('',(0.978608706276416,0.205730406114407,-3.98469665072019E-16));
#2389=DIRECTION('',(0.978608706276418,-0.2057304061144,-3.98469665071804E-16));
#2390=DIRECTION('',(2.12135489894102E-43,-1.,5.20987305980031E-28));
#2391=DIRECTION('',(-3.54930634470954E-16,-1.,5.211318265531E-28));
#2392=DIRECTION('',(1.,-2.12135489894102E-43,-4.07179767067554E-16));
#2393=DIRECTION('',(-0.987202591674261,0.159471135292947,4.01968921326328E-16));
#2394=DIRECTION('',(-0.999679938782767,0.0252986164697695,4.0704944461566E-16));
#2395=DIRECTION('',(-1.00306763952658E-16,-1.,5.21028148864813E-28));
#2396=DIRECTION('',(-1.,2.12135489894102E-43,4.07179767067554E-16));
#2397=DIRECTION('',(-2.16730550564804E-16,-1.,5.21075554275127E-28));
#2398=DIRECTION('',(-1.,2.12135489894102E-43,4.07179767067554E-16));
#2399=DIRECTION('',(-0.756613061422162,-0.653862887221307,3.08077530110486E-16));
#2400=DIRECTION('',(2.12135489894102E-43,-1.,5.20987305980031E-28));
#2401=DIRECTION('',(0.990772596032158,-0.135534729688368,-4.03422554869219E-16));
#2402=DIRECTION('',(0.375627078162331,0.926770898416232,-1.52947746190887E-16));
#2403=DIRECTION('',(-2.12135489894102E-43,1.,-5.20987305980031E-28));
#2404=DIRECTION('',(1.,-2.12135489894102E-43,-4.07179767067554E-16));
#2405=DIRECTION('',(2.12135489894102E-43,-1.,5.20987305980031E-28));
#2406=DIRECTION('',(0.224838583131586,-0.974396023973508,-9.15497219068101E-17));
#2407=DIRECTION('',(1.,-2.12135489894102E-43,-4.07179767067554E-16));
#2408=DIRECTION('',(-3.04390946102269E-17,-1.,5.20999700163484E-28));
#2409=DIRECTION('',(1.,-2.12135489894102E-43,-4.07179767067554E-16));
#2410=DIRECTION('',(-2.12135489894102E-43,1.,-5.20987305980031E-28));
#2411=DIRECTION('',(1.,-2.12135489894102E-43,-4.07179767067554E-16));
#2412=DIRECTION('',(0.0846519161730181,0.996410584592635,-3.44685475096707E-17));
#2413=DIRECTION('',(0.994646113131293,0.10333977759223,-4.04999772659502E-16));
#2414=DIRECTION('',(0.0982186527902311,0.995164858826954,-3.99926481653337E-17));
#2415=DIRECTION('',(1.,-2.12135489894102E-43,-4.07179767067554E-16));
#2416=DIRECTION('',(-3.54930634470954E-16,-1.,5.211318265531E-28));
#2417=DIRECTION('',(-0.87328866241147,-0.487203152805466,3.55585474143691E-16));
#2418=DIRECTION('',(2.12135489894102E-43,-1.,5.20987305980031E-28));
#2419=DIRECTION('',(1.,-2.12135489894102E-43,-4.07179767067554E-16));
#2420=DIRECTION('',(0.924373983743767,0.381487533449886,-3.76386383384293E-16));
#2421=DIRECTION('',(1.,-2.12135489894102E-43,-4.07179767067554E-16));
#2422=DIRECTION('',(-3.54930634470954E-16,-1.,5.211318265531E-28));
#2423=DIRECTION('',(0.924373983743767,0.381487533449886,-3.76386383384293E-16));
#2424=DIRECTION('',(-2.12135489894102E-43,1.,-5.20987305980031E-28));
#2425=DIRECTION('',(-0.764911268225675,0.644135662528779,3.11456392023142E-16));
#2426=DIRECTION('',(-0.987202591674261,0.159471135292947,4.01968921326328E-16));
#2427=DIRECTION('',(-1.,3.88938454866321E-59,4.07179767067554E-16));
#2428=DIRECTION('',(4.07179767067554E-16,0.,1.));
#2429=DIRECTION('',(2.12135489894102E-43,-1.,5.20987305980031E-28));
#2430=DIRECTION('',(-2.12135489894102E-43,1.,-5.20987305980031E-28));
#2431=DIRECTION('',(-1.,-2.0112735953354E-16,4.07179767067554E-16));
#2432=DIRECTION('',(4.07179767067554E-16,0.,1.));
#2433=DIRECTION('',(2.0112735953354E-16,-1.,5.20905410988625E-28));
#2434=DIRECTION('',(-2.0112735953354E-16,1.,-5.20905410988625E-28));
#2435=DIRECTION('',(-4.07179767067554E-16,-5.20987305980031E-28,-1.));
#2436=DIRECTION('',(-1.,2.12135489894102E-43,4.07179767067554E-16));
#2437=DIRECTION('',(0.924373983743767,0.381487533449886,-3.76386383384293E-16));
#2438=DIRECTION('',(-3.54930634470954E-16,-1.,5.211318265531E-28));
#2439=DIRECTION('',(-0.87328866241147,-0.487203152805466,3.55585474143691E-16));
#2440=DIRECTION('',(2.12135489894102E-43,-1.,5.20987305980031E-28));
#2441=DIRECTION('',(1.,-2.12135489894102E-43,-4.07179767067554E-16));
#2442=DIRECTION('',(-3.54930634470954E-16,-1.,5.211318265531E-28));
#2443=DIRECTION('',(-0.987202591674261,0.159471135292947,4.01968921326328E-16));
#2444=DIRECTION('',(-0.764911268225675,0.644135662528779,3.11456392023142E-16));
#2445=DIRECTION('',(-2.12135489894102E-43,1.,-5.20987305980031E-28));
#2446=DIRECTION('',(-4.07179767067554E-16,-5.20987305980031E-28,-1.));
#2447=DIRECTION('',(-1.,2.12135489894102E-43,4.07179767067554E-16));
#2448=DIRECTION('',(-4.07179767067554E-16,-5.20987305980031E-28,-1.));
#2449=DIRECTION('',(-1.,0.,4.07179767067554E-16));
#2450=DIRECTION('',(-1.,2.12135489894102E-43,4.07179767067554E-16));
#2451=DIRECTION('',(-2.12135489894102E-43,1.,-5.20987305980031E-28));
#2452=DIRECTION('',(-1.,2.12135489894102E-43,4.07179767067554E-16));
#2453=DIRECTION('',(-2.12135489894102E-43,1.,-5.20987305980031E-28));
#2454=DIRECTION('',(-2.12135489894102E-43,1.,-5.20987305980031E-28));
#2455=DIRECTION('',(-1.,2.12135489894102E-43,4.07179767067554E-16));
#2456=DIRECTION('',(-2.12135489894102E-43,1.,-5.20987305980031E-28));
#2457=DIRECTION('',(-1.,2.12135489894102E-43,4.07179767067554E-16));
#2458=DIRECTION('',(-0.987202591674261,0.159471135292947,4.01968921326328E-16));
#2459=DIRECTION('',(1.,-2.12135489894102E-43,-4.07179767067554E-16));
#2460=DIRECTION('',(-3.54930634470954E-16,-1.,5.211318265531E-28));
#2461=DIRECTION('',(1.,-2.12135489894102E-43,-4.07179767067554E-16));
#2462=DIRECTION('',(0.0982186527902311,0.995164858826954,-3.99926481653337E-17));
#2463=DIRECTION('',(0.994646113131293,0.10333977759223,-4.04999772659502E-16));
#2464=DIRECTION('',(0.0846519161730181,0.996410584592635,-3.44685475096707E-17));
#2465=DIRECTION('',(1.,-2.12135489894102E-43,-4.07179767067554E-16));
#2466=DIRECTION('',(-2.12135489894102E-43,1.,-5.20987305980031E-28));
#2467=DIRECTION('',(1.,-2.12135489894102E-43,-4.07179767067554E-16));
#2468=DIRECTION('',(-3.04390946102269E-17,-1.,5.20999700163484E-28));
#2469=DIRECTION('',(1.,-2.12135489894102E-43,-4.07179767067554E-16));
#2470=DIRECTION('',(0.224838583131586,-0.974396023973508,-9.15497219068101E-17));
#2471=DIRECTION('',(2.12135489894102E-43,-1.,5.20987305980031E-28));
#2472=DIRECTION('',(1.,-2.12135489894102E-43,-4.07179767067554E-16));
#2473=DIRECTION('',(-2.12135489894102E-43,1.,-5.20987305980031E-28));
#2474=DIRECTION('',(0.375627078162331,0.926770898416232,-1.52947746190887E-16));
#2475=DIRECTION('',(0.990772596032158,-0.135534729688368,-4.03422554869219E-16));
#2476=DIRECTION('',(2.12135489894102E-43,-1.,5.20987305980031E-28));
#2477=DIRECTION('',(-0.756613061422162,-0.653862887221307,3.08077530110486E-16));
#2478=DIRECTION('',(-1.,2.12135489894102E-43,4.07179767067554E-16));
#2479=DIRECTION('',(-2.16730550564804E-16,-1.,5.21075554275127E-28));
#2480=DIRECTION('',(-1.,2.12135489894102E-43,4.07179767067554E-16));
#2481=DIRECTION('',(-1.00306763952658E-16,-1.,5.21028148864813E-28));
#2482=DIRECTION('',(-0.999679938782767,0.0252986164697695,4.0704944461566E-16));
#2483=DIRECTION('',(0.487203152805466,-0.87328866241147,-1.98379266273452E-16));
#2484=DIRECTION('',(-0.87328866241147,-0.487203152805466,0.));
#2485=DIRECTION('',(4.07179767067554E-16,5.20974047864227E-28,1.));
#2486=DIRECTION('',(-0.87328866241147,-0.487203152805466,3.55585474143691E-16));
#2487=DIRECTION('',(-4.07179767067554E-16,-5.20987305980031E-28,-1.));
#2488=DIRECTION('',(-4.44501091275796E-59,1.,-5.20987305980031E-28));
#2489=DIRECTION('',(0.,5.20987305980031E-28,1.));
#2490=DIRECTION('',(-4.07179767067554E-16,-5.20987305980031E-28,-1.));
#2491=DIRECTION('',(-4.07179767067554E-16,-5.20987305980031E-28,-1.));
#2492=DIRECTION('',(1.,-2.12135489894102E-43,-4.07179767067554E-16));
#2493=DIRECTION('',(-0.159471135292947,-0.987202591674262,6.49334197230948E-17));
#2494=DIRECTION('',(-0.987202591674262,0.159471135292947,0.));
#2495=DIRECTION('',(-4.07179767067554E-16,-5.20987305980031E-28,-1.));
#2496=DIRECTION('',(-4.07179767067554E-16,-5.20987305980031E-28,-1.));
#2497=DIRECTION('',(-0.159471135292947,-0.987202591674262,6.49334197230948E-17));
#2498=DIRECTION('',(-0.987202591674262,0.159471135292947,0.));
#2499=DIRECTION('',(4.07179767067554E-16,5.20991987042035E-28,1.));
#2500=DIRECTION('',(-4.07179767067554E-16,-5.20987305980031E-28,-1.));
#2501=DIRECTION('',(-0.381487533449886,0.924373983743767,1.55334005008818E-16));
#2502=DIRECTION('',(0.924373983743767,0.381487533449886,0.));
#2503=DIRECTION('',(-4.07179767067554E-16,-5.20986742217657E-28,-1.));
#2504=DIRECTION('',(-4.07179767067554E-16,-5.20987305980031E-28,-1.));
#2505=DIRECTION('',(1.,-3.88938454866321E-59,-4.07179767067554E-16));
#2506=DIRECTION('',(-4.07179767067554E-16,0.,-1.));
#2507=DIRECTION('',(-4.07179767067554E-16,-5.20987305980031E-28,-1.));
#2508=DIRECTION('',(2.12135489894102E-43,-1.,5.20987305980031E-28));
#2509=DIRECTION('',(-4.07179767067554E-16,-5.20987305980031E-28,-1.));
#2510=DIRECTION('',(-3.88938454866321E-59,1.,-5.20987305980031E-28));
#2511=DIRECTION('',(0.,5.20987305980031E-28,1.));
#2512=DIRECTION('',(-4.07179767067554E-16,-5.20987305980031E-28,-1.));
#2513=DIRECTION('',(1.,-2.12135489894102E-43,-4.07179767067554E-16));
#2514=DIRECTION('',(1.,-3.88938454866321E-59,-4.07179767067554E-16));
#2515=DIRECTION('',(-4.07179767067554E-16,0.,-1.));
#2516=DIRECTION('',(-4.07179767067554E-16,-5.20987305980031E-28,-1.));
#2517=DIRECTION('',(2.12135489894102E-43,-1.,5.20987305980031E-28));
#2518=DIRECTION('',(1.,-3.88938454866321E-59,-4.07179767067554E-16));
#2519=DIRECTION('',(-4.07179767067554E-16,0.,-1.));
#2520=DIRECTION('',(-4.07179767067554E-16,-5.20987305980031E-28,-1.));
#2521=DIRECTION('',(-4.07179767067554E-16,-5.20987305980031E-28,-1.));
#2522=DIRECTION('',(2.12135489894102E-43,-1.,5.20987305980031E-28));
#2523=DIRECTION('',(-3.88938454866321E-59,1.,-5.20987305980031E-28));
#2524=DIRECTION('',(0.,5.20987305980031E-28,1.));
#2525=DIRECTION('',(-4.07179767067554E-16,-5.20987305980031E-28,-1.));
#2526=DIRECTION('',(1.,-2.12135489894102E-43,-4.07179767067554E-16));
#2527=DIRECTION('',(1.,-3.88938454866321E-59,-4.07179767067554E-16));
#2528=DIRECTION('',(-4.07179767067554E-16,0.,-1.));
#2529=DIRECTION('',(-4.07179767067554E-16,-5.20987305980031E-28,-1.));
#2530=DIRECTION('',(2.12135489894102E-43,-1.,5.20987305980031E-28));
#2531=DIRECTION('',(-4.07179767067554E-16,-5.20987305980031E-28,-1.));
#2532=DIRECTION('',(-1.,0.,4.07179767067554E-16));
#2533=DIRECTION('',(4.07179767067554E-16,5.20987305980031E-28,1.));
#2534=DIRECTION('',(1.,0.,-4.07179767067554E-16));
#2535=DIRECTION('',(-3.88938454866321E-59,1.,-5.20987305980031E-28));
#2536=DIRECTION('',(0.,5.20987305980031E-28,1.));
#2537=DIRECTION('',(1.,-2.12135489894102E-43,-4.07179767067554E-16));
#2538=DIRECTION('',(-3.88938454866321E-59,1.,-5.20987305980031E-28));
#2539=DIRECTION('',(0.,5.20987305980031E-28,1.));
#2540=DIRECTION('',(1.,-2.12135489894102E-43,-4.07179767067554E-16));
#2541=DIRECTION('',(4.07179767067554E-16,5.20987305980031E-28,1.));
#2542=DIRECTION('',(1.,-2.12135489894102E-43,-4.07179767067554E-16));
#2543=DIRECTION('',(-3.54930634470954E-16,-1.,5.211318265531E-28));
#2544=DIRECTION('',(2.12135489894102E-43,-1.,5.20987305980031E-28));
#2545=DIRECTION('',(-1.,2.41202142552758E-59,4.07179767067554E-16));
#2546=DIRECTION('',(4.07179767067554E-16,0.,1.));
#2547=DIRECTION('',(1.,-2.41202142552758E-59,-4.07179767067554E-16));
#2548=DIRECTION('',(-4.07179767067554E-16,0.,-1.));
#2549=DIRECTION('',(1.42273291356111E-16,-0.936969373458517,0.349411495518899));
#2550=DIRECTION('',(4.07179767067554E-16,5.20987305980031E-28,1.));
#2551=DIRECTION('',(-4.07179767067554E-16,-5.20987305980031E-28,-1.));
#2552=DIRECTION('',(2.12135489894102E-43,-1.,5.20987305980031E-28));
#2553=DIRECTION('',(4.07179767067554E-16,5.20987305980031E-28,1.));
#2554=DIRECTION('',(2.12135489894102E-43,-1.,5.20987305980031E-28));
#2555=DIRECTION('',(-1.42273291356109E-16,-0.936969373458519,-0.349411495518895));
#2556=DIRECTION('',(1.,-2.41202142552758E-59,-4.07179767067554E-16));
#2557=DIRECTION('',(-4.07179767067554E-16,0.,-1.));
#2558=DIRECTION('',(0.,-1.,5.20987305980031E-28));
#2559=DIRECTION('',(0.,-5.20987305980031E-28,-1.));
#2560=DIRECTION('',(4.07179767067554E-16,5.20987305980031E-28,1.));
#2561=DIRECTION('',(1.,-2.12135489894102E-43,-4.07179767067554E-16));
#2562=DIRECTION('',(4.07179767067554E-16,5.20987305980031E-28,1.));
#2563=DIRECTION('',(-1.,2.41202142552758E-59,4.07179767067554E-16));
#2564=DIRECTION('',(4.07179767067554E-16,0.,1.));
#2565=DIRECTION('',(-1.,2.41202142552758E-59,4.07179767067554E-16));
#2566=DIRECTION('',(4.07179767067554E-16,0.,1.));
#2567=DIRECTION('',(4.07179767067554E-16,5.20987305980031E-28,1.));
#2568=DIRECTION('',(2.12135489894102E-43,-1.,5.20987305980031E-28));
#2569=DIRECTION('',(-4.07179767067554E-16,-5.20987305980031E-28,-1.));
#2570=DIRECTION('',(2.12135489894102E-43,-1.,5.20987305980031E-28));
#2571=DIRECTION('',(-0.2057304061144,-0.978608706276418,8.37692588408843E-17));
#2572=DIRECTION('',(-0.978608706276418,0.2057304061144,0.));
#2573=DIRECTION('',(-0.2057304061144,-0.978608706276418,8.37692588408843E-17));
#2574=DIRECTION('',(-0.978608706276418,0.2057304061144,0.));
#2575=DIRECTION('',(4.07179767067554E-16,5.20987305980031E-28,1.));
#2576=DIRECTION('',(0.978608706276418,-0.2057304061144,-3.98469665071804E-16));
#2577=DIRECTION('',(0.978608706276418,-0.2057304061144,-3.98469665071804E-16));
#2578=DIRECTION('',(0.205730406114407,-0.978608706276416,-8.37692588398673E-17));
#2579=DIRECTION('',(-0.978608706276417,-0.205730406114407,0.));
#2580=DIRECTION('',(0.205730406114407,-0.978608706276416,-8.37692588398674E-17));
#2581=DIRECTION('',(-0.978608706276416,-0.205730406114407,0.));
#2582=DIRECTION('',(0.978608706276416,0.205730406114407,-3.98469665072019E-16));
#2583=DIRECTION('',(0.978608706276416,0.205730406114407,-3.98469665072019E-16));
#2584=DIRECTION('',(0.,-1.,5.20987305980031E-28));
#2585=DIRECTION('',(0.,-5.20987305980031E-28,-1.));
#2586=DIRECTION('',(-1.,1.86236208792075E-43,4.07179767067554E-16));
#2587=DIRECTION('',(4.07179767067554E-16,5.20987305980031E-28,1.));
#2588=DIRECTION('',(1.,-2.41202142552758E-59,-4.07179767067554E-16));
#2589=DIRECTION('',(-4.07179767067554E-16,0.,-1.));
#2590=DIRECTION('',(1.,-2.41202142552758E-59,-4.07179767067554E-16));
#2591=DIRECTION('',(-4.07179767067554E-16,0.,-1.));
#2592=DIRECTION('',(1.42273291356111E-16,-0.936969373458517,0.349411495518899));
#2593=DIRECTION('',(1.,-2.41202142552758E-59,-4.07179767067554E-16));
#2594=DIRECTION('',(-4.07179767067554E-16,0.,-1.));
#2595=DIRECTION('',(-1.42273291356109E-16,-0.936969373458519,-0.349411495518895));
#2596=DIRECTION('',(-2.12135489894102E-43,1.,-5.20987305980031E-28));
#2597=DIRECTION('',(4.07179767067554E-16,5.20987305980031E-28,1.));
#2598=DIRECTION('',(0.205730406114407,-0.978608706276416,-8.37692588398673E-17));
#2599=DIRECTION('',(-0.978608706276417,-0.205730406114407,0.));
#2600=DIRECTION('',(0.205730406114407,-0.978608706276416,-8.37692588398673E-17));
#2601=DIRECTION('',(-0.978608706276417,-0.205730406114407,0.));
#2602=DIRECTION('',(0.978608706276416,0.205730406114407,-3.98469665072019E-16));
#2603=DIRECTION('',(4.07179767067554E-16,5.20987305980031E-28,1.));
#2604=DIRECTION('',(-0.2057304061144,-0.978608706276418,8.37692588408844E-17));
#2605=DIRECTION('',(-0.978608706276418,0.2057304061144,0.));
#2606=DIRECTION('',(-0.2057304061144,-0.978608706276418,8.37692588408844E-17));
#2607=DIRECTION('',(-0.978608706276418,0.2057304061144,0.));
#2608=DIRECTION('',(0.978608706276418,-0.2057304061144,-3.98469665071804E-16));
#2609=DIRECTION('',(4.07179767067554E-16,5.20987305980031E-28,1.));
#2610=DIRECTION('',(-1.,2.41202142552758E-59,4.07179767067554E-16));
#2611=DIRECTION('',(4.07179767067554E-16,0.,1.));
#2612=DIRECTION('',(-1.,2.41202142552758E-59,4.07179767067554E-16));
#2613=DIRECTION('',(4.07179767067554E-16,0.,1.));
#2614=DIRECTION('',(2.12135489894102E-43,-1.,5.20987305980031E-28));
#2615=DIRECTION('',(4.07179767067554E-16,5.20987305980031E-28,1.));
#2616=DIRECTION('',(1.,-2.12135489894102E-43,-4.07179767067554E-16));
#2617=DIRECTION('',(1.,2.72407827794595E-31,-4.07179767067554E-16));
#2618=DIRECTION('',(3.81514971234271E-16,0.349411495518899,0.936969373458517));
#2619=DIRECTION('',(0.,-0.936969373458517,0.349411495518899));
#2620=DIRECTION('',(1.,-2.41202142552758E-59,-4.07179767067554E-16));
#2621=DIRECTION('',(1.,-2.41202142552758E-59,-4.07179767067554E-16));
#2622=DIRECTION('',(-4.07179767067554E-16,0.,-1.));
#2623=DIRECTION('',(1.,-2.41202142552758E-59,-4.07179767067554E-16));
#2624=DIRECTION('',(3.81514971234272E-16,-0.349411495518895,0.936969373458519));
#2625=DIRECTION('',(0.,-0.936969373458519,-0.349411495518895));
#2626=DIRECTION('',(0.2057304061144,0.978608706276418,-8.37692588408843E-17));
#2627=DIRECTION('',(0.978608706276418,-0.2057304061144,0.));
#2628=DIRECTION('',(-4.07179767067554E-16,-5.20987305980031E-28,-1.));
#2629=DIRECTION('',(0.978608706276418,-0.2057304061144,-3.98469665071804E-16));
#2630=DIRECTION('',(-0.205730406114407,0.978608706276416,8.37692588398674E-17));
#2631=DIRECTION('',(0.978608706276417,0.205730406114407,0.));
#2632=DIRECTION('',(0.978608706276416,0.205730406114407,-3.98469665072019E-16));
#2633=DIRECTION('',(4.07179767067554E-16,5.20987305980031E-28,1.));
#2634=DIRECTION('',(1.,-2.12135489894102E-43,-4.07179767067554E-16));
#2635=DIRECTION('',(-0.5,0.866025403784439,2.03589883533325E-16));
#2636=DIRECTION('',(0.5,0.866025403784439,-2.03589883534228E-16));
#2637=DIRECTION('',(1.,-2.12135489894102E-43,-4.07179767067554E-16));
#2638=DIRECTION('',(0.5,-0.866025403784438,-2.03589883533326E-16));
#2639=DIRECTION('',(-0.5,-0.866025403784439,2.03589883534228E-16));
#2640=DIRECTION('',(-1.,2.12135489894102E-43,4.07179767067554E-16));
#2641=DIRECTION('',(-0.5,0.866025403784439,2.03589883533325E-16));
#2642=DIRECTION('',(0.5,0.866025403784438,-2.03589883534228E-16));
#2643=DIRECTION('',(1.,-2.12135489894102E-43,-4.07179767067554E-16));
#2644=DIRECTION('',(0.5,-0.866025403784439,-2.03589883533325E-16));
#2645=DIRECTION('',(-0.5,-0.866025403784439,2.03589883534228E-16));
#2646=DIRECTION('',(-1.,2.12135489894102E-43,4.07179767067554E-16));
#2647=DIRECTION('',(-0.5,0.866025403784439,2.03589883533325E-16));
#2648=DIRECTION('',(0.5,0.866025403784438,-2.03589883534228E-16));
#2649=DIRECTION('',(1.,-4.23187210911877E-16,-4.07179767067554E-16));
#2650=DIRECTION('',(0.5,-0.866025403784439,-2.03589883533325E-16));
#2651=DIRECTION('',(-0.5,-0.866025403784438,2.03589883534228E-16));
#2652=DIRECTION('',(-1.,4.23187210911877E-16,4.07179767067554E-16));
#2653=DIRECTION('',(0.5,-0.866025403784438,-2.03589883533326E-16));
#2654=DIRECTION('',(-0.5,-0.866025403784439,2.03589883534227E-16));
#2655=DIRECTION('',(-1.,2.12135489894102E-43,4.07179767067554E-16));
#2656=DIRECTION('',(-0.5,0.866025403784438,2.03589883533326E-16));
#2657=DIRECTION('',(0.5,0.866025403784439,-2.03589883534227E-16));
#2658=DIRECTION('',(1.,3.38549768729502E-15,-4.07179767067554E-16));
#2659=DIRECTION('',(-4.07179767067554E-16,-5.20987305980031E-28,-1.));
#2660=DIRECTION('',(-1.,2.12135489894102E-43,4.07179767067554E-16));
#2661=DIRECTION('',(1.,-2.12135489894102E-43,-4.07179767067554E-16));
#2662=DIRECTION('',(0.924373983743767,0.381487533449886,-3.76386383384293E-16));
#2663=DIRECTION('',(1.,-2.12135489894102E-43,-4.07179767067554E-16));
#2664=DIRECTION('',(2.12135489894102E-43,-1.,5.20987305980031E-28));
#2665=DIRECTION('',(-0.87328866241147,-0.487203152805466,3.55585474143691E-16));
#2666=DIRECTION('',(-3.54930634470954E-16,-1.,5.211318265531E-28));
#2667=DIRECTION('',(1.,-4.44501091275796E-59,-4.07179767067554E-16));
#2668=DIRECTION('',(-4.07179767067554E-16,0.,-1.));
#2669=DIRECTION('',(-4.07179767067554E-16,-5.20987305980031E-28,-1.));
#2670=DIRECTION('',(-4.07179767067554E-16,-5.20987305980031E-28,-1.));
#2671=DIRECTION('',(0.487203152805466,-0.87328866241147,-1.98379266273452E-16));
#2672=DIRECTION('',(-0.87328866241147,-0.487203152805466,0.));
#2673=DIRECTION('',(4.07179767067554E-16,5.20974047864227E-28,1.));
#2674=DIRECTION('',(1.,-4.44501091275796E-59,-4.07179767067554E-16));
#2675=DIRECTION('',(-4.07179767067554E-16,0.,-1.));
#2676=DIRECTION('',(-4.44501091275796E-59,1.,-5.20987305980031E-28));
#2677=DIRECTION('',(0.,5.20987305980031E-28,1.));
#2678=DIRECTION('',(-4.07179767067554E-16,-5.20987305980031E-28,-1.));
#2679=DIRECTION('',(-4.07179767067554E-16,-5.20987305980031E-28,-1.));
#2680=DIRECTION('',(-0.995164858826954,0.0982186527902311,4.05210995410923E-16));
#2681=DIRECTION('',(0.0982186527902311,0.995164858826954,0.));
#2682=DIRECTION('',(-4.07179767067554E-16,-5.20987305980031E-28,-1.));
#2683=DIRECTION('',(-0.10333977759223,0.994646113131293,4.20778665682989E-17));
#2684=DIRECTION('',(0.994646113131293,0.10333977759223,0.));
#2685=DIRECTION('',(-4.07179767067554E-16,-5.20987305980031E-28,-1.));
#2686=DIRECTION('',(-0.996410584592635,0.0846519161730181,4.0571822973803E-16));
#2687=DIRECTION('',(0.0846519161730181,0.996410584592635,0.));
#2688=DIRECTION('',(-4.07179767067554E-16,-5.20987305980031E-28,-1.));
#2689=DIRECTION('',(-4.44501091275796E-59,1.,-5.20987305980031E-28));
#2690=DIRECTION('',(0.,5.20987305980031E-28,1.));
#2691=DIRECTION('',(-4.07179767067554E-16,-5.20987305980031E-28,-1.));
#2692=DIRECTION('',(-1.,4.44501091275796E-59,4.07179767067554E-16));
#2693=DIRECTION('',(4.07179767067554E-16,0.,1.));
#2694=DIRECTION('',(-4.07179767067554E-16,-5.20987305980031E-28,-1.));
#2695=DIRECTION('',(-4.44501091275796E-59,1.,-5.20987305980031E-28));
#2696=DIRECTION('',(0.,5.20987305980031E-28,1.));
#2697=DIRECTION('',(-4.07179767067554E-16,-5.20987305980031E-28,-1.));
#2698=DIRECTION('',(1.,-3.04390946102269E-17,-4.07179767067554E-16));
#2699=DIRECTION('',(-4.07179767067554E-16,0.,-1.));
#2700=DIRECTION('',(-4.07179767067554E-16,-5.20987305980031E-28,-1.));
#2701=DIRECTION('',(-4.44501091275796E-59,1.,-5.20987305980031E-28));
#2702=DIRECTION('',(0.,5.20987305980031E-28,1.));
#2703=DIRECTION('',(-4.07179767067554E-16,-5.20987305980031E-28,-1.));
#2704=DIRECTION('',(0.974396023973508,0.224838583131586,-3.96754346073201E-16));
#2705=DIRECTION('',(0.224838583131586,-0.974396023973508,0.));
#2706=DIRECTION('',(-4.07179767067554E-16,-5.20987305980031E-28,-1.));
#2707=DIRECTION('',(1.,-4.44501091275796E-59,-4.07179767067554E-16));
#2708=DIRECTION('',(-4.07179767067554E-16,0.,-1.));
#2709=DIRECTION('',(-4.07179767067554E-16,-5.20987305980031E-28,-1.));
#2710=DIRECTION('',(-4.44501091275796E-59,1.,-5.20987305980031E-28));
#2711=DIRECTION('',(0.,5.20987305980031E-28,1.));
#2712=DIRECTION('',(-4.07179767067554E-16,-5.20987305980031E-28,-1.));
#2713=DIRECTION('',(-1.,4.44501091275796E-59,4.07179767067554E-16));
#2714=DIRECTION('',(4.07179767067554E-16,0.,1.));
#2715=DIRECTION('',(-4.07179767067554E-16,-5.20987305980031E-28,-1.));
#2716=DIRECTION('',(-0.926770898416232,0.375627078162332,3.77362358541913E-16));
#2717=DIRECTION('',(0.375627078162332,0.926770898416232,0.));
#2718=DIRECTION('',(-4.07179767067554E-16,-5.20987305980031E-28,-1.));
#2719=DIRECTION('',(0.135534729688368,0.990772596032158,-5.51869996645897E-17));
#2720=DIRECTION('',(0.990772596032158,-0.135534729688368,0.));
#2721=DIRECTION('',(-4.07179767067554E-16,-5.20987305980031E-28,-1.));
#2722=DIRECTION('',(1.,-4.44501091275796E-59,-4.07179767067554E-16));
#2723=DIRECTION('',(-4.07179767067554E-16,0.,-1.));
#2724=DIRECTION('',(-4.07179767067554E-16,-5.20987305980031E-28,-1.));
#2725=DIRECTION('',(0.653862887221307,-0.756613061422162,-2.66239738112496E-16));
#2726=DIRECTION('',(-0.756613061422162,-0.653862887221307,0.));
#2727=DIRECTION('',(-4.07179767067554E-16,-5.20987305980031E-28,-1.));
#2728=DIRECTION('',(4.44501091275796E-59,-1.,5.20987305980031E-28));
#2729=DIRECTION('',(0.,-5.20987305980031E-28,-1.));
#2730=DIRECTION('',(-4.07179767067554E-16,-5.20987305980031E-28,-1.));
#2731=DIRECTION('',(1.,-2.16730550564804E-16,-4.07179767067554E-16));
#2732=DIRECTION('',(-4.07179767067554E-16,0.,-1.));
#2733=DIRECTION('',(-4.07179767067554E-16,-5.20987305980031E-28,-1.));
#2734=DIRECTION('',(4.44501091275796E-59,-1.,5.20987305980031E-28));
#2735=DIRECTION('',(0.,-5.20987305980031E-28,-1.));
#2736=DIRECTION('',(-4.07179767067554E-16,-5.20987305980031E-28,-1.));
#2737=DIRECTION('',(1.,-1.00306763952658E-16,-4.07179767067554E-16));
#2738=DIRECTION('',(-4.07179767067554E-16,0.,-1.));
#2739=DIRECTION('',(-4.07179767067554E-16,-5.20987305980031E-28,-1.));
#2740=DIRECTION('',(-0.0252986164697695,-0.999679938782766,1.03010847618129E-17));
#2741=DIRECTION('',(-0.999679938782766,0.0252986164697695,0.));
#2742=DIRECTION('',(-0.644135662528779,-0.764911268225675,2.62279009028771E-16));
#2743=DIRECTION('',(-0.764911268225675,0.644135662528779,0.));
#2744=DIRECTION('',(-4.07179767067554E-16,-5.20987305980031E-28,-1.));
#2745=DIRECTION('',(-1.,4.44501091275796E-59,4.07179767067554E-16));
#2746=DIRECTION('',(4.07179767067554E-16,0.,1.));
#2747=DIRECTION('',(-0.381487533449886,0.924373983743767,1.55334005008818E-16));
#2748=DIRECTION('',(0.924373983743767,0.381487533449886,0.));
#2749=DIRECTION('',(-4.07179767067554E-16,-5.20987305980031E-28,-1.));
#2750=DIRECTION('',(-4.07179767067554E-16,-5.20987305980031E-28,-1.));
#2751=DIRECTION('',(-4.44501091275796E-59,1.,-5.20987305980031E-28));
#2752=DIRECTION('',(0.,5.20987305980031E-28,1.));
#2753=DIRECTION('',(-4.07179767067554E-16,-5.20987305980031E-28,-1.));
#2754=DIRECTION('',(-1.,2.12135489894102E-43,4.07179767067554E-16));
#2755=DIRECTION('',(1.,-2.12135489894102E-43,-4.07179767067554E-16));
#2756=DIRECTION('',(-3.54930634470954E-16,-1.,5.211318265531E-28));
#2757=DIRECTION('',(1.,-2.12135489894102E-43,-4.07179767067554E-16));
#2758=DIRECTION('',(-3.54930634470954E-16,-1.,5.211318265531E-28));
#2759=DIRECTION('',(1.,-3.54930634470954E-16,-4.07179767067554E-16));
#2760=DIRECTION('',(-4.07179767067554E-16,0.,-1.));
#2761=DIRECTION('',(-4.07179767067554E-16,-5.20987305980031E-28,-1.));
#2762=DIRECTION('',(-4.07179767067554E-16,-5.20987305980031E-28,-1.));
#2763=DIRECTION('',(0.,1.,-5.20987305980031E-28));
#2764=DIRECTION('',(0.,5.20987305980031E-28,1.));
#2765=DIRECTION('',(-4.07179767067554E-16,-5.20987305980031E-28,-1.));
#2766=DIRECTION('',(0.,1.,-5.20987305980031E-28));
#2767=DIRECTION('',(0.,5.20987305980031E-28,1.));
#2768=DIRECTION('',(-4.07179767067554E-16,-5.20987305980031E-28,-1.));
#2769=DIRECTION('',(1.,-3.54930634470954E-16,-4.07179767067554E-16));
#2770=DIRECTION('',(-4.07179767067554E-16,0.,-1.));
#2771=DIRECTION('',(-0.866025403784438,-0.5,3.52628022187792E-16));
#2772=DIRECTION('',(-0.5,0.866025403784438,0.));
#2773=DIRECTION('',(4.07179767067554E-16,5.20987305980031E-28,1.));
#2774=DIRECTION('',(0.5,-0.866025403784438,-2.03589883533326E-16));
#2775=DIRECTION('',(4.07179767067554E-16,5.20987305980031E-28,1.));
#2776=DIRECTION('',(3.38549768729502E-15,-1.,5.19608799820311E-28));
#2777=DIRECTION('',(-1.,-3.38549768729502E-15,0.));
#2778=DIRECTION('',(4.07179767067554E-16,5.20987305980031E-28,1.));
#2779=DIRECTION('',(1.,3.38549768729502E-15,-4.07179767067554E-16));
#2780=DIRECTION('',(0.866025403784439,-0.5,-3.52628022187272E-16));
#2781=DIRECTION('',(-0.5,-0.866025403784439,0.));
#2782=DIRECTION('',(4.07179767067554E-16,5.20987305980031E-28,1.));
#2783=DIRECTION('',(0.5,0.866025403784439,-2.03589883534227E-16));
#2784=DIRECTION('',(0.866025403784438,0.5,-3.52628022187792E-16));
#2785=DIRECTION('',(0.5,-0.866025403784438,0.));
#2786=DIRECTION('',(4.07179767067554E-16,5.20987305980031E-28,1.));
#2787=DIRECTION('',(-0.5,0.866025403784438,2.03589883533326E-16));
#2788=DIRECTION('',(-4.44501091275796E-59,1.,-5.20987305980031E-28));
#2789=DIRECTION('',(0.,5.20987305980031E-28,1.));
#2790=DIRECTION('',(4.07179767067554E-16,5.20987305980031E-28,1.));
#2791=DIRECTION('',(-1.,2.12135489894102E-43,4.07179767067554E-16));
#2792=DIRECTION('',(-0.866025403784439,0.5,3.52628022187272E-16));
#2793=DIRECTION('',(0.5,0.866025403784439,0.));
#2794=DIRECTION('',(-0.5,-0.866025403784439,2.03589883534227E-16));
#2795=DIRECTION('',(4.07179767067554E-16,5.20987305980031E-28,1.));
#2796=DIRECTION('',(1.,-2.12135489894102E-43,-4.07179767067554E-16));
#2797=DIRECTION('',(4.07179767067554E-16,5.20987305980031E-28,1.));
#2798=DIRECTION('',(1.,0.,-4.07179767067554E-16));
#2799=DIRECTION('',(0.866025403784439,0.5,-3.52628022187793E-16));
#2800=DIRECTION('',(0.5,-0.866025403784439,0.));
#2801=DIRECTION('',(4.07179767067554E-16,5.20987305980031E-28,1.));
#2802=DIRECTION('',(-0.5,0.866025403784439,2.03589883533325E-16));
#2803=DIRECTION('',(4.07179767067554E-16,5.20987305980031E-28,1.));
#2804=DIRECTION('',(4.23187210911877E-16,1.,-5.21159619249996E-28));
#2805=DIRECTION('',(1.,-4.23187210911877E-16,0.));
#2806=DIRECTION('',(4.07179767067554E-16,5.20987305980031E-28,1.));
#2807=DIRECTION('',(-1.,4.23187210911877E-16,4.07179767067554E-16));
#2808=DIRECTION('',(-0.866025403784438,0.5,3.52628022187272E-16));
#2809=DIRECTION('',(0.5,0.866025403784438,0.));
#2810=DIRECTION('',(4.07179767067554E-16,5.20987305980031E-28,1.));
#2811=DIRECTION('',(-0.5,-0.866025403784438,2.03589883534228E-16));
#2812=DIRECTION('',(-0.866025403784439,-0.5,3.52628022187793E-16));
#2813=DIRECTION('',(-0.5,0.866025403784439,0.));
#2814=DIRECTION('',(4.07179767067554E-16,5.20987305980031E-28,1.));
#2815=DIRECTION('',(0.5,-0.866025403784439,-2.03589883533325E-16));
#2816=DIRECTION('',(-4.23187210911877E-16,-1.,5.21159619249996E-28));
#2817=DIRECTION('',(-1.,4.23187210911877E-16,0.));
#2818=DIRECTION('',(4.07179767067554E-16,5.20987305980031E-28,1.));
#2819=DIRECTION('',(1.,-4.23187210911877E-16,-4.07179767067554E-16));
#2820=DIRECTION('',(0.866025403784438,-0.5,-3.52628022187271E-16));
#2821=DIRECTION('',(-0.5,-0.866025403784438,0.));
#2822=DIRECTION('',(0.5,0.866025403784438,-2.03589883534228E-16));
#2823=DIRECTION('',(4.07179767067554E-16,5.20987305980031E-28,1.));
#2824=DIRECTION('',(1.,-2.12135489894102E-43,-4.07179767067554E-16));
#2825=DIRECTION('',(4.07179767067554E-16,5.20987305980031E-28,1.));
#2826=DIRECTION('',(1.,0.,-4.07179767067554E-16));
#2827=DIRECTION('',(0.866025403784439,0.5,-3.52628022187793E-16));
#2828=DIRECTION('',(0.5,-0.866025403784439,0.));
#2829=DIRECTION('',(4.07179767067554E-16,5.20987305980031E-28,1.));
#2830=DIRECTION('',(-0.5,0.866025403784439,2.03589883533325E-16));
#2831=DIRECTION('',(4.07179767067554E-16,5.20987305980031E-28,1.));
#2832=DIRECTION('',(-4.44501091275796E-59,1.,-5.20987305980031E-28));
#2833=DIRECTION('',(0.,5.20987305980031E-28,1.));
#2834=DIRECTION('',(4.07179767067554E-16,5.20987305980031E-28,1.));
#2835=DIRECTION('',(-1.,2.12135489894102E-43,4.07179767067554E-16));
#2836=DIRECTION('',(-0.866025403784439,0.5,3.52628022187272E-16));
#2837=DIRECTION('',(0.5,0.866025403784439,0.));
#2838=DIRECTION('',(4.07179767067554E-16,5.20987305980031E-28,1.));
#2839=DIRECTION('',(-0.5,-0.866025403784439,2.03589883534228E-16));
#2840=DIRECTION('',(-0.866025403784439,-0.5,3.52628022187793E-16));
#2841=DIRECTION('',(-0.5,0.866025403784439,0.));
#2842=DIRECTION('',(4.07179767067554E-16,5.20987305980031E-28,1.));
#2843=DIRECTION('',(0.5,-0.866025403784439,-2.03589883533325E-16));
#2844=DIRECTION('',(4.44501091275796E-59,-1.,5.20987305980031E-28));
#2845=DIRECTION('',(0.,-5.20987305980031E-28,-1.));
#2846=DIRECTION('',(4.07179767067554E-16,5.20987305980031E-28,1.));
#2847=DIRECTION('',(1.,-2.12135489894102E-43,-4.07179767067554E-16));
#2848=DIRECTION('',(0.866025403784438,-0.5,-3.52628022187271E-16));
#2849=DIRECTION('',(-0.5,-0.866025403784438,0.));
#2850=DIRECTION('',(0.5,0.866025403784438,-2.03589883534228E-16));
#2851=DIRECTION('',(4.07179767067554E-16,5.20987305980031E-28,1.));
#2852=DIRECTION('',(1.,-2.12135489894102E-43,-4.07179767067554E-16));
#2853=DIRECTION('',(4.07179767067554E-16,5.20987305980031E-28,1.));
#2854=DIRECTION('',(1.,0.,-4.07179767067554E-16));
#2855=DIRECTION('',(0.866025403784439,0.5,-3.52628022187793E-16));
#2856=DIRECTION('',(0.5,-0.866025403784439,0.));
#2857=DIRECTION('',(4.07179767067554E-16,5.20987305980031E-28,1.));
#2858=DIRECTION('',(-0.5,0.866025403784439,2.03589883533325E-16));
#2859=DIRECTION('',(4.07179767067554E-16,5.20987305980031E-28,1.));
#2860=DIRECTION('',(-4.44501091275796E-59,1.,-5.20987305980031E-28));
#2861=DIRECTION('',(0.,5.20987305980031E-28,1.));
#2862=DIRECTION('',(4.07179767067554E-16,5.20987305980031E-28,1.));
#2863=DIRECTION('',(-1.,2.12135489894102E-43,4.07179767067554E-16));
#2864=DIRECTION('',(-0.866025403784439,0.5,3.52628022187272E-16));
#2865=DIRECTION('',(0.5,0.866025403784439,0.));
#2866=DIRECTION('',(4.07179767067554E-16,5.20987305980031E-28,1.));
#2867=DIRECTION('',(-0.5,-0.866025403784439,2.03589883534228E-16));
#2868=DIRECTION('',(-0.866025403784438,-0.5,3.52628022187793E-16));
#2869=DIRECTION('',(-0.5,0.866025403784438,0.));
#2870=DIRECTION('',(4.07179767067554E-16,5.20987305980031E-28,1.));
#2871=DIRECTION('',(0.5,-0.866025403784438,-2.03589883533326E-16));
#2872=DIRECTION('',(4.44501091275796E-59,-1.,5.20987305980031E-28));
#2873=DIRECTION('',(0.,-5.20987305980031E-28,-1.));
#2874=DIRECTION('',(4.07179767067554E-16,5.20987305980031E-28,1.));
#2875=DIRECTION('',(1.,-2.12135489894102E-43,-4.07179767067554E-16));
#2876=DIRECTION('',(0.866025403784439,-0.5,-3.52628022187272E-16));
#2877=DIRECTION('',(-0.5,-0.866025403784439,0.));
#2878=DIRECTION('',(0.5,0.866025403784439,-2.03589883534228E-16));
#2879=DIRECTION('',(4.07179767067554E-16,5.20987305980031E-28,1.));
#2880=DIRECTION('',(1.,-2.12135489894102E-43,-4.07179767067554E-16));
#2881=DIRECTION('',(4.07179767067554E-16,5.20987305980031E-28,1.));
#2882=DIRECTION('',(1.,0.,-4.07179767067554E-16));
#2883=DIRECTION('',(4.07179767067554E-16,5.20987305980031E-28,1.));
#2884=DIRECTION('',(1.,0.,-4.07179767067554E-16));
#2885=DIRECTION('',(4.07179767067554E-16,5.20987305980031E-28,1.));
#2886=DIRECTION('',(1.,0.,-4.07179767067554E-16));
#2887=DIRECTION('',(4.07179767067554E-16,5.20987305980031E-28,1.));
#2888=DIRECTION('',(1.,0.,-4.07179767067554E-16));
#2889=DIRECTION('',(4.07179767067554E-16,5.20987305980031E-28,1.));
#2890=DIRECTION('',(1.,0.,-4.07179767067554E-16));
#2891=DIRECTION('',(1.,-2.41202142552758E-59,-4.07179767067554E-16));
#2892=DIRECTION('',(-4.07179767067554E-16,0.,-1.));
#2893=DIRECTION('',(1.,-2.41202142552758E-59,-4.07179767067554E-16));
#2894=DIRECTION('',(-4.07179767067554E-16,0.,-1.));
#2895=DIRECTION('',(-0.2057304061144,-0.978608706276418,8.37692588408843E-17));
#2896=DIRECTION('',(-0.978608706276418,0.2057304061144,0.));
#2897=DIRECTION('',(0.205730406114407,-0.978608706276416,-8.37692588398673E-17));
#2898=DIRECTION('',(-0.978608706276416,-0.205730406114407,0.));
#2899=CARTESIAN_POINT('',(0.,0.,0.));
#2900=CARTESIAN_POINT('',(-0.0642033378117534,-0.00772870969726179,0.291240154832601));
#2901=CARTESIAN_POINT('',(-0.0642033378117534,-0.00772870969726179,0.290440154832601));
#2902=CARTESIAN_POINT('',(-0.0665033378117534,-0.00772870969726179,0.290440154832601));
#2903=CARTESIAN_POINT('',(-0.0619033378117534,-0.00772870969726179,0.290440154832601));
#2904=CARTESIAN_POINT('',(-0.0665033378117534,-0.00772870969726179,0.291240154832601));
#2905=CARTESIAN_POINT('',(-0.0665033378117534,-0.00772870969726179,0.291240154832601));
#2906=CARTESIAN_POINT('',(-0.0642033378117534,-0.00772870969726179,0.291240154832601));
#2907=CARTESIAN_POINT('',(-0.0619033378117534,-0.00772870969726179,0.291240154832601));
#2908=CARTESIAN_POINT('',(-0.0619033378117534,-0.00772870969726179,0.291240154832601));
#2909=CARTESIAN_POINT('',(-0.0642033378117534,0.0612712903027391,0.291240154832601));
#2910=CARTESIAN_POINT('',(-0.0665033378117534,0.0612712903027391,0.291240154832601));
#2911=CARTESIAN_POINT('',(-0.0665033378117534,0.0612712903027391,0.291240154832601));
#2912=CARTESIAN_POINT('',(-0.0665033378117534,0.0612712903027391,0.290440154832601));
#2913=CARTESIAN_POINT('',(-0.0642033378117534,0.0612712903027391,0.290440154832601));
#2914=CARTESIAN_POINT('',(-0.0619033378117534,0.0612712903027391,0.290440154832601));
#2915=CARTESIAN_POINT('',(-0.0619033378117534,0.0612712903027391,0.291240154832601));
#2916=CARTESIAN_POINT('',(-0.0619033378117534,0.0612712903027391,0.291240154832601));
#2917=CARTESIAN_POINT('',(-0.0642033378117534,0.0612712903027391,0.291240154832601));
#2918=CARTESIAN_POINT('',(-0.0092493202537298,0.023938867063822,0.283240154832602));
#2919=CARTESIAN_POINT('',(-0.0861333378117533,0.0645012903027392,0.283240154832602));
#2920=CARTESIAN_POINT('',(-0.0838833378117533,0.0645012903027392,0.283240154832602));
#2921=CARTESIAN_POINT('',(-0.0862295318117533,-0.0104987096972618,0.283240154832602));
#2922=CARTESIAN_POINT('',(-0.0839795318117533,-0.0104987096972618,0.283240154832602));
#2923=CARTESIAN_POINT('',(0.00727046818824617,-0.0104987096972618,0.283240154832602));
#2924=CARTESIAN_POINT('',(0.00952046818824617,-0.0104987096972618,0.283240154832602));
#2925=CARTESIAN_POINT('',(0.00736666218824617,0.0645012903027392,0.283240154832602));
#2926=CARTESIAN_POINT('',(0.00961666218824617,0.0645012903027392,0.283240154832602));
#2927=CARTESIAN_POINT('',(-0.11984932025373,0.0470853795245616,0.283240154832602));
#2928=CARTESIAN_POINT('',(-0.12274932025373,0.0470853795245616,0.283240154832602));
#2929=CARTESIAN_POINT('',(-0.11694932025373,0.0470853795245616,0.283240154832602));
#2930=CARTESIAN_POINT('',(-0.12274932025373,0.0134043966407647,0.283240154832602));
#2931=CARTESIAN_POINT('',(-0.12274932025373,0.0681564226451065,0.283240154832602));
#2932=CARTESIAN_POINT('',(-0.0660043202537304,0.0800857789037298,0.283240154832602));
#2933=CARTESIAN_POINT('',(-0.0092593202537309,0.0920151351623532,0.283240154832602));
#2934=CARTESIAN_POINT('',(0.0474956797462697,0.080083676629299,0.283240154832602));
#2935=CARTESIAN_POINT('',(0.10425067974627,0.0681522180962449,0.283240154832601));
#2936=CARTESIAN_POINT('',(0.10425067974627,0.0134043966407635,0.283240154832601));
#2937=CARTESIAN_POINT('',(0.10425067974627,0.0470853795245588,0.283240154832601));
#2938=CARTESIAN_POINT('',(0.10135067974627,0.0470853795245588,0.283240154832601));
#2939=CARTESIAN_POINT('',(0.0984506797462703,0.0470853795245588,0.283240154832601));
#2940=CARTESIAN_POINT('',(0.0984506797462702,0.0157581278179903,0.283240154832601));
#2941=CARTESIAN_POINT('',(0.0984506797462702,-0.0155691238885782,0.283240154832601));
#2942=CARTESIAN_POINT('',(0.0446006797462702,-0.0268898716994315,0.283240154832602));
#2943=CARTESIAN_POINT('',(-0.00924932025372978,-0.0382106195102849,0.283240154832602));
#2944=CARTESIAN_POINT('',(-0.0630993202537298,-0.0268898716994319,0.283240154832602));
#2945=CARTESIAN_POINT('',(-0.11694932025373,-0.0155691238885789,0.283240154832602));
#2946=CARTESIAN_POINT('',(-0.11694932025373,0.0157581278179914,0.283240154832602));
#2947=CARTESIAN_POINT('',(-0.0703033378117534,0.0267712903027386,0.283240154832602));
#2948=CARTESIAN_POINT('',(-0.0703033378117534,-0.0115056213344458,0.283240154832602));
#2949=CARTESIAN_POINT('',(-0.0703033378117534,-0.0123287096972618,0.283240154832602));
#2950=CARTESIAN_POINT('',(-0.0642033378117534,-0.0123287096972618,0.283240154832602));
#2951=CARTESIAN_POINT('',(-0.0652080272186714,-0.0123287096972618,0.283240154832602));
#2952=CARTESIAN_POINT('',(-0.0673976354300976,-0.0119750038720667,0.283240154832602));
#2953=CARTESIAN_POINT('',(-0.0565053001046181,-0.0137345343828201,0.283240154832602));
#2954=CARTESIAN_POINT('',(-0.0288655721233226,-0.0144340051338077,0.283240154832602));
#2955=CARTESIAN_POINT('',(-0.0012258441420272,-0.0151334758847952,0.283240154832602));
#2956=CARTESIAN_POINT('',(-0.0012258441420272,-0.010809930274263,0.283240154832602));
#2957=CARTESIAN_POINT('',(-0.0012258441420272,-0.00648638466373086,0.283240154832602));
#2958=CARTESIAN_POINT('',(0.00352904520696029,-0.00648638466373086,0.283240154832602));
#2959=CARTESIAN_POINT('',(0.00828393455594778,-0.00648638466373086,0.283240154832602));
#2960=CARTESIAN_POINT('',(0.00828393455594778,0.00151767139323056,0.283240154832602));
#2961=CARTESIAN_POINT('',(0.00828393455594778,0.00952172745019197,0.283240154832602));
#2962=CARTESIAN_POINT('',(0.0378597895614803,0.00952172745019197,0.283240154832602));
#2963=CARTESIAN_POINT('',(0.0674356445670128,0.00952172745019197,0.283240154832601));
#2964=CARTESIAN_POINT('',(0.0731426104903221,0.0144536714069545,0.283240154832601));
#2965=CARTESIAN_POINT('',(0.0788495764136314,0.0193856153637171,0.283240154832601));
#2966=CARTESIAN_POINT('',(0.0788495764136314,0.0303694410249591,0.283240154832601));
#2967=CARTESIAN_POINT('',(0.0788495764136314,0.0413532666862011,0.283240154832601));
#2968=CARTESIAN_POINT('',(0.0759621001780033,0.0417482648044824,0.283240154832601));
#2969=CARTESIAN_POINT('',(0.0730746239423752,0.0421432629227639,0.283240154832601));
#2970=CARTESIAN_POINT('',(0.0720295831561089,0.039564872160554,0.283240154832601));
#2971=CARTESIAN_POINT('',(0.0709845423698425,0.036986481398344,0.283240154832601));
#2972=CARTESIAN_POINT('',(0.0709845423698425,0.0289247231557966,0.283240154832601));
#2973=CARTESIAN_POINT('',(0.0709845423698425,0.020862964913249,0.283240154832601));
#2974=CARTESIAN_POINT('',(0.0669163390994072,0.020862964913249,0.283240154832601));
#2975=CARTESIAN_POINT('',(0.0628481358289719,0.020862964913249,0.283240154832601));
#2976=CARTESIAN_POINT('',(0.0628481358289719,0.0289247231557966,0.283240154832601));
#2977=CARTESIAN_POINT('',(0.0628481358289719,0.036986481398344,0.283240154832601));
#2978=CARTESIAN_POINT('',(0.0622531808912754,0.039564872160554,0.283240154832601));
#2979=CARTESIAN_POINT('',(0.061658225953579,0.0421432629227639,0.283240154832601));
#2980=CARTESIAN_POINT('',(0.0319471966940909,0.0421432629227639,0.283240154832602));
#2981=CARTESIAN_POINT('',(0.00223616743460297,0.0421432629227639,0.283240154832602));
#2982=CARTESIAN_POINT('',(0.00223616743460297,0.0563907586038113,0.283240154832602));
#2983=CARTESIAN_POINT('',(0.00223616743460297,0.0706382542848587,0.283240154832602));
#2984=CARTESIAN_POINT('',(-0.00952578405849636,0.0706382542848587,0.283240154832602));
#2985=CARTESIAN_POINT('',(-0.0212877355515957,0.0706382542848587,0.283240154832602));
#2986=CARTESIAN_POINT('',(-0.0212877355515957,0.0617613103240728,0.283240154832602));
#2987=CARTESIAN_POINT('',(-0.0212877355515957,0.052884366363287,0.283240154832602));
#2988=CARTESIAN_POINT('',(-0.0299871414899826,0.052884366363287,0.283240154832602));
#2989=CARTESIAN_POINT('',(-0.0386865474283695,0.052884366363287,0.283240154832602));
#2990=CARTESIAN_POINT('',(-0.0392172038555146,0.0466381795704365,0.283240154832602));
#2991=CARTESIAN_POINT('',(-0.0397478602826596,0.040391992777586,0.283240154832602));
#2992=CARTESIAN_POINT('',(-0.0461994744837284,0.0397216957062483,0.283240154832602));
#2993=CARTESIAN_POINT('',(-0.0526510886847973,0.0390513986349106,0.283240154832602));
#2994=CARTESIAN_POINT('',(-0.0545781943947077,0.0195256993174553,0.283240154832602));
#2995=CARTESIAN_POINT('',(-0.0565053001046181,-1.38777878078145E-17,0.283240154832602));
#2996=CARTESIAN_POINT('',(-0.0644650831818581,1.47564525211604E-28,0.283240154832602));
#2997=CARTESIAN_POINT('',(-0.0581033378117534,0.,0.283240154832602));
#2998=CARTESIAN_POINT('',(-0.0581033378117534,0.0267712903027386,0.283240154832602));
#2999=CARTESIAN_POINT('',(-0.0581033378117534,0.0529064048209619,0.283240154832602));
#3000=CARTESIAN_POINT('',(-0.0644650831818581,0.04935722053051,0.283240154832602));
#3001=CARTESIAN_POINT('',(-0.0565053001046181,0.0537979416549206,0.283240154832602));
#3002=CARTESIAN_POINT('',(-0.0565053001046181,0.060500917956233,0.283240154832602));
#3003=CARTESIAN_POINT('',(-0.0565053001046181,0.0672038942575455,0.283240154832602));
#3004=CARTESIAN_POINT('',(-0.0616163164377213,0.0672038942575455,0.283240154832602));
#3005=CARTESIAN_POINT('',(-0.0667273327708244,0.0672038942575455,0.283240154832602));
#3006=CARTESIAN_POINT('',(-0.0772845223546028,0.0628469604998827,0.283240154832602));
#3007=CARTESIAN_POINT('',(-0.0699563358664624,0.0658712903027392,0.283240154832602));
#3008=CARTESIAN_POINT('',(-0.0642033378117534,0.0658712903027392,0.283240154832602));
#3009=CARTESIAN_POINT('',(-0.0703033378117534,0.0658712903027392,0.283240154832602));
#3010=CARTESIAN_POINT('',(-0.0703033378117534,0.0267712903027386,0.283240154832602));
#3011=CARTESIAN_POINT('',(-0.0703033378117534,0.0657280832041629,0.283240154832602));
#3012=CARTESIAN_POINT('',(-0.0772845223546028,0.0628469604998827,0.283240154832602));
#3013=CARTESIAN_POINT('',(-0.0878417119383812,0.0584900267422199,0.283240154832602));
#3014=CARTESIAN_POINT('',(-0.0878417119383812,0.0281590615632012,0.283240154832602));
#3015=CARTESIAN_POINT('',(-0.0878417119383812,-0.00217190361581743,0.283240154832602));
#3016=CARTESIAN_POINT('',(-0.0830658413469791,-0.00619368848856539,0.283240154832602));
#3017=CARTESIAN_POINT('',(-0.0782899707555771,-0.0102154733613133,0.283240154832602));
#3018=CARTESIAN_POINT('',(-0.0673976354300976,-0.0119750038720667,0.283240154832602));
#3019=CARTESIAN_POINT('',(-0.0665033378117534,0.0267712903027386,0.291240154832601));
#3020=CARTESIAN_POINT('',(-0.0665033378117534,0.0267712903027386,0.290440154832601));
#3021=CARTESIAN_POINT('',(-0.0665033378117534,0.0267712903027386,0.291240154832601));
#3022=CARTESIAN_POINT('',(-0.0619033378117534,0.0267712903027386,0.291240154832601));
#3023=CARTESIAN_POINT('',(-0.0619033378117534,0.0267712903027386,0.290440154832601));
#3024=CARTESIAN_POINT('',(-0.0619033378117534,0.0267712903027386,0.291240154832601));
#3025=CARTESIAN_POINT('',(-0.00924932025372979,0.0269022578260341,0.286740154832602));
#3026=CARTESIAN_POINT('',(-0.0772845223546028,0.0628469604998827,0.286740154832602));
#3027=CARTESIAN_POINT('',(-0.0878417119383812,0.0584900267422199,0.286740154832602));
#3028=CARTESIAN_POINT('',(-0.0703033378117534,0.0657280832041629,0.286740154832602));
#3029=CARTESIAN_POINT('',(-0.0703033378117534,0.0269022578260342,0.286740154832602));
#3030=CARTESIAN_POINT('',(-0.0703033378117534,0.0461000889713854,0.286740154832602));
#3031=CARTESIAN_POINT('',(-0.0644650831818581,0.04935722053051,0.286740154832602));
#3032=CARTESIAN_POINT('',(-0.0724248662590981,0.0449164994060993,0.286740154832602));
#3033=CARTESIAN_POINT('',(-0.0724248662590981,0.0224582497030496,0.286740154832602));
#3034=CARTESIAN_POINT('',(-0.0724248662590981,1.49387980782534E-28,0.286740154832602));
#3035=CARTESIAN_POINT('',(-0.0644650831818581,1.49387980782534E-28,0.286740154832602));
#3036=CARTESIAN_POINT('',(-0.0703033378117534,0.,0.286740154832602));
#3037=CARTESIAN_POINT('',(-0.0703033378117534,0.0269022578260342,0.286740154832602));
#3038=CARTESIAN_POINT('',(-0.0703033378117534,-0.0115056213344458,0.286740154832602));
#3039=CARTESIAN_POINT('',(-0.0673976354300976,-0.0119750038720667,0.286740154832602));
#3040=CARTESIAN_POINT('',(-0.0782899707555771,-0.0102154733613133,0.286740154832602));
#3041=CARTESIAN_POINT('',(-0.0830658413469791,-0.00619368848856539,0.286740154832602));
#3042=CARTESIAN_POINT('',(-0.0878417119383812,-0.00217190361581743,0.286740154832602));
#3043=CARTESIAN_POINT('',(-0.0878417119383812,0.0281590615632012,0.286740154832602));
#3044=CARTESIAN_POINT('',(-0.00924932025372979,0.0269022578260341,0.286740154832602));
#3045=CARTESIAN_POINT('',(-0.0314333378117536,0.0440012903027389,0.286740154832602));
#3046=CARTESIAN_POINT('',(-0.0340833378117536,0.0440012903027389,0.286740154832602));
#3047=CARTESIAN_POINT('',(-0.0312904244259267,-0.0115463808221942,0.286740154832602));
#3048=CARTESIAN_POINT('',(-0.0217504244259267,-0.0115463808221942,0.286740154832602));
#3049=CARTESIAN_POINT('',(-0.0408304244259266,-0.0115463808221942,0.286740154832602));
#3050=CARTESIAN_POINT('',(-0.0217504244259267,-0.00200597104218351,0.286740154832602));
#3051=CARTESIAN_POINT('',(-0.0217504244259267,0.00753443873782722,0.286740154832602));
#3052=CARTESIAN_POINT('',(-0.0312904244259267,0.00753443873782722,0.286740154832602));
#3053=CARTESIAN_POINT('',(-0.0408304244259266,0.00753443873782722,0.286740154832602));
#3054=CARTESIAN_POINT('',(-0.0408304244259266,-0.00200597104218351,0.286740154832602));
#3055=CARTESIAN_POINT('',(-0.0122104244259267,0.0300299397609621,0.286740154832602));
#3056=CARTESIAN_POINT('',(-0.0122104244259267,0.0155336191778062,0.286740154832602));
#3057=CARTESIAN_POINT('',(-0.0122104244259267,0.0346144387378276,0.286740154832602));
#3058=CARTESIAN_POINT('',(-0.0312904244259267,0.0346144387378276,0.286740154832602));
#3059=CARTESIAN_POINT('',(-0.0503704244259265,0.0346144387378276,0.286740154832602));
#3060=CARTESIAN_POINT('',(-0.0503704244259265,0.0250740289578168,0.286740154832602));
#3061=CARTESIAN_POINT('',(-0.0503704244259265,0.0155336191778062,0.286740154832602));
#3062=CARTESIAN_POINT('',(-0.0312904244259267,0.0155336191778062,0.286740154832602));
#3063=CARTESIAN_POINT('',(-0.0673976354300976,-0.0119750038720667,0.286740154832602));
#3064=CARTESIAN_POINT('',(-0.0565053001046181,-0.0137345343828201,0.286740154832602));
#3065=CARTESIAN_POINT('',(-0.0652080272186714,-0.0123287096972618,0.286740154832602));
#3066=CARTESIAN_POINT('',(-0.00924932025372979,-0.0123287096972618,0.286740154832602));
#3067=CARTESIAN_POINT('',(-0.0581033378117534,-0.0123287096972618,0.286740154832602));
#3068=CARTESIAN_POINT('',(-0.0581033378117534,0.0269022578260342,0.286740154832602));
#3069=CARTESIAN_POINT('',(-0.0581033378117534,1.49387980782534E-28,0.286740154832602));
#3070=CARTESIAN_POINT('',(-0.0644650831818581,1.49387980782534E-28,0.286740154832602));
#3071=CARTESIAN_POINT('',(-0.0565053001046181,-1.38777878078126E-17,0.286740154832602));
#3072=CARTESIAN_POINT('',(-0.0545781943947077,0.0195256993174553,0.286740154832602));
#3073=CARTESIAN_POINT('',(-0.0526510886847973,0.0390513986349106,0.286740154832602));
#3074=CARTESIAN_POINT('',(-0.0461994744837284,0.0397216957062483,0.286740154832602));
#3075=CARTESIAN_POINT('',(-0.0397478602826596,0.040391992777586,0.286740154832602));
#3076=CARTESIAN_POINT('',(-0.0392172038555146,0.0466381795704365,0.286740154832602));
#3077=CARTESIAN_POINT('',(-0.0386865474283695,0.052884366363287,0.286740154832602));
#3078=CARTESIAN_POINT('',(-0.0299871414899826,0.052884366363287,0.286740154832602));
#3079=CARTESIAN_POINT('',(-0.0212877355515957,0.052884366363287,0.286740154832602));
#3080=CARTESIAN_POINT('',(-0.0212877355515957,0.0617613103240728,0.286740154832602));
#3081=CARTESIAN_POINT('',(-0.0212877355515957,0.0706382542848587,0.286740154832602));
#3082=CARTESIAN_POINT('',(-0.00952578405849635,0.0706382542848587,0.286740154832602));
#3083=CARTESIAN_POINT('',(0.00223616743460298,0.0706382542848587,0.286740154832602));
#3084=CARTESIAN_POINT('',(0.00223616743460298,0.0563907586038113,0.286740154832602));
#3085=CARTESIAN_POINT('',(0.00223616743460297,0.0421432629227639,0.286740154832602));
#3086=CARTESIAN_POINT('',(0.0319471966940909,0.0421432629227639,0.286740154832602));
#3087=CARTESIAN_POINT('',(0.061658225953579,0.0421432629227639,0.286740154832601));
#3088=CARTESIAN_POINT('',(0.0622531808912754,0.039564872160554,0.286740154832601));
#3089=CARTESIAN_POINT('',(0.0628481358289719,0.036986481398344,0.286740154832601));
#3090=CARTESIAN_POINT('',(0.0628481358289719,0.0289247231557966,0.286740154832601));
#3091=CARTESIAN_POINT('',(0.0628481358289719,0.020862964913249,0.286740154832601));
#3092=CARTESIAN_POINT('',(0.0669163390994072,0.020862964913249,0.286740154832601));
#3093=CARTESIAN_POINT('',(0.0709845423698425,0.020862964913249,0.286740154832601));
#3094=CARTESIAN_POINT('',(0.0709845423698425,0.0289247231557966,0.286740154832601));
#3095=CARTESIAN_POINT('',(0.0709845423698425,0.036986481398344,0.286740154832601));
#3096=CARTESIAN_POINT('',(0.0720295831561089,0.039564872160554,0.286740154832601));
#3097=CARTESIAN_POINT('',(0.0730746239423752,0.0421432629227639,0.286740154832601));
#3098=CARTESIAN_POINT('',(0.0759621001780033,0.0417482648044824,0.286740154832601));
#3099=CARTESIAN_POINT('',(0.0788495764136314,0.0413532666862011,0.286740154832601));
#3100=CARTESIAN_POINT('',(0.0788495764136314,0.0303694410249591,0.286740154832601));
#3101=CARTESIAN_POINT('',(0.0788495764136314,0.0193856153637171,0.286740154832601));
#3102=CARTESIAN_POINT('',(0.0731426104903221,0.0144536714069545,0.286740154832601));
#3103=CARTESIAN_POINT('',(0.0674356445670128,0.00952172745019197,0.286740154832601));
#3104=CARTESIAN_POINT('',(0.0378597895614803,0.00952172745019197,0.286740154832602));
#3105=CARTESIAN_POINT('',(0.00828393455594778,0.00952172745019197,0.286740154832602));
#3106=CARTESIAN_POINT('',(0.00828393455594778,0.00151767139323056,0.286740154832602));
#3107=CARTESIAN_POINT('',(0.00828393455594778,-0.00648638466373086,0.286740154832602));
#3108=CARTESIAN_POINT('',(0.00352904520696029,-0.00648638466373086,0.286740154832602));
#3109=CARTESIAN_POINT('',(-0.0012258441420272,-0.00648638466373086,0.286740154832602));
#3110=CARTESIAN_POINT('',(-0.0012258441420272,-0.010809930274263,0.286740154832602));
#3111=CARTESIAN_POINT('',(-0.0012258441420272,-0.0151334758847952,0.286740154832602));
#3112=CARTESIAN_POINT('',(-0.0288655721233226,-0.0144340051338077,0.286740154832602));
#3113=CARTESIAN_POINT('',(-0.0644650831818581,0.04935722053051,0.286740154832602));
#3114=CARTESIAN_POINT('',(-0.0703033378117534,0.0461000889713854,0.286740154832602));
#3115=CARTESIAN_POINT('',(-0.0703033378117534,0.0461000889713854,0.283240154832602));
#3116=CARTESIAN_POINT('',(-0.0644650831818581,0.04935722053051,0.283240154832602));
#3117=CARTESIAN_POINT('',(-0.0724248662590981,0.0449164994060993,0.283240154832602));
#3118=CARTESIAN_POINT('',(-0.0724248662590981,0.0449164994060993,0.286740154832602));
#3119=CARTESIAN_POINT('',(-0.0644650831818581,1.49387980782534E-28,0.286740154832602));
#3120=CARTESIAN_POINT('',(-0.0703033378117534,1.49387980782534E-28,0.286740154832602));
#3121=CARTESIAN_POINT('',(-0.0703033378117534,0.,0.283240154832602));
#3122=CARTESIAN_POINT('',(-0.0724248662590981,1.49387980782534E-28,0.286740154832602));
#3123=CARTESIAN_POINT('',(-0.0724248662590981,1.47564525211604E-28,0.283240154832602));
#3124=CARTESIAN_POINT('',(-0.0644650831818581,1.47564525211604E-28,0.283240154832602));
#3125=CARTESIAN_POINT('',(-0.0673976354300976,-0.0119750038720667,0.286740154832602));
#3126=CARTESIAN_POINT('',(-0.0652080272186714,-0.0123287096972618,0.286740154832602));
#3127=CARTESIAN_POINT('',(-0.0565053001046181,-0.0137345343828201,0.286740154832602));
#3128=CARTESIAN_POINT('',(-0.0673976354300976,-0.0119750038720667,0.286740154832602));
#3129=CARTESIAN_POINT('',(-0.0703033378117534,-0.0115056213344458,0.286740154832602));
#3130=CARTESIAN_POINT('',(-0.0782899707555771,-0.0102154733613133,0.286740154832602));
#3131=CARTESIAN_POINT('',(-0.0772845223546028,0.0628469604998827,0.286740154832602));
#3132=CARTESIAN_POINT('',(-0.0703033378117534,0.0657280832041629,0.286740154832602));
#3133=CARTESIAN_POINT('',(-0.0878417119383812,0.0584900267422199,0.286740154832602));
#3134=CARTESIAN_POINT('',(-0.0122104244259267,0.0300299397609621,0.291240154832601));
#3135=CARTESIAN_POINT('',(-0.0122104244259267,0.0155336191778062,0.291240154832601));
#3136=CARTESIAN_POINT('',(-0.0122104244259267,0.0155336191778062,0.291240154832601));
#3137=CARTESIAN_POINT('',(-0.0122104244259267,0.0300299397609621,0.291240154832601));
#3138=CARTESIAN_POINT('',(-0.0122104244259267,0.0346144387378276,0.291240154832601));
#3139=CARTESIAN_POINT('',(-0.0122104244259267,0.0346144387378276,0.291240154832601));
#3140=CARTESIAN_POINT('',(-0.0312904244259267,0.0155336191778062,0.291240154832601));
#3141=CARTESIAN_POINT('',(-0.0503704244259265,0.0155336191778062,0.291240154832601));
#3142=CARTESIAN_POINT('',(-0.0503704244259265,0.0155336191778062,0.291240154832601));
#3143=CARTESIAN_POINT('',(-0.0312904244259267,0.0155336191778062,0.291240154832601));
#3144=CARTESIAN_POINT('',(-0.0503704244259265,0.0250740289578168,0.291240154832601));
#3145=CARTESIAN_POINT('',(-0.0503704244259265,0.0346144387378276,0.291240154832601));
#3146=CARTESIAN_POINT('',(-0.0503704244259265,0.0346144387378276,0.291240154832601));
#3147=CARTESIAN_POINT('',(-0.0503704244259265,0.0250740289578168,0.291240154832601));
#3148=CARTESIAN_POINT('',(-0.0408304244259266,-0.00200597104218351,0.291240154832601));
#3149=CARTESIAN_POINT('',(-0.0408304244259266,-0.0115463808221942,0.291240154832601));
#3150=CARTESIAN_POINT('',(-0.0408304244259266,-0.0115463808221942,0.291240154832601));
#3151=CARTESIAN_POINT('',(-0.0408304244259266,0.00753443873782722,0.291240154832601));
#3152=CARTESIAN_POINT('',(-0.0408304244259266,0.00753443873782722,0.291240154832601));
#3153=CARTESIAN_POINT('',(-0.0408304244259266,-0.00200597104218351,0.291240154832601));
#3154=CARTESIAN_POINT('',(-0.0312904244259267,0.00753443873782722,0.291240154832601));
#3155=CARTESIAN_POINT('',(-0.0217504244259267,0.00753443873782722,0.291240154832601));
#3156=CARTESIAN_POINT('',(-0.0217504244259267,0.00753443873782722,0.291240154832601));
#3157=CARTESIAN_POINT('',(-0.0312904244259267,0.00753443873782722,0.291240154832601));
#3158=CARTESIAN_POINT('',(-0.0217504244259267,-0.00200597104218351,0.291240154832601));
#3159=CARTESIAN_POINT('',(-0.0217504244259267,-0.0115463808221942,0.291240154832601));
#3160=CARTESIAN_POINT('',(-0.0217504244259267,-0.0115463808221942,0.291240154832601));
#3161=CARTESIAN_POINT('',(-0.0217504244259267,-0.00200597104218351,0.291240154832601));
#3162=CARTESIAN_POINT('',(-0.0314333378117536,0.0440012903027389,0.291240154832601));
#3163=CARTESIAN_POINT('',(-0.0314333378117536,0.0440012903027389,0.291240154832601));
#3164=CARTESIAN_POINT('',(-0.0287833378117536,0.0440012903027389,0.291240154832601));
#3165=CARTESIAN_POINT('',(-0.0312904244259267,-0.0115463808221942,0.291240154832601));
#3166=CARTESIAN_POINT('',(-0.0312904244259267,-0.0115463808221942,0.291240154832601));
#3167=CARTESIAN_POINT('',(-0.0312904244259267,0.0346144387378276,0.291240154832601));
#3168=CARTESIAN_POINT('',(-0.0312904244259267,0.0346144387378276,0.291240154832601));
#3169=CARTESIAN_POINT('',(-0.0092493202537298,0.023938867063822,0.283240154832602));
#3170=CARTESIAN_POINT('',(-0.0703033378117534,0.0267712903027386,0.283240154832602));
#3171=CARTESIAN_POINT('',(-0.0724248662590981,0.0224582497030496,0.283240154832602));
#3172=CARTESIAN_POINT('',(0.10425067974627,0.0134043966407635,0.257440154832601));
#3173=CARTESIAN_POINT('',(0.10425067974627,0.0150853795245588,0.274340154832601));
#3174=CARTESIAN_POINT('',(0.10425067974627,0.0150853795245588,0.272090154832601));
#3175=CARTESIAN_POINT('',(0.10425067974627,0.0409209512536621,0.259818486386624));
#3176=CARTESIAN_POINT('',(0.10425067974627,0.0470853795245588,0.257519668343935));
#3177=CARTESIAN_POINT('',(0.10425067974627,0.0289209512536622,0.264293486386624));
#3178=CARTESIAN_POINT('',(0.10425067974627,0.0470853795245588,0.257440154832601));
#3179=CARTESIAN_POINT('',(0.10425067974627,0.0681522180962449,0.291240154832601));
#3180=CARTESIAN_POINT('',(0.10425067974627,0.0681522180962449,0.291240154832601));
#3181=CARTESIAN_POINT('',(0.10425067974627,0.0134043966407635,0.291240154832601));
#3182=CARTESIAN_POINT('',(0.10425067974627,-0.0202765862430319,0.291240154832601));
#3183=CARTESIAN_POINT('',(0.10425067974627,-0.0202765862430319,0.257440154832601));
#3184=CARTESIAN_POINT('',(0.10425067974627,-0.0202765862430319,0.257440154832601));
#3185=CARTESIAN_POINT('',(0.10425067974627,0.0134043966407635,0.257440154832601));
#3186=CARTESIAN_POINT('',(0.10425067974627,0.00669977594300626,0.257440154832601));
#3187=CARTESIAN_POINT('',(0.10425067974627,0.0130774248029537,0.259818486386623));
#3188=CARTESIAN_POINT('',(0.10425067974627,0.0250774248029539,0.264293486386623));
#3189=CARTESIAN_POINT('',(0.10425067974627,0.0269991880283079,0.259140154832602));
#3190=CARTESIAN_POINT('',(-0.11984932025373,0.0470853795245616,0.257440154832601));
#3191=CARTESIAN_POINT('',(-0.11694932025373,0.0470853795245616,0.257440154832601));
#3192=CARTESIAN_POINT('',(-0.11694932025373,0.0470853795245616,0.257440154832601));
#3193=CARTESIAN_POINT('',(-0.11984932025373,0.0470853795245616,0.257440154832601));
#3194=CARTESIAN_POINT('',(-0.12274932025373,0.0470853795245616,0.257440154832601));
#3195=CARTESIAN_POINT('',(-0.12274932025373,0.0470853795245616,0.257440154832601));
#3196=CARTESIAN_POINT('',(-0.12274932025373,0.0134043966407647,0.257440154832601));
#3197=CARTESIAN_POINT('',(-0.12274932025373,0.0150853795245588,0.274340154832601));
#3198=CARTESIAN_POINT('',(-0.12274932025373,0.0150853795245588,0.276590154832601));
#3199=CARTESIAN_POINT('',(-0.12274932025373,-0.0202765862430322,0.257440154832601));
#3200=CARTESIAN_POINT('',(-0.12274932025373,-0.0202765862430322,0.257440154832601));
#3201=CARTESIAN_POINT('',(-0.12274932025373,-0.0202765862430322,0.291240154832601));
#3202=CARTESIAN_POINT('',(-0.12274932025373,0.0134043966407647,0.291240154832601));
#3203=CARTESIAN_POINT('',(-0.12274932025373,0.0681564226451065,0.291240154832601));
#3204=CARTESIAN_POINT('',(-0.12274932025373,0.0681564226451065,0.291240154832601));
#3205=CARTESIAN_POINT('',(-0.12274932025373,0.0134043966407647,0.257440154832601));
#3206=CARTESIAN_POINT('',(-0.0659993202537299,-0.0322069936388707,0.257440154832601));
#3207=CARTESIAN_POINT('',(-0.0660134807766419,-0.032204016708346,0.274340154832601));
#3208=CARTESIAN_POINT('',(-0.0682153503657638,-0.0317411232945886,0.274340154832601));
#3209=CARTESIAN_POINT('',(-0.00924932025372995,-0.0441374010347093,0.257440154832601));
#3210=CARTESIAN_POINT('',(-0.00924932025372995,-0.0441374010347093,0.257440154832601));
#3211=CARTESIAN_POINT('',(-0.00924932025372993,-0.0441374010347093,0.291240154832601));
#3212=CARTESIAN_POINT('',(-0.0659993202537298,-0.0322069936388707,0.291240154832601));
#3213=CARTESIAN_POINT('',(-0.0659993202537299,-0.0322069936388707,0.257440154832601));
#3214=CARTESIAN_POINT('',(0.0475006797462702,-0.0322069936388703,0.257440154832601));
#3215=CARTESIAN_POINT('',(0.0475006797462702,-0.0322069936388703,0.274340154832601));
#3216=CARTESIAN_POINT('',(0.0452988101571483,-0.0326698870526278,0.274340154832601));
#3217=CARTESIAN_POINT('',(0.0475006797462702,-0.0322069936388703,0.291240154832601));
#3218=CARTESIAN_POINT('',(0.0475006797462702,-0.0322069936388703,0.257440154832601));
#3219=CARTESIAN_POINT('',(0.10135067974627,0.0470853795245588,0.257440154832601));
#3220=CARTESIAN_POINT('',(0.10135067974627,0.0470853795245588,0.257519668343935));
#3221=CARTESIAN_POINT('',(0.0984506797462702,0.0470853795245588,0.257519668343935));
#3222=CARTESIAN_POINT('',(0.0984506797462703,0.0470853795245588,0.257440154832601));
#3223=CARTESIAN_POINT('',(0.0984506797462702,0.0157581278179903,0.257440154832601));
#3224=CARTESIAN_POINT('',(0.0984506797462701,0.0150853795245588,0.274340154832601));
#3225=CARTESIAN_POINT('',(0.0984506797462701,0.0150853795245588,0.272090154832601));
#3226=CARTESIAN_POINT('',(0.0984506797462702,0.0196088534013554,0.267766122877379));
#3227=CARTESIAN_POINT('',(0.0984506797462702,0.0289209512536622,0.264293486386624));
#3228=CARTESIAN_POINT('',(0.0984506797462702,0.0269991880283079,0.259140154832602));
#3229=CARTESIAN_POINT('',(0.0984506797462702,0.0250774248029539,0.264293486386623));
#3230=CARTESIAN_POINT('',(0.0984506797462702,0.0146522081925265,0.260405749358985));
#3231=CARTESIAN_POINT('',(0.0984506797462702,0.00669977594300632,0.257440154832601));
#3232=CARTESIAN_POINT('',(0.0984506797462702,0.0157581278179903,0.257440154832601));
#3233=CARTESIAN_POINT('',(0.0984506797462702,-0.0155691238885782,0.257440154832601));
#3234=CARTESIAN_POINT('',(0.0984506797462702,-0.0155691238885782,0.257440154832601));
#3235=CARTESIAN_POINT('',(0.0446006797462702,-0.0268898716994315,0.257440154832601));
#3236=CARTESIAN_POINT('',(0.0463074433908066,-0.0265310631424671,0.274340154832601));
#3237=CARTESIAN_POINT('',(0.0441055738016847,-0.0269939565562246,0.274340154832601));
#3238=CARTESIAN_POINT('',(0.0446006797462702,-0.0268898716994315,0.257440154832601));
#3239=CARTESIAN_POINT('',(-0.00924932025372979,-0.0382106195102849,0.257440154832601));
#3240=CARTESIAN_POINT('',(-0.00924932025372979,-0.0382106195102849,0.257440154832601));
#3241=CARTESIAN_POINT('',(-0.0630993202537298,-0.0268898716994319,0.257440154832601));
#3242=CARTESIAN_POINT('',(-0.0648202444211784,-0.0265280862119427,0.274340154832601));
#3243=CARTESIAN_POINT('',(-0.0670221140103004,-0.0260651927981853,0.274340154832601));
#3244=CARTESIAN_POINT('',(-0.0630993202537298,-0.0268898716994319,0.257440154832601));
#3245=CARTESIAN_POINT('',(-0.11694932025373,-0.0155691238885789,0.257440154832601));
#3246=CARTESIAN_POINT('',(-0.11694932025373,-0.0155691238885789,0.257440154832601));
#3247=CARTESIAN_POINT('',(-0.11694932025373,0.0157581278179914,0.257440154832601));
#3248=CARTESIAN_POINT('',(-0.11694932025373,0.0150853795245588,0.274340154832601));
#3249=CARTESIAN_POINT('',(-0.11694932025373,0.0150853795245588,0.276590154832601));
#3250=CARTESIAN_POINT('',(-0.11694932025373,0.0157581278179914,0.257440154832601));
#3251=CARTESIAN_POINT('',(-0.00924932025372973,0.00988455800259841,0.257440154832601));
#3252=CARTESIAN_POINT('',(-0.00924932025372973,0.00669977594300632,0.257440154832601));
#3253=CARTESIAN_POINT('',(0.0792506797462704,0.0409209512536621,0.259818486386624));
#3254=CARTESIAN_POINT('',(0.0792506797462704,0.0289209512536622,0.264293486386624));
#3255=CARTESIAN_POINT('',(0.0792506797462704,0.0269991880283079,0.259140154832602));
#3256=CARTESIAN_POINT('',(0.0792506797462704,0.0250774248029539,0.264293486386623));
#3257=CARTESIAN_POINT('',(0.0792506797462704,0.0130774248029537,0.259818486386623));
#3258=CARTESIAN_POINT('',(0.0474956797462697,0.080083676629299,0.291240154832601));
#3259=CARTESIAN_POINT('',(-0.0092593202537309,0.0920151351623532,0.291240154832601));
#3260=CARTESIAN_POINT('',(-0.0092593202537309,0.0920151351623532,0.291240154832601));
#3261=CARTESIAN_POINT('',(0.0474956797462697,0.080083676629299,0.291240154832601));
#3262=CARTESIAN_POINT('',(-0.0660043202537304,0.0800857789037298,0.291240154832601));
#3263=CARTESIAN_POINT('',(-0.0660043202537304,0.0800857789037298,0.291240154832601));
#3264=CARTESIAN_POINT('',(-0.00924932025372979,0.023938867063822,0.291240154832601));
#3265=CARTESIAN_POINT('',(-0.0830589476283186,0.0662762903027392,0.291240154832601));
#3266=CARTESIAN_POINT('',(-0.082034150900507,0.0645012903027392,0.291240154832601));
#3267=CARTESIAN_POINT('',(-0.0840837443561301,0.0680512903027392,0.291240154832601));
#3268=CARTESIAN_POINT('',(-0.0830589476283185,0.0627262903027392,0.291240154832601));
#3269=CARTESIAN_POINT('',(-0.0840837443561301,0.0609512903027392,0.291240154832601));
#3270=CARTESIAN_POINT('',(-0.0861333378117533,0.0609512903027392,0.291240154832601));
#3271=CARTESIAN_POINT('',(-0.0881829312673765,0.0609512903027392,0.291240154832601));
#3272=CARTESIAN_POINT('',(-0.089207727995188,0.0627262903027392,0.291240154832601));
#3273=CARTESIAN_POINT('',(-0.0902325247229996,0.0645012903027392,0.291240154832601));
#3274=CARTESIAN_POINT('',(-0.089207727995188,0.0662762903027392,0.291240154832601));
#3275=CARTESIAN_POINT('',(-0.0881829312673765,0.0680512903027392,0.291240154832601));
#3276=CARTESIAN_POINT('',(-0.0861333378117533,0.0680512903027392,0.291240154832601));
#3277=CARTESIAN_POINT('',(-0.0831551416283186,-0.00872370969726183,0.291240154832601));
#3278=CARTESIAN_POINT('',(-0.082130344900507,-0.0104987096972618,0.291240154832601));
#3279=CARTESIAN_POINT('',(-0.0841799383561302,-0.00694870969726183,0.291240154832601));
#3280=CARTESIAN_POINT('',(-0.0831551416283186,-0.0122737096972618,0.291240154832601));
#3281=CARTESIAN_POINT('',(-0.0841799383561301,-0.0140487096972618,0.291240154832601));
#3282=CARTESIAN_POINT('',(-0.0862295318117533,-0.0140487096972618,0.291240154832601));
#3283=CARTESIAN_POINT('',(-0.0882791252673765,-0.0140487096972618,0.291240154832601));
#3284=CARTESIAN_POINT('',(-0.0893039219951881,-0.0122737096972618,0.291240154832601));
#3285=CARTESIAN_POINT('',(-0.0903287187229996,-0.0104987096972618,0.291240154832601));
#3286=CARTESIAN_POINT('',(-0.0893039219951881,-0.00872370969726184,0.291240154832601));
#3287=CARTESIAN_POINT('',(-0.0882791252673765,-0.00694870969726184,0.291240154832601));
#3288=CARTESIAN_POINT('',(-0.0862295318117533,-0.00694870969726184,0.291240154832601));
#3289=CARTESIAN_POINT('',(0.0103448583716809,-0.00872370969726184,0.291240154832601));
#3290=CARTESIAN_POINT('',(0.0113696550994925,-0.0104987096972618,0.291240154832601));
#3291=CARTESIAN_POINT('',(0.00932006164386935,-0.00694870969726183,0.291240154832601));
#3292=CARTESIAN_POINT('',(0.0103448583716809,-0.0122737096972618,0.291240154832601));
#3293=CARTESIAN_POINT('',(0.00932006164386935,-0.0140487096972618,0.291240154832601));
#3294=CARTESIAN_POINT('',(0.00727046818824617,-0.0140487096972618,0.291240154832601));
#3295=CARTESIAN_POINT('',(0.00522087473262301,-0.0140487096972618,0.291240154832601));
#3296=CARTESIAN_POINT('',(0.00419607800481141,-0.0122737096972618,0.291240154832601));
#3297=CARTESIAN_POINT('',(0.00317128127699983,-0.0104987096972618,0.291240154832601));
#3298=CARTESIAN_POINT('',(0.00419607800481141,-0.00872370969726183,0.291240154832601));
#3299=CARTESIAN_POINT('',(0.005220874732623,-0.00694870969726183,0.291240154832601));
#3300=CARTESIAN_POINT('',(0.00727046818824617,-0.00694870969726184,0.291240154832601));
#3301=CARTESIAN_POINT('',(0.00429227200481142,0.0627262903027392,0.291240154832601));
#3302=CARTESIAN_POINT('',(0.00326747527699984,0.0645012903027392,0.291240154832601));
#3303=CARTESIAN_POINT('',(0.00531706873262301,0.0609512903027392,0.291240154832601));
#3304=CARTESIAN_POINT('',(0.00429227200481141,0.0662762903027392,0.291240154832601));
#3305=CARTESIAN_POINT('',(0.005317068732623,0.0680512903027392,0.291240154832601));
#3306=CARTESIAN_POINT('',(0.00736666218824617,0.0680512903027392,0.291240154832601));
#3307=CARTESIAN_POINT('',(0.00941625564386933,0.0680512903027392,0.291240154832601));
#3308=CARTESIAN_POINT('',(0.0104410523716809,0.0662762903027392,0.291240154832601));
#3309=CARTESIAN_POINT('',(0.0114658490994925,0.0645012903027392,0.291240154832601));
#3310=CARTESIAN_POINT('',(0.0104410523716809,0.0627262903027392,0.291240154832601));
#3311=CARTESIAN_POINT('',(0.00941625564386933,0.0609512903027392,0.291240154832601));
#3312=CARTESIAN_POINT('',(0.00736666218824617,0.0609512903027392,0.291240154832601));
#3313=CARTESIAN_POINT('',(-0.00924932025372979,0.0269022578260341,0.286740154832602));
#3314=CARTESIAN_POINT('',(-0.00924932025372979,0.0658712903027392,0.286740154832602));
#3315=CARTESIAN_POINT('',(-0.0699563358664624,0.0658712903027392,0.286740154832602));
#3316=CARTESIAN_POINT('',(-0.0581033378117534,0.0658712903027392,0.286740154832602));
#3317=CARTESIAN_POINT('',(-0.0772845223546028,0.0628469604998827,0.286740154832602));
#3318=CARTESIAN_POINT('',(-0.0667273327708244,0.0672038942575455,0.286740154832602));
#3319=CARTESIAN_POINT('',(-0.0616163164377213,0.0672038942575455,0.286740154832602));
#3320=CARTESIAN_POINT('',(-0.0565053001046181,0.0672038942575455,0.286740154832602));
#3321=CARTESIAN_POINT('',(-0.0565053001046181,0.060500917956233,0.286740154832602));
#3322=CARTESIAN_POINT('',(-0.0565053001046181,0.0537979416549206,0.286740154832602));
#3323=CARTESIAN_POINT('',(-0.0644650831818581,0.04935722053051,0.286740154832602));
#3324=CARTESIAN_POINT('',(-0.0581033378117534,0.0529064048209619,0.286740154832602));
#3325=CARTESIAN_POINT('',(-0.0581033378117534,0.0269022578260342,0.286740154832602));
#3326=CARTESIAN_POINT('',(-0.0565053001046181,0.060500917956233,0.286740154832602));
#3327=CARTESIAN_POINT('',(-0.0565053001046181,0.0537979416549206,0.286740154832602));
#3328=CARTESIAN_POINT('',(-0.0565053001046181,0.0672038942575455,0.286740154832602));
#3329=CARTESIAN_POINT('',(-0.0644650831818581,0.04935722053051,0.286740154832602));
#3330=CARTESIAN_POINT('',(-0.0581033378117534,0.0529064048209619,0.286740154832602));
#3331=CARTESIAN_POINT('',(-0.0724248662590981,0.0224582497030496,0.286740154832602));
#3332=CARTESIAN_POINT('',(-0.0644650831818581,1.49387980782534E-28,0.286740154832602));
#3333=CARTESIAN_POINT('',(-0.0581033378117534,1.49387980782534E-28,0.286740154832602));
#3334=CARTESIAN_POINT('',(-0.0565053001046181,-1.38777878078126E-17,0.286740154832602));
#3335=CARTESIAN_POINT('',(-0.0545781943947077,0.0195256993174553,0.286740154832602));
#3336=CARTESIAN_POINT('',(-0.0526510886847973,0.0390513986349106,0.286740154832602));
#3337=CARTESIAN_POINT('',(-0.0461994744837284,0.0397216957062483,0.286740154832602));
#3338=CARTESIAN_POINT('',(-0.0397478602826596,0.040391992777586,0.286740154832602));
#3339=CARTESIAN_POINT('',(-0.0392172038555146,0.0466381795704365,0.286740154832602));
#3340=CARTESIAN_POINT('',(-0.0386865474283695,0.052884366363287,0.286740154832602));
#3341=CARTESIAN_POINT('',(-0.0299871414899826,0.052884366363287,0.286740154832602));
#3342=CARTESIAN_POINT('',(-0.0212877355515957,0.052884366363287,0.286740154832602));
#3343=CARTESIAN_POINT('',(-0.0212877355515957,0.0617613103240728,0.286740154832602));
#3344=CARTESIAN_POINT('',(-0.0212877355515957,0.0706382542848587,0.286740154832602));
#3345=CARTESIAN_POINT('',(-0.00952578405849635,0.0706382542848587,0.286740154832602));
#3346=CARTESIAN_POINT('',(0.00223616743460298,0.0706382542848587,0.286740154832602));
#3347=CARTESIAN_POINT('',(0.00223616743460298,0.0563907586038113,0.286740154832602));
#3348=CARTESIAN_POINT('',(0.00223616743460297,0.0421432629227639,0.286740154832602));
#3349=CARTESIAN_POINT('',(0.0319471966940909,0.0421432629227639,0.286740154832602));
#3350=CARTESIAN_POINT('',(0.061658225953579,0.0421432629227639,0.286740154832601));
#3351=CARTESIAN_POINT('',(0.0622531808912754,0.039564872160554,0.286740154832601));
#3352=CARTESIAN_POINT('',(0.0628481358289719,0.036986481398344,0.286740154832601));
#3353=CARTESIAN_POINT('',(0.0628481358289719,0.0289247231557966,0.286740154832601));
#3354=CARTESIAN_POINT('',(0.0628481358289719,0.020862964913249,0.286740154832601));
#3355=CARTESIAN_POINT('',(0.0669163390994072,0.020862964913249,0.286740154832601));
#3356=CARTESIAN_POINT('',(0.0709845423698425,0.020862964913249,0.286740154832601));
#3357=CARTESIAN_POINT('',(0.0709845423698425,0.0289247231557966,0.286740154832601));
#3358=CARTESIAN_POINT('',(0.0709845423698425,0.036986481398344,0.286740154832601));
#3359=CARTESIAN_POINT('',(0.0720295831561089,0.039564872160554,0.286740154832601));
#3360=CARTESIAN_POINT('',(0.0730746239423752,0.0421432629227639,0.286740154832601));
#3361=CARTESIAN_POINT('',(0.0759621001780033,0.0417482648044824,0.286740154832601));
#3362=CARTESIAN_POINT('',(0.0788495764136314,0.0413532666862011,0.286740154832601));
#3363=CARTESIAN_POINT('',(0.0788495764136314,0.0303694410249591,0.286740154832601));
#3364=CARTESIAN_POINT('',(0.0788495764136314,0.0193856153637171,0.286740154832601));
#3365=CARTESIAN_POINT('',(0.0731426104903221,0.0144536714069545,0.286740154832601));
#3366=CARTESIAN_POINT('',(0.0674356445670128,0.00952172745019197,0.286740154832601));
#3367=CARTESIAN_POINT('',(0.0378597895614803,0.00952172745019197,0.286740154832602));
#3368=CARTESIAN_POINT('',(0.00828393455594778,0.00952172745019197,0.286740154832602));
#3369=CARTESIAN_POINT('',(0.00828393455594778,0.00151767139323056,0.286740154832602));
#3370=CARTESIAN_POINT('',(0.00828393455594778,-0.00648638466373086,0.286740154832602));
#3371=CARTESIAN_POINT('',(0.00352904520696029,-0.00648638466373086,0.286740154832602));
#3372=CARTESIAN_POINT('',(-0.0012258441420272,-0.00648638466373086,0.286740154832602));
#3373=CARTESIAN_POINT('',(-0.0012258441420272,-0.010809930274263,0.286740154832602));
#3374=CARTESIAN_POINT('',(-0.0012258441420272,-0.0151334758847952,0.286740154832602));
#3375=CARTESIAN_POINT('',(-0.0288655721233226,-0.0144340051338077,0.286740154832602));
#3376=CARTESIAN_POINT('',(-0.0830658413469791,-0.00619368848856539,0.286740154832602));
#3377=CARTESIAN_POINT('',(-0.0878417119383812,-0.00217190361581743,0.286740154832602));
#3378=CARTESIAN_POINT('',(-0.0878417119383812,0.0281590615632012,0.286740154832602));
#3379=CARTESIAN_POINT('',(-0.0772845223546028,0.0628469604998827,0.286740154832602));
#3380=CARTESIAN_POINT('',(-0.0699563358664624,0.0658712903027392,0.286740154832602));
#3381=CARTESIAN_POINT('',(-0.0667273327708244,0.0672038942575455,0.286740154832602));
#3382=CARTESIAN_POINT('',(-0.0616163164377213,0.0672038942575455,0.286740154832602));
#3383=CARTESIAN_POINT('',(-0.00924932025372979,0.0269022578260341,0.290440154832601));
#3384=CARTESIAN_POINT('',(-0.0642033378117534,-0.0123287096972618,0.290440154832601));
#3385=CARTESIAN_POINT('',(-0.0703033378117534,-0.0123287096972618,0.290440154832601));
#3386=CARTESIAN_POINT('',(-0.0581033378117534,-0.0123287096972618,0.290440154832601));
#3387=CARTESIAN_POINT('',(-0.0703033378117534,0.0267712903027386,0.290440154832601));
#3388=CARTESIAN_POINT('',(-0.0703033378117534,0.0658712903027392,0.290440154832601));
#3389=CARTESIAN_POINT('',(-0.0642033378117534,0.0658712903027392,0.290440154832601));
#3390=CARTESIAN_POINT('',(-0.0581033378117534,0.0658712903027392,0.290440154832601));
#3391=CARTESIAN_POINT('',(-0.0581033378117534,0.0267712903027386,0.290440154832601));
#3392=CARTESIAN_POINT('',(-0.0703033378117534,0.0267712903027386,0.290440154832601));
#3393=CARTESIAN_POINT('',(-0.0703033378117534,0.0658712903027392,0.290440154832601));
#3394=CARTESIAN_POINT('',(-0.0703033378117534,-0.0123287096972618,0.290440154832601));
#3395=CARTESIAN_POINT('',(-0.0642033378117534,-0.0123287096972618,0.290440154832601));
#3396=CARTESIAN_POINT('',(-0.0581033378117534,-0.0123287096972618,0.290440154832601));
#3397=CARTESIAN_POINT('',(-0.0642033378117534,0.0658712903027392,0.290440154832601));
#3398=CARTESIAN_POINT('',(-0.0581033378117534,0.0658712903027392,0.290440154832601));
#3399=CARTESIAN_POINT('',(-0.0581033378117534,0.0267712903027386,0.290440154832601));
#3400=CARTESIAN_POINT('',(0.00429227200481142,0.0627262903027392,0.287740154832602));
#3401=CARTESIAN_POINT('',(0.00531706873262301,0.0609512903027392,0.287740154832602));
#3402=CARTESIAN_POINT('',(0.00531706873262301,0.0609512903027392,0.287740154832602));
#3403=CARTESIAN_POINT('',(0.00429227200481142,0.0627262903027392,0.287740154832602));
#3404=CARTESIAN_POINT('',(0.00326747527699984,0.0645012903027392,0.287740154832602));
#3405=CARTESIAN_POINT('',(0.00326747527699984,0.0645012903027392,0.287740154832602));
#3406=CARTESIAN_POINT('',(0.00736666218824616,0.0609512903027392,0.287740154832602));
#3407=CARTESIAN_POINT('',(0.00941625564386932,0.0609512903027392,0.287740154832602));
#3408=CARTESIAN_POINT('',(0.00941625564386932,0.0609512903027392,0.287740154832602));
#3409=CARTESIAN_POINT('',(0.00736666218824616,0.0609512903027392,0.287740154832602));
#3410=CARTESIAN_POINT('',(0.0104410523716809,0.0627262903027392,0.287740154832602));
#3411=CARTESIAN_POINT('',(0.0114658490994925,0.0645012903027392,0.287740154832602));
#3412=CARTESIAN_POINT('',(0.0114658490994925,0.0645012903027392,0.287740154832602));
#3413=CARTESIAN_POINT('',(0.0104410523716809,0.0627262903027392,0.287740154832602));
#3414=CARTESIAN_POINT('',(0.0104410523716809,0.0662762903027392,0.287740154832602));
#3415=CARTESIAN_POINT('',(0.00941625564386933,0.0680512903027392,0.287740154832602));
#3416=CARTESIAN_POINT('',(0.00941625564386933,0.0680512903027392,0.287740154832602));
#3417=CARTESIAN_POINT('',(0.0104410523716809,0.0662762903027392,0.287740154832602));
#3418=CARTESIAN_POINT('',(0.00736666218824617,0.0680512903027392,0.287740154832602));
#3419=CARTESIAN_POINT('',(0.00531706873262299,0.0680512903027392,0.287740154832602));
#3420=CARTESIAN_POINT('',(0.00531706873262299,0.0680512903027392,0.287740154832602));
#3421=CARTESIAN_POINT('',(0.00736666218824617,0.0680512903027392,0.287740154832602));
#3422=CARTESIAN_POINT('',(0.00429227200481141,0.0662762903027392,0.287740154832602));
#3423=CARTESIAN_POINT('',(0.00429227200481141,0.0662762903027392,0.287740154832602));
#3424=CARTESIAN_POINT('',(-0.00924932025372982,0.023938867063822,0.287740154832602));
#3425=CARTESIAN_POINT('',(0.00736666218824617,0.0645012903027392,0.287740154832602));
#3426=CARTESIAN_POINT('',(0.00961666218824617,0.0645012903027392,0.287740154832602));
#3427=CARTESIAN_POINT('',(0.0103448583716809,-0.00872370969726184,0.287740154832602));
#3428=CARTESIAN_POINT('',(0.00932006164386934,-0.00694870969726183,0.287740154832602));
#3429=CARTESIAN_POINT('',(0.00932006164386934,-0.00694870969726183,0.287740154832602));
#3430=CARTESIAN_POINT('',(0.0103448583716809,-0.00872370969726184,0.287740154832602));
#3431=CARTESIAN_POINT('',(0.0113696550994925,-0.0104987096972618,0.287740154832602));
#3432=CARTESIAN_POINT('',(0.0113696550994925,-0.0104987096972618,0.287740154832602));
#3433=CARTESIAN_POINT('',(0.00727046818824617,-0.00694870969726184,0.287740154832602));
#3434=CARTESIAN_POINT('',(0.005220874732623,-0.00694870969726183,0.287740154832602));
#3435=CARTESIAN_POINT('',(0.005220874732623,-0.00694870969726183,0.287740154832602));
#3436=CARTESIAN_POINT('',(0.00727046818824617,-0.00694870969726184,0.287740154832602));
#3437=CARTESIAN_POINT('',(0.00419607800481141,-0.00872370969726183,0.287740154832602));
#3438=CARTESIAN_POINT('',(0.00317128127699983,-0.0104987096972618,0.287740154832602));
#3439=CARTESIAN_POINT('',(0.00317128127699983,-0.0104987096972618,0.287740154832602));
#3440=CARTESIAN_POINT('',(0.00419607800481141,-0.00872370969726183,0.287740154832602));
#3441=CARTESIAN_POINT('',(0.00419607800481141,-0.0122737096972618,0.287740154832602));
#3442=CARTESIAN_POINT('',(0.005220874732623,-0.0140487096972618,0.287740154832602));
#3443=CARTESIAN_POINT('',(0.005220874732623,-0.0140487096972618,0.287740154832602));
#3444=CARTESIAN_POINT('',(0.00419607800481141,-0.0122737096972618,0.287740154832602));
#3445=CARTESIAN_POINT('',(0.00727046818824617,-0.0140487096972618,0.287740154832602));
#3446=CARTESIAN_POINT('',(0.00932006164386934,-0.0140487096972618,0.287740154832602));
#3447=CARTESIAN_POINT('',(0.00932006164386934,-0.0140487096972618,0.287740154832602));
#3448=CARTESIAN_POINT('',(0.00727046818824617,-0.0140487096972618,0.287740154832602));
#3449=CARTESIAN_POINT('',(0.0103448583716809,-0.0122737096972618,0.287740154832602));
#3450=CARTESIAN_POINT('',(0.0103448583716809,-0.0122737096972618,0.287740154832602));
#3451=CARTESIAN_POINT('',(-0.00924932025372982,0.023938867063822,0.287740154832602));
#3452=CARTESIAN_POINT('',(0.00727046818824617,-0.0104987096972618,0.287740154832602));
#3453=CARTESIAN_POINT('',(0.00952046818824617,-0.0104987096972618,0.287740154832602));
#3454=CARTESIAN_POINT('',(-0.0831551416283186,-0.00872370969726183,0.287740154832602));
#3455=CARTESIAN_POINT('',(-0.0841799383561302,-0.00694870969726183,0.287740154832602));
#3456=CARTESIAN_POINT('',(-0.0841799383561302,-0.00694870969726183,0.287740154832602));
#3457=CARTESIAN_POINT('',(-0.0831551416283186,-0.00872370969726183,0.287740154832602));
#3458=CARTESIAN_POINT('',(-0.082130344900507,-0.0104987096972618,0.287740154832602));
#3459=CARTESIAN_POINT('',(-0.082130344900507,-0.0104987096972618,0.287740154832602));
#3460=CARTESIAN_POINT('',(-0.0862295318117533,-0.00694870969726184,0.287740154832602));
#3461=CARTESIAN_POINT('',(-0.0882791252673765,-0.00694870969726184,0.287740154832602));
#3462=CARTESIAN_POINT('',(-0.0882791252673765,-0.00694870969726184,0.287740154832602));
#3463=CARTESIAN_POINT('',(-0.0862295318117533,-0.00694870969726184,0.287740154832602));
#3464=CARTESIAN_POINT('',(-0.0893039219951881,-0.00872370969726184,0.287740154832602));
#3465=CARTESIAN_POINT('',(-0.0903287187229996,-0.0104987096972618,0.287740154832602));
#3466=CARTESIAN_POINT('',(-0.0903287187229996,-0.0104987096972618,0.287740154832602));
#3467=CARTESIAN_POINT('',(-0.0893039219951881,-0.00872370969726184,0.287740154832602));
#3468=CARTESIAN_POINT('',(-0.0893039219951881,-0.0122737096972618,0.287740154832602));
#3469=CARTESIAN_POINT('',(-0.0882791252673765,-0.0140487096972618,0.287740154832602));
#3470=CARTESIAN_POINT('',(-0.0882791252673765,-0.0140487096972618,0.287740154832602));
#3471=CARTESIAN_POINT('',(-0.0893039219951881,-0.0122737096972618,0.287740154832602));
#3472=CARTESIAN_POINT('',(-0.0862295318117533,-0.0140487096972618,0.287740154832602));
#3473=CARTESIAN_POINT('',(-0.0841799383561301,-0.0140487096972618,0.287740154832602));
#3474=CARTESIAN_POINT('',(-0.0841799383561301,-0.0140487096972618,0.287740154832602));
#3475=CARTESIAN_POINT('',(-0.0862295318117533,-0.0140487096972618,0.287740154832602));
#3476=CARTESIAN_POINT('',(-0.0831551416283186,-0.0122737096972618,0.287740154832602));
#3477=CARTESIAN_POINT('',(-0.0831551416283186,-0.0122737096972618,0.287740154832602));
#3478=CARTESIAN_POINT('',(-0.00924932025372982,0.023938867063822,0.287740154832602));
#3479=CARTESIAN_POINT('',(-0.0862295318117533,-0.0104987096972618,0.287740154832602));
#3480=CARTESIAN_POINT('',(-0.0839795318117533,-0.0104987096972618,0.287740154832602));
#3481=CARTESIAN_POINT('',(-0.0830589476283186,0.0662762903027392,0.287740154832602));
#3482=CARTESIAN_POINT('',(-0.0840837443561301,0.0680512903027392,0.287740154832602));
#3483=CARTESIAN_POINT('',(-0.0840837443561301,0.0680512903027392,0.287740154832602));
#3484=CARTESIAN_POINT('',(-0.0830589476283186,0.0662762903027392,0.287740154832602));
#3485=CARTESIAN_POINT('',(-0.082034150900507,0.0645012903027392,0.287740154832602));
#3486=CARTESIAN_POINT('',(-0.082034150900507,0.0645012903027392,0.287740154832602));
#3487=CARTESIAN_POINT('',(-0.0861333378117533,0.0680512903027392,0.287740154832602));
#3488=CARTESIAN_POINT('',(-0.0881829312673765,0.0680512903027392,0.287740154832602));
#3489=CARTESIAN_POINT('',(-0.0881829312673765,0.0680512903027392,0.287740154832602));
#3490=CARTESIAN_POINT('',(-0.0861333378117533,0.0680512903027392,0.287740154832602));
#3491=CARTESIAN_POINT('',(-0.089207727995188,0.0662762903027392,0.287740154832602));
#3492=CARTESIAN_POINT('',(-0.0902325247229996,0.0645012903027392,0.287740154832602));
#3493=CARTESIAN_POINT('',(-0.0902325247229996,0.0645012903027392,0.287740154832602));
#3494=CARTESIAN_POINT('',(-0.089207727995188,0.0662762903027392,0.287740154832602));
#3495=CARTESIAN_POINT('',(-0.089207727995188,0.0627262903027392,0.287740154832602));
#3496=CARTESIAN_POINT('',(-0.0881829312673765,0.0609512903027392,0.287740154832602));
#3497=CARTESIAN_POINT('',(-0.0881829312673765,0.0609512903027392,0.287740154832602));
#3498=CARTESIAN_POINT('',(-0.089207727995188,0.0627262903027392,0.287740154832602));
#3499=CARTESIAN_POINT('',(-0.0861333378117533,0.0609512903027392,0.287740154832602));
#3500=CARTESIAN_POINT('',(-0.0840837443561301,0.0609512903027392,0.287740154832602));
#3501=CARTESIAN_POINT('',(-0.0840837443561301,0.0609512903027392,0.287740154832602));
#3502=CARTESIAN_POINT('',(-0.0861333378117533,0.0609512903027392,0.287740154832602));
#3503=CARTESIAN_POINT('',(-0.0830589476283185,0.0627262903027392,0.287740154832602));
#3504=CARTESIAN_POINT('',(-0.0830589476283185,0.0627262903027392,0.287740154832602));
#3505=CARTESIAN_POINT('',(-0.00924932025372982,0.023938867063822,0.287740154832602));
#3506=CARTESIAN_POINT('',(-0.0861333378117533,0.0645012903027392,0.287740154832602));
#3507=CARTESIAN_POINT('',(-0.0838833378117533,0.0645012903027392,0.287740154832602));
#3508=CARTESIAN_POINT('',(-0.0861333378117533,0.0645012903027392,0.266240154832601));
#3509=CARTESIAN_POINT('',(-0.0862295318117533,-0.0104987096972618,0.266240154832601));
#3510=CARTESIAN_POINT('',(0.00727046818824616,-0.0104987096972618,0.266240154832601));
#3511=CARTESIAN_POINT('',(0.00736666218824616,0.0645012903027392,0.266240154832601));
#3512=CARTESIAN_POINT('',(-0.162609377613462,0.0150853795245588,0.274340154832601));
#3513=CARTESIAN_POINT('',(-0.162609377613462,0.0150853795245588,0.274340154832601));
#3514=CARTESIAN_POINT('',(-0.0641413340810009,-0.0232986774812306,0.274340154832601));
#3515=CARTESIAN_POINT('',(0.0456491060912405,-0.0233995152823826,0.274340154832601));
#3516=MECHANICAL_DESIGN_GEOMETRIC_PRESENTATION_REPRESENTATION('',(#2215),
#3517);
#3517=(
GEOMETRIC_REPRESENTATION_CONTEXT(3)
GLOBAL_UNCERTAINTY_ASSIGNED_CONTEXT((#3518))
GLOBAL_UNIT_ASSIGNED_CONTEXT((#3521,#3520,#3519))
REPRESENTATION_CONTEXT('Part 1','TOP_LEVEL_ASSEMBLY_PART')
);
#3518=UNCERTAINTY_MEASURE_WITH_UNIT(LENGTH_MEASURE(1.E-8),#3521,
'DISTANCE_ACCURACY_VALUE','Maximum Tolerance applied to model');
#3519=(
NAMED_UNIT(*)
SI_UNIT($,.STERADIAN.)
SOLID_ANGLE_UNIT()
);
#3520=(
NAMED_UNIT(*)
PLANE_ANGLE_UNIT()
SI_UNIT($,.RADIAN.)
);
#3521=(
LENGTH_UNIT()
NAMED_UNIT(*)
SI_UNIT($,.METRE.)
);
#3522=PRODUCT_DEFINITION_SHAPE('','',#3523);
#3523=PRODUCT_DEFINITION('','',#3525,#3524);
#3524=PRODUCT_DEFINITION_CONTEXT('',#3531,'design');
#3525=PRODUCT_DEFINITION_FORMATION_WITH_SPECIFIED_SOURCE('','',#3527,
 .NOT_KNOWN.);
#3526=PRODUCT_RELATED_PRODUCT_CATEGORY('','',(#3527));
#3527=PRODUCT('Part 1','Part 1','Part 1',(#3529));
#3528=PRODUCT_CATEGORY('','');
#3529=PRODUCT_CONTEXT('',#3531,'mechanical');
#3530=APPLICATION_PROTOCOL_DEFINITION('international standard',
'ap242_managed_model_based_3d_engineering',2011,#3531);
#3531=APPLICATION_CONTEXT('managed model based 3d engineering');
ENDSEC;
END-ISO-10303-21;
