ISO-10303-21;
HEADER;
/* Generated by software containing ST-Developer
 * from STEP Tools, Inc. (www.steptools.com) 
 */
/* OPTION: using custom renumber hook */

FILE_DESCRIPTION(
/* description */ ('STEP AP242',
'CAx-IF Rec.Pracs.---Representation and Presentation of Product Manufa
cturing Information (PMI)---4.0---2014-10-13',
'CAx-IF Rec.Pracs.---3D Tessellated Geometry---0.4---2014-09-14','2;1'),

/* implementation_level */ '2;1');

FILE_NAME(
/* name */ '6883f5b34addd603f7249ba0',
/* time_stamp */ '2025-07-25T21:23:00Z',
/* author */ (''),
/* organization */ (''),
/* preprocessor_version */ 'ST-DEVELOPER v20',
/* originating_system */ 'ONSHAPE BY PTC INC, 1.201',
/* authorisation */ '  ');

FILE_SCHEMA (('AP242_MANAGED_MODEL_BASED_3D_ENGINEERING_MIM_LF { 1 0 10303 442 1 1 4 }'));
ENDSEC;

DATA;
#10=SHAPE_REPRESENTATION_RELATIONSHIP('','',#5935,#11);
#11=ADVANCED_BREP_SHAPE_REPRESENTATION('',(#5933),#9485);
#12=DEGENERATE_TOROIDAL_SURFACE('',#6262,0.00146604131503803,0.029,.T.);
#13=DEGENERATE_TOROIDAL_SURFACE('',#6265,0.0014660413150381,0.029,.T.);
#14=B_SPLINE_CURVE_WITH_KNOTS('',3,(#9151,#9152,#9153,#9154),
 .UNSPECIFIED.,.F.,.F.,(4,4),(0.,1.),.UNSPECIFIED.);
#15=B_SPLINE_CURVE_WITH_KNOTS('',3,(#9158,#9159,#9160,#9161),
 .UNSPECIFIED.,.F.,.F.,(4,4),(0.,1.),.UNSPECIFIED.);
#16=LINE('',#7840,#726);
#17=LINE('',#7843,#727);
#18=LINE('',#7845,#728);
#19=LINE('',#7847,#729);
#20=LINE('',#7849,#730);
#21=LINE('',#7851,#731);
#22=LINE('',#7853,#732);
#23=LINE('',#7855,#733);
#24=LINE('',#7857,#734);
#25=LINE('',#7859,#735);
#26=LINE('',#7861,#736);
#27=LINE('',#7863,#737);
#28=LINE('',#7865,#738);
#29=LINE('',#7867,#739);
#30=LINE('',#7869,#740);
#31=LINE('',#7871,#741);
#32=LINE('',#7873,#742);
#33=LINE('',#7874,#743);
#34=LINE('',#7879,#744);
#35=LINE('',#7882,#745);
#36=LINE('',#7884,#746);
#37=LINE('',#7886,#747);
#38=LINE('',#7888,#748);
#39=LINE('',#7890,#749);
#40=LINE('',#7892,#750);
#41=LINE('',#7894,#751);
#42=LINE('',#7896,#752);
#43=LINE('',#7898,#753);
#44=LINE('',#7900,#754);
#45=LINE('',#7902,#755);
#46=LINE('',#7904,#756);
#47=LINE('',#7906,#757);
#48=LINE('',#7908,#758);
#49=LINE('',#7910,#759);
#50=LINE('',#7912,#760);
#51=LINE('',#7913,#761);
#52=LINE('',#7926,#762);
#53=LINE('',#7929,#763);
#54=LINE('',#7931,#764);
#55=LINE('',#7933,#765);
#56=LINE('',#7935,#766);
#57=LINE('',#7937,#767);
#58=LINE('',#7942,#768);
#59=LINE('',#7945,#769);
#60=LINE('',#7947,#770);
#61=LINE('',#7949,#771);
#62=LINE('',#7951,#772);
#63=LINE('',#7953,#773);
#64=LINE('',#7955,#774);
#65=LINE('',#7957,#775);
#66=LINE('',#7959,#776);
#67=LINE('',#7961,#777);
#68=LINE('',#7962,#778);
#69=LINE('',#7965,#779);
#70=LINE('',#7967,#780);
#71=LINE('',#7969,#781);
#72=LINE('',#7971,#782);
#73=LINE('',#7973,#783);
#74=LINE('',#7985,#784);
#75=LINE('',#7988,#785);
#76=LINE('',#7990,#786);
#77=LINE('',#7992,#787);
#78=LINE('',#7994,#788);
#79=LINE('',#7996,#789);
#80=LINE('',#7997,#790);
#81=LINE('',#8000,#791);
#82=LINE('',#8002,#792);
#83=LINE('',#8004,#793);
#84=LINE('',#8006,#794);
#85=LINE('',#8008,#795);
#86=LINE('',#8009,#796);
#87=LINE('',#8012,#797);
#88=LINE('',#8014,#798);
#89=LINE('',#8016,#799);
#90=LINE('',#8018,#800);
#91=LINE('',#8020,#801);
#92=LINE('',#8021,#802);
#93=LINE('',#8024,#803);
#94=LINE('',#8026,#804);
#95=LINE('',#8028,#805);
#96=LINE('',#8030,#806);
#97=LINE('',#8032,#807);
#98=LINE('',#8034,#808);
#99=LINE('',#8036,#809);
#100=LINE('',#8038,#810);
#101=LINE('',#8040,#811);
#102=LINE('',#8042,#812);
#103=LINE('',#8044,#813);
#104=LINE('',#8046,#814);
#105=LINE('',#8048,#815);
#106=LINE('',#8050,#816);
#107=LINE('',#8052,#817);
#108=LINE('',#8054,#818);
#109=LINE('',#8056,#819);
#110=LINE('',#8058,#820);
#111=LINE('',#8060,#821);
#112=LINE('',#8062,#822);
#113=LINE('',#8064,#823);
#114=LINE('',#8068,#824);
#115=LINE('',#8070,#825);
#116=LINE('',#8072,#826);
#117=LINE('',#8074,#827);
#118=LINE('',#8075,#828);
#119=LINE('',#8077,#829);
#120=LINE('',#8079,#830);
#121=LINE('',#8085,#831);
#122=LINE('',#8088,#832);
#123=LINE('',#8090,#833);
#124=LINE('',#8092,#834);
#125=LINE('',#8094,#835);
#126=LINE('',#8096,#836);
#127=LINE('',#8097,#837);
#128=LINE('',#8100,#838);
#129=LINE('',#8102,#839);
#130=LINE('',#8104,#840);
#131=LINE('',#8106,#841);
#132=LINE('',#8108,#842);
#133=LINE('',#8109,#843);
#134=LINE('',#8112,#844);
#135=LINE('',#8114,#845);
#136=LINE('',#8116,#846);
#137=LINE('',#8118,#847);
#138=LINE('',#8120,#848);
#139=LINE('',#8121,#849);
#140=LINE('',#8124,#850);
#141=LINE('',#8126,#851);
#142=LINE('',#8128,#852);
#143=LINE('',#8130,#853);
#144=LINE('',#8131,#854);
#145=LINE('',#8133,#855);
#146=LINE('',#8135,#856);
#147=LINE('',#8137,#857);
#148=LINE('',#8139,#858);
#149=LINE('',#8141,#859);
#150=LINE('',#8143,#860);
#151=LINE('',#8145,#861);
#152=LINE('',#8147,#862);
#153=LINE('',#8148,#863);
#154=LINE('',#8150,#864);
#155=LINE('',#8152,#865);
#156=LINE('',#8154,#866);
#157=LINE('',#8156,#867);
#158=LINE('',#8158,#868);
#159=LINE('',#8160,#869);
#160=LINE('',#8162,#870);
#161=LINE('',#8164,#871);
#162=LINE('',#8166,#872);
#163=LINE('',#8168,#873);
#164=LINE('',#8170,#874);
#165=LINE('',#8172,#875);
#166=LINE('',#8174,#876);
#167=LINE('',#8176,#877);
#168=LINE('',#8178,#878);
#169=LINE('',#8180,#879);
#170=LINE('',#8182,#880);
#171=LINE('',#8184,#881);
#172=LINE('',#8186,#882);
#173=LINE('',#8188,#883);
#174=LINE('',#8190,#884);
#175=LINE('',#8192,#885);
#176=LINE('',#8194,#886);
#177=LINE('',#8196,#887);
#178=LINE('',#8198,#888);
#179=LINE('',#8200,#889);
#180=LINE('',#8202,#890);
#181=LINE('',#8203,#891);
#182=LINE('',#8205,#892);
#183=LINE('',#8207,#893);
#184=LINE('',#8208,#894);
#185=LINE('',#8210,#895);
#186=LINE('',#8212,#896);
#187=LINE('',#8290,#897);
#188=LINE('',#8293,#898);
#189=LINE('',#8295,#899);
#190=LINE('',#8297,#900);
#191=LINE('',#8299,#901);
#192=LINE('',#8301,#902);
#193=LINE('',#8302,#903);
#194=LINE('',#8305,#904);
#195=LINE('',#8307,#905);
#196=LINE('',#8309,#906);
#197=LINE('',#8311,#907);
#198=LINE('',#8313,#908);
#199=LINE('',#8314,#909);
#200=LINE('',#8317,#910);
#201=LINE('',#8319,#911);
#202=LINE('',#8321,#912);
#203=LINE('',#8323,#913);
#204=LINE('',#8325,#914);
#205=LINE('',#8326,#915);
#206=LINE('',#8329,#916);
#207=LINE('',#8331,#917);
#208=LINE('',#8333,#918);
#209=LINE('',#8335,#919);
#210=LINE('',#8337,#920);
#211=LINE('',#8338,#921);
#212=LINE('',#8341,#922);
#213=LINE('',#8342,#923);
#214=LINE('',#8346,#924);
#215=LINE('',#8348,#925);
#216=LINE('',#8349,#926);
#217=LINE('',#8351,#927);
#218=LINE('',#8353,#928);
#219=LINE('',#8354,#929);
#220=LINE('',#8356,#930);
#221=LINE('',#8358,#931);
#222=LINE('',#8359,#932);
#223=LINE('',#8361,#933);
#224=LINE('',#8363,#934);
#225=LINE('',#8379,#935);
#226=LINE('',#8383,#936);
#227=LINE('',#8387,#937);
#228=LINE('',#8391,#938);
#229=LINE('',#8395,#939);
#230=LINE('',#8399,#940);
#231=LINE('',#8403,#941);
#232=LINE('',#8405,#942);
#233=LINE('',#8408,#943);
#234=LINE('',#8410,#944);
#235=LINE('',#8412,#945);
#236=LINE('',#8414,#946);
#237=LINE('',#8416,#947);
#238=LINE('',#8417,#948);
#239=LINE('',#8420,#949);
#240=LINE('',#8422,#950);
#241=LINE('',#8424,#951);
#242=LINE('',#8426,#952);
#243=LINE('',#8428,#953);
#244=LINE('',#8429,#954);
#245=LINE('',#8432,#955);
#246=LINE('',#8434,#956);
#247=LINE('',#8436,#957);
#248=LINE('',#8438,#958);
#249=LINE('',#8440,#959);
#250=LINE('',#8441,#960);
#251=LINE('',#8444,#961);
#252=LINE('',#8446,#962);
#253=LINE('',#8448,#963);
#254=LINE('',#8450,#964);
#255=LINE('',#8452,#965);
#256=LINE('',#8453,#966);
#257=LINE('',#8456,#967);
#258=LINE('',#8458,#968);
#259=LINE('',#8460,#969);
#260=LINE('',#8462,#970);
#261=LINE('',#8464,#971);
#262=LINE('',#8465,#972);
#263=LINE('',#8468,#973);
#264=LINE('',#8470,#974);
#265=LINE('',#8472,#975);
#266=LINE('',#8474,#976);
#267=LINE('',#8476,#977);
#268=LINE('',#8477,#978);
#269=LINE('',#8479,#979);
#270=LINE('',#8482,#980);
#271=LINE('',#8484,#981);
#272=LINE('',#8486,#982);
#273=LINE('',#8488,#983);
#274=LINE('',#8490,#984);
#275=LINE('',#8491,#985);
#276=LINE('',#8494,#986);
#277=LINE('',#8496,#987);
#278=LINE('',#8498,#988);
#279=LINE('',#8500,#989);
#280=LINE('',#8502,#990);
#281=LINE('',#8504,#991);
#282=LINE('',#8506,#992);
#283=LINE('',#8508,#993);
#284=LINE('',#8510,#994);
#285=LINE('',#8511,#995);
#286=LINE('',#8514,#996);
#287=LINE('',#8516,#997);
#288=LINE('',#8518,#998);
#289=LINE('',#8520,#999);
#290=LINE('',#8522,#1000);
#291=LINE('',#8523,#1001);
#292=LINE('',#8526,#1002);
#293=LINE('',#8528,#1003);
#294=LINE('',#8530,#1004);
#295=LINE('',#8532,#1005);
#296=LINE('',#8534,#1006);
#297=LINE('',#8535,#1007);
#298=LINE('',#8538,#1008);
#299=LINE('',#8540,#1009);
#300=LINE('',#8542,#1010);
#301=LINE('',#8544,#1011);
#302=LINE('',#8546,#1012);
#303=LINE('',#8547,#1013);
#304=LINE('',#8550,#1014);
#305=LINE('',#8552,#1015);
#306=LINE('',#8554,#1016);
#307=LINE('',#8556,#1017);
#308=LINE('',#8558,#1018);
#309=LINE('',#8559,#1019);
#310=LINE('',#8562,#1020);
#311=LINE('',#8564,#1021);
#312=LINE('',#8566,#1022);
#313=LINE('',#8568,#1023);
#314=LINE('',#8570,#1024);
#315=LINE('',#8571,#1025);
#316=LINE('',#8574,#1026);
#317=LINE('',#8576,#1027);
#318=LINE('',#8578,#1028);
#319=LINE('',#8580,#1029);
#320=LINE('',#8582,#1030);
#321=LINE('',#8583,#1031);
#322=LINE('',#8588,#1032);
#323=LINE('',#8592,#1033);
#324=LINE('',#8596,#1034);
#325=LINE('',#8599,#1035);
#326=LINE('',#8601,#1036);
#327=LINE('',#8603,#1037);
#328=LINE('',#8605,#1038);
#329=LINE('',#8607,#1039);
#330=LINE('',#8611,#1040);
#331=LINE('',#8613,#1041);
#332=LINE('',#8615,#1042);
#333=LINE('',#8619,#1043);
#334=LINE('',#8621,#1044);
#335=LINE('',#8623,#1045);
#336=LINE('',#8627,#1046);
#337=LINE('',#8629,#1047);
#338=LINE('',#8631,#1048);
#339=LINE('',#8635,#1049);
#340=LINE('',#8637,#1050);
#341=LINE('',#8639,#1051);
#342=LINE('',#8643,#1052);
#343=LINE('',#8645,#1053);
#344=LINE('',#8649,#1054);
#345=LINE('',#8654,#1055);
#346=LINE('',#8658,#1056);
#347=LINE('',#8662,#1057);
#348=LINE('',#8666,#1058);
#349=LINE('',#8667,#1059);
#350=LINE('',#8669,#1060);
#351=LINE('',#8671,#1061);
#352=LINE('',#8673,#1062);
#353=LINE('',#8675,#1063);
#354=LINE('',#8677,#1064);
#355=LINE('',#8679,#1065);
#356=LINE('',#8682,#1066);
#357=LINE('',#8685,#1067);
#358=LINE('',#8687,#1068);
#359=LINE('',#8689,#1069);
#360=LINE('',#8691,#1070);
#361=LINE('',#8693,#1071);
#362=LINE('',#8695,#1072);
#363=LINE('',#8696,#1073);
#364=LINE('',#8698,#1074);
#365=LINE('',#8700,#1075);
#366=LINE('',#8702,#1076);
#367=LINE('',#8704,#1077);
#368=LINE('',#8707,#1078);
#369=LINE('',#8710,#1079);
#370=LINE('',#8712,#1080);
#371=LINE('',#8714,#1081);
#372=LINE('',#8716,#1082);
#373=LINE('',#8718,#1083);
#374=LINE('',#8720,#1084);
#375=LINE('',#8721,#1085);
#376=LINE('',#8723,#1086);
#377=LINE('',#8725,#1087);
#378=LINE('',#8727,#1088);
#379=LINE('',#8729,#1089);
#380=LINE('',#8734,#1090);
#381=LINE('',#8737,#1091);
#382=LINE('',#8739,#1092);
#383=LINE('',#8741,#1093);
#384=LINE('',#8743,#1094);
#385=LINE('',#8745,#1095);
#386=LINE('',#8747,#1096);
#387=LINE('',#8748,#1097);
#388=LINE('',#8750,#1098);
#389=LINE('',#8752,#1099);
#390=LINE('',#8754,#1100);
#391=LINE('',#8756,#1101);
#392=LINE('',#8759,#1102);
#393=LINE('',#8762,#1103);
#394=LINE('',#8764,#1104);
#395=LINE('',#8766,#1105);
#396=LINE('',#8768,#1106);
#397=LINE('',#8770,#1107);
#398=LINE('',#8772,#1108);
#399=LINE('',#8773,#1109);
#400=LINE('',#8775,#1110);
#401=LINE('',#8777,#1111);
#402=LINE('',#8779,#1112);
#403=LINE('',#8781,#1113);
#404=LINE('',#8784,#1114);
#405=LINE('',#8787,#1115);
#406=LINE('',#8789,#1116);
#407=LINE('',#8791,#1117);
#408=LINE('',#8793,#1118);
#409=LINE('',#8795,#1119);
#410=LINE('',#8797,#1120);
#411=LINE('',#8798,#1121);
#412=LINE('',#8800,#1122);
#413=LINE('',#8802,#1123);
#414=LINE('',#8804,#1124);
#415=LINE('',#8806,#1125);
#416=LINE('',#8809,#1126);
#417=LINE('',#8812,#1127);
#418=LINE('',#8814,#1128);
#419=LINE('',#8816,#1129);
#420=LINE('',#8818,#1130);
#421=LINE('',#8820,#1131);
#422=LINE('',#8822,#1132);
#423=LINE('',#8823,#1133);
#424=LINE('',#8825,#1134);
#425=LINE('',#8827,#1135);
#426=LINE('',#8829,#1136);
#427=LINE('',#8831,#1137);
#428=LINE('',#8834,#1138);
#429=LINE('',#8837,#1139);
#430=LINE('',#8839,#1140);
#431=LINE('',#8841,#1141);
#432=LINE('',#8843,#1142);
#433=LINE('',#8845,#1143);
#434=LINE('',#8847,#1144);
#435=LINE('',#8848,#1145);
#436=LINE('',#8850,#1146);
#437=LINE('',#8852,#1147);
#438=LINE('',#8854,#1148);
#439=LINE('',#8856,#1149);
#440=LINE('',#8859,#1150);
#441=LINE('',#8862,#1151);
#442=LINE('',#8864,#1152);
#443=LINE('',#8866,#1153);
#444=LINE('',#8868,#1154);
#445=LINE('',#8870,#1155);
#446=LINE('',#8872,#1156);
#447=LINE('',#8873,#1157);
#448=LINE('',#8875,#1158);
#449=LINE('',#8877,#1159);
#450=LINE('',#8879,#1160);
#451=LINE('',#8881,#1161);
#452=LINE('',#8884,#1162);
#453=LINE('',#8887,#1163);
#454=LINE('',#8889,#1164);
#455=LINE('',#8891,#1165);
#456=LINE('',#8893,#1166);
#457=LINE('',#8895,#1167);
#458=LINE('',#8897,#1168);
#459=LINE('',#8898,#1169);
#460=LINE('',#8900,#1170);
#461=LINE('',#8902,#1171);
#462=LINE('',#8904,#1172);
#463=LINE('',#8906,#1173);
#464=LINE('',#8909,#1174);
#465=LINE('',#8912,#1175);
#466=LINE('',#8914,#1176);
#467=LINE('',#8916,#1177);
#468=LINE('',#8918,#1178);
#469=LINE('',#8920,#1179);
#470=LINE('',#8922,#1180);
#471=LINE('',#8923,#1181);
#472=LINE('',#8925,#1182);
#473=LINE('',#8927,#1183);
#474=LINE('',#8929,#1184);
#475=LINE('',#8931,#1185);
#476=LINE('',#8934,#1186);
#477=LINE('',#8937,#1187);
#478=LINE('',#8939,#1188);
#479=LINE('',#8941,#1189);
#480=LINE('',#8943,#1190);
#481=LINE('',#8945,#1191);
#482=LINE('',#8947,#1192);
#483=LINE('',#8948,#1193);
#484=LINE('',#8950,#1194);
#485=LINE('',#8952,#1195);
#486=LINE('',#8954,#1196);
#487=LINE('',#8956,#1197);
#488=LINE('',#8959,#1198);
#489=LINE('',#8962,#1199);
#490=LINE('',#8964,#1200);
#491=LINE('',#8966,#1201);
#492=LINE('',#8968,#1202);
#493=LINE('',#8970,#1203);
#494=LINE('',#8972,#1204);
#495=LINE('',#8973,#1205);
#496=LINE('',#8975,#1206);
#497=LINE('',#8977,#1207);
#498=LINE('',#8979,#1208);
#499=LINE('',#8981,#1209);
#500=LINE('',#8984,#1210);
#501=LINE('',#8987,#1211);
#502=LINE('',#8989,#1212);
#503=LINE('',#8991,#1213);
#504=LINE('',#8993,#1214);
#505=LINE('',#8995,#1215);
#506=LINE('',#8997,#1216);
#507=LINE('',#8998,#1217);
#508=LINE('',#9000,#1218);
#509=LINE('',#9002,#1219);
#510=LINE('',#9004,#1220);
#511=LINE('',#9006,#1221);
#512=LINE('',#9009,#1222);
#513=LINE('',#9012,#1223);
#514=LINE('',#9014,#1224);
#515=LINE('',#9016,#1225);
#516=LINE('',#9018,#1226);
#517=LINE('',#9020,#1227);
#518=LINE('',#9022,#1228);
#519=LINE('',#9023,#1229);
#520=LINE('',#9025,#1230);
#521=LINE('',#9027,#1231);
#522=LINE('',#9029,#1232);
#523=LINE('',#9031,#1233);
#524=LINE('',#9034,#1234);
#525=LINE('',#9037,#1235);
#526=LINE('',#9039,#1236);
#527=LINE('',#9041,#1237);
#528=LINE('',#9043,#1238);
#529=LINE('',#9045,#1239);
#530=LINE('',#9047,#1240);
#531=LINE('',#9048,#1241);
#532=LINE('',#9050,#1242);
#533=LINE('',#9052,#1243);
#534=LINE('',#9054,#1244);
#535=LINE('',#9056,#1245);
#536=LINE('',#9059,#1246);
#537=LINE('',#9062,#1247);
#538=LINE('',#9064,#1248);
#539=LINE('',#9066,#1249);
#540=LINE('',#9068,#1250);
#541=LINE('',#9070,#1251);
#542=LINE('',#9072,#1252);
#543=LINE('',#9073,#1253);
#544=LINE('',#9075,#1254);
#545=LINE('',#9077,#1255);
#546=LINE('',#9079,#1256);
#547=LINE('',#9081,#1257);
#548=LINE('',#9084,#1258);
#549=LINE('',#9087,#1259);
#550=LINE('',#9089,#1260);
#551=LINE('',#9091,#1261);
#552=LINE('',#9093,#1262);
#553=LINE('',#9095,#1263);
#554=LINE('',#9097,#1264);
#555=LINE('',#9098,#1265);
#556=LINE('',#9100,#1266);
#557=LINE('',#9102,#1267);
#558=LINE('',#9104,#1268);
#559=LINE('',#9106,#1269);
#560=LINE('',#9109,#1270);
#561=LINE('',#9112,#1271);
#562=LINE('',#9114,#1272);
#563=LINE('',#9116,#1273);
#564=LINE('',#9118,#1274);
#565=LINE('',#9120,#1275);
#566=LINE('',#9122,#1276);
#567=LINE('',#9123,#1277);
#568=LINE('',#9125,#1278);
#569=LINE('',#9127,#1279);
#570=LINE('',#9129,#1280);
#571=LINE('',#9131,#1281);
#572=LINE('',#9134,#1282);
#573=LINE('',#9136,#1283);
#574=LINE('',#9137,#1284);
#575=LINE('',#9138,#1285);
#576=LINE('',#9140,#1286);
#577=LINE('',#9142,#1287);
#578=LINE('',#9144,#1288);
#579=LINE('',#9146,#1289);
#580=LINE('',#9149,#1290);
#581=LINE('',#9156,#1291);
#582=LINE('',#9163,#1292);
#583=LINE('',#9165,#1293);
#584=LINE('',#9166,#1294);
#585=LINE('',#9168,#1295);
#586=LINE('',#9169,#1296);
#587=LINE('',#9171,#1297);
#588=LINE('',#9173,#1298);
#589=LINE('',#9175,#1299);
#590=LINE('',#9177,#1300);
#591=LINE('',#9178,#1301);
#592=LINE('',#9182,#1302);
#593=LINE('',#9185,#1303);
#594=LINE('',#9188,#1304);
#595=LINE('',#9190,#1305);
#596=LINE('',#9192,#1306);
#597=LINE('',#9194,#1307);
#598=LINE('',#9196,#1308);
#599=LINE('',#9199,#1309);
#600=LINE('',#9201,#1310);
#601=LINE('',#9203,#1311);
#602=LINE('',#9204,#1312);
#603=LINE('',#9207,#1313);
#604=LINE('',#9209,#1314);
#605=LINE('',#9211,#1315);
#606=LINE('',#9213,#1316);
#607=LINE('',#9215,#1317);
#608=LINE('',#9217,#1318);
#609=LINE('',#9219,#1319);
#610=LINE('',#9221,#1320);
#611=LINE('',#9223,#1321);
#612=LINE('',#9226,#1322);
#613=LINE('',#9228,#1323);
#614=LINE('',#9230,#1324);
#615=LINE('',#9232,#1325);
#616=LINE('',#9234,#1326);
#617=LINE('',#9236,#1327);
#618=LINE('',#9238,#1328);
#619=LINE('',#9240,#1329);
#620=LINE('',#9242,#1330);
#621=LINE('',#9244,#1331);
#622=LINE('',#9246,#1332);
#623=LINE('',#9248,#1333);
#624=LINE('',#9251,#1334);
#625=LINE('',#9253,#1335);
#626=LINE('',#9255,#1336);
#627=LINE('',#9257,#1337);
#628=LINE('',#9259,#1338);
#629=LINE('',#9261,#1339);
#630=LINE('',#9263,#1340);
#631=LINE('',#9265,#1341);
#632=LINE('',#9267,#1342);
#633=LINE('',#9269,#1343);
#634=LINE('',#9271,#1344);
#635=LINE('',#9273,#1345);
#636=LINE('',#9284,#1346);
#637=LINE('',#9287,#1347);
#638=LINE('',#9289,#1348);
#639=LINE('',#9291,#1349);
#640=LINE('',#9293,#1350);
#641=LINE('',#9295,#1351);
#642=LINE('',#9297,#1352);
#643=LINE('',#9298,#1353);
#644=LINE('',#9300,#1354);
#645=LINE('',#9302,#1355);
#646=LINE('',#9304,#1356);
#647=LINE('',#9306,#1357);
#648=LINE('',#9309,#1358);
#649=LINE('',#9312,#1359);
#650=LINE('',#9314,#1360);
#651=LINE('',#9316,#1361);
#652=LINE('',#9318,#1362);
#653=LINE('',#9320,#1363);
#654=LINE('',#9322,#1364);
#655=LINE('',#9323,#1365);
#656=LINE('',#9325,#1366);
#657=LINE('',#9327,#1367);
#658=LINE('',#9329,#1368);
#659=LINE('',#9330,#1369);
#660=LINE('',#9332,#1370);
#661=LINE('',#9334,#1371);
#662=LINE('',#9336,#1372);
#663=LINE('',#9338,#1373);
#664=LINE('',#9340,#1374);
#665=LINE('',#9341,#1375);
#666=LINE('',#9344,#1376);
#667=LINE('',#9346,#1377);
#668=LINE('',#9348,#1378);
#669=LINE('',#9350,#1379);
#670=LINE('',#9352,#1380);
#671=LINE('',#9355,#1381);
#672=LINE('',#9357,#1382);
#673=LINE('',#9359,#1383);
#674=LINE('',#9361,#1384);
#675=LINE('',#9363,#1385);
#676=LINE('',#9368,#1386);
#677=LINE('',#9370,#1387);
#678=LINE('',#9373,#1388);
#679=LINE('',#9375,#1389);
#680=LINE('',#9377,#1390);
#681=LINE('',#9379,#1391);
#682=LINE('',#9381,#1392);
#683=LINE('',#9383,#1393);
#684=LINE('',#9385,#1394);
#685=LINE('',#9387,#1395);
#686=LINE('',#9389,#1396);
#687=LINE('',#9391,#1397);
#688=LINE('',#9393,#1398);
#689=LINE('',#9395,#1399);
#690=LINE('',#9401,#1400);
#691=LINE('',#9403,#1401);
#692=LINE('',#9405,#1402);
#693=LINE('',#9407,#1403);
#694=LINE('',#9409,#1404);
#695=LINE('',#9411,#1405);
#696=LINE('',#9413,#1406);
#697=LINE('',#9415,#1407);
#698=LINE('',#9417,#1408);
#699=LINE('',#9419,#1409);
#700=LINE('',#9421,#1410);
#701=LINE('',#9423,#1411);
#702=LINE('',#9429,#1412);
#703=LINE('',#9431,#1413);
#704=LINE('',#9433,#1414);
#705=LINE('',#9435,#1415);
#706=LINE('',#9437,#1416);
#707=LINE('',#9439,#1417);
#708=LINE('',#9441,#1418);
#709=LINE('',#9443,#1419);
#710=LINE('',#9445,#1420);
#711=LINE('',#9447,#1421);
#712=LINE('',#9449,#1422);
#713=LINE('',#9451,#1423);
#714=LINE('',#9457,#1424);
#715=LINE('',#9459,#1425);
#716=LINE('',#9461,#1426);
#717=LINE('',#9463,#1427);
#718=LINE('',#9465,#1428);
#719=LINE('',#9467,#1429);
#720=LINE('',#9469,#1430);
#721=LINE('',#9471,#1431);
#722=LINE('',#9473,#1432);
#723=LINE('',#9475,#1433);
#724=LINE('',#9477,#1434);
#725=LINE('',#9479,#1435);
#726=VECTOR('',#6346,1.);
#727=VECTOR('',#6347,1.);
#728=VECTOR('',#6348,1.);
#729=VECTOR('',#6349,1.);
#730=VECTOR('',#6352,1.);
#731=VECTOR('',#6353,1.);
#732=VECTOR('',#6354,1.);
#733=VECTOR('',#6357,1.);
#734=VECTOR('',#6358,1.);
#735=VECTOR('',#6359,1.);
#736=VECTOR('',#6362,1.);
#737=VECTOR('',#6363,1.);
#738=VECTOR('',#6364,1.);
#739=VECTOR('',#6367,1.);
#740=VECTOR('',#6368,1.);
#741=VECTOR('',#6369,1.);
#742=VECTOR('',#6372,1.);
#743=VECTOR('',#6373,1.);
#744=VECTOR('',#6380,1.);
#745=VECTOR('',#6381,1.);
#746=VECTOR('',#6382,1.);
#747=VECTOR('',#6383,1.);
#748=VECTOR('',#6386,1.);
#749=VECTOR('',#6387,1.);
#750=VECTOR('',#6388,1.);
#751=VECTOR('',#6391,1.);
#752=VECTOR('',#6392,1.);
#753=VECTOR('',#6393,1.);
#754=VECTOR('',#6396,1.);
#755=VECTOR('',#6397,1.);
#756=VECTOR('',#6398,1.);
#757=VECTOR('',#6401,1.);
#758=VECTOR('',#6402,1.);
#759=VECTOR('',#6403,1.);
#760=VECTOR('',#6406,1.);
#761=VECTOR('',#6407,1.);
#762=VECTOR('',#6424,1.);
#763=VECTOR('',#6425,1.);
#764=VECTOR('',#6426,1.);
#765=VECTOR('',#6427,1.);
#766=VECTOR('',#6428,1.);
#767=VECTOR('',#6429,1.);
#768=VECTOR('',#6434,1.);
#769=VECTOR('',#6435,1.);
#770=VECTOR('',#6436,1.);
#771=VECTOR('',#6437,1.);
#772=VECTOR('',#6438,1.);
#773=VECTOR('',#6439,1.);
#774=VECTOR('',#6440,1.);
#775=VECTOR('',#6441,1.);
#776=VECTOR('',#6442,1.);
#777=VECTOR('',#6443,1.);
#778=VECTOR('',#6444,1.);
#779=VECTOR('',#6445,1.);
#780=VECTOR('',#6446,1.);
#781=VECTOR('',#6447,1.);
#782=VECTOR('',#6448,1.);
#783=VECTOR('',#6449,1.);
#784=VECTOR('',#6464,1.);
#785=VECTOR('',#6465,1.);
#786=VECTOR('',#6466,1.);
#787=VECTOR('',#6467,1.);
#788=VECTOR('',#6468,1.);
#789=VECTOR('',#6469,1.);
#790=VECTOR('',#6470,1.);
#791=VECTOR('',#6471,1.);
#792=VECTOR('',#6472,1.);
#793=VECTOR('',#6473,1.);
#794=VECTOR('',#6474,1.);
#795=VECTOR('',#6475,1.);
#796=VECTOR('',#6476,1.);
#797=VECTOR('',#6477,1.);
#798=VECTOR('',#6478,1.);
#799=VECTOR('',#6479,1.);
#800=VECTOR('',#6480,1.);
#801=VECTOR('',#6481,1.);
#802=VECTOR('',#6482,1.);
#803=VECTOR('',#6483,1.);
#804=VECTOR('',#6484,1.);
#805=VECTOR('',#6485,1.);
#806=VECTOR('',#6486,1.);
#807=VECTOR('',#6487,1.);
#808=VECTOR('',#6488,1.);
#809=VECTOR('',#6489,1.);
#810=VECTOR('',#6490,1.);
#811=VECTOR('',#6491,1.);
#812=VECTOR('',#6492,1.);
#813=VECTOR('',#6493,1.);
#814=VECTOR('',#6494,1.);
#815=VECTOR('',#6495,1.);
#816=VECTOR('',#6498,1.);
#817=VECTOR('',#6499,1.);
#818=VECTOR('',#6500,1.);
#819=VECTOR('',#6501,1.);
#820=VECTOR('',#6502,1.);
#821=VECTOR('',#6503,1.);
#822=VECTOR('',#6504,1.);
#823=VECTOR('',#6505,1.);
#824=VECTOR('',#6510,1.);
#825=VECTOR('',#6511,1.);
#826=VECTOR('',#6512,1.);
#827=VECTOR('',#6513,1.);
#828=VECTOR('',#6514,1.);
#829=VECTOR('',#6515,1.);
#830=VECTOR('',#6516,1.);
#831=VECTOR('',#6523,1.);
#832=VECTOR('',#6524,1.);
#833=VECTOR('',#6525,1.);
#834=VECTOR('',#6526,1.);
#835=VECTOR('',#6527,1.);
#836=VECTOR('',#6528,1.);
#837=VECTOR('',#6529,1.);
#838=VECTOR('',#6530,1.);
#839=VECTOR('',#6531,1.);
#840=VECTOR('',#6532,1.);
#841=VECTOR('',#6533,1.);
#842=VECTOR('',#6534,1.);
#843=VECTOR('',#6535,1.);
#844=VECTOR('',#6536,1.);
#845=VECTOR('',#6537,1.);
#846=VECTOR('',#6538,1.);
#847=VECTOR('',#6539,1.);
#848=VECTOR('',#6540,1.);
#849=VECTOR('',#6541,1.);
#850=VECTOR('',#6542,1.);
#851=VECTOR('',#6543,1.);
#852=VECTOR('',#6544,1.);
#853=VECTOR('',#6545,1.);
#854=VECTOR('',#6546,1.);
#855=VECTOR('',#6547,1.);
#856=VECTOR('',#6548,1.);
#857=VECTOR('',#6549,1.);
#858=VECTOR('',#6550,1.);
#859=VECTOR('',#6551,1.);
#860=VECTOR('',#6552,1.);
#861=VECTOR('',#6553,1.);
#862=VECTOR('',#6554,1.);
#863=VECTOR('',#6555,1.);
#864=VECTOR('',#6556,1.);
#865=VECTOR('',#6559,1.);
#866=VECTOR('',#6560,1.);
#867=VECTOR('',#6561,1.);
#868=VECTOR('',#6562,1.);
#869=VECTOR('',#6563,1.);
#870=VECTOR('',#6566,1.);
#871=VECTOR('',#6567,1.);
#872=VECTOR('',#6568,1.);
#873=VECTOR('',#6569,1.);
#874=VECTOR('',#6572,1.);
#875=VECTOR('',#6573,1.);
#876=VECTOR('',#6574,1.);
#877=VECTOR('',#6575,1.);
#878=VECTOR('',#6576,1.);
#879=VECTOR('',#6577,1.);
#880=VECTOR('',#6578,1.);
#881=VECTOR('',#6581,1.);
#882=VECTOR('',#6582,1.);
#883=VECTOR('',#6583,1.);
#884=VECTOR('',#6584,1.);
#885=VECTOR('',#6585,1.);
#886=VECTOR('',#6588,1.);
#887=VECTOR('',#6589,1.);
#888=VECTOR('',#6590,1.);
#889=VECTOR('',#6591,1.);
#890=VECTOR('',#6594,1.);
#891=VECTOR('',#6595,1.);
#892=VECTOR('',#6596,1.);
#893=VECTOR('',#6599,1.);
#894=VECTOR('',#6600,1.);
#895=VECTOR('',#6601,1.);
#896=VECTOR('',#6604,1.);
#897=VECTOR('',#6699,1.);
#898=VECTOR('',#6700,1.);
#899=VECTOR('',#6701,1.);
#900=VECTOR('',#6702,1.);
#901=VECTOR('',#6703,1.);
#902=VECTOR('',#6704,1.);
#903=VECTOR('',#6705,1.);
#904=VECTOR('',#6706,1.);
#905=VECTOR('',#6707,1.);
#906=VECTOR('',#6708,1.);
#907=VECTOR('',#6709,1.);
#908=VECTOR('',#6710,1.);
#909=VECTOR('',#6711,1.);
#910=VECTOR('',#6712,1.);
#911=VECTOR('',#6713,1.);
#912=VECTOR('',#6714,1.);
#913=VECTOR('',#6715,1.);
#914=VECTOR('',#6716,1.);
#915=VECTOR('',#6717,1.);
#916=VECTOR('',#6718,1.);
#917=VECTOR('',#6719,1.);
#918=VECTOR('',#6720,1.);
#919=VECTOR('',#6721,1.);
#920=VECTOR('',#6722,1.);
#921=VECTOR('',#6723,1.);
#922=VECTOR('',#6724,1.);
#923=VECTOR('',#6725,1.);
#924=VECTOR('',#6730,1.);
#925=VECTOR('',#6731,1.);
#926=VECTOR('',#6732,1.);
#927=VECTOR('',#6733,1.);
#928=VECTOR('',#6734,1.);
#929=VECTOR('',#6735,1.);
#930=VECTOR('',#6738,1.);
#931=VECTOR('',#6739,1.);
#932=VECTOR('',#6740,1.);
#933=VECTOR('',#6741,1.);
#934=VECTOR('',#6742,1.);
#935=VECTOR('',#6761,1.);
#936=VECTOR('',#6764,1.);
#937=VECTOR('',#6767,1.);
#938=VECTOR('',#6770,1.);
#939=VECTOR('',#6773,1.);
#940=VECTOR('',#6776,1.);
#941=VECTOR('',#6779,1.);
#942=VECTOR('',#6782,1.);
#943=VECTOR('',#6783,1.);
#944=VECTOR('',#6784,1.);
#945=VECTOR('',#6785,1.);
#946=VECTOR('',#6786,1.);
#947=VECTOR('',#6787,1.);
#948=VECTOR('',#6788,1.);
#949=VECTOR('',#6789,1.);
#950=VECTOR('',#6790,1.);
#951=VECTOR('',#6791,1.);
#952=VECTOR('',#6792,1.);
#953=VECTOR('',#6793,1.);
#954=VECTOR('',#6794,1.);
#955=VECTOR('',#6795,1.);
#956=VECTOR('',#6796,1.);
#957=VECTOR('',#6797,1.);
#958=VECTOR('',#6798,1.);
#959=VECTOR('',#6799,1.);
#960=VECTOR('',#6800,1.);
#961=VECTOR('',#6801,1.);
#962=VECTOR('',#6802,1.);
#963=VECTOR('',#6803,1.);
#964=VECTOR('',#6804,1.);
#965=VECTOR('',#6805,1.);
#966=VECTOR('',#6806,1.);
#967=VECTOR('',#6807,1.);
#968=VECTOR('',#6808,1.);
#969=VECTOR('',#6809,1.);
#970=VECTOR('',#6810,1.);
#971=VECTOR('',#6811,1.);
#972=VECTOR('',#6812,1.);
#973=VECTOR('',#6813,1.);
#974=VECTOR('',#6814,1.);
#975=VECTOR('',#6815,1.);
#976=VECTOR('',#6816,1.);
#977=VECTOR('',#6817,1.);
#978=VECTOR('',#6818,1.);
#979=VECTOR('',#6821,1.);
#980=VECTOR('',#6822,1.);
#981=VECTOR('',#6823,1.);
#982=VECTOR('',#6824,1.);
#983=VECTOR('',#6825,1.);
#984=VECTOR('',#6826,1.);
#985=VECTOR('',#6827,1.);
#986=VECTOR('',#6828,1.);
#987=VECTOR('',#6829,1.);
#988=VECTOR('',#6830,1.);
#989=VECTOR('',#6831,1.);
#990=VECTOR('',#6832,1.);
#991=VECTOR('',#6833,1.);
#992=VECTOR('',#6834,1.);
#993=VECTOR('',#6835,1.);
#994=VECTOR('',#6836,1.);
#995=VECTOR('',#6837,1.);
#996=VECTOR('',#6838,1.);
#997=VECTOR('',#6839,1.);
#998=VECTOR('',#6840,1.);
#999=VECTOR('',#6841,1.);
#1000=VECTOR('',#6842,1.);
#1001=VECTOR('',#6843,1.);
#1002=VECTOR('',#6844,1.);
#1003=VECTOR('',#6845,1.);
#1004=VECTOR('',#6846,1.);
#1005=VECTOR('',#6847,1.);
#1006=VECTOR('',#6848,1.);
#1007=VECTOR('',#6849,1.);
#1008=VECTOR('',#6850,1.);
#1009=VECTOR('',#6851,1.);
#1010=VECTOR('',#6852,1.);
#1011=VECTOR('',#6853,1.);
#1012=VECTOR('',#6854,1.);
#1013=VECTOR('',#6855,1.);
#1014=VECTOR('',#6856,1.);
#1015=VECTOR('',#6857,1.);
#1016=VECTOR('',#6858,1.);
#1017=VECTOR('',#6859,1.);
#1018=VECTOR('',#6860,1.);
#1019=VECTOR('',#6861,1.);
#1020=VECTOR('',#6862,1.);
#1021=VECTOR('',#6863,1.);
#1022=VECTOR('',#6864,1.);
#1023=VECTOR('',#6865,1.);
#1024=VECTOR('',#6866,1.);
#1025=VECTOR('',#6867,1.);
#1026=VECTOR('',#6868,1.);
#1027=VECTOR('',#6869,1.);
#1028=VECTOR('',#6870,1.);
#1029=VECTOR('',#6871,1.);
#1030=VECTOR('',#6872,1.);
#1031=VECTOR('',#6873,1.);
#1032=VECTOR('',#6876,1.);
#1033=VECTOR('',#6879,1.);
#1034=VECTOR('',#6882,1.);
#1035=VECTOR('',#6885,1.);
#1036=VECTOR('',#6888,1.);
#1037=VECTOR('',#6889,1.);
#1038=VECTOR('',#6890,1.);
#1039=VECTOR('',#6893,1.);
#1040=VECTOR('',#6898,1.);
#1041=VECTOR('',#6899,1.);
#1042=VECTOR('',#6902,1.);
#1043=VECTOR('',#6907,1.);
#1044=VECTOR('',#6908,1.);
#1045=VECTOR('',#6911,1.);
#1046=VECTOR('',#6916,1.);
#1047=VECTOR('',#6917,1.);
#1048=VECTOR('',#6920,1.);
#1049=VECTOR('',#6925,1.);
#1050=VECTOR('',#6926,1.);
#1051=VECTOR('',#6929,1.);
#1052=VECTOR('',#6934,1.);
#1053=VECTOR('',#6935,1.);
#1054=VECTOR('',#6942,1.);
#1055=VECTOR('',#6945,1.);
#1056=VECTOR('',#6948,1.);
#1057=VECTOR('',#6951,1.);
#1058=VECTOR('',#6956,1.);
#1059=VECTOR('',#6957,1.);
#1060=VECTOR('',#6960,1.);
#1061=VECTOR('',#6963,1.);
#1062=VECTOR('',#6966,1.);
#1063=VECTOR('',#6969,1.);
#1064=VECTOR('',#6972,1.);
#1065=VECTOR('',#6975,1.);
#1066=VECTOR('',#6980,1.);
#1067=VECTOR('',#6981,1.);
#1068=VECTOR('',#6982,1.);
#1069=VECTOR('',#6983,1.);
#1070=VECTOR('',#6984,1.);
#1071=VECTOR('',#6985,1.);
#1072=VECTOR('',#6988,1.);
#1073=VECTOR('',#6989,1.);
#1074=VECTOR('',#6992,1.);
#1075=VECTOR('',#6995,1.);
#1076=VECTOR('',#6998,1.);
#1077=VECTOR('',#7001,1.);
#1078=VECTOR('',#7006,1.);
#1079=VECTOR('',#7007,1.);
#1080=VECTOR('',#7008,1.);
#1081=VECTOR('',#7009,1.);
#1082=VECTOR('',#7010,1.);
#1083=VECTOR('',#7011,1.);
#1084=VECTOR('',#7014,1.);
#1085=VECTOR('',#7015,1.);
#1086=VECTOR('',#7018,1.);
#1087=VECTOR('',#7021,1.);
#1088=VECTOR('',#7024,1.);
#1089=VECTOR('',#7027,1.);
#1090=VECTOR('',#7036,1.);
#1091=VECTOR('',#7037,1.);
#1092=VECTOR('',#7038,1.);
#1093=VECTOR('',#7039,1.);
#1094=VECTOR('',#7040,1.);
#1095=VECTOR('',#7041,1.);
#1096=VECTOR('',#7044,1.);
#1097=VECTOR('',#7045,1.);
#1098=VECTOR('',#7048,1.);
#1099=VECTOR('',#7051,1.);
#1100=VECTOR('',#7054,1.);
#1101=VECTOR('',#7057,1.);
#1102=VECTOR('',#7062,1.);
#1103=VECTOR('',#7063,1.);
#1104=VECTOR('',#7064,1.);
#1105=VECTOR('',#7065,1.);
#1106=VECTOR('',#7066,1.);
#1107=VECTOR('',#7067,1.);
#1108=VECTOR('',#7070,1.);
#1109=VECTOR('',#7071,1.);
#1110=VECTOR('',#7074,1.);
#1111=VECTOR('',#7077,1.);
#1112=VECTOR('',#7080,1.);
#1113=VECTOR('',#7083,1.);
#1114=VECTOR('',#7088,1.);
#1115=VECTOR('',#7089,1.);
#1116=VECTOR('',#7090,1.);
#1117=VECTOR('',#7091,1.);
#1118=VECTOR('',#7092,1.);
#1119=VECTOR('',#7093,1.);
#1120=VECTOR('',#7096,1.);
#1121=VECTOR('',#7097,1.);
#1122=VECTOR('',#7100,1.);
#1123=VECTOR('',#7103,1.);
#1124=VECTOR('',#7106,1.);
#1125=VECTOR('',#7109,1.);
#1126=VECTOR('',#7114,1.);
#1127=VECTOR('',#7115,1.);
#1128=VECTOR('',#7116,1.);
#1129=VECTOR('',#7117,1.);
#1130=VECTOR('',#7118,1.);
#1131=VECTOR('',#7119,1.);
#1132=VECTOR('',#7122,1.);
#1133=VECTOR('',#7123,1.);
#1134=VECTOR('',#7126,1.);
#1135=VECTOR('',#7129,1.);
#1136=VECTOR('',#7132,1.);
#1137=VECTOR('',#7135,1.);
#1138=VECTOR('',#7140,1.);
#1139=VECTOR('',#7141,1.);
#1140=VECTOR('',#7142,1.);
#1141=VECTOR('',#7143,1.);
#1142=VECTOR('',#7144,1.);
#1143=VECTOR('',#7145,1.);
#1144=VECTOR('',#7148,1.);
#1145=VECTOR('',#7149,1.);
#1146=VECTOR('',#7152,1.);
#1147=VECTOR('',#7155,1.);
#1148=VECTOR('',#7158,1.);
#1149=VECTOR('',#7161,1.);
#1150=VECTOR('',#7166,1.);
#1151=VECTOR('',#7167,1.);
#1152=VECTOR('',#7168,1.);
#1153=VECTOR('',#7169,1.);
#1154=VECTOR('',#7170,1.);
#1155=VECTOR('',#7171,1.);
#1156=VECTOR('',#7174,1.);
#1157=VECTOR('',#7175,1.);
#1158=VECTOR('',#7178,1.);
#1159=VECTOR('',#7181,1.);
#1160=VECTOR('',#7184,1.);
#1161=VECTOR('',#7187,1.);
#1162=VECTOR('',#7192,1.);
#1163=VECTOR('',#7193,1.);
#1164=VECTOR('',#7194,1.);
#1165=VECTOR('',#7195,1.);
#1166=VECTOR('',#7196,1.);
#1167=VECTOR('',#7197,1.);
#1168=VECTOR('',#7200,1.);
#1169=VECTOR('',#7201,1.);
#1170=VECTOR('',#7204,1.);
#1171=VECTOR('',#7207,1.);
#1172=VECTOR('',#7210,1.);
#1173=VECTOR('',#7213,1.);
#1174=VECTOR('',#7218,1.);
#1175=VECTOR('',#7219,1.);
#1176=VECTOR('',#7220,1.);
#1177=VECTOR('',#7221,1.);
#1178=VECTOR('',#7222,1.);
#1179=VECTOR('',#7223,1.);
#1180=VECTOR('',#7226,1.);
#1181=VECTOR('',#7227,1.);
#1182=VECTOR('',#7230,1.);
#1183=VECTOR('',#7233,1.);
#1184=VECTOR('',#7236,1.);
#1185=VECTOR('',#7239,1.);
#1186=VECTOR('',#7244,1.);
#1187=VECTOR('',#7245,1.);
#1188=VECTOR('',#7246,1.);
#1189=VECTOR('',#7247,1.);
#1190=VECTOR('',#7248,1.);
#1191=VECTOR('',#7249,1.);
#1192=VECTOR('',#7252,1.);
#1193=VECTOR('',#7253,1.);
#1194=VECTOR('',#7256,1.);
#1195=VECTOR('',#7259,1.);
#1196=VECTOR('',#7262,1.);
#1197=VECTOR('',#7265,1.);
#1198=VECTOR('',#7270,1.);
#1199=VECTOR('',#7271,1.);
#1200=VECTOR('',#7272,1.);
#1201=VECTOR('',#7273,1.);
#1202=VECTOR('',#7274,1.);
#1203=VECTOR('',#7275,1.);
#1204=VECTOR('',#7278,1.);
#1205=VECTOR('',#7279,1.);
#1206=VECTOR('',#7282,1.);
#1207=VECTOR('',#7285,1.);
#1208=VECTOR('',#7288,1.);
#1209=VECTOR('',#7291,1.);
#1210=VECTOR('',#7296,1.);
#1211=VECTOR('',#7297,1.);
#1212=VECTOR('',#7298,1.);
#1213=VECTOR('',#7299,1.);
#1214=VECTOR('',#7300,1.);
#1215=VECTOR('',#7301,1.);
#1216=VECTOR('',#7304,1.);
#1217=VECTOR('',#7305,1.);
#1218=VECTOR('',#7308,1.);
#1219=VECTOR('',#7311,1.);
#1220=VECTOR('',#7314,1.);
#1221=VECTOR('',#7317,1.);
#1222=VECTOR('',#7322,1.);
#1223=VECTOR('',#7323,1.);
#1224=VECTOR('',#7324,1.);
#1225=VECTOR('',#7325,1.);
#1226=VECTOR('',#7326,1.);
#1227=VECTOR('',#7327,1.);
#1228=VECTOR('',#7330,1.);
#1229=VECTOR('',#7331,1.);
#1230=VECTOR('',#7334,1.);
#1231=VECTOR('',#7337,1.);
#1232=VECTOR('',#7340,1.);
#1233=VECTOR('',#7343,1.);
#1234=VECTOR('',#7348,1.);
#1235=VECTOR('',#7349,1.);
#1236=VECTOR('',#7350,1.);
#1237=VECTOR('',#7351,1.);
#1238=VECTOR('',#7352,1.);
#1239=VECTOR('',#7353,1.);
#1240=VECTOR('',#7356,1.);
#1241=VECTOR('',#7357,1.);
#1242=VECTOR('',#7360,1.);
#1243=VECTOR('',#7363,1.);
#1244=VECTOR('',#7366,1.);
#1245=VECTOR('',#7369,1.);
#1246=VECTOR('',#7374,1.);
#1247=VECTOR('',#7375,1.);
#1248=VECTOR('',#7376,1.);
#1249=VECTOR('',#7377,1.);
#1250=VECTOR('',#7378,1.);
#1251=VECTOR('',#7379,1.);
#1252=VECTOR('',#7382,1.);
#1253=VECTOR('',#7383,1.);
#1254=VECTOR('',#7386,1.);
#1255=VECTOR('',#7389,1.);
#1256=VECTOR('',#7392,1.);
#1257=VECTOR('',#7395,1.);
#1258=VECTOR('',#7400,1.);
#1259=VECTOR('',#7401,1.);
#1260=VECTOR('',#7402,1.);
#1261=VECTOR('',#7403,1.);
#1262=VECTOR('',#7404,1.);
#1263=VECTOR('',#7405,1.);
#1264=VECTOR('',#7408,1.);
#1265=VECTOR('',#7409,1.);
#1266=VECTOR('',#7412,1.);
#1267=VECTOR('',#7415,1.);
#1268=VECTOR('',#7418,1.);
#1269=VECTOR('',#7421,1.);
#1270=VECTOR('',#7426,1.);
#1271=VECTOR('',#7427,1.);
#1272=VECTOR('',#7428,1.);
#1273=VECTOR('',#7429,1.);
#1274=VECTOR('',#7430,1.);
#1275=VECTOR('',#7431,1.);
#1276=VECTOR('',#7434,1.);
#1277=VECTOR('',#7435,1.);
#1278=VECTOR('',#7438,1.);
#1279=VECTOR('',#7441,1.);
#1280=VECTOR('',#7444,1.);
#1281=VECTOR('',#7447,1.);
#1282=VECTOR('',#7452,1.);
#1283=VECTOR('',#7455,1.);
#1284=VECTOR('',#7456,1.);
#1285=VECTOR('',#7457,1.);
#1286=VECTOR('',#7458,1.);
#1287=VECTOR('',#7459,1.);
#1288=VECTOR('',#7462,1.);
#1289=VECTOR('',#7465,1.);
#1290=VECTOR('',#7470,1.);
#1291=VECTOR('',#7471,1.);
#1292=VECTOR('',#7472,1.);
#1293=VECTOR('',#7475,1.);
#1294=VECTOR('',#7476,1.);
#1295=VECTOR('',#7479,1.);
#1296=VECTOR('',#7480,1.);
#1297=VECTOR('',#7483,1.);
#1298=VECTOR('',#7484,1.);
#1299=VECTOR('',#7485,1.);
#1300=VECTOR('',#7488,1.);
#1301=VECTOR('',#7489,1.);
#1302=VECTOR('',#7496,1.);
#1303=VECTOR('',#7501,1.);
#1304=VECTOR('',#7506,1.);
#1305=VECTOR('',#7507,1.);
#1306=VECTOR('',#7508,1.);
#1307=VECTOR('',#7511,1.);
#1308=VECTOR('',#7514,1.);
#1309=VECTOR('',#7519,1.);
#1310=VECTOR('',#7520,1.);
#1311=VECTOR('',#7523,1.);
#1312=VECTOR('',#7524,1.);
#1313=VECTOR('',#7529,1.);
#1314=VECTOR('',#7530,1.);
#1315=VECTOR('',#7533,1.);
#1316=VECTOR('',#7536,1.);
#1317=VECTOR('',#7539,1.);
#1318=VECTOR('',#7540,1.);
#1319=VECTOR('',#7543,1.);
#1320=VECTOR('',#7544,1.);
#1321=VECTOR('',#7547,1.);
#1322=VECTOR('',#7552,1.);
#1323=VECTOR('',#7553,1.);
#1324=VECTOR('',#7554,1.);
#1325=VECTOR('',#7557,1.);
#1326=VECTOR('',#7558,1.);
#1327=VECTOR('',#7561,1.);
#1328=VECTOR('',#7562,1.);
#1329=VECTOR('',#7565,1.);
#1330=VECTOR('',#7566,1.);
#1331=VECTOR('',#7569,1.);
#1332=VECTOR('',#7570,1.);
#1333=VECTOR('',#7573,1.);
#1334=VECTOR('',#7578,1.);
#1335=VECTOR('',#7579,1.);
#1336=VECTOR('',#7580,1.);
#1337=VECTOR('',#7583,1.);
#1338=VECTOR('',#7584,1.);
#1339=VECTOR('',#7587,1.);
#1340=VECTOR('',#7588,1.);
#1341=VECTOR('',#7591,1.);
#1342=VECTOR('',#7592,1.);
#1343=VECTOR('',#7595,1.);
#1344=VECTOR('',#7596,1.);
#1345=VECTOR('',#7599,1.);
#1346=VECTOR('',#7616,1.);
#1347=VECTOR('',#7617,1.);
#1348=VECTOR('',#7618,1.);
#1349=VECTOR('',#7619,1.);
#1350=VECTOR('',#7620,1.);
#1351=VECTOR('',#7621,1.);
#1352=VECTOR('',#7624,1.);
#1353=VECTOR('',#7625,1.);
#1354=VECTOR('',#7628,1.);
#1355=VECTOR('',#7631,1.);
#1356=VECTOR('',#7634,1.);
#1357=VECTOR('',#7637,1.);
#1358=VECTOR('',#7642,1.);
#1359=VECTOR('',#7643,1.);
#1360=VECTOR('',#7644,1.);
#1361=VECTOR('',#7645,1.);
#1362=VECTOR('',#7646,1.);
#1363=VECTOR('',#7647,1.);
#1364=VECTOR('',#7650,1.);
#1365=VECTOR('',#7651,1.);
#1366=VECTOR('',#7654,1.);
#1367=VECTOR('',#7655,1.);
#1368=VECTOR('',#7656,1.);
#1369=VECTOR('',#7657,1.);
#1370=VECTOR('',#7660,1.);
#1371=VECTOR('',#7663,1.);
#1372=VECTOR('',#7666,1.);
#1373=VECTOR('',#7667,1.);
#1374=VECTOR('',#7668,1.);
#1375=VECTOR('',#7669,1.);
#1376=VECTOR('',#7674,1.);
#1377=VECTOR('',#7675,1.);
#1378=VECTOR('',#7678,1.);
#1379=VECTOR('',#7679,1.);
#1380=VECTOR('',#7682,1.);
#1381=VECTOR('',#7687,1.);
#1382=VECTOR('',#7688,1.);
#1383=VECTOR('',#7691,1.);
#1384=VECTOR('',#7692,1.);
#1385=VECTOR('',#7695,1.);
#1386=VECTOR('',#7702,1.);
#1387=VECTOR('',#7705,1.);
#1388=VECTOR('',#7710,1.);
#1389=VECTOR('',#7711,1.);
#1390=VECTOR('',#7712,1.);
#1391=VECTOR('',#7715,1.);
#1392=VECTOR('',#7716,1.);
#1393=VECTOR('',#7719,1.);
#1394=VECTOR('',#7720,1.);
#1395=VECTOR('',#7723,1.);
#1396=VECTOR('',#7724,1.);
#1397=VECTOR('',#7727,1.);
#1398=VECTOR('',#7728,1.);
#1399=VECTOR('',#7731,1.);
#1400=VECTOR('',#7740,1.);
#1401=VECTOR('',#7741,1.);
#1402=VECTOR('',#7742,1.);
#1403=VECTOR('',#7745,1.);
#1404=VECTOR('',#7746,1.);
#1405=VECTOR('',#7749,1.);
#1406=VECTOR('',#7750,1.);
#1407=VECTOR('',#7753,1.);
#1408=VECTOR('',#7754,1.);
#1409=VECTOR('',#7757,1.);
#1410=VECTOR('',#7758,1.);
#1411=VECTOR('',#7761,1.);
#1412=VECTOR('',#7770,1.);
#1413=VECTOR('',#7771,1.);
#1414=VECTOR('',#7772,1.);
#1415=VECTOR('',#7775,1.);
#1416=VECTOR('',#7776,1.);
#1417=VECTOR('',#7779,1.);
#1418=VECTOR('',#7780,1.);
#1419=VECTOR('',#7783,1.);
#1420=VECTOR('',#7784,1.);
#1421=VECTOR('',#7787,1.);
#1422=VECTOR('',#7788,1.);
#1423=VECTOR('',#7791,1.);
#1424=VECTOR('',#7800,1.);
#1425=VECTOR('',#7801,1.);
#1426=VECTOR('',#7802,1.);
#1427=VECTOR('',#7805,1.);
#1428=VECTOR('',#7806,1.);
#1429=VECTOR('',#7809,1.);
#1430=VECTOR('',#7810,1.);
#1431=VECTOR('',#7813,1.);
#1432=VECTOR('',#7814,1.);
#1433=VECTOR('',#7817,1.);
#1434=VECTOR('',#7818,1.);
#1435=VECTOR('',#7821,1.);
#1436=PLANE('',#5943);
#1437=PLANE('',#5944);
#1438=PLANE('',#5945);
#1439=PLANE('',#5946);
#1440=PLANE('',#5947);
#1441=PLANE('',#5948);
#1442=PLANE('',#5949);
#1443=PLANE('',#5951);
#1444=PLANE('',#5952);
#1445=PLANE('',#5953);
#1446=PLANE('',#5954);
#1447=PLANE('',#5955);
#1448=PLANE('',#5956);
#1449=PLANE('',#5957);
#1450=PLANE('',#5963);
#1451=PLANE('',#5973);
#1452=PLANE('',#5974);
#1453=PLANE('',#5975);
#1454=PLANE('',#5979);
#1455=PLANE('',#5980);
#1456=PLANE('',#5981);
#1457=PLANE('',#5982);
#1458=PLANE('',#5983);
#1459=PLANE('',#5984);
#1460=PLANE('',#5985);
#1461=PLANE('',#5986);
#1462=PLANE('',#5987);
#1463=PLANE('',#6032);
#1464=PLANE('',#6035);
#1465=PLANE('',#6037);
#1466=PLANE('',#6044);
#1467=PLANE('',#6053);
#1468=PLANE('',#6054);
#1469=PLANE('',#6059);
#1470=PLANE('',#6062);
#1471=PLANE('',#6065);
#1472=PLANE('',#6068);
#1473=PLANE('',#6071);
#1474=PLANE('',#6074);
#1475=PLANE('',#6077);
#1476=PLANE('',#6082);
#1477=PLANE('',#6084);
#1478=PLANE('',#6086);
#1479=PLANE('',#6088);
#1480=PLANE('',#6090);
#1481=PLANE('',#6091);
#1482=PLANE('',#6092);
#1483=PLANE('',#6093);
#1484=PLANE('',#6094);
#1485=PLANE('',#6095);
#1486=PLANE('',#6096);
#1487=PLANE('',#6097);
#1488=PLANE('',#6098);
#1489=PLANE('',#6099);
#1490=PLANE('',#6100);
#1491=PLANE('',#6101);
#1492=PLANE('',#6102);
#1493=PLANE('',#6103);
#1494=PLANE('',#6104);
#1495=PLANE('',#6105);
#1496=PLANE('',#6106);
#1497=PLANE('',#6107);
#1498=PLANE('',#6108);
#1499=PLANE('',#6109);
#1500=PLANE('',#6110);
#1501=PLANE('',#6111);
#1502=PLANE('',#6112);
#1503=PLANE('',#6113);
#1504=PLANE('',#6114);
#1505=PLANE('',#6115);
#1506=PLANE('',#6116);
#1507=PLANE('',#6117);
#1508=PLANE('',#6118);
#1509=PLANE('',#6119);
#1510=PLANE('',#6120);
#1511=PLANE('',#6121);
#1512=PLANE('',#6122);
#1513=PLANE('',#6123);
#1514=PLANE('',#6124);
#1515=PLANE('',#6125);
#1516=PLANE('',#6126);
#1517=PLANE('',#6127);
#1518=PLANE('',#6128);
#1519=PLANE('',#6129);
#1520=PLANE('',#6130);
#1521=PLANE('',#6131);
#1522=PLANE('',#6132);
#1523=PLANE('',#6133);
#1524=PLANE('',#6134);
#1525=PLANE('',#6135);
#1526=PLANE('',#6136);
#1527=PLANE('',#6137);
#1528=PLANE('',#6138);
#1529=PLANE('',#6139);
#1530=PLANE('',#6140);
#1531=PLANE('',#6141);
#1532=PLANE('',#6142);
#1533=PLANE('',#6143);
#1534=PLANE('',#6144);
#1535=PLANE('',#6145);
#1536=PLANE('',#6146);
#1537=PLANE('',#6147);
#1538=PLANE('',#6148);
#1539=PLANE('',#6149);
#1540=PLANE('',#6150);
#1541=PLANE('',#6151);
#1542=PLANE('',#6152);
#1543=PLANE('',#6153);
#1544=PLANE('',#6154);
#1545=PLANE('',#6155);
#1546=PLANE('',#6156);
#1547=PLANE('',#6157);
#1548=PLANE('',#6158);
#1549=PLANE('',#6159);
#1550=PLANE('',#6160);
#1551=PLANE('',#6161);
#1552=PLANE('',#6162);
#1553=PLANE('',#6163);
#1554=PLANE('',#6164);
#1555=PLANE('',#6165);
#1556=PLANE('',#6166);
#1557=PLANE('',#6167);
#1558=PLANE('',#6168);
#1559=PLANE('',#6169);
#1560=PLANE('',#6170);
#1561=PLANE('',#6171);
#1562=PLANE('',#6172);
#1563=PLANE('',#6173);
#1564=PLANE('',#6174);
#1565=PLANE('',#6175);
#1566=PLANE('',#6176);
#1567=PLANE('',#6177);
#1568=PLANE('',#6178);
#1569=PLANE('',#6179);
#1570=PLANE('',#6180);
#1571=PLANE('',#6181);
#1572=PLANE('',#6182);
#1573=PLANE('',#6183);
#1574=PLANE('',#6184);
#1575=PLANE('',#6185);
#1576=PLANE('',#6186);
#1577=PLANE('',#6187);
#1578=PLANE('',#6188);
#1579=PLANE('',#6189);
#1580=PLANE('',#6190);
#1581=PLANE('',#6191);
#1582=PLANE('',#6192);
#1583=PLANE('',#6193);
#1584=PLANE('',#6194);
#1585=PLANE('',#6195);
#1586=PLANE('',#6196);
#1587=PLANE('',#6197);
#1588=PLANE('',#6198);
#1589=PLANE('',#6199);
#1590=PLANE('',#6200);
#1591=PLANE('',#6201);
#1592=PLANE('',#6202);
#1593=PLANE('',#6203);
#1594=PLANE('',#6204);
#1595=PLANE('',#6205);
#1596=PLANE('',#6206);
#1597=PLANE('',#6207);
#1598=PLANE('',#6208);
#1599=PLANE('',#6209);
#1600=PLANE('',#6210);
#1601=PLANE('',#6211);
#1602=PLANE('',#6212);
#1603=PLANE('',#6213);
#1604=PLANE('',#6214);
#1605=PLANE('',#6215);
#1606=PLANE('',#6216);
#1607=PLANE('',#6217);
#1608=PLANE('',#6218);
#1609=PLANE('',#6219);
#1610=PLANE('',#6220);
#1611=PLANE('',#6221);
#1612=PLANE('',#6222);
#1613=PLANE('',#6223);
#1614=PLANE('',#6224);
#1615=PLANE('',#6225);
#1616=PLANE('',#6226);
#1617=PLANE('',#6227);
#1618=PLANE('',#6228);
#1619=PLANE('',#6229);
#1620=PLANE('',#6230);
#1621=PLANE('',#6231);
#1622=PLANE('',#6232);
#1623=PLANE('',#6233);
#1624=PLANE('',#6234);
#1625=PLANE('',#6235);
#1626=PLANE('',#6236);
#1627=PLANE('',#6237);
#1628=PLANE('',#6238);
#1629=PLANE('',#6239);
#1630=PLANE('',#6240);
#1631=PLANE('',#6241);
#1632=PLANE('',#6242);
#1633=PLANE('',#6243);
#1634=PLANE('',#6244);
#1635=PLANE('',#6245);
#1636=PLANE('',#6246);
#1637=PLANE('',#6247);
#1638=PLANE('',#6248);
#1639=PLANE('',#6249);
#1640=PLANE('',#6250);
#1641=PLANE('',#6251);
#1642=PLANE('',#6252);
#1643=PLANE('',#6253);
#1644=PLANE('',#6254);
#1645=PLANE('',#6255);
#1646=PLANE('',#6256);
#1647=PLANE('',#6257);
#1648=PLANE('',#6258);
#1649=PLANE('',#6259);
#1650=PLANE('',#6260);
#1651=PLANE('',#6261);
#1652=PLANE('',#6264);
#1653=PLANE('',#6267);
#1654=PLANE('',#6268);
#1655=PLANE('',#6269);
#1656=PLANE('',#6270);
#1657=PLANE('',#6271);
#1658=PLANE('',#6272);
#1659=PLANE('',#6273);
#1660=PLANE('',#6274);
#1661=PLANE('',#6275);
#1662=PLANE('',#6276);
#1663=PLANE('',#6277);
#1664=PLANE('',#6278);
#1665=PLANE('',#6279);
#1666=PLANE('',#6280);
#1667=PLANE('',#6281);
#1668=PLANE('',#6282);
#1669=PLANE('',#6283);
#1670=PLANE('',#6284);
#1671=PLANE('',#6285);
#1672=PLANE('',#6286);
#1673=PLANE('',#6287);
#1674=PLANE('',#6288);
#1675=PLANE('',#6289);
#1676=PLANE('',#6290);
#1677=PLANE('',#6293);
#1678=PLANE('',#6294);
#1679=PLANE('',#6295);
#1680=PLANE('',#6296);
#1681=PLANE('',#6297);
#1682=PLANE('',#6298);
#1683=PLANE('',#6299);
#1684=PLANE('',#6300);
#1685=PLANE('',#6303);
#1686=PLANE('',#6304);
#1687=PLANE('',#6305);
#1688=PLANE('',#6306);
#1689=PLANE('',#6307);
#1690=PLANE('',#6308);
#1691=PLANE('',#6309);
#1692=PLANE('',#6312);
#1693=PLANE('',#6313);
#1694=PLANE('',#6314);
#1695=PLANE('',#6315);
#1696=PLANE('',#6316);
#1697=PLANE('',#6317);
#1698=PLANE('',#6318);
#1699=PLANE('',#6321);
#1700=PLANE('',#6322);
#1701=PLANE('',#6323);
#1702=PLANE('',#6324);
#1703=PLANE('',#6325);
#1704=PLANE('',#6326);
#1705=PLANE('',#6327);
#1706=ORIENTED_EDGE('',*,*,#3294,.T.);
#1707=ORIENTED_EDGE('',*,*,#3295,.F.);
#1708=ORIENTED_EDGE('',*,*,#3296,.F.);
#1709=ORIENTED_EDGE('',*,*,#3297,.F.);
#1710=ORIENTED_EDGE('',*,*,#3298,.T.);
#1711=ORIENTED_EDGE('',*,*,#3299,.F.);
#1712=ORIENTED_EDGE('',*,*,#3300,.F.);
#1713=ORIENTED_EDGE('',*,*,#3301,.T.);
#1714=ORIENTED_EDGE('',*,*,#3302,.T.);
#1715=ORIENTED_EDGE('',*,*,#3301,.F.);
#1716=ORIENTED_EDGE('',*,*,#3303,.F.);
#1717=ORIENTED_EDGE('',*,*,#3304,.T.);
#1718=ORIENTED_EDGE('',*,*,#3305,.T.);
#1719=ORIENTED_EDGE('',*,*,#3304,.F.);
#1720=ORIENTED_EDGE('',*,*,#3306,.F.);
#1721=ORIENTED_EDGE('',*,*,#3307,.T.);
#1722=ORIENTED_EDGE('',*,*,#3308,.T.);
#1723=ORIENTED_EDGE('',*,*,#3307,.F.);
#1724=ORIENTED_EDGE('',*,*,#3309,.F.);
#1725=ORIENTED_EDGE('',*,*,#3310,.T.);
#1726=ORIENTED_EDGE('',*,*,#3311,.T.);
#1727=ORIENTED_EDGE('',*,*,#3310,.F.);
#1728=ORIENTED_EDGE('',*,*,#3312,.F.);
#1729=ORIENTED_EDGE('',*,*,#3313,.T.);
#1730=ORIENTED_EDGE('',*,*,#3314,.T.);
#1731=ORIENTED_EDGE('',*,*,#3313,.F.);
#1732=ORIENTED_EDGE('',*,*,#3315,.F.);
#1733=ORIENTED_EDGE('',*,*,#3299,.T.);
#1734=ORIENTED_EDGE('',*,*,#3300,.T.);
#1735=ORIENTED_EDGE('',*,*,#3315,.T.);
#1736=ORIENTED_EDGE('',*,*,#3312,.T.);
#1737=ORIENTED_EDGE('',*,*,#3309,.T.);
#1738=ORIENTED_EDGE('',*,*,#3306,.T.);
#1739=ORIENTED_EDGE('',*,*,#3303,.T.);
#1740=ORIENTED_EDGE('',*,*,#3316,.F.);
#1741=ORIENTED_EDGE('',*,*,#3317,.F.);
#1742=ORIENTED_EDGE('',*,*,#3318,.F.);
#1743=ORIENTED_EDGE('',*,*,#3319,.T.);
#1744=ORIENTED_EDGE('',*,*,#3320,.T.);
#1745=ORIENTED_EDGE('',*,*,#3321,.F.);
#1746=ORIENTED_EDGE('',*,*,#3322,.F.);
#1747=ORIENTED_EDGE('',*,*,#3323,.T.);
#1748=ORIENTED_EDGE('',*,*,#3318,.T.);
#1749=ORIENTED_EDGE('',*,*,#3324,.F.);
#1750=ORIENTED_EDGE('',*,*,#3325,.F.);
#1751=ORIENTED_EDGE('',*,*,#3326,.T.);
#1752=ORIENTED_EDGE('',*,*,#3322,.T.);
#1753=ORIENTED_EDGE('',*,*,#3327,.F.);
#1754=ORIENTED_EDGE('',*,*,#3328,.F.);
#1755=ORIENTED_EDGE('',*,*,#3329,.T.);
#1756=ORIENTED_EDGE('',*,*,#3325,.T.);
#1757=ORIENTED_EDGE('',*,*,#3330,.F.);
#1758=ORIENTED_EDGE('',*,*,#3331,.F.);
#1759=ORIENTED_EDGE('',*,*,#3332,.T.);
#1760=ORIENTED_EDGE('',*,*,#3328,.T.);
#1761=ORIENTED_EDGE('',*,*,#3333,.F.);
#1762=ORIENTED_EDGE('',*,*,#3320,.F.);
#1763=ORIENTED_EDGE('',*,*,#3334,.T.);
#1764=ORIENTED_EDGE('',*,*,#3331,.T.);
#1765=ORIENTED_EDGE('',*,*,#3335,.T.);
#1766=ORIENTED_EDGE('',*,*,#3334,.F.);
#1767=ORIENTED_EDGE('',*,*,#3319,.F.);
#1768=ORIENTED_EDGE('',*,*,#3323,.F.);
#1769=ORIENTED_EDGE('',*,*,#3326,.F.);
#1770=ORIENTED_EDGE('',*,*,#3329,.F.);
#1771=ORIENTED_EDGE('',*,*,#3332,.F.);
#1772=ORIENTED_EDGE('',*,*,#3336,.T.);
#1773=ORIENTED_EDGE('',*,*,#3316,.T.);
#1774=ORIENTED_EDGE('',*,*,#3337,.F.);
#1775=ORIENTED_EDGE('',*,*,#3335,.F.);
#1776=ORIENTED_EDGE('',*,*,#3338,.T.);
#1777=ORIENTED_EDGE('',*,*,#3339,.F.);
#1778=ORIENTED_EDGE('',*,*,#3340,.F.);
#1779=ORIENTED_EDGE('',*,*,#3341,.F.);
#1780=ORIENTED_EDGE('',*,*,#3342,.F.);
#1781=ORIENTED_EDGE('',*,*,#3343,.F.);
#1782=ORIENTED_EDGE('',*,*,#3344,.F.);
#1783=ORIENTED_EDGE('',*,*,#3345,.F.);
#1784=ORIENTED_EDGE('',*,*,#3346,.F.);
#1785=ORIENTED_EDGE('',*,*,#3347,.T.);
#1786=ORIENTED_EDGE('',*,*,#3348,.F.);
#1787=ORIENTED_EDGE('',*,*,#3349,.T.);
#1788=ORIENTED_EDGE('',*,*,#3350,.T.);
#1789=ORIENTED_EDGE('',*,*,#3351,.F.);
#1790=ORIENTED_EDGE('',*,*,#3352,.F.);
#1791=ORIENTED_EDGE('',*,*,#3353,.T.);
#1792=ORIENTED_EDGE('',*,*,#3354,.T.);
#1793=ORIENTED_EDGE('',*,*,#3355,.T.);
#1794=ORIENTED_EDGE('',*,*,#3356,.T.);
#1795=ORIENTED_EDGE('',*,*,#3357,.T.);
#1796=ORIENTED_EDGE('',*,*,#3358,.T.);
#1797=ORIENTED_EDGE('',*,*,#3359,.T.);
#1798=ORIENTED_EDGE('',*,*,#3360,.T.);
#1799=ORIENTED_EDGE('',*,*,#3361,.T.);
#1800=ORIENTED_EDGE('',*,*,#3362,.T.);
#1801=ORIENTED_EDGE('',*,*,#3363,.F.);
#1802=ORIENTED_EDGE('',*,*,#3364,.F.);
#1803=ORIENTED_EDGE('',*,*,#3365,.T.);
#1804=ORIENTED_EDGE('',*,*,#3366,.T.);
#1805=ORIENTED_EDGE('',*,*,#3367,.F.);
#1806=ORIENTED_EDGE('',*,*,#3368,.F.);
#1807=ORIENTED_EDGE('',*,*,#3369,.F.);
#1808=ORIENTED_EDGE('',*,*,#3370,.F.);
#1809=ORIENTED_EDGE('',*,*,#3371,.F.);
#1810=ORIENTED_EDGE('',*,*,#3372,.F.);
#1811=ORIENTED_EDGE('',*,*,#3363,.T.);
#1812=ORIENTED_EDGE('',*,*,#3373,.F.);
#1813=ORIENTED_EDGE('',*,*,#3374,.F.);
#1814=ORIENTED_EDGE('',*,*,#3375,.F.);
#1815=ORIENTED_EDGE('',*,*,#3376,.F.);
#1816=ORIENTED_EDGE('',*,*,#3377,.F.);
#1817=ORIENTED_EDGE('',*,*,#3378,.F.);
#1818=ORIENTED_EDGE('',*,*,#3379,.F.);
#1819=ORIENTED_EDGE('',*,*,#3380,.F.);
#1820=ORIENTED_EDGE('',*,*,#3381,.F.);
#1821=ORIENTED_EDGE('',*,*,#3382,.F.);
#1822=ORIENTED_EDGE('',*,*,#3383,.F.);
#1823=ORIENTED_EDGE('',*,*,#3384,.F.);
#1824=ORIENTED_EDGE('',*,*,#3385,.T.);
#1825=ORIENTED_EDGE('',*,*,#3386,.T.);
#1826=ORIENTED_EDGE('',*,*,#3387,.T.);
#1827=ORIENTED_EDGE('',*,*,#3388,.T.);
#1828=ORIENTED_EDGE('',*,*,#3389,.T.);
#1829=ORIENTED_EDGE('',*,*,#3390,.F.);
#1830=ORIENTED_EDGE('',*,*,#3391,.F.);
#1831=ORIENTED_EDGE('',*,*,#3392,.T.);
#1832=ORIENTED_EDGE('',*,*,#3393,.F.);
#1833=ORIENTED_EDGE('',*,*,#3394,.F.);
#1834=ORIENTED_EDGE('',*,*,#3395,.T.);
#1835=ORIENTED_EDGE('',*,*,#3396,.T.);
#1836=ORIENTED_EDGE('',*,*,#3397,.F.);
#1837=ORIENTED_EDGE('',*,*,#3398,.F.);
#1838=ORIENTED_EDGE('',*,*,#3365,.F.);
#1839=ORIENTED_EDGE('',*,*,#3399,.F.);
#1840=ORIENTED_EDGE('',*,*,#3348,.T.);
#1841=ORIENTED_EDGE('',*,*,#3400,.F.);
#1842=ORIENTED_EDGE('',*,*,#3401,.T.);
#1843=ORIENTED_EDGE('',*,*,#3402,.F.);
#1844=ORIENTED_EDGE('',*,*,#3403,.F.);
#1845=ORIENTED_EDGE('',*,*,#3404,.T.);
#1846=ORIENTED_EDGE('',*,*,#3405,.F.);
#1847=ORIENTED_EDGE('',*,*,#3406,.T.);
#1848=ORIENTED_EDGE('',*,*,#3407,.F.);
#1849=ORIENTED_EDGE('',*,*,#3298,.F.);
#1850=ORIENTED_EDGE('',*,*,#3302,.F.);
#1851=ORIENTED_EDGE('',*,*,#3305,.F.);
#1852=ORIENTED_EDGE('',*,*,#3308,.F.);
#1853=ORIENTED_EDGE('',*,*,#3311,.F.);
#1854=ORIENTED_EDGE('',*,*,#3314,.F.);
#1855=ORIENTED_EDGE('',*,*,#3330,.T.);
#1856=ORIENTED_EDGE('',*,*,#3327,.T.);
#1857=ORIENTED_EDGE('',*,*,#3324,.T.);
#1858=ORIENTED_EDGE('',*,*,#3321,.T.);
#1859=ORIENTED_EDGE('',*,*,#3317,.T.);
#1860=ORIENTED_EDGE('',*,*,#3333,.T.);
#1861=ORIENTED_EDGE('',*,*,#3399,.T.);
#1862=ORIENTED_EDGE('',*,*,#3408,.F.);
#1863=ORIENTED_EDGE('',*,*,#3409,.F.);
#1864=ORIENTED_EDGE('',*,*,#3410,.F.);
#1865=ORIENTED_EDGE('',*,*,#3411,.F.);
#1866=ORIENTED_EDGE('',*,*,#3353,.F.);
#1867=ORIENTED_EDGE('',*,*,#3412,.T.);
#1868=ORIENTED_EDGE('',*,*,#3413,.T.);
#1869=ORIENTED_EDGE('',*,*,#3414,.F.);
#1870=ORIENTED_EDGE('',*,*,#3349,.F.);
#1871=ORIENTED_EDGE('',*,*,#3415,.F.);
#1872=ORIENTED_EDGE('',*,*,#3416,.F.);
#1873=ORIENTED_EDGE('',*,*,#3417,.F.);
#1874=ORIENTED_EDGE('',*,*,#3418,.F.);
#1875=ORIENTED_EDGE('',*,*,#3419,.F.);
#1876=ORIENTED_EDGE('',*,*,#3420,.F.);
#1877=ORIENTED_EDGE('',*,*,#3421,.F.);
#1878=ORIENTED_EDGE('',*,*,#3422,.F.);
#1879=ORIENTED_EDGE('',*,*,#3337,.T.);
#1880=ORIENTED_EDGE('',*,*,#3336,.F.);
#1881=ORIENTED_EDGE('',*,*,#3423,.F.);
#1882=ORIENTED_EDGE('',*,*,#3424,.F.);
#1883=ORIENTED_EDGE('',*,*,#3425,.F.);
#1884=ORIENTED_EDGE('',*,*,#3426,.F.);
#1885=ORIENTED_EDGE('',*,*,#3427,.F.);
#1886=ORIENTED_EDGE('',*,*,#3428,.F.);
#1887=ORIENTED_EDGE('',*,*,#3429,.F.);
#1888=ORIENTED_EDGE('',*,*,#3430,.F.);
#1889=ORIENTED_EDGE('',*,*,#3431,.F.);
#1890=ORIENTED_EDGE('',*,*,#3432,.F.);
#1891=ORIENTED_EDGE('',*,*,#3433,.F.);
#1892=ORIENTED_EDGE('',*,*,#3434,.F.);
#1893=ORIENTED_EDGE('',*,*,#3435,.F.);
#1894=ORIENTED_EDGE('',*,*,#3436,.T.);
#1895=ORIENTED_EDGE('',*,*,#3437,.F.);
#1896=ORIENTED_EDGE('',*,*,#3438,.T.);
#1897=ORIENTED_EDGE('',*,*,#3439,.F.);
#1898=ORIENTED_EDGE('',*,*,#3394,.T.);
#1899=ORIENTED_EDGE('',*,*,#3440,.T.);
#1900=ORIENTED_EDGE('',*,*,#3441,.T.);
#1901=ORIENTED_EDGE('',*,*,#3442,.F.);
#1902=ORIENTED_EDGE('',*,*,#3443,.T.);
#1903=ORIENTED_EDGE('',*,*,#3444,.F.);
#1904=ORIENTED_EDGE('',*,*,#3445,.F.);
#1905=ORIENTED_EDGE('',*,*,#3446,.T.);
#1906=ORIENTED_EDGE('',*,*,#3447,.F.);
#1907=ORIENTED_EDGE('',*,*,#3448,.F.);
#1908=ORIENTED_EDGE('',*,*,#3398,.T.);
#1909=ORIENTED_EDGE('',*,*,#3449,.T.);
#1910=ORIENTED_EDGE('',*,*,#3450,.F.);
#1911=ORIENTED_EDGE('',*,*,#3400,.T.);
#1912=ORIENTED_EDGE('',*,*,#3347,.F.);
#1913=ORIENTED_EDGE('',*,*,#3451,.T.);
#1914=ORIENTED_EDGE('',*,*,#3452,.T.);
#1915=ORIENTED_EDGE('',*,*,#3453,.F.);
#1916=ORIENTED_EDGE('',*,*,#3454,.F.);
#1917=ORIENTED_EDGE('',*,*,#3455,.T.);
#1918=ORIENTED_EDGE('',*,*,#3408,.T.);
#1919=ORIENTED_EDGE('',*,*,#3406,.F.);
#1920=ORIENTED_EDGE('',*,*,#3456,.F.);
#1921=ORIENTED_EDGE('',*,*,#3457,.T.);
#1922=ORIENTED_EDGE('',*,*,#3458,.F.);
#1923=ORIENTED_EDGE('',*,*,#3459,.F.);
#1924=ORIENTED_EDGE('',*,*,#3354,.F.);
#1925=ORIENTED_EDGE('',*,*,#3411,.T.);
#1926=ORIENTED_EDGE('',*,*,#3460,.T.);
#1927=ORIENTED_EDGE('',*,*,#3461,.F.);
#1928=ORIENTED_EDGE('',*,*,#3462,.T.);
#1929=ORIENTED_EDGE('',*,*,#3463,.T.);
#1930=ORIENTED_EDGE('',*,*,#3464,.F.);
#1931=ORIENTED_EDGE('',*,*,#3465,.T.);
#1932=ORIENTED_EDGE('',*,*,#3466,.F.);
#1933=ORIENTED_EDGE('',*,*,#3355,.F.);
#1934=ORIENTED_EDGE('',*,*,#3466,.T.);
#1935=ORIENTED_EDGE('',*,*,#3467,.T.);
#1936=ORIENTED_EDGE('',*,*,#3468,.F.);
#1937=ORIENTED_EDGE('',*,*,#3469,.F.);
#1938=ORIENTED_EDGE('',*,*,#3470,.T.);
#1939=ORIENTED_EDGE('',*,*,#3471,.F.);
#1940=ORIENTED_EDGE('',*,*,#3460,.F.);
#1941=ORIENTED_EDGE('',*,*,#3410,.T.);
#1942=ORIENTED_EDGE('',*,*,#3472,.T.);
#1943=ORIENTED_EDGE('',*,*,#3473,.F.);
#1944=ORIENTED_EDGE('',*,*,#3474,.T.);
#1945=ORIENTED_EDGE('',*,*,#3475,.F.);
#1946=ORIENTED_EDGE('',*,*,#3442,.T.);
#1947=ORIENTED_EDGE('',*,*,#3476,.T.);
#1948=ORIENTED_EDGE('',*,*,#3477,.F.);
#1949=ORIENTED_EDGE('',*,*,#3478,.F.);
#1950=ORIENTED_EDGE('',*,*,#3479,.F.);
#1951=ORIENTED_EDGE('',*,*,#3391,.T.);
#1952=ORIENTED_EDGE('',*,*,#3480,.T.);
#1953=ORIENTED_EDGE('',*,*,#3481,.T.);
#1954=ORIENTED_EDGE('',*,*,#3482,.F.);
#1955=ORIENTED_EDGE('',*,*,#3472,.F.);
#1956=ORIENTED_EDGE('',*,*,#3409,.T.);
#1957=ORIENTED_EDGE('',*,*,#3459,.T.);
#1958=ORIENTED_EDGE('',*,*,#3483,.T.);
#1959=ORIENTED_EDGE('',*,*,#3484,.F.);
#1960=ORIENTED_EDGE('',*,*,#3485,.T.);
#1961=ORIENTED_EDGE('',*,*,#3486,.F.);
#1962=ORIENTED_EDGE('',*,*,#3345,.T.);
#1963=ORIENTED_EDGE('',*,*,#3487,.F.);
#1964=ORIENTED_EDGE('',*,*,#3346,.T.);
#1965=ORIENTED_EDGE('',*,*,#3488,.F.);
#1966=ORIENTED_EDGE('',*,*,#3416,.T.);
#1967=ORIENTED_EDGE('',*,*,#3489,.F.);
#1968=ORIENTED_EDGE('',*,*,#3415,.T.);
#1969=ORIENTED_EDGE('',*,*,#3490,.F.);
#1970=ORIENTED_EDGE('',*,*,#3491,.T.);
#1971=ORIENTED_EDGE('',*,*,#3492,.F.);
#1972=ORIENTED_EDGE('',*,*,#3493,.T.);
#1973=ORIENTED_EDGE('',*,*,#3494,.F.);
#1974=ORIENTED_EDGE('',*,*,#3495,.T.);
#1975=ORIENTED_EDGE('',*,*,#3496,.F.);
#1976=ORIENTED_EDGE('',*,*,#3497,.T.);
#1977=ORIENTED_EDGE('',*,*,#3498,.F.);
#1978=ORIENTED_EDGE('',*,*,#3499,.F.);
#1979=ORIENTED_EDGE('',*,*,#3500,.F.);
#1980=ORIENTED_EDGE('',*,*,#3501,.F.);
#1981=ORIENTED_EDGE('',*,*,#3502,.F.);
#1982=ORIENTED_EDGE('',*,*,#3503,.F.);
#1983=ORIENTED_EDGE('',*,*,#3504,.F.);
#1984=ORIENTED_EDGE('',*,*,#3505,.T.);
#1985=ORIENTED_EDGE('',*,*,#3506,.F.);
#1986=ORIENTED_EDGE('',*,*,#3507,.T.);
#1987=ORIENTED_EDGE('',*,*,#3508,.F.);
#1988=ORIENTED_EDGE('',*,*,#3509,.T.);
#1989=ORIENTED_EDGE('',*,*,#3510,.F.);
#1990=ORIENTED_EDGE('',*,*,#3511,.T.);
#1991=ORIENTED_EDGE('',*,*,#3512,.F.);
#1992=ORIENTED_EDGE('',*,*,#3485,.F.);
#1993=ORIENTED_EDGE('',*,*,#3513,.F.);
#1994=ORIENTED_EDGE('',*,*,#3514,.F.);
#1995=ORIENTED_EDGE('',*,*,#3515,.F.);
#1996=ORIENTED_EDGE('',*,*,#3516,.F.);
#1997=ORIENTED_EDGE('',*,*,#3517,.F.);
#1998=ORIENTED_EDGE('',*,*,#3518,.F.);
#1999=ORIENTED_EDGE('',*,*,#3519,.F.);
#2000=ORIENTED_EDGE('',*,*,#3520,.F.);
#2001=ORIENTED_EDGE('',*,*,#3521,.F.);
#2002=ORIENTED_EDGE('',*,*,#3522,.F.);
#2003=ORIENTED_EDGE('',*,*,#3523,.F.);
#2004=ORIENTED_EDGE('',*,*,#3524,.F.);
#2005=ORIENTED_EDGE('',*,*,#3525,.F.);
#2006=ORIENTED_EDGE('',*,*,#3526,.F.);
#2007=ORIENTED_EDGE('',*,*,#3527,.F.);
#2008=ORIENTED_EDGE('',*,*,#3528,.F.);
#2009=ORIENTED_EDGE('',*,*,#3529,.F.);
#2010=ORIENTED_EDGE('',*,*,#3530,.F.);
#2011=ORIENTED_EDGE('',*,*,#3531,.F.);
#2012=ORIENTED_EDGE('',*,*,#3532,.F.);
#2013=ORIENTED_EDGE('',*,*,#3533,.F.);
#2014=ORIENTED_EDGE('',*,*,#3534,.F.);
#2015=ORIENTED_EDGE('',*,*,#3535,.F.);
#2016=ORIENTED_EDGE('',*,*,#3536,.F.);
#2017=ORIENTED_EDGE('',*,*,#3509,.F.);
#2018=ORIENTED_EDGE('',*,*,#3507,.F.);
#2019=ORIENTED_EDGE('',*,*,#3505,.F.);
#2020=ORIENTED_EDGE('',*,*,#3537,.F.);
#2021=ORIENTED_EDGE('',*,*,#3538,.T.);
#2022=ORIENTED_EDGE('',*,*,#3413,.F.);
#2023=ORIENTED_EDGE('',*,*,#3539,.F.);
#2024=ORIENTED_EDGE('',*,*,#3540,.F.);
#2025=ORIENTED_EDGE('',*,*,#3435,.T.);
#2026=ORIENTED_EDGE('',*,*,#3541,.F.);
#2027=ORIENTED_EDGE('',*,*,#3542,.T.);
#2028=ORIENTED_EDGE('',*,*,#3539,.T.);
#2029=ORIENTED_EDGE('',*,*,#3412,.F.);
#2030=ORIENTED_EDGE('',*,*,#3352,.T.);
#2031=ORIENTED_EDGE('',*,*,#3543,.T.);
#2032=ORIENTED_EDGE('',*,*,#3544,.F.);
#2033=ORIENTED_EDGE('',*,*,#3545,.F.);
#2034=ORIENTED_EDGE('',*,*,#3395,.F.);
#2035=ORIENTED_EDGE('',*,*,#3439,.T.);
#2036=ORIENTED_EDGE('',*,*,#3546,.T.);
#2037=ORIENTED_EDGE('',*,*,#3547,.F.);
#2038=ORIENTED_EDGE('',*,*,#3548,.T.);
#2039=ORIENTED_EDGE('',*,*,#3449,.F.);
#2040=ORIENTED_EDGE('',*,*,#3397,.T.);
#2041=ORIENTED_EDGE('',*,*,#3549,.T.);
#2042=ORIENTED_EDGE('',*,*,#3550,.T.);
#2043=ORIENTED_EDGE('',*,*,#3551,.F.);
#2044=ORIENTED_EDGE('',*,*,#3350,.F.);
#2045=ORIENTED_EDGE('',*,*,#3414,.T.);
#2046=ORIENTED_EDGE('',*,*,#3538,.F.);
#2047=ORIENTED_EDGE('',*,*,#3552,.T.);
#2048=ORIENTED_EDGE('',*,*,#3553,.F.);
#2049=ORIENTED_EDGE('',*,*,#3554,.T.);
#2050=ORIENTED_EDGE('',*,*,#3555,.F.);
#2051=ORIENTED_EDGE('',*,*,#3556,.T.);
#2052=ORIENTED_EDGE('',*,*,#3557,.T.);
#2053=ORIENTED_EDGE('',*,*,#3483,.F.);
#2054=ORIENTED_EDGE('',*,*,#3503,.T.);
#2055=ORIENTED_EDGE('',*,*,#3501,.T.);
#2056=ORIENTED_EDGE('',*,*,#3499,.T.);
#2057=ORIENTED_EDGE('',*,*,#3551,.T.);
#2058=ORIENTED_EDGE('',*,*,#3558,.T.);
#2059=ORIENTED_EDGE('',*,*,#3543,.F.);
#2060=ORIENTED_EDGE('',*,*,#3351,.T.);
#2061=ORIENTED_EDGE('',*,*,#3559,.F.);
#2062=ORIENTED_EDGE('',*,*,#3560,.T.);
#2063=ORIENTED_EDGE('',*,*,#3561,.F.);
#2064=ORIENTED_EDGE('',*,*,#3562,.T.);
#2065=ORIENTED_EDGE('',*,*,#3563,.F.);
#2066=ORIENTED_EDGE('',*,*,#3564,.F.);
#2067=ORIENTED_EDGE('',*,*,#3565,.T.);
#2068=ORIENTED_EDGE('',*,*,#3566,.F.);
#2069=ORIENTED_EDGE('',*,*,#3567,.T.);
#2070=ORIENTED_EDGE('',*,*,#3568,.T.);
#2071=ORIENTED_EDGE('',*,*,#3569,.F.);
#2072=ORIENTED_EDGE('',*,*,#3570,.F.);
#2073=ORIENTED_EDGE('',*,*,#3571,.F.);
#2074=ORIENTED_EDGE('',*,*,#3572,.F.);
#2075=ORIENTED_EDGE('',*,*,#3573,.F.);
#2076=ORIENTED_EDGE('',*,*,#3574,.F.);
#2077=ORIENTED_EDGE('',*,*,#3575,.F.);
#2078=ORIENTED_EDGE('',*,*,#3576,.F.);
#2079=ORIENTED_EDGE('',*,*,#3577,.F.);
#2080=ORIENTED_EDGE('',*,*,#3578,.F.);
#2081=ORIENTED_EDGE('',*,*,#3579,.F.);
#2082=ORIENTED_EDGE('',*,*,#3580,.F.);
#2083=ORIENTED_EDGE('',*,*,#3581,.F.);
#2084=ORIENTED_EDGE('',*,*,#3582,.F.);
#2085=ORIENTED_EDGE('',*,*,#3583,.F.);
#2086=ORIENTED_EDGE('',*,*,#3584,.F.);
#2087=ORIENTED_EDGE('',*,*,#3585,.F.);
#2088=ORIENTED_EDGE('',*,*,#3586,.F.);
#2089=ORIENTED_EDGE('',*,*,#3587,.F.);
#2090=ORIENTED_EDGE('',*,*,#3588,.F.);
#2091=ORIENTED_EDGE('',*,*,#3497,.F.);
#2092=ORIENTED_EDGE('',*,*,#3495,.F.);
#2093=ORIENTED_EDGE('',*,*,#3493,.F.);
#2094=ORIENTED_EDGE('',*,*,#3491,.F.);
#2095=ORIENTED_EDGE('',*,*,#3589,.F.);
#2096=ORIENTED_EDGE('',*,*,#3590,.F.);
#2097=ORIENTED_EDGE('',*,*,#3591,.F.);
#2098=ORIENTED_EDGE('',*,*,#3592,.F.);
#2099=ORIENTED_EDGE('',*,*,#3593,.F.);
#2100=ORIENTED_EDGE('',*,*,#3594,.F.);
#2101=ORIENTED_EDGE('',*,*,#3595,.F.);
#2102=ORIENTED_EDGE('',*,*,#3596,.F.);
#2103=ORIENTED_EDGE('',*,*,#3597,.F.);
#2104=ORIENTED_EDGE('',*,*,#3598,.F.);
#2105=ORIENTED_EDGE('',*,*,#3599,.F.);
#2106=ORIENTED_EDGE('',*,*,#3600,.F.);
#2107=ORIENTED_EDGE('',*,*,#3601,.F.);
#2108=ORIENTED_EDGE('',*,*,#3602,.F.);
#2109=ORIENTED_EDGE('',*,*,#3603,.F.);
#2110=ORIENTED_EDGE('',*,*,#3604,.F.);
#2111=ORIENTED_EDGE('',*,*,#3605,.F.);
#2112=ORIENTED_EDGE('',*,*,#3606,.F.);
#2113=ORIENTED_EDGE('',*,*,#3548,.F.);
#2114=ORIENTED_EDGE('',*,*,#3607,.F.);
#2115=ORIENTED_EDGE('',*,*,#3541,.T.);
#2116=ORIENTED_EDGE('',*,*,#3450,.T.);
#2117=ORIENTED_EDGE('',*,*,#3608,.F.);
#2118=ORIENTED_EDGE('',*,*,#3609,.F.);
#2119=ORIENTED_EDGE('',*,*,#3610,.F.);
#2120=ORIENTED_EDGE('',*,*,#3611,.F.);
#2121=ORIENTED_EDGE('',*,*,#3612,.F.);
#2122=ORIENTED_EDGE('',*,*,#3613,.F.);
#2123=ORIENTED_EDGE('',*,*,#3614,.F.);
#2124=ORIENTED_EDGE('',*,*,#3615,.F.);
#2125=ORIENTED_EDGE('',*,*,#3616,.T.);
#2126=ORIENTED_EDGE('',*,*,#3617,.F.);
#2127=ORIENTED_EDGE('',*,*,#3618,.F.);
#2128=ORIENTED_EDGE('',*,*,#3619,.F.);
#2129=ORIENTED_EDGE('',*,*,#3620,.F.);
#2130=ORIENTED_EDGE('',*,*,#3621,.T.);
#2131=ORIENTED_EDGE('',*,*,#3622,.F.);
#2132=ORIENTED_EDGE('',*,*,#3623,.F.);
#2133=ORIENTED_EDGE('',*,*,#3624,.F.);
#2134=ORIENTED_EDGE('',*,*,#3625,.F.);
#2135=ORIENTED_EDGE('',*,*,#3626,.F.);
#2136=ORIENTED_EDGE('',*,*,#3627,.F.);
#2137=ORIENTED_EDGE('',*,*,#3628,.F.);
#2138=ORIENTED_EDGE('',*,*,#3629,.F.);
#2139=ORIENTED_EDGE('',*,*,#3630,.F.);
#2140=ORIENTED_EDGE('',*,*,#3631,.F.);
#2141=ORIENTED_EDGE('',*,*,#3632,.F.);
#2142=ORIENTED_EDGE('',*,*,#3633,.F.);
#2143=ORIENTED_EDGE('',*,*,#3634,.F.);
#2144=ORIENTED_EDGE('',*,*,#3635,.F.);
#2145=ORIENTED_EDGE('',*,*,#3636,.F.);
#2146=ORIENTED_EDGE('',*,*,#3637,.F.);
#2147=ORIENTED_EDGE('',*,*,#3638,.F.);
#2148=ORIENTED_EDGE('',*,*,#3639,.F.);
#2149=ORIENTED_EDGE('',*,*,#3640,.F.);
#2150=ORIENTED_EDGE('',*,*,#3641,.F.);
#2151=ORIENTED_EDGE('',*,*,#3642,.F.);
#2152=ORIENTED_EDGE('',*,*,#3643,.F.);
#2153=ORIENTED_EDGE('',*,*,#3644,.F.);
#2154=ORIENTED_EDGE('',*,*,#3645,.F.);
#2155=ORIENTED_EDGE('',*,*,#3646,.F.);
#2156=ORIENTED_EDGE('',*,*,#3647,.F.);
#2157=ORIENTED_EDGE('',*,*,#3648,.F.);
#2158=ORIENTED_EDGE('',*,*,#3649,.F.);
#2159=ORIENTED_EDGE('',*,*,#3650,.F.);
#2160=ORIENTED_EDGE('',*,*,#3651,.F.);
#2161=ORIENTED_EDGE('',*,*,#3652,.F.);
#2162=ORIENTED_EDGE('',*,*,#3653,.F.);
#2163=ORIENTED_EDGE('',*,*,#3654,.F.);
#2164=ORIENTED_EDGE('',*,*,#3655,.F.);
#2165=ORIENTED_EDGE('',*,*,#3656,.F.);
#2166=ORIENTED_EDGE('',*,*,#3657,.F.);
#2167=ORIENTED_EDGE('',*,*,#3658,.F.);
#2168=ORIENTED_EDGE('',*,*,#3659,.F.);
#2169=ORIENTED_EDGE('',*,*,#3660,.F.);
#2170=ORIENTED_EDGE('',*,*,#3661,.F.);
#2171=ORIENTED_EDGE('',*,*,#3662,.T.);
#2172=ORIENTED_EDGE('',*,*,#3663,.F.);
#2173=ORIENTED_EDGE('',*,*,#3664,.T.);
#2174=ORIENTED_EDGE('',*,*,#3665,.F.);
#2175=ORIENTED_EDGE('',*,*,#3666,.F.);
#2176=ORIENTED_EDGE('',*,*,#3667,.F.);
#2177=ORIENTED_EDGE('',*,*,#3549,.F.);
#2178=ORIENTED_EDGE('',*,*,#3396,.F.);
#2179=ORIENTED_EDGE('',*,*,#3545,.T.);
#2180=ORIENTED_EDGE('',*,*,#3668,.T.);
#2181=ORIENTED_EDGE('',*,*,#3560,.F.);
#2182=ORIENTED_EDGE('',*,*,#3669,.F.);
#2183=ORIENTED_EDGE('',*,*,#3670,.T.);
#2184=ORIENTED_EDGE('',*,*,#3671,.T.);
#2185=ORIENTED_EDGE('',*,*,#3559,.T.);
#2186=ORIENTED_EDGE('',*,*,#3672,.F.);
#2187=ORIENTED_EDGE('',*,*,#3673,.F.);
#2188=ORIENTED_EDGE('',*,*,#3669,.T.);
#2189=ORIENTED_EDGE('',*,*,#3570,.T.);
#2190=ORIENTED_EDGE('',*,*,#3674,.F.);
#2191=ORIENTED_EDGE('',*,*,#3675,.F.);
#2192=ORIENTED_EDGE('',*,*,#3672,.T.);
#2193=ORIENTED_EDGE('',*,*,#3569,.T.);
#2194=ORIENTED_EDGE('',*,*,#3676,.F.);
#2195=ORIENTED_EDGE('',*,*,#3677,.F.);
#2196=ORIENTED_EDGE('',*,*,#3674,.T.);
#2197=ORIENTED_EDGE('',*,*,#3568,.F.);
#2198=ORIENTED_EDGE('',*,*,#3678,.F.);
#2199=ORIENTED_EDGE('',*,*,#3679,.T.);
#2200=ORIENTED_EDGE('',*,*,#3676,.T.);
#2201=ORIENTED_EDGE('',*,*,#3567,.F.);
#2202=ORIENTED_EDGE('',*,*,#3680,.F.);
#2203=ORIENTED_EDGE('',*,*,#3681,.T.);
#2204=ORIENTED_EDGE('',*,*,#3678,.T.);
#2205=ORIENTED_EDGE('',*,*,#3566,.T.);
#2206=ORIENTED_EDGE('',*,*,#3682,.F.);
#2207=ORIENTED_EDGE('',*,*,#3683,.F.);
#2208=ORIENTED_EDGE('',*,*,#3680,.T.);
#2209=ORIENTED_EDGE('',*,*,#3565,.F.);
#2210=ORIENTED_EDGE('',*,*,#3684,.F.);
#2211=ORIENTED_EDGE('',*,*,#3685,.T.);
#2212=ORIENTED_EDGE('',*,*,#3682,.T.);
#2213=ORIENTED_EDGE('',*,*,#3564,.T.);
#2214=ORIENTED_EDGE('',*,*,#3686,.F.);
#2215=ORIENTED_EDGE('',*,*,#3687,.F.);
#2216=ORIENTED_EDGE('',*,*,#3684,.T.);
#2217=ORIENTED_EDGE('',*,*,#3563,.T.);
#2218=ORIENTED_EDGE('',*,*,#3688,.F.);
#2219=ORIENTED_EDGE('',*,*,#3689,.F.);
#2220=ORIENTED_EDGE('',*,*,#3686,.T.);
#2221=ORIENTED_EDGE('',*,*,#3562,.F.);
#2222=ORIENTED_EDGE('',*,*,#3690,.F.);
#2223=ORIENTED_EDGE('',*,*,#3691,.T.);
#2224=ORIENTED_EDGE('',*,*,#3688,.T.);
#2225=ORIENTED_EDGE('',*,*,#3561,.T.);
#2226=ORIENTED_EDGE('',*,*,#3671,.F.);
#2227=ORIENTED_EDGE('',*,*,#3692,.F.);
#2228=ORIENTED_EDGE('',*,*,#3690,.T.);
#2229=ORIENTED_EDGE('',*,*,#3554,.F.);
#2230=ORIENTED_EDGE('',*,*,#3552,.F.);
#2231=ORIENTED_EDGE('',*,*,#3693,.F.);
#2232=ORIENTED_EDGE('',*,*,#3694,.F.);
#2233=ORIENTED_EDGE('',*,*,#3695,.F.);
#2234=ORIENTED_EDGE('',*,*,#3696,.F.);
#2235=ORIENTED_EDGE('',*,*,#3697,.T.);
#2236=ORIENTED_EDGE('',*,*,#3698,.F.);
#2237=ORIENTED_EDGE('',*,*,#3699,.T.);
#2238=ORIENTED_EDGE('',*,*,#3700,.F.);
#2239=ORIENTED_EDGE('',*,*,#3670,.F.);
#2240=ORIENTED_EDGE('',*,*,#3673,.T.);
#2241=ORIENTED_EDGE('',*,*,#3675,.T.);
#2242=ORIENTED_EDGE('',*,*,#3677,.T.);
#2243=ORIENTED_EDGE('',*,*,#3679,.F.);
#2244=ORIENTED_EDGE('',*,*,#3681,.F.);
#2245=ORIENTED_EDGE('',*,*,#3683,.T.);
#2246=ORIENTED_EDGE('',*,*,#3685,.F.);
#2247=ORIENTED_EDGE('',*,*,#3687,.T.);
#2248=ORIENTED_EDGE('',*,*,#3689,.T.);
#2249=ORIENTED_EDGE('',*,*,#3691,.F.);
#2250=ORIENTED_EDGE('',*,*,#3692,.T.);
#2251=ORIENTED_EDGE('',*,*,#3660,.T.);
#2252=ORIENTED_EDGE('',*,*,#3701,.T.);
#2253=ORIENTED_EDGE('',*,*,#3693,.T.);
#2254=ORIENTED_EDGE('',*,*,#3702,.F.);
#2255=ORIENTED_EDGE('',*,*,#3661,.T.);
#2256=ORIENTED_EDGE('',*,*,#3702,.T.);
#2257=ORIENTED_EDGE('',*,*,#3700,.T.);
#2258=ORIENTED_EDGE('',*,*,#3703,.F.);
#2259=ORIENTED_EDGE('',*,*,#3703,.T.);
#2260=ORIENTED_EDGE('',*,*,#3699,.F.);
#2261=ORIENTED_EDGE('',*,*,#3704,.F.);
#2262=ORIENTED_EDGE('',*,*,#3662,.F.);
#2263=ORIENTED_EDGE('',*,*,#3663,.T.);
#2264=ORIENTED_EDGE('',*,*,#3704,.T.);
#2265=ORIENTED_EDGE('',*,*,#3698,.T.);
#2266=ORIENTED_EDGE('',*,*,#3705,.F.);
#2267=ORIENTED_EDGE('',*,*,#3705,.T.);
#2268=ORIENTED_EDGE('',*,*,#3697,.F.);
#2269=ORIENTED_EDGE('',*,*,#3706,.F.);
#2270=ORIENTED_EDGE('',*,*,#3664,.F.);
#2271=ORIENTED_EDGE('',*,*,#3665,.T.);
#2272=ORIENTED_EDGE('',*,*,#3706,.T.);
#2273=ORIENTED_EDGE('',*,*,#3696,.T.);
#2274=ORIENTED_EDGE('',*,*,#3707,.F.);
#2275=ORIENTED_EDGE('',*,*,#3666,.T.);
#2276=ORIENTED_EDGE('',*,*,#3707,.T.);
#2277=ORIENTED_EDGE('',*,*,#3695,.T.);
#2278=ORIENTED_EDGE('',*,*,#3708,.F.);
#2279=ORIENTED_EDGE('',*,*,#3667,.T.);
#2280=ORIENTED_EDGE('',*,*,#3708,.T.);
#2281=ORIENTED_EDGE('',*,*,#3694,.T.);
#2282=ORIENTED_EDGE('',*,*,#3701,.F.);
#2283=ORIENTED_EDGE('',*,*,#3709,.T.);
#2284=ORIENTED_EDGE('',*,*,#3710,.T.);
#2285=ORIENTED_EDGE('',*,*,#3711,.T.);
#2286=ORIENTED_EDGE('',*,*,#3712,.T.);
#2287=ORIENTED_EDGE('',*,*,#3713,.T.);
#2288=ORIENTED_EDGE('',*,*,#3714,.T.);
#2289=ORIENTED_EDGE('',*,*,#3555,.T.);
#2290=ORIENTED_EDGE('',*,*,#3654,.T.);
#2291=ORIENTED_EDGE('',*,*,#3715,.F.);
#2292=ORIENTED_EDGE('',*,*,#3709,.F.);
#2293=ORIENTED_EDGE('',*,*,#3716,.T.);
#2294=ORIENTED_EDGE('',*,*,#3659,.T.);
#2295=ORIENTED_EDGE('',*,*,#3717,.F.);
#2296=ORIENTED_EDGE('',*,*,#3710,.F.);
#2297=ORIENTED_EDGE('',*,*,#3715,.T.);
#2298=ORIENTED_EDGE('',*,*,#3658,.T.);
#2299=ORIENTED_EDGE('',*,*,#3718,.F.);
#2300=ORIENTED_EDGE('',*,*,#3711,.F.);
#2301=ORIENTED_EDGE('',*,*,#3717,.T.);
#2302=ORIENTED_EDGE('',*,*,#3657,.T.);
#2303=ORIENTED_EDGE('',*,*,#3719,.F.);
#2304=ORIENTED_EDGE('',*,*,#3712,.F.);
#2305=ORIENTED_EDGE('',*,*,#3718,.T.);
#2306=ORIENTED_EDGE('',*,*,#3656,.T.);
#2307=ORIENTED_EDGE('',*,*,#3720,.F.);
#2308=ORIENTED_EDGE('',*,*,#3713,.F.);
#2309=ORIENTED_EDGE('',*,*,#3719,.T.);
#2310=ORIENTED_EDGE('',*,*,#3655,.T.);
#2311=ORIENTED_EDGE('',*,*,#3716,.F.);
#2312=ORIENTED_EDGE('',*,*,#3714,.F.);
#2313=ORIENTED_EDGE('',*,*,#3720,.T.);
#2314=ORIENTED_EDGE('',*,*,#3721,.T.);
#2315=ORIENTED_EDGE('',*,*,#3722,.T.);
#2316=ORIENTED_EDGE('',*,*,#3723,.T.);
#2317=ORIENTED_EDGE('',*,*,#3724,.T.);
#2318=ORIENTED_EDGE('',*,*,#3725,.T.);
#2319=ORIENTED_EDGE('',*,*,#3726,.T.);
#2320=ORIENTED_EDGE('',*,*,#3553,.T.);
#2321=ORIENTED_EDGE('',*,*,#3648,.T.);
#2322=ORIENTED_EDGE('',*,*,#3727,.F.);
#2323=ORIENTED_EDGE('',*,*,#3721,.F.);
#2324=ORIENTED_EDGE('',*,*,#3728,.T.);
#2325=ORIENTED_EDGE('',*,*,#3653,.T.);
#2326=ORIENTED_EDGE('',*,*,#3729,.F.);
#2327=ORIENTED_EDGE('',*,*,#3722,.F.);
#2328=ORIENTED_EDGE('',*,*,#3727,.T.);
#2329=ORIENTED_EDGE('',*,*,#3652,.T.);
#2330=ORIENTED_EDGE('',*,*,#3730,.F.);
#2331=ORIENTED_EDGE('',*,*,#3723,.F.);
#2332=ORIENTED_EDGE('',*,*,#3729,.T.);
#2333=ORIENTED_EDGE('',*,*,#3651,.T.);
#2334=ORIENTED_EDGE('',*,*,#3731,.F.);
#2335=ORIENTED_EDGE('',*,*,#3724,.F.);
#2336=ORIENTED_EDGE('',*,*,#3730,.T.);
#2337=ORIENTED_EDGE('',*,*,#3650,.T.);
#2338=ORIENTED_EDGE('',*,*,#3732,.F.);
#2339=ORIENTED_EDGE('',*,*,#3725,.F.);
#2340=ORIENTED_EDGE('',*,*,#3731,.T.);
#2341=ORIENTED_EDGE('',*,*,#3649,.T.);
#2342=ORIENTED_EDGE('',*,*,#3728,.F.);
#2343=ORIENTED_EDGE('',*,*,#3726,.F.);
#2344=ORIENTED_EDGE('',*,*,#3732,.T.);
#2345=ORIENTED_EDGE('',*,*,#3544,.T.);
#2346=ORIENTED_EDGE('',*,*,#3558,.F.);
#2347=ORIENTED_EDGE('',*,*,#3550,.F.);
#2348=ORIENTED_EDGE('',*,*,#3668,.F.);
#2349=ORIENTED_EDGE('',*,*,#3607,.T.);
#2350=ORIENTED_EDGE('',*,*,#3547,.T.);
#2351=ORIENTED_EDGE('',*,*,#3537,.T.);
#2352=ORIENTED_EDGE('',*,*,#3542,.F.);
#2353=ORIENTED_EDGE('',*,*,#3733,.T.);
#2354=ORIENTED_EDGE('',*,*,#3734,.T.);
#2355=ORIENTED_EDGE('',*,*,#3735,.T.);
#2356=ORIENTED_EDGE('',*,*,#3736,.T.);
#2357=ORIENTED_EDGE('',*,*,#3737,.T.);
#2358=ORIENTED_EDGE('',*,*,#3738,.T.);
#2359=ORIENTED_EDGE('',*,*,#3510,.T.);
#2360=ORIENTED_EDGE('',*,*,#3589,.T.);
#2361=ORIENTED_EDGE('',*,*,#3739,.F.);
#2362=ORIENTED_EDGE('',*,*,#3733,.F.);
#2363=ORIENTED_EDGE('',*,*,#3740,.T.);
#2364=ORIENTED_EDGE('',*,*,#3594,.T.);
#2365=ORIENTED_EDGE('',*,*,#3741,.F.);
#2366=ORIENTED_EDGE('',*,*,#3734,.F.);
#2367=ORIENTED_EDGE('',*,*,#3739,.T.);
#2368=ORIENTED_EDGE('',*,*,#3593,.T.);
#2369=ORIENTED_EDGE('',*,*,#3742,.F.);
#2370=ORIENTED_EDGE('',*,*,#3735,.F.);
#2371=ORIENTED_EDGE('',*,*,#3741,.T.);
#2372=ORIENTED_EDGE('',*,*,#3592,.T.);
#2373=ORIENTED_EDGE('',*,*,#3743,.F.);
#2374=ORIENTED_EDGE('',*,*,#3736,.F.);
#2375=ORIENTED_EDGE('',*,*,#3742,.T.);
#2376=ORIENTED_EDGE('',*,*,#3591,.T.);
#2377=ORIENTED_EDGE('',*,*,#3744,.F.);
#2378=ORIENTED_EDGE('',*,*,#3737,.F.);
#2379=ORIENTED_EDGE('',*,*,#3743,.T.);
#2380=ORIENTED_EDGE('',*,*,#3590,.T.);
#2381=ORIENTED_EDGE('',*,*,#3740,.F.);
#2382=ORIENTED_EDGE('',*,*,#3738,.F.);
#2383=ORIENTED_EDGE('',*,*,#3744,.T.);
#2384=ORIENTED_EDGE('',*,*,#3745,.T.);
#2385=ORIENTED_EDGE('',*,*,#3746,.T.);
#2386=ORIENTED_EDGE('',*,*,#3747,.T.);
#2387=ORIENTED_EDGE('',*,*,#3748,.T.);
#2388=ORIENTED_EDGE('',*,*,#3749,.T.);
#2389=ORIENTED_EDGE('',*,*,#3750,.T.);
#2390=ORIENTED_EDGE('',*,*,#3508,.T.);
#2391=ORIENTED_EDGE('',*,*,#3595,.T.);
#2392=ORIENTED_EDGE('',*,*,#3751,.F.);
#2393=ORIENTED_EDGE('',*,*,#3745,.F.);
#2394=ORIENTED_EDGE('',*,*,#3752,.T.);
#2395=ORIENTED_EDGE('',*,*,#3600,.T.);
#2396=ORIENTED_EDGE('',*,*,#3753,.F.);
#2397=ORIENTED_EDGE('',*,*,#3746,.F.);
#2398=ORIENTED_EDGE('',*,*,#3751,.T.);
#2399=ORIENTED_EDGE('',*,*,#3599,.T.);
#2400=ORIENTED_EDGE('',*,*,#3754,.F.);
#2401=ORIENTED_EDGE('',*,*,#3747,.F.);
#2402=ORIENTED_EDGE('',*,*,#3753,.T.);
#2403=ORIENTED_EDGE('',*,*,#3598,.T.);
#2404=ORIENTED_EDGE('',*,*,#3755,.F.);
#2405=ORIENTED_EDGE('',*,*,#3748,.F.);
#2406=ORIENTED_EDGE('',*,*,#3754,.T.);
#2407=ORIENTED_EDGE('',*,*,#3597,.T.);
#2408=ORIENTED_EDGE('',*,*,#3756,.F.);
#2409=ORIENTED_EDGE('',*,*,#3749,.F.);
#2410=ORIENTED_EDGE('',*,*,#3755,.T.);
#2411=ORIENTED_EDGE('',*,*,#3596,.T.);
#2412=ORIENTED_EDGE('',*,*,#3752,.F.);
#2413=ORIENTED_EDGE('',*,*,#3750,.F.);
#2414=ORIENTED_EDGE('',*,*,#3756,.T.);
#2415=ORIENTED_EDGE('',*,*,#3757,.T.);
#2416=ORIENTED_EDGE('',*,*,#3758,.T.);
#2417=ORIENTED_EDGE('',*,*,#3759,.T.);
#2418=ORIENTED_EDGE('',*,*,#3760,.T.);
#2419=ORIENTED_EDGE('',*,*,#3761,.T.);
#2420=ORIENTED_EDGE('',*,*,#3762,.T.);
#2421=ORIENTED_EDGE('',*,*,#3506,.T.);
#2422=ORIENTED_EDGE('',*,*,#3601,.T.);
#2423=ORIENTED_EDGE('',*,*,#3763,.F.);
#2424=ORIENTED_EDGE('',*,*,#3757,.F.);
#2425=ORIENTED_EDGE('',*,*,#3764,.T.);
#2426=ORIENTED_EDGE('',*,*,#3606,.T.);
#2427=ORIENTED_EDGE('',*,*,#3765,.F.);
#2428=ORIENTED_EDGE('',*,*,#3758,.F.);
#2429=ORIENTED_EDGE('',*,*,#3763,.T.);
#2430=ORIENTED_EDGE('',*,*,#3605,.T.);
#2431=ORIENTED_EDGE('',*,*,#3766,.F.);
#2432=ORIENTED_EDGE('',*,*,#3759,.F.);
#2433=ORIENTED_EDGE('',*,*,#3765,.T.);
#2434=ORIENTED_EDGE('',*,*,#3604,.T.);
#2435=ORIENTED_EDGE('',*,*,#3767,.F.);
#2436=ORIENTED_EDGE('',*,*,#3760,.F.);
#2437=ORIENTED_EDGE('',*,*,#3766,.T.);
#2438=ORIENTED_EDGE('',*,*,#3603,.T.);
#2439=ORIENTED_EDGE('',*,*,#3768,.F.);
#2440=ORIENTED_EDGE('',*,*,#3761,.F.);
#2441=ORIENTED_EDGE('',*,*,#3767,.T.);
#2442=ORIENTED_EDGE('',*,*,#3602,.T.);
#2443=ORIENTED_EDGE('',*,*,#3764,.F.);
#2444=ORIENTED_EDGE('',*,*,#3762,.F.);
#2445=ORIENTED_EDGE('',*,*,#3768,.T.);
#2446=ORIENTED_EDGE('',*,*,#3769,.T.);
#2447=ORIENTED_EDGE('',*,*,#3770,.T.);
#2448=ORIENTED_EDGE('',*,*,#3771,.T.);
#2449=ORIENTED_EDGE('',*,*,#3772,.T.);
#2450=ORIENTED_EDGE('',*,*,#3773,.T.);
#2451=ORIENTED_EDGE('',*,*,#3774,.T.);
#2452=ORIENTED_EDGE('',*,*,#3504,.T.);
#2453=ORIENTED_EDGE('',*,*,#3630,.T.);
#2454=ORIENTED_EDGE('',*,*,#3775,.F.);
#2455=ORIENTED_EDGE('',*,*,#3769,.F.);
#2456=ORIENTED_EDGE('',*,*,#3776,.T.);
#2457=ORIENTED_EDGE('',*,*,#3635,.T.);
#2458=ORIENTED_EDGE('',*,*,#3777,.F.);
#2459=ORIENTED_EDGE('',*,*,#3770,.F.);
#2460=ORIENTED_EDGE('',*,*,#3775,.T.);
#2461=ORIENTED_EDGE('',*,*,#3634,.T.);
#2462=ORIENTED_EDGE('',*,*,#3778,.F.);
#2463=ORIENTED_EDGE('',*,*,#3771,.F.);
#2464=ORIENTED_EDGE('',*,*,#3777,.T.);
#2465=ORIENTED_EDGE('',*,*,#3633,.T.);
#2466=ORIENTED_EDGE('',*,*,#3779,.F.);
#2467=ORIENTED_EDGE('',*,*,#3772,.F.);
#2468=ORIENTED_EDGE('',*,*,#3778,.T.);
#2469=ORIENTED_EDGE('',*,*,#3632,.T.);
#2470=ORIENTED_EDGE('',*,*,#3780,.F.);
#2471=ORIENTED_EDGE('',*,*,#3773,.F.);
#2472=ORIENTED_EDGE('',*,*,#3779,.T.);
#2473=ORIENTED_EDGE('',*,*,#3631,.T.);
#2474=ORIENTED_EDGE('',*,*,#3776,.F.);
#2475=ORIENTED_EDGE('',*,*,#3774,.F.);
#2476=ORIENTED_EDGE('',*,*,#3780,.T.);
#2477=ORIENTED_EDGE('',*,*,#3781,.T.);
#2478=ORIENTED_EDGE('',*,*,#3782,.T.);
#2479=ORIENTED_EDGE('',*,*,#3783,.T.);
#2480=ORIENTED_EDGE('',*,*,#3784,.T.);
#2481=ORIENTED_EDGE('',*,*,#3785,.T.);
#2482=ORIENTED_EDGE('',*,*,#3786,.T.);
#2483=ORIENTED_EDGE('',*,*,#3502,.T.);
#2484=ORIENTED_EDGE('',*,*,#3636,.T.);
#2485=ORIENTED_EDGE('',*,*,#3787,.F.);
#2486=ORIENTED_EDGE('',*,*,#3781,.F.);
#2487=ORIENTED_EDGE('',*,*,#3788,.T.);
#2488=ORIENTED_EDGE('',*,*,#3641,.T.);
#2489=ORIENTED_EDGE('',*,*,#3789,.F.);
#2490=ORIENTED_EDGE('',*,*,#3782,.F.);
#2491=ORIENTED_EDGE('',*,*,#3787,.T.);
#2492=ORIENTED_EDGE('',*,*,#3640,.T.);
#2493=ORIENTED_EDGE('',*,*,#3790,.F.);
#2494=ORIENTED_EDGE('',*,*,#3783,.F.);
#2495=ORIENTED_EDGE('',*,*,#3789,.T.);
#2496=ORIENTED_EDGE('',*,*,#3639,.T.);
#2497=ORIENTED_EDGE('',*,*,#3791,.F.);
#2498=ORIENTED_EDGE('',*,*,#3784,.F.);
#2499=ORIENTED_EDGE('',*,*,#3790,.T.);
#2500=ORIENTED_EDGE('',*,*,#3638,.T.);
#2501=ORIENTED_EDGE('',*,*,#3792,.F.);
#2502=ORIENTED_EDGE('',*,*,#3785,.F.);
#2503=ORIENTED_EDGE('',*,*,#3791,.T.);
#2504=ORIENTED_EDGE('',*,*,#3637,.T.);
#2505=ORIENTED_EDGE('',*,*,#3788,.F.);
#2506=ORIENTED_EDGE('',*,*,#3786,.F.);
#2507=ORIENTED_EDGE('',*,*,#3792,.T.);
#2508=ORIENTED_EDGE('',*,*,#3793,.T.);
#2509=ORIENTED_EDGE('',*,*,#3794,.T.);
#2510=ORIENTED_EDGE('',*,*,#3795,.T.);
#2511=ORIENTED_EDGE('',*,*,#3796,.T.);
#2512=ORIENTED_EDGE('',*,*,#3797,.T.);
#2513=ORIENTED_EDGE('',*,*,#3798,.T.);
#2514=ORIENTED_EDGE('',*,*,#3500,.T.);
#2515=ORIENTED_EDGE('',*,*,#3642,.T.);
#2516=ORIENTED_EDGE('',*,*,#3799,.F.);
#2517=ORIENTED_EDGE('',*,*,#3793,.F.);
#2518=ORIENTED_EDGE('',*,*,#3800,.T.);
#2519=ORIENTED_EDGE('',*,*,#3647,.T.);
#2520=ORIENTED_EDGE('',*,*,#3801,.F.);
#2521=ORIENTED_EDGE('',*,*,#3794,.F.);
#2522=ORIENTED_EDGE('',*,*,#3799,.T.);
#2523=ORIENTED_EDGE('',*,*,#3646,.T.);
#2524=ORIENTED_EDGE('',*,*,#3802,.F.);
#2525=ORIENTED_EDGE('',*,*,#3795,.F.);
#2526=ORIENTED_EDGE('',*,*,#3801,.T.);
#2527=ORIENTED_EDGE('',*,*,#3645,.T.);
#2528=ORIENTED_EDGE('',*,*,#3803,.F.);
#2529=ORIENTED_EDGE('',*,*,#3796,.F.);
#2530=ORIENTED_EDGE('',*,*,#3802,.T.);
#2531=ORIENTED_EDGE('',*,*,#3644,.T.);
#2532=ORIENTED_EDGE('',*,*,#3804,.F.);
#2533=ORIENTED_EDGE('',*,*,#3797,.F.);
#2534=ORIENTED_EDGE('',*,*,#3803,.T.);
#2535=ORIENTED_EDGE('',*,*,#3643,.T.);
#2536=ORIENTED_EDGE('',*,*,#3800,.F.);
#2537=ORIENTED_EDGE('',*,*,#3798,.F.);
#2538=ORIENTED_EDGE('',*,*,#3804,.T.);
#2539=ORIENTED_EDGE('',*,*,#3805,.T.);
#2540=ORIENTED_EDGE('',*,*,#3806,.T.);
#2541=ORIENTED_EDGE('',*,*,#3807,.T.);
#2542=ORIENTED_EDGE('',*,*,#3808,.T.);
#2543=ORIENTED_EDGE('',*,*,#3809,.T.);
#2544=ORIENTED_EDGE('',*,*,#3810,.T.);
#2545=ORIENTED_EDGE('',*,*,#3498,.T.);
#2546=ORIENTED_EDGE('',*,*,#3514,.T.);
#2547=ORIENTED_EDGE('',*,*,#3811,.F.);
#2548=ORIENTED_EDGE('',*,*,#3805,.F.);
#2549=ORIENTED_EDGE('',*,*,#3812,.T.);
#2550=ORIENTED_EDGE('',*,*,#3513,.T.);
#2551=ORIENTED_EDGE('',*,*,#3813,.F.);
#2552=ORIENTED_EDGE('',*,*,#3806,.F.);
#2553=ORIENTED_EDGE('',*,*,#3811,.T.);
#2554=ORIENTED_EDGE('',*,*,#3518,.T.);
#2555=ORIENTED_EDGE('',*,*,#3814,.F.);
#2556=ORIENTED_EDGE('',*,*,#3807,.F.);
#2557=ORIENTED_EDGE('',*,*,#3813,.T.);
#2558=ORIENTED_EDGE('',*,*,#3517,.T.);
#2559=ORIENTED_EDGE('',*,*,#3815,.F.);
#2560=ORIENTED_EDGE('',*,*,#3808,.F.);
#2561=ORIENTED_EDGE('',*,*,#3814,.T.);
#2562=ORIENTED_EDGE('',*,*,#3516,.T.);
#2563=ORIENTED_EDGE('',*,*,#3816,.F.);
#2564=ORIENTED_EDGE('',*,*,#3809,.F.);
#2565=ORIENTED_EDGE('',*,*,#3815,.T.);
#2566=ORIENTED_EDGE('',*,*,#3515,.T.);
#2567=ORIENTED_EDGE('',*,*,#3812,.F.);
#2568=ORIENTED_EDGE('',*,*,#3810,.F.);
#2569=ORIENTED_EDGE('',*,*,#3816,.T.);
#2570=ORIENTED_EDGE('',*,*,#3817,.T.);
#2571=ORIENTED_EDGE('',*,*,#3818,.T.);
#2572=ORIENTED_EDGE('',*,*,#3819,.T.);
#2573=ORIENTED_EDGE('',*,*,#3820,.T.);
#2574=ORIENTED_EDGE('',*,*,#3821,.T.);
#2575=ORIENTED_EDGE('',*,*,#3822,.T.);
#2576=ORIENTED_EDGE('',*,*,#3496,.T.);
#2577=ORIENTED_EDGE('',*,*,#3520,.T.);
#2578=ORIENTED_EDGE('',*,*,#3823,.F.);
#2579=ORIENTED_EDGE('',*,*,#3817,.F.);
#2580=ORIENTED_EDGE('',*,*,#3824,.T.);
#2581=ORIENTED_EDGE('',*,*,#3519,.T.);
#2582=ORIENTED_EDGE('',*,*,#3825,.F.);
#2583=ORIENTED_EDGE('',*,*,#3818,.F.);
#2584=ORIENTED_EDGE('',*,*,#3823,.T.);
#2585=ORIENTED_EDGE('',*,*,#3524,.T.);
#2586=ORIENTED_EDGE('',*,*,#3826,.F.);
#2587=ORIENTED_EDGE('',*,*,#3819,.F.);
#2588=ORIENTED_EDGE('',*,*,#3825,.T.);
#2589=ORIENTED_EDGE('',*,*,#3523,.T.);
#2590=ORIENTED_EDGE('',*,*,#3827,.F.);
#2591=ORIENTED_EDGE('',*,*,#3820,.F.);
#2592=ORIENTED_EDGE('',*,*,#3826,.T.);
#2593=ORIENTED_EDGE('',*,*,#3522,.T.);
#2594=ORIENTED_EDGE('',*,*,#3828,.F.);
#2595=ORIENTED_EDGE('',*,*,#3821,.F.);
#2596=ORIENTED_EDGE('',*,*,#3827,.T.);
#2597=ORIENTED_EDGE('',*,*,#3521,.T.);
#2598=ORIENTED_EDGE('',*,*,#3824,.F.);
#2599=ORIENTED_EDGE('',*,*,#3822,.F.);
#2600=ORIENTED_EDGE('',*,*,#3828,.T.);
#2601=ORIENTED_EDGE('',*,*,#3829,.T.);
#2602=ORIENTED_EDGE('',*,*,#3830,.T.);
#2603=ORIENTED_EDGE('',*,*,#3831,.T.);
#2604=ORIENTED_EDGE('',*,*,#3832,.T.);
#2605=ORIENTED_EDGE('',*,*,#3833,.T.);
#2606=ORIENTED_EDGE('',*,*,#3834,.T.);
#2607=ORIENTED_EDGE('',*,*,#3494,.T.);
#2608=ORIENTED_EDGE('',*,*,#3526,.T.);
#2609=ORIENTED_EDGE('',*,*,#3835,.F.);
#2610=ORIENTED_EDGE('',*,*,#3829,.F.);
#2611=ORIENTED_EDGE('',*,*,#3836,.T.);
#2612=ORIENTED_EDGE('',*,*,#3525,.T.);
#2613=ORIENTED_EDGE('',*,*,#3837,.F.);
#2614=ORIENTED_EDGE('',*,*,#3830,.F.);
#2615=ORIENTED_EDGE('',*,*,#3835,.T.);
#2616=ORIENTED_EDGE('',*,*,#3530,.T.);
#2617=ORIENTED_EDGE('',*,*,#3838,.F.);
#2618=ORIENTED_EDGE('',*,*,#3831,.F.);
#2619=ORIENTED_EDGE('',*,*,#3837,.T.);
#2620=ORIENTED_EDGE('',*,*,#3529,.T.);
#2621=ORIENTED_EDGE('',*,*,#3839,.F.);
#2622=ORIENTED_EDGE('',*,*,#3832,.F.);
#2623=ORIENTED_EDGE('',*,*,#3838,.T.);
#2624=ORIENTED_EDGE('',*,*,#3528,.T.);
#2625=ORIENTED_EDGE('',*,*,#3840,.F.);
#2626=ORIENTED_EDGE('',*,*,#3833,.F.);
#2627=ORIENTED_EDGE('',*,*,#3839,.T.);
#2628=ORIENTED_EDGE('',*,*,#3527,.T.);
#2629=ORIENTED_EDGE('',*,*,#3836,.F.);
#2630=ORIENTED_EDGE('',*,*,#3834,.F.);
#2631=ORIENTED_EDGE('',*,*,#3840,.T.);
#2632=ORIENTED_EDGE('',*,*,#3841,.T.);
#2633=ORIENTED_EDGE('',*,*,#3842,.T.);
#2634=ORIENTED_EDGE('',*,*,#3843,.T.);
#2635=ORIENTED_EDGE('',*,*,#3844,.T.);
#2636=ORIENTED_EDGE('',*,*,#3845,.T.);
#2637=ORIENTED_EDGE('',*,*,#3846,.T.);
#2638=ORIENTED_EDGE('',*,*,#3492,.T.);
#2639=ORIENTED_EDGE('',*,*,#3532,.T.);
#2640=ORIENTED_EDGE('',*,*,#3847,.F.);
#2641=ORIENTED_EDGE('',*,*,#3841,.F.);
#2642=ORIENTED_EDGE('',*,*,#3848,.T.);
#2643=ORIENTED_EDGE('',*,*,#3531,.T.);
#2644=ORIENTED_EDGE('',*,*,#3849,.F.);
#2645=ORIENTED_EDGE('',*,*,#3842,.F.);
#2646=ORIENTED_EDGE('',*,*,#3847,.T.);
#2647=ORIENTED_EDGE('',*,*,#3536,.T.);
#2648=ORIENTED_EDGE('',*,*,#3850,.F.);
#2649=ORIENTED_EDGE('',*,*,#3843,.F.);
#2650=ORIENTED_EDGE('',*,*,#3849,.T.);
#2651=ORIENTED_EDGE('',*,*,#3535,.T.);
#2652=ORIENTED_EDGE('',*,*,#3851,.F.);
#2653=ORIENTED_EDGE('',*,*,#3844,.F.);
#2654=ORIENTED_EDGE('',*,*,#3850,.T.);
#2655=ORIENTED_EDGE('',*,*,#3534,.T.);
#2656=ORIENTED_EDGE('',*,*,#3852,.F.);
#2657=ORIENTED_EDGE('',*,*,#3845,.F.);
#2658=ORIENTED_EDGE('',*,*,#3851,.T.);
#2659=ORIENTED_EDGE('',*,*,#3533,.T.);
#2660=ORIENTED_EDGE('',*,*,#3848,.F.);
#2661=ORIENTED_EDGE('',*,*,#3846,.F.);
#2662=ORIENTED_EDGE('',*,*,#3852,.T.);
#2663=ORIENTED_EDGE('',*,*,#3853,.T.);
#2664=ORIENTED_EDGE('',*,*,#3854,.T.);
#2665=ORIENTED_EDGE('',*,*,#3855,.T.);
#2666=ORIENTED_EDGE('',*,*,#3856,.T.);
#2667=ORIENTED_EDGE('',*,*,#3857,.T.);
#2668=ORIENTED_EDGE('',*,*,#3858,.T.);
#2669=ORIENTED_EDGE('',*,*,#3490,.T.);
#2670=ORIENTED_EDGE('',*,*,#3430,.T.);
#2671=ORIENTED_EDGE('',*,*,#3859,.F.);
#2672=ORIENTED_EDGE('',*,*,#3853,.F.);
#2673=ORIENTED_EDGE('',*,*,#3860,.T.);
#2674=ORIENTED_EDGE('',*,*,#3429,.T.);
#2675=ORIENTED_EDGE('',*,*,#3861,.F.);
#2676=ORIENTED_EDGE('',*,*,#3854,.F.);
#2677=ORIENTED_EDGE('',*,*,#3859,.T.);
#2678=ORIENTED_EDGE('',*,*,#3434,.T.);
#2679=ORIENTED_EDGE('',*,*,#3862,.F.);
#2680=ORIENTED_EDGE('',*,*,#3855,.F.);
#2681=ORIENTED_EDGE('',*,*,#3861,.T.);
#2682=ORIENTED_EDGE('',*,*,#3433,.T.);
#2683=ORIENTED_EDGE('',*,*,#3863,.F.);
#2684=ORIENTED_EDGE('',*,*,#3856,.F.);
#2685=ORIENTED_EDGE('',*,*,#3862,.T.);
#2686=ORIENTED_EDGE('',*,*,#3432,.T.);
#2687=ORIENTED_EDGE('',*,*,#3864,.F.);
#2688=ORIENTED_EDGE('',*,*,#3857,.F.);
#2689=ORIENTED_EDGE('',*,*,#3863,.T.);
#2690=ORIENTED_EDGE('',*,*,#3431,.T.);
#2691=ORIENTED_EDGE('',*,*,#3860,.F.);
#2692=ORIENTED_EDGE('',*,*,#3858,.F.);
#2693=ORIENTED_EDGE('',*,*,#3864,.T.);
#2694=ORIENTED_EDGE('',*,*,#3865,.T.);
#2695=ORIENTED_EDGE('',*,*,#3866,.T.);
#2696=ORIENTED_EDGE('',*,*,#3867,.T.);
#2697=ORIENTED_EDGE('',*,*,#3868,.T.);
#2698=ORIENTED_EDGE('',*,*,#3869,.T.);
#2699=ORIENTED_EDGE('',*,*,#3870,.T.);
#2700=ORIENTED_EDGE('',*,*,#3489,.T.);
#2701=ORIENTED_EDGE('',*,*,#3424,.T.);
#2702=ORIENTED_EDGE('',*,*,#3871,.F.);
#2703=ORIENTED_EDGE('',*,*,#3865,.F.);
#2704=ORIENTED_EDGE('',*,*,#3872,.T.);
#2705=ORIENTED_EDGE('',*,*,#3423,.T.);
#2706=ORIENTED_EDGE('',*,*,#3873,.F.);
#2707=ORIENTED_EDGE('',*,*,#3866,.F.);
#2708=ORIENTED_EDGE('',*,*,#3871,.T.);
#2709=ORIENTED_EDGE('',*,*,#3428,.T.);
#2710=ORIENTED_EDGE('',*,*,#3874,.F.);
#2711=ORIENTED_EDGE('',*,*,#3867,.F.);
#2712=ORIENTED_EDGE('',*,*,#3873,.T.);
#2713=ORIENTED_EDGE('',*,*,#3427,.T.);
#2714=ORIENTED_EDGE('',*,*,#3875,.F.);
#2715=ORIENTED_EDGE('',*,*,#3868,.F.);
#2716=ORIENTED_EDGE('',*,*,#3874,.T.);
#2717=ORIENTED_EDGE('',*,*,#3426,.T.);
#2718=ORIENTED_EDGE('',*,*,#3876,.F.);
#2719=ORIENTED_EDGE('',*,*,#3869,.F.);
#2720=ORIENTED_EDGE('',*,*,#3875,.T.);
#2721=ORIENTED_EDGE('',*,*,#3425,.T.);
#2722=ORIENTED_EDGE('',*,*,#3872,.F.);
#2723=ORIENTED_EDGE('',*,*,#3870,.F.);
#2724=ORIENTED_EDGE('',*,*,#3876,.T.);
#2725=ORIENTED_EDGE('',*,*,#3877,.T.);
#2726=ORIENTED_EDGE('',*,*,#3878,.T.);
#2727=ORIENTED_EDGE('',*,*,#3879,.T.);
#2728=ORIENTED_EDGE('',*,*,#3880,.T.);
#2729=ORIENTED_EDGE('',*,*,#3881,.T.);
#2730=ORIENTED_EDGE('',*,*,#3882,.T.);
#2731=ORIENTED_EDGE('',*,*,#3488,.T.);
#2732=ORIENTED_EDGE('',*,*,#3373,.T.);
#2733=ORIENTED_EDGE('',*,*,#3883,.F.);
#2734=ORIENTED_EDGE('',*,*,#3877,.F.);
#2735=ORIENTED_EDGE('',*,*,#3884,.T.);
#2736=ORIENTED_EDGE('',*,*,#3378,.T.);
#2737=ORIENTED_EDGE('',*,*,#3885,.F.);
#2738=ORIENTED_EDGE('',*,*,#3878,.F.);
#2739=ORIENTED_EDGE('',*,*,#3883,.T.);
#2740=ORIENTED_EDGE('',*,*,#3377,.T.);
#2741=ORIENTED_EDGE('',*,*,#3886,.F.);
#2742=ORIENTED_EDGE('',*,*,#3879,.F.);
#2743=ORIENTED_EDGE('',*,*,#3885,.T.);
#2744=ORIENTED_EDGE('',*,*,#3376,.T.);
#2745=ORIENTED_EDGE('',*,*,#3887,.F.);
#2746=ORIENTED_EDGE('',*,*,#3880,.F.);
#2747=ORIENTED_EDGE('',*,*,#3886,.T.);
#2748=ORIENTED_EDGE('',*,*,#3375,.T.);
#2749=ORIENTED_EDGE('',*,*,#3888,.F.);
#2750=ORIENTED_EDGE('',*,*,#3881,.F.);
#2751=ORIENTED_EDGE('',*,*,#3887,.T.);
#2752=ORIENTED_EDGE('',*,*,#3374,.T.);
#2753=ORIENTED_EDGE('',*,*,#3884,.F.);
#2754=ORIENTED_EDGE('',*,*,#3882,.F.);
#2755=ORIENTED_EDGE('',*,*,#3888,.T.);
#2756=ORIENTED_EDGE('',*,*,#3889,.T.);
#2757=ORIENTED_EDGE('',*,*,#3890,.T.);
#2758=ORIENTED_EDGE('',*,*,#3891,.T.);
#2759=ORIENTED_EDGE('',*,*,#3892,.T.);
#2760=ORIENTED_EDGE('',*,*,#3893,.T.);
#2761=ORIENTED_EDGE('',*,*,#3894,.T.);
#2762=ORIENTED_EDGE('',*,*,#3487,.T.);
#2763=ORIENTED_EDGE('',*,*,#3379,.T.);
#2764=ORIENTED_EDGE('',*,*,#3895,.F.);
#2765=ORIENTED_EDGE('',*,*,#3889,.F.);
#2766=ORIENTED_EDGE('',*,*,#3896,.T.);
#2767=ORIENTED_EDGE('',*,*,#3384,.T.);
#2768=ORIENTED_EDGE('',*,*,#3897,.F.);
#2769=ORIENTED_EDGE('',*,*,#3890,.F.);
#2770=ORIENTED_EDGE('',*,*,#3895,.T.);
#2771=ORIENTED_EDGE('',*,*,#3383,.T.);
#2772=ORIENTED_EDGE('',*,*,#3898,.F.);
#2773=ORIENTED_EDGE('',*,*,#3891,.F.);
#2774=ORIENTED_EDGE('',*,*,#3897,.T.);
#2775=ORIENTED_EDGE('',*,*,#3382,.T.);
#2776=ORIENTED_EDGE('',*,*,#3899,.F.);
#2777=ORIENTED_EDGE('',*,*,#3892,.F.);
#2778=ORIENTED_EDGE('',*,*,#3898,.T.);
#2779=ORIENTED_EDGE('',*,*,#3381,.T.);
#2780=ORIENTED_EDGE('',*,*,#3900,.F.);
#2781=ORIENTED_EDGE('',*,*,#3893,.F.);
#2782=ORIENTED_EDGE('',*,*,#3899,.T.);
#2783=ORIENTED_EDGE('',*,*,#3380,.T.);
#2784=ORIENTED_EDGE('',*,*,#3896,.F.);
#2785=ORIENTED_EDGE('',*,*,#3894,.F.);
#2786=ORIENTED_EDGE('',*,*,#3900,.T.);
#2787=ORIENTED_EDGE('',*,*,#3901,.T.);
#2788=ORIENTED_EDGE('',*,*,#3902,.T.);
#2789=ORIENTED_EDGE('',*,*,#3903,.T.);
#2790=ORIENTED_EDGE('',*,*,#3904,.T.);
#2791=ORIENTED_EDGE('',*,*,#3905,.T.);
#2792=ORIENTED_EDGE('',*,*,#3906,.T.);
#2793=ORIENTED_EDGE('',*,*,#3486,.T.);
#2794=ORIENTED_EDGE('',*,*,#3583,.T.);
#2795=ORIENTED_EDGE('',*,*,#3907,.F.);
#2796=ORIENTED_EDGE('',*,*,#3901,.F.);
#2797=ORIENTED_EDGE('',*,*,#3908,.T.);
#2798=ORIENTED_EDGE('',*,*,#3588,.T.);
#2799=ORIENTED_EDGE('',*,*,#3909,.F.);
#2800=ORIENTED_EDGE('',*,*,#3902,.F.);
#2801=ORIENTED_EDGE('',*,*,#3907,.T.);
#2802=ORIENTED_EDGE('',*,*,#3587,.T.);
#2803=ORIENTED_EDGE('',*,*,#3910,.F.);
#2804=ORIENTED_EDGE('',*,*,#3903,.F.);
#2805=ORIENTED_EDGE('',*,*,#3909,.T.);
#2806=ORIENTED_EDGE('',*,*,#3586,.T.);
#2807=ORIENTED_EDGE('',*,*,#3911,.F.);
#2808=ORIENTED_EDGE('',*,*,#3904,.F.);
#2809=ORIENTED_EDGE('',*,*,#3910,.T.);
#2810=ORIENTED_EDGE('',*,*,#3585,.T.);
#2811=ORIENTED_EDGE('',*,*,#3912,.F.);
#2812=ORIENTED_EDGE('',*,*,#3905,.F.);
#2813=ORIENTED_EDGE('',*,*,#3911,.T.);
#2814=ORIENTED_EDGE('',*,*,#3584,.T.);
#2815=ORIENTED_EDGE('',*,*,#3908,.F.);
#2816=ORIENTED_EDGE('',*,*,#3906,.F.);
#2817=ORIENTED_EDGE('',*,*,#3912,.T.);
#2818=ORIENTED_EDGE('',*,*,#3913,.T.);
#2819=ORIENTED_EDGE('',*,*,#3914,.T.);
#2820=ORIENTED_EDGE('',*,*,#3915,.T.);
#2821=ORIENTED_EDGE('',*,*,#3916,.T.);
#2822=ORIENTED_EDGE('',*,*,#3917,.T.);
#2823=ORIENTED_EDGE('',*,*,#3918,.T.);
#2824=ORIENTED_EDGE('',*,*,#3484,.T.);
#2825=ORIENTED_EDGE('',*,*,#3624,.T.);
#2826=ORIENTED_EDGE('',*,*,#3919,.F.);
#2827=ORIENTED_EDGE('',*,*,#3913,.F.);
#2828=ORIENTED_EDGE('',*,*,#3920,.T.);
#2829=ORIENTED_EDGE('',*,*,#3629,.T.);
#2830=ORIENTED_EDGE('',*,*,#3921,.F.);
#2831=ORIENTED_EDGE('',*,*,#3914,.F.);
#2832=ORIENTED_EDGE('',*,*,#3919,.T.);
#2833=ORIENTED_EDGE('',*,*,#3628,.T.);
#2834=ORIENTED_EDGE('',*,*,#3922,.F.);
#2835=ORIENTED_EDGE('',*,*,#3915,.F.);
#2836=ORIENTED_EDGE('',*,*,#3921,.T.);
#2837=ORIENTED_EDGE('',*,*,#3627,.T.);
#2838=ORIENTED_EDGE('',*,*,#3923,.F.);
#2839=ORIENTED_EDGE('',*,*,#3916,.F.);
#2840=ORIENTED_EDGE('',*,*,#3922,.T.);
#2841=ORIENTED_EDGE('',*,*,#3626,.T.);
#2842=ORIENTED_EDGE('',*,*,#3924,.F.);
#2843=ORIENTED_EDGE('',*,*,#3917,.F.);
#2844=ORIENTED_EDGE('',*,*,#3923,.T.);
#2845=ORIENTED_EDGE('',*,*,#3625,.T.);
#2846=ORIENTED_EDGE('',*,*,#3920,.F.);
#2847=ORIENTED_EDGE('',*,*,#3918,.F.);
#2848=ORIENTED_EDGE('',*,*,#3924,.T.);
#2849=ORIENTED_EDGE('',*,*,#3471,.T.);
#2850=ORIENTED_EDGE('',*,*,#3925,.T.);
#2851=ORIENTED_EDGE('',*,*,#3451,.F.);
#2852=ORIENTED_EDGE('',*,*,#3356,.F.);
#2853=ORIENTED_EDGE('',*,*,#3926,.T.);
#2854=ORIENTED_EDGE('',*,*,#3473,.T.);
#2855=ORIENTED_EDGE('',*,*,#3482,.T.);
#2856=ORIENTED_EDGE('',*,*,#3458,.T.);
#2857=ORIENTED_EDGE('',*,*,#3927,.T.);
#2858=ORIENTED_EDGE('',*,*,#3928,.T.);
#2859=ORIENTED_EDGE('',*,*,#3929,.T.);
#2860=ORIENTED_EDGE('',*,*,#3930,.F.);
#2861=ORIENTED_EDGE('',*,*,#3930,.T.);
#2862=ORIENTED_EDGE('',*,*,#3931,.T.);
#2863=ORIENTED_EDGE('',*,*,#3443,.F.);
#2864=ORIENTED_EDGE('',*,*,#3445,.T.);
#2865=ORIENTED_EDGE('',*,*,#3932,.F.);
#2866=ORIENTED_EDGE('',*,*,#3928,.F.);
#2867=ORIENTED_EDGE('',*,*,#3444,.T.);
#2868=ORIENTED_EDGE('',*,*,#3931,.F.);
#2869=ORIENTED_EDGE('',*,*,#3929,.F.);
#2870=ORIENTED_EDGE('',*,*,#3932,.T.);
#2871=ORIENTED_EDGE('',*,*,#3933,.T.);
#2872=ORIENTED_EDGE('',*,*,#3934,.T.);
#2873=ORIENTED_EDGE('',*,*,#3935,.F.);
#2874=ORIENTED_EDGE('',*,*,#3936,.F.);
#2875=ORIENTED_EDGE('',*,*,#3937,.T.);
#2876=ORIENTED_EDGE('',*,*,#3452,.F.);
#2877=ORIENTED_EDGE('',*,*,#3925,.F.);
#2878=ORIENTED_EDGE('',*,*,#3470,.F.);
#2879=ORIENTED_EDGE('',*,*,#3938,.F.);
#2880=ORIENTED_EDGE('',*,*,#3933,.F.);
#2881=ORIENTED_EDGE('',*,*,#3469,.T.);
#2882=ORIENTED_EDGE('',*,*,#3939,.F.);
#2883=ORIENTED_EDGE('',*,*,#3453,.T.);
#2884=ORIENTED_EDGE('',*,*,#3937,.F.);
#2885=ORIENTED_EDGE('',*,*,#3940,.T.);
#2886=ORIENTED_EDGE('',*,*,#3941,.F.);
#2887=ORIENTED_EDGE('',*,*,#3942,.F.);
#2888=ORIENTED_EDGE('',*,*,#3943,.F.);
#2889=ORIENTED_EDGE('',*,*,#3944,.T.);
#2890=ORIENTED_EDGE('',*,*,#3935,.T.);
#2891=ORIENTED_EDGE('',*,*,#3945,.T.);
#2892=ORIENTED_EDGE('',*,*,#3943,.T.);
#2893=ORIENTED_EDGE('',*,*,#3946,.F.);
#2894=ORIENTED_EDGE('',*,*,#3389,.F.);
#2895=ORIENTED_EDGE('',*,*,#3940,.F.);
#2896=ORIENTED_EDGE('',*,*,#3936,.T.);
#2897=ORIENTED_EDGE('',*,*,#3944,.F.);
#2898=ORIENTED_EDGE('',*,*,#3945,.F.);
#2899=ORIENTED_EDGE('',*,*,#3388,.F.);
#2900=ORIENTED_EDGE('',*,*,#3390,.T.);
#2901=ORIENTED_EDGE('',*,*,#3946,.T.);
#2902=ORIENTED_EDGE('',*,*,#3942,.T.);
#2903=ORIENTED_EDGE('',*,*,#3934,.F.);
#2904=ORIENTED_EDGE('',*,*,#3938,.T.);
#2905=ORIENTED_EDGE('',*,*,#3926,.F.);
#2906=ORIENTED_EDGE('',*,*,#3478,.T.);
#2907=ORIENTED_EDGE('',*,*,#3947,.T.);
#2908=ORIENTED_EDGE('',*,*,#3474,.F.);
#2909=ORIENTED_EDGE('',*,*,#3947,.F.);
#2910=ORIENTED_EDGE('',*,*,#3477,.T.);
#2911=ORIENTED_EDGE('',*,*,#3461,.T.);
#2912=ORIENTED_EDGE('',*,*,#3475,.T.);
#2913=ORIENTED_EDGE('',*,*,#3939,.T.);
#2914=ORIENTED_EDGE('',*,*,#3468,.T.);
#2915=ORIENTED_EDGE('',*,*,#3948,.F.);
#2916=ORIENTED_EDGE('',*,*,#3480,.F.);
#2917=ORIENTED_EDGE('',*,*,#3481,.F.);
#2918=ORIENTED_EDGE('',*,*,#3948,.T.);
#2919=ORIENTED_EDGE('',*,*,#3467,.F.);
#2920=ORIENTED_EDGE('',*,*,#3465,.F.);
#2921=ORIENTED_EDGE('',*,*,#3440,.F.);
#2922=ORIENTED_EDGE('',*,*,#3393,.T.);
#2923=ORIENTED_EDGE('',*,*,#3949,.T.);
#2924=ORIENTED_EDGE('',*,*,#3950,.F.);
#2925=ORIENTED_EDGE('',*,*,#3951,.F.);
#2926=ORIENTED_EDGE('',*,*,#3441,.F.);
#2927=ORIENTED_EDGE('',*,*,#3951,.T.);
#2928=ORIENTED_EDGE('',*,*,#3952,.F.);
#2929=ORIENTED_EDGE('',*,*,#3462,.F.);
#2930=ORIENTED_EDGE('',*,*,#3476,.F.);
#2931=ORIENTED_EDGE('',*,*,#3392,.F.);
#2932=ORIENTED_EDGE('',*,*,#3479,.T.);
#2933=ORIENTED_EDGE('',*,*,#3464,.T.);
#2934=ORIENTED_EDGE('',*,*,#3953,.T.);
#2935=ORIENTED_EDGE('',*,*,#3949,.F.);
#2936=ORIENTED_EDGE('',*,*,#3463,.F.);
#2937=ORIENTED_EDGE('',*,*,#3952,.T.);
#2938=ORIENTED_EDGE('',*,*,#3950,.T.);
#2939=ORIENTED_EDGE('',*,*,#3953,.F.);
#2940=ORIENTED_EDGE('',*,*,#3941,.T.);
#2941=ORIENTED_EDGE('',*,*,#3954,.F.);
#2942=ORIENTED_EDGE('',*,*,#3955,.T.);
#2943=ORIENTED_EDGE('',*,*,#3454,.T.);
#2944=ORIENTED_EDGE('',*,*,#3956,.F.);
#2945=ORIENTED_EDGE('',*,*,#3957,.T.);
#2946=ORIENTED_EDGE('',*,*,#3954,.T.);
#2947=ORIENTED_EDGE('',*,*,#3387,.F.);
#2948=ORIENTED_EDGE('',*,*,#3955,.F.);
#2949=ORIENTED_EDGE('',*,*,#3957,.F.);
#2950=ORIENTED_EDGE('',*,*,#3401,.F.);
#2951=ORIENTED_EDGE('',*,*,#3455,.F.);
#2952=ORIENTED_EDGE('',*,*,#3927,.F.);
#2953=ORIENTED_EDGE('',*,*,#3457,.F.);
#2954=ORIENTED_EDGE('',*,*,#3958,.T.);
#2955=ORIENTED_EDGE('',*,*,#3959,.T.);
#2956=ORIENTED_EDGE('',*,*,#3958,.F.);
#2957=ORIENTED_EDGE('',*,*,#3456,.T.);
#2958=ORIENTED_EDGE('',*,*,#3405,.T.);
#2959=ORIENTED_EDGE('',*,*,#3960,.T.);
#2960=ORIENTED_EDGE('',*,*,#3960,.F.);
#2961=ORIENTED_EDGE('',*,*,#3961,.T.);
#2962=ORIENTED_EDGE('',*,*,#3446,.F.);
#2963=ORIENTED_EDGE('',*,*,#3959,.F.);
#2964=ORIENTED_EDGE('',*,*,#3962,.T.);
#2965=ORIENTED_EDGE('',*,*,#3447,.T.);
#2966=ORIENTED_EDGE('',*,*,#3961,.F.);
#2967=ORIENTED_EDGE('',*,*,#3404,.F.);
#2968=ORIENTED_EDGE('',*,*,#3963,.F.);
#2969=ORIENTED_EDGE('',*,*,#3386,.F.);
#2970=ORIENTED_EDGE('',*,*,#3964,.F.);
#2971=ORIENTED_EDGE('',*,*,#3965,.F.);
#2972=ORIENTED_EDGE('',*,*,#3402,.T.);
#2973=ORIENTED_EDGE('',*,*,#3956,.T.);
#2974=ORIENTED_EDGE('',*,*,#3385,.F.);
#2975=ORIENTED_EDGE('',*,*,#3448,.T.);
#2976=ORIENTED_EDGE('',*,*,#3962,.F.);
#2977=ORIENTED_EDGE('',*,*,#3966,.F.);
#2978=ORIENTED_EDGE('',*,*,#3964,.T.);
#2979=ORIENTED_EDGE('',*,*,#3403,.T.);
#2980=ORIENTED_EDGE('',*,*,#3965,.T.);
#2981=ORIENTED_EDGE('',*,*,#3966,.T.);
#2982=ORIENTED_EDGE('',*,*,#3963,.T.);
#2983=ORIENTED_EDGE('',*,*,#3340,.T.);
#2984=ORIENTED_EDGE('',*,*,#3967,.F.);
#2985=ORIENTED_EDGE('',*,*,#3968,.F.);
#2986=ORIENTED_EDGE('',*,*,#3969,.T.);
#2987=ORIENTED_EDGE('',*,*,#3339,.T.);
#2988=ORIENTED_EDGE('',*,*,#3970,.F.);
#2989=ORIENTED_EDGE('',*,*,#3971,.F.);
#2990=ORIENTED_EDGE('',*,*,#3967,.T.);
#2991=ORIENTED_EDGE('',*,*,#3344,.T.);
#2992=ORIENTED_EDGE('',*,*,#3972,.F.);
#2993=ORIENTED_EDGE('',*,*,#3973,.F.);
#2994=ORIENTED_EDGE('',*,*,#3970,.T.);
#2995=ORIENTED_EDGE('',*,*,#3343,.T.);
#2996=ORIENTED_EDGE('',*,*,#3974,.F.);
#2997=ORIENTED_EDGE('',*,*,#3975,.F.);
#2998=ORIENTED_EDGE('',*,*,#3972,.T.);
#2999=ORIENTED_EDGE('',*,*,#3342,.T.);
#3000=ORIENTED_EDGE('',*,*,#3976,.F.);
#3001=ORIENTED_EDGE('',*,*,#3977,.F.);
#3002=ORIENTED_EDGE('',*,*,#3974,.T.);
#3003=ORIENTED_EDGE('',*,*,#3341,.T.);
#3004=ORIENTED_EDGE('',*,*,#3969,.F.);
#3005=ORIENTED_EDGE('',*,*,#3978,.F.);
#3006=ORIENTED_EDGE('',*,*,#3976,.T.);
#3007=ORIENTED_EDGE('',*,*,#3366,.F.);
#3008=ORIENTED_EDGE('',*,*,#3968,.T.);
#3009=ORIENTED_EDGE('',*,*,#3971,.T.);
#3010=ORIENTED_EDGE('',*,*,#3973,.T.);
#3011=ORIENTED_EDGE('',*,*,#3975,.T.);
#3012=ORIENTED_EDGE('',*,*,#3977,.T.);
#3013=ORIENTED_EDGE('',*,*,#3978,.T.);
#3014=ORIENTED_EDGE('',*,*,#3357,.F.);
#3015=ORIENTED_EDGE('',*,*,#3979,.F.);
#3016=ORIENTED_EDGE('',*,*,#3980,.T.);
#3017=ORIENTED_EDGE('',*,*,#3981,.T.);
#3018=ORIENTED_EDGE('',*,*,#3362,.F.);
#3019=ORIENTED_EDGE('',*,*,#3982,.F.);
#3020=ORIENTED_EDGE('',*,*,#3983,.T.);
#3021=ORIENTED_EDGE('',*,*,#3979,.T.);
#3022=ORIENTED_EDGE('',*,*,#3361,.F.);
#3023=ORIENTED_EDGE('',*,*,#3984,.F.);
#3024=ORIENTED_EDGE('',*,*,#3985,.T.);
#3025=ORIENTED_EDGE('',*,*,#3982,.T.);
#3026=ORIENTED_EDGE('',*,*,#3360,.F.);
#3027=ORIENTED_EDGE('',*,*,#3986,.F.);
#3028=ORIENTED_EDGE('',*,*,#3987,.T.);
#3029=ORIENTED_EDGE('',*,*,#3984,.T.);
#3030=ORIENTED_EDGE('',*,*,#3359,.F.);
#3031=ORIENTED_EDGE('',*,*,#3988,.F.);
#3032=ORIENTED_EDGE('',*,*,#3989,.T.);
#3033=ORIENTED_EDGE('',*,*,#3986,.T.);
#3034=ORIENTED_EDGE('',*,*,#3358,.F.);
#3035=ORIENTED_EDGE('',*,*,#3981,.F.);
#3036=ORIENTED_EDGE('',*,*,#3990,.T.);
#3037=ORIENTED_EDGE('',*,*,#3988,.T.);
#3038=ORIENTED_EDGE('',*,*,#3980,.F.);
#3039=ORIENTED_EDGE('',*,*,#3983,.F.);
#3040=ORIENTED_EDGE('',*,*,#3985,.F.);
#3041=ORIENTED_EDGE('',*,*,#3987,.F.);
#3042=ORIENTED_EDGE('',*,*,#3989,.F.);
#3043=ORIENTED_EDGE('',*,*,#3990,.F.);
#3044=ORIENTED_EDGE('',*,*,#3364,.T.);
#3045=ORIENTED_EDGE('',*,*,#3991,.T.);
#3046=ORIENTED_EDGE('',*,*,#3557,.F.);
#3047=ORIENTED_EDGE('',*,*,#3294,.F.);
#3048=ORIENTED_EDGE('',*,*,#3991,.F.);
#3049=ORIENTED_EDGE('',*,*,#3992,.F.);
#3050=ORIENTED_EDGE('',*,*,#3512,.T.);
#3051=ORIENTED_EDGE('',*,*,#3296,.T.);
#3052=ORIENTED_EDGE('',*,*,#3992,.T.);
#3053=ORIENTED_EDGE('',*,*,#3993,.T.);
#3054=ORIENTED_EDGE('',*,*,#3994,.T.);
#3055=ORIENTED_EDGE('',*,*,#3995,.T.);
#3056=ORIENTED_EDGE('',*,*,#3996,.T.);
#3057=ORIENTED_EDGE('',*,*,#3997,.T.);
#3058=ORIENTED_EDGE('',*,*,#3998,.T.);
#3059=ORIENTED_EDGE('',*,*,#3297,.T.);
#3060=ORIENTED_EDGE('',*,*,#3577,.T.);
#3061=ORIENTED_EDGE('',*,*,#3999,.F.);
#3062=ORIENTED_EDGE('',*,*,#3993,.F.);
#3063=ORIENTED_EDGE('',*,*,#4000,.T.);
#3064=ORIENTED_EDGE('',*,*,#3582,.T.);
#3065=ORIENTED_EDGE('',*,*,#4001,.F.);
#3066=ORIENTED_EDGE('',*,*,#3994,.F.);
#3067=ORIENTED_EDGE('',*,*,#3999,.T.);
#3068=ORIENTED_EDGE('',*,*,#3581,.T.);
#3069=ORIENTED_EDGE('',*,*,#4002,.F.);
#3070=ORIENTED_EDGE('',*,*,#3995,.F.);
#3071=ORIENTED_EDGE('',*,*,#4001,.T.);
#3072=ORIENTED_EDGE('',*,*,#3580,.T.);
#3073=ORIENTED_EDGE('',*,*,#4003,.F.);
#3074=ORIENTED_EDGE('',*,*,#3996,.F.);
#3075=ORIENTED_EDGE('',*,*,#4002,.T.);
#3076=ORIENTED_EDGE('',*,*,#3579,.T.);
#3077=ORIENTED_EDGE('',*,*,#4004,.F.);
#3078=ORIENTED_EDGE('',*,*,#3997,.F.);
#3079=ORIENTED_EDGE('',*,*,#4003,.T.);
#3080=ORIENTED_EDGE('',*,*,#3578,.T.);
#3081=ORIENTED_EDGE('',*,*,#4000,.F.);
#3082=ORIENTED_EDGE('',*,*,#3998,.F.);
#3083=ORIENTED_EDGE('',*,*,#4004,.T.);
#3084=ORIENTED_EDGE('',*,*,#4005,.T.);
#3085=ORIENTED_EDGE('',*,*,#4006,.T.);
#3086=ORIENTED_EDGE('',*,*,#4007,.T.);
#3087=ORIENTED_EDGE('',*,*,#4008,.T.);
#3088=ORIENTED_EDGE('',*,*,#4009,.T.);
#3089=ORIENTED_EDGE('',*,*,#4010,.T.);
#3090=ORIENTED_EDGE('',*,*,#3295,.T.);
#3091=ORIENTED_EDGE('',*,*,#3617,.T.);
#3092=ORIENTED_EDGE('',*,*,#4011,.F.);
#3093=ORIENTED_EDGE('',*,*,#4005,.F.);
#3094=ORIENTED_EDGE('',*,*,#4012,.T.);
#3095=ORIENTED_EDGE('',*,*,#4011,.T.);
#3096=ORIENTED_EDGE('',*,*,#4013,.T.);
#3097=ORIENTED_EDGE('',*,*,#4014,.T.);
#3098=ORIENTED_EDGE('',*,*,#4015,.T.);
#3099=ORIENTED_EDGE('',*,*,#4016,.F.);
#3100=ORIENTED_EDGE('',*,*,#4006,.F.);
#3101=ORIENTED_EDGE('',*,*,#3623,.T.);
#3102=ORIENTED_EDGE('',*,*,#4017,.F.);
#3103=ORIENTED_EDGE('',*,*,#4007,.F.);
#3104=ORIENTED_EDGE('',*,*,#4016,.T.);
#3105=ORIENTED_EDGE('',*,*,#3622,.T.);
#3106=ORIENTED_EDGE('',*,*,#4018,.F.);
#3107=ORIENTED_EDGE('',*,*,#4008,.F.);
#3108=ORIENTED_EDGE('',*,*,#4017,.T.);
#3109=ORIENTED_EDGE('',*,*,#4018,.T.);
#3110=ORIENTED_EDGE('',*,*,#4019,.F.);
#3111=ORIENTED_EDGE('',*,*,#4020,.F.);
#3112=ORIENTED_EDGE('',*,*,#4021,.F.);
#3113=ORIENTED_EDGE('',*,*,#4022,.F.);
#3114=ORIENTED_EDGE('',*,*,#4009,.F.);
#3115=ORIENTED_EDGE('',*,*,#3618,.T.);
#3116=ORIENTED_EDGE('',*,*,#4012,.F.);
#3117=ORIENTED_EDGE('',*,*,#4010,.F.);
#3118=ORIENTED_EDGE('',*,*,#4022,.T.);
#3119=ORIENTED_EDGE('',*,*,#4021,.T.);
#3120=ORIENTED_EDGE('',*,*,#4023,.F.);
#3121=ORIENTED_EDGE('',*,*,#4024,.F.);
#3122=ORIENTED_EDGE('',*,*,#3619,.T.);
#3123=ORIENTED_EDGE('',*,*,#4019,.T.);
#3124=ORIENTED_EDGE('',*,*,#3621,.F.);
#3125=ORIENTED_EDGE('',*,*,#4025,.F.);
#3126=ORIENTED_EDGE('',*,*,#4026,.T.);
#3127=ORIENTED_EDGE('',*,*,#4020,.T.);
#3128=ORIENTED_EDGE('',*,*,#4026,.F.);
#3129=ORIENTED_EDGE('',*,*,#4027,.F.);
#3130=ORIENTED_EDGE('',*,*,#4023,.T.);
#3131=ORIENTED_EDGE('',*,*,#4024,.T.);
#3132=ORIENTED_EDGE('',*,*,#4027,.T.);
#3133=ORIENTED_EDGE('',*,*,#4025,.T.);
#3134=ORIENTED_EDGE('',*,*,#3620,.T.);
#3135=ORIENTED_EDGE('',*,*,#4013,.F.);
#3136=ORIENTED_EDGE('',*,*,#3616,.F.);
#3137=ORIENTED_EDGE('',*,*,#4028,.T.);
#3138=ORIENTED_EDGE('',*,*,#4029,.T.);
#3139=ORIENTED_EDGE('',*,*,#4014,.F.);
#3140=ORIENTED_EDGE('',*,*,#4029,.F.);
#3141=ORIENTED_EDGE('',*,*,#4030,.T.);
#3142=ORIENTED_EDGE('',*,*,#4031,.T.);
#3143=ORIENTED_EDGE('',*,*,#4015,.F.);
#3144=ORIENTED_EDGE('',*,*,#4031,.F.);
#3145=ORIENTED_EDGE('',*,*,#4032,.T.);
#3146=ORIENTED_EDGE('',*,*,#3614,.T.);
#3147=ORIENTED_EDGE('',*,*,#3615,.T.);
#3148=ORIENTED_EDGE('',*,*,#4032,.F.);
#3149=ORIENTED_EDGE('',*,*,#4030,.F.);
#3150=ORIENTED_EDGE('',*,*,#4028,.F.);
#3151=ORIENTED_EDGE('',*,*,#3437,.T.);
#3152=ORIENTED_EDGE('',*,*,#4033,.T.);
#3153=ORIENTED_EDGE('',*,*,#4034,.F.);
#3154=ORIENTED_EDGE('',*,*,#3540,.T.);
#3155=ORIENTED_EDGE('',*,*,#4035,.F.);
#3156=ORIENTED_EDGE('',*,*,#4033,.F.);
#3157=ORIENTED_EDGE('',*,*,#3436,.F.);
#3158=ORIENTED_EDGE('',*,*,#3546,.F.);
#3159=ORIENTED_EDGE('',*,*,#3438,.F.);
#3160=ORIENTED_EDGE('',*,*,#4034,.T.);
#3161=ORIENTED_EDGE('',*,*,#4035,.T.);
#3162=ORIENTED_EDGE('',*,*,#3571,.T.);
#3163=ORIENTED_EDGE('',*,*,#4036,.F.);
#3164=ORIENTED_EDGE('',*,*,#4037,.F.);
#3165=ORIENTED_EDGE('',*,*,#4038,.T.);
#3166=ORIENTED_EDGE('',*,*,#3576,.T.);
#3167=ORIENTED_EDGE('',*,*,#4039,.F.);
#3168=ORIENTED_EDGE('',*,*,#4040,.F.);
#3169=ORIENTED_EDGE('',*,*,#4036,.T.);
#3170=ORIENTED_EDGE('',*,*,#3575,.T.);
#3171=ORIENTED_EDGE('',*,*,#4041,.F.);
#3172=ORIENTED_EDGE('',*,*,#4042,.F.);
#3173=ORIENTED_EDGE('',*,*,#4039,.T.);
#3174=ORIENTED_EDGE('',*,*,#3574,.T.);
#3175=ORIENTED_EDGE('',*,*,#4043,.F.);
#3176=ORIENTED_EDGE('',*,*,#4044,.F.);
#3177=ORIENTED_EDGE('',*,*,#4041,.T.);
#3178=ORIENTED_EDGE('',*,*,#3573,.T.);
#3179=ORIENTED_EDGE('',*,*,#4045,.F.);
#3180=ORIENTED_EDGE('',*,*,#4046,.F.);
#3181=ORIENTED_EDGE('',*,*,#4043,.T.);
#3182=ORIENTED_EDGE('',*,*,#3572,.T.);
#3183=ORIENTED_EDGE('',*,*,#4038,.F.);
#3184=ORIENTED_EDGE('',*,*,#4047,.F.);
#3185=ORIENTED_EDGE('',*,*,#4045,.T.);
#3186=ORIENTED_EDGE('',*,*,#4048,.F.);
#3187=ORIENTED_EDGE('',*,*,#4037,.T.);
#3188=ORIENTED_EDGE('',*,*,#4040,.T.);
#3189=ORIENTED_EDGE('',*,*,#4042,.T.);
#3190=ORIENTED_EDGE('',*,*,#4044,.T.);
#3191=ORIENTED_EDGE('',*,*,#4046,.T.);
#3192=ORIENTED_EDGE('',*,*,#4047,.T.);
#3193=ORIENTED_EDGE('',*,*,#4048,.T.);
#3194=ORIENTED_EDGE('',*,*,#3511,.F.);
#3195=ORIENTED_EDGE('',*,*,#3608,.T.);
#3196=ORIENTED_EDGE('',*,*,#4049,.F.);
#3197=ORIENTED_EDGE('',*,*,#4050,.F.);
#3198=ORIENTED_EDGE('',*,*,#4051,.T.);
#3199=ORIENTED_EDGE('',*,*,#3613,.T.);
#3200=ORIENTED_EDGE('',*,*,#4052,.F.);
#3201=ORIENTED_EDGE('',*,*,#4053,.F.);
#3202=ORIENTED_EDGE('',*,*,#4049,.T.);
#3203=ORIENTED_EDGE('',*,*,#3612,.T.);
#3204=ORIENTED_EDGE('',*,*,#4054,.F.);
#3205=ORIENTED_EDGE('',*,*,#4055,.F.);
#3206=ORIENTED_EDGE('',*,*,#4052,.T.);
#3207=ORIENTED_EDGE('',*,*,#3611,.T.);
#3208=ORIENTED_EDGE('',*,*,#4056,.F.);
#3209=ORIENTED_EDGE('',*,*,#4057,.F.);
#3210=ORIENTED_EDGE('',*,*,#4054,.T.);
#3211=ORIENTED_EDGE('',*,*,#3610,.T.);
#3212=ORIENTED_EDGE('',*,*,#4058,.F.);
#3213=ORIENTED_EDGE('',*,*,#4059,.F.);
#3214=ORIENTED_EDGE('',*,*,#4056,.T.);
#3215=ORIENTED_EDGE('',*,*,#3609,.T.);
#3216=ORIENTED_EDGE('',*,*,#4051,.F.);
#3217=ORIENTED_EDGE('',*,*,#4060,.F.);
#3218=ORIENTED_EDGE('',*,*,#4058,.T.);
#3219=ORIENTED_EDGE('',*,*,#4061,.F.);
#3220=ORIENTED_EDGE('',*,*,#4050,.T.);
#3221=ORIENTED_EDGE('',*,*,#4053,.T.);
#3222=ORIENTED_EDGE('',*,*,#4055,.T.);
#3223=ORIENTED_EDGE('',*,*,#4057,.T.);
#3224=ORIENTED_EDGE('',*,*,#4059,.T.);
#3225=ORIENTED_EDGE('',*,*,#4060,.T.);
#3226=ORIENTED_EDGE('',*,*,#4061,.T.);
#3227=ORIENTED_EDGE('',*,*,#3556,.F.);
#3228=ORIENTED_EDGE('',*,*,#3418,.T.);
#3229=ORIENTED_EDGE('',*,*,#4062,.F.);
#3230=ORIENTED_EDGE('',*,*,#4063,.F.);
#3231=ORIENTED_EDGE('',*,*,#4064,.T.);
#3232=ORIENTED_EDGE('',*,*,#3417,.T.);
#3233=ORIENTED_EDGE('',*,*,#4065,.F.);
#3234=ORIENTED_EDGE('',*,*,#4066,.F.);
#3235=ORIENTED_EDGE('',*,*,#4062,.T.);
#3236=ORIENTED_EDGE('',*,*,#3422,.T.);
#3237=ORIENTED_EDGE('',*,*,#4067,.F.);
#3238=ORIENTED_EDGE('',*,*,#4068,.F.);
#3239=ORIENTED_EDGE('',*,*,#4065,.T.);
#3240=ORIENTED_EDGE('',*,*,#3421,.T.);
#3241=ORIENTED_EDGE('',*,*,#4069,.F.);
#3242=ORIENTED_EDGE('',*,*,#4070,.F.);
#3243=ORIENTED_EDGE('',*,*,#4067,.T.);
#3244=ORIENTED_EDGE('',*,*,#3420,.T.);
#3245=ORIENTED_EDGE('',*,*,#4071,.F.);
#3246=ORIENTED_EDGE('',*,*,#4072,.F.);
#3247=ORIENTED_EDGE('',*,*,#4069,.T.);
#3248=ORIENTED_EDGE('',*,*,#3419,.T.);
#3249=ORIENTED_EDGE('',*,*,#4064,.F.);
#3250=ORIENTED_EDGE('',*,*,#4073,.F.);
#3251=ORIENTED_EDGE('',*,*,#4071,.T.);
#3252=ORIENTED_EDGE('',*,*,#4074,.F.);
#3253=ORIENTED_EDGE('',*,*,#4063,.T.);
#3254=ORIENTED_EDGE('',*,*,#4066,.T.);
#3255=ORIENTED_EDGE('',*,*,#4068,.T.);
#3256=ORIENTED_EDGE('',*,*,#4070,.T.);
#3257=ORIENTED_EDGE('',*,*,#4072,.T.);
#3258=ORIENTED_EDGE('',*,*,#4073,.T.);
#3259=ORIENTED_EDGE('',*,*,#3407,.T.);
#3260=ORIENTED_EDGE('',*,*,#4074,.T.);
#3261=ORIENTED_EDGE('',*,*,#3367,.T.);
#3262=ORIENTED_EDGE('',*,*,#4075,.F.);
#3263=ORIENTED_EDGE('',*,*,#4076,.F.);
#3264=ORIENTED_EDGE('',*,*,#4077,.T.);
#3265=ORIENTED_EDGE('',*,*,#3372,.T.);
#3266=ORIENTED_EDGE('',*,*,#4078,.F.);
#3267=ORIENTED_EDGE('',*,*,#4079,.F.);
#3268=ORIENTED_EDGE('',*,*,#4075,.T.);
#3269=ORIENTED_EDGE('',*,*,#3371,.T.);
#3270=ORIENTED_EDGE('',*,*,#4080,.F.);
#3271=ORIENTED_EDGE('',*,*,#4081,.F.);
#3272=ORIENTED_EDGE('',*,*,#4078,.T.);
#3273=ORIENTED_EDGE('',*,*,#3370,.T.);
#3274=ORIENTED_EDGE('',*,*,#4082,.F.);
#3275=ORIENTED_EDGE('',*,*,#4083,.F.);
#3276=ORIENTED_EDGE('',*,*,#4080,.T.);
#3277=ORIENTED_EDGE('',*,*,#3369,.T.);
#3278=ORIENTED_EDGE('',*,*,#4084,.F.);
#3279=ORIENTED_EDGE('',*,*,#4085,.F.);
#3280=ORIENTED_EDGE('',*,*,#4082,.T.);
#3281=ORIENTED_EDGE('',*,*,#3368,.T.);
#3282=ORIENTED_EDGE('',*,*,#4077,.F.);
#3283=ORIENTED_EDGE('',*,*,#4086,.F.);
#3284=ORIENTED_EDGE('',*,*,#4084,.T.);
#3285=ORIENTED_EDGE('',*,*,#4087,.F.);
#3286=ORIENTED_EDGE('',*,*,#4076,.T.);
#3287=ORIENTED_EDGE('',*,*,#4079,.T.);
#3288=ORIENTED_EDGE('',*,*,#4081,.T.);
#3289=ORIENTED_EDGE('',*,*,#4083,.T.);
#3290=ORIENTED_EDGE('',*,*,#4085,.T.);
#3291=ORIENTED_EDGE('',*,*,#4086,.T.);
#3292=ORIENTED_EDGE('',*,*,#4087,.T.);
#3293=ORIENTED_EDGE('',*,*,#3338,.F.);
#3294=EDGE_CURVE('',#4088,#4088,#4632,.T.);
#3295=EDGE_CURVE('',#4089,#4089,#4633,.F.);
#3296=EDGE_CURVE('',#4090,#4090,#4634,.T.);
#3297=EDGE_CURVE('',#4091,#4091,#4635,.F.);
#3298=EDGE_CURVE('',#4092,#4093,#16,.T.);
#3299=EDGE_CURVE('',#4094,#4093,#17,.T.);
#3300=EDGE_CURVE('',#4095,#4094,#18,.T.);
#3301=EDGE_CURVE('',#4095,#4092,#19,.T.);
#3302=EDGE_CURVE('',#4096,#4092,#20,.T.);
#3303=EDGE_CURVE('',#4097,#4095,#21,.T.);
#3304=EDGE_CURVE('',#4097,#4096,#22,.T.);
#3305=EDGE_CURVE('',#4098,#4096,#23,.T.);
#3306=EDGE_CURVE('',#4099,#4097,#24,.T.);
#3307=EDGE_CURVE('',#4099,#4098,#25,.T.);
#3308=EDGE_CURVE('',#4100,#4098,#26,.T.);
#3309=EDGE_CURVE('',#4101,#4099,#27,.T.);
#3310=EDGE_CURVE('',#4101,#4100,#28,.T.);
#3311=EDGE_CURVE('',#4102,#4100,#29,.T.);
#3312=EDGE_CURVE('',#4103,#4101,#30,.T.);
#3313=EDGE_CURVE('',#4103,#4102,#31,.T.);
#3314=EDGE_CURVE('',#4093,#4102,#32,.T.);
#3315=EDGE_CURVE('',#4094,#4103,#33,.T.);
#3316=EDGE_CURVE('',#4104,#4104,#4636,.T.);
#3317=EDGE_CURVE('',#4105,#4106,#34,.T.);
#3318=EDGE_CURVE('',#4107,#4105,#35,.T.);
#3319=EDGE_CURVE('',#4107,#4108,#36,.T.);
#3320=EDGE_CURVE('',#4108,#4106,#37,.T.);
#3321=EDGE_CURVE('',#4109,#4105,#38,.T.);
#3322=EDGE_CURVE('',#4110,#4109,#39,.T.);
#3323=EDGE_CURVE('',#4110,#4107,#40,.T.);
#3324=EDGE_CURVE('',#4111,#4109,#41,.T.);
#3325=EDGE_CURVE('',#4112,#4111,#42,.T.);
#3326=EDGE_CURVE('',#4112,#4110,#43,.T.);
#3327=EDGE_CURVE('',#4113,#4111,#44,.T.);
#3328=EDGE_CURVE('',#4114,#4113,#45,.T.);
#3329=EDGE_CURVE('',#4114,#4112,#46,.T.);
#3330=EDGE_CURVE('',#4115,#4113,#47,.T.);
#3331=EDGE_CURVE('',#4116,#4115,#48,.T.);
#3332=EDGE_CURVE('',#4116,#4114,#49,.T.);
#3333=EDGE_CURVE('',#4106,#4115,#50,.T.);
#3334=EDGE_CURVE('',#4108,#4116,#51,.T.);
#3335=EDGE_CURVE('',#4117,#4117,#4637,.T.);
#3336=EDGE_CURVE('',#4118,#4118,#4638,.F.);
#3337=EDGE_CURVE('',#4119,#4119,#4639,.T.);
#3338=EDGE_CURVE('',#4120,#4120,#4640,.T.);
#3339=EDGE_CURVE('',#4121,#4122,#52,.T.);
#3340=EDGE_CURVE('',#4123,#4121,#53,.T.);
#3341=EDGE_CURVE('',#4124,#4123,#54,.T.);
#3342=EDGE_CURVE('',#4125,#4124,#55,.T.);
#3343=EDGE_CURVE('',#4126,#4125,#56,.T.);
#3344=EDGE_CURVE('',#4122,#4126,#57,.T.);
#3345=EDGE_CURVE('',#4127,#4127,#4641,.T.);
#3346=EDGE_CURVE('',#4128,#4128,#4642,.T.);
#3347=EDGE_CURVE('',#4129,#4130,#58,.T.);
#3348=EDGE_CURVE('',#4131,#4130,#59,.T.);
#3349=EDGE_CURVE('',#4131,#4132,#60,.T.);
#3350=EDGE_CURVE('',#4132,#4133,#61,.T.);
#3351=EDGE_CURVE('',#4134,#4133,#62,.T.);
#3352=EDGE_CURVE('',#4135,#4134,#63,.T.);
#3353=EDGE_CURVE('',#4135,#4136,#64,.T.);
#3354=EDGE_CURVE('',#4136,#4137,#65,.T.);
#3355=EDGE_CURVE('',#4137,#4138,#66,.T.);
#3356=EDGE_CURVE('',#4138,#4129,#67,.T.);
#3357=EDGE_CURVE('',#4139,#4140,#68,.T.);
#3358=EDGE_CURVE('',#4140,#4141,#69,.T.);
#3359=EDGE_CURVE('',#4141,#4142,#70,.T.);
#3360=EDGE_CURVE('',#4142,#4143,#71,.T.);
#3361=EDGE_CURVE('',#4143,#4144,#72,.T.);
#3362=EDGE_CURVE('',#4144,#4139,#73,.T.);
#3363=EDGE_CURVE('',#4145,#4145,#4643,.F.);
#3364=EDGE_CURVE('',#4146,#4146,#4644,.T.);
#3365=EDGE_CURVE('',#4147,#4147,#4645,.T.);
#3366=EDGE_CURVE('',#4148,#4148,#4646,.T.);
#3367=EDGE_CURVE('',#4149,#4150,#74,.T.);
#3368=EDGE_CURVE('',#4151,#4149,#75,.T.);
#3369=EDGE_CURVE('',#4152,#4151,#76,.T.);
#3370=EDGE_CURVE('',#4153,#4152,#77,.T.);
#3371=EDGE_CURVE('',#4154,#4153,#78,.T.);
#3372=EDGE_CURVE('',#4150,#4154,#79,.T.);
#3373=EDGE_CURVE('',#4155,#4156,#80,.T.);
#3374=EDGE_CURVE('',#4157,#4155,#81,.T.);
#3375=EDGE_CURVE('',#4158,#4157,#82,.T.);
#3376=EDGE_CURVE('',#4159,#4158,#83,.T.);
#3377=EDGE_CURVE('',#4160,#4159,#84,.T.);
#3378=EDGE_CURVE('',#4156,#4160,#85,.T.);
#3379=EDGE_CURVE('',#4161,#4162,#86,.T.);
#3380=EDGE_CURVE('',#4163,#4161,#87,.T.);
#3381=EDGE_CURVE('',#4164,#4163,#88,.T.);
#3382=EDGE_CURVE('',#4165,#4164,#89,.T.);
#3383=EDGE_CURVE('',#4166,#4165,#90,.T.);
#3384=EDGE_CURVE('',#4162,#4166,#91,.T.);
#3385=EDGE_CURVE('',#4167,#4168,#92,.T.);
#3386=EDGE_CURVE('',#4168,#4169,#93,.T.);
#3387=EDGE_CURVE('',#4169,#4170,#94,.T.);
#3388=EDGE_CURVE('',#4170,#4171,#95,.T.);
#3389=EDGE_CURVE('',#4171,#4172,#96,.T.);
#3390=EDGE_CURVE('',#4173,#4172,#97,.T.);
#3391=EDGE_CURVE('',#4174,#4173,#98,.T.);
#3392=EDGE_CURVE('',#4174,#4175,#99,.T.);
#3393=EDGE_CURVE('',#4176,#4175,#100,.T.);
#3394=EDGE_CURVE('',#4177,#4176,#101,.T.);
#3395=EDGE_CURVE('',#4177,#4178,#102,.T.);
#3396=EDGE_CURVE('',#4178,#4179,#103,.T.);
#3397=EDGE_CURVE('',#4180,#4179,#104,.T.);
#3398=EDGE_CURVE('',#4167,#4180,#105,.T.);
#3399=EDGE_CURVE('',#4131,#4181,#106,.T.);
#3400=EDGE_CURVE('',#4182,#4130,#107,.T.);
#3401=EDGE_CURVE('',#4182,#4183,#108,.T.);
#3402=EDGE_CURVE('',#4184,#4183,#109,.T.);
#3403=EDGE_CURVE('',#4185,#4184,#110,.T.);
#3404=EDGE_CURVE('',#4185,#4186,#111,.T.);
#3405=EDGE_CURVE('',#4187,#4186,#112,.T.);
#3406=EDGE_CURVE('',#4187,#4181,#113,.T.);
#3407=EDGE_CURVE('',#4188,#4188,#4647,.T.);
#3408=EDGE_CURVE('',#4189,#4181,#114,.T.);
#3409=EDGE_CURVE('',#4190,#4189,#115,.T.);
#3410=EDGE_CURVE('',#4191,#4190,#116,.T.);
#3411=EDGE_CURVE('',#4136,#4191,#117,.T.);
#3412=EDGE_CURVE('',#4135,#4192,#118,.T.);
#3413=EDGE_CURVE('',#4192,#4193,#119,.T.);
#3414=EDGE_CURVE('',#4132,#4193,#120,.T.);
#3415=EDGE_CURVE('',#4194,#4194,#4648,.T.);
#3416=EDGE_CURVE('',#4195,#4195,#4649,.T.);
#3417=EDGE_CURVE('',#4196,#4197,#121,.T.);
#3418=EDGE_CURVE('',#4198,#4196,#122,.T.);
#3419=EDGE_CURVE('',#4199,#4198,#123,.T.);
#3420=EDGE_CURVE('',#4200,#4199,#124,.T.);
#3421=EDGE_CURVE('',#4201,#4200,#125,.T.);
#3422=EDGE_CURVE('',#4197,#4201,#126,.T.);
#3423=EDGE_CURVE('',#4202,#4203,#127,.T.);
#3424=EDGE_CURVE('',#4204,#4202,#128,.T.);
#3425=EDGE_CURVE('',#4205,#4204,#129,.T.);
#3426=EDGE_CURVE('',#4206,#4205,#130,.T.);
#3427=EDGE_CURVE('',#4207,#4206,#131,.T.);
#3428=EDGE_CURVE('',#4203,#4207,#132,.T.);
#3429=EDGE_CURVE('',#4208,#4209,#133,.T.);
#3430=EDGE_CURVE('',#4210,#4208,#134,.T.);
#3431=EDGE_CURVE('',#4211,#4210,#135,.T.);
#3432=EDGE_CURVE('',#4212,#4211,#136,.T.);
#3433=EDGE_CURVE('',#4213,#4212,#137,.T.);
#3434=EDGE_CURVE('',#4209,#4213,#138,.T.);
#3435=EDGE_CURVE('',#4214,#4215,#139,.T.);
#3436=EDGE_CURVE('',#4214,#4216,#140,.F.);
#3437=EDGE_CURVE('',#4217,#4216,#141,.T.);
#3438=EDGE_CURVE('',#4217,#4218,#142,.T.);
#3439=EDGE_CURVE('',#4177,#4218,#143,.T.);
#3440=EDGE_CURVE('',#4176,#4219,#144,.T.);
#3441=EDGE_CURVE('',#4219,#4220,#145,.T.);
#3442=EDGE_CURVE('',#4221,#4220,#146,.T.);
#3443=EDGE_CURVE('',#4221,#4222,#147,.T.);
#3444=EDGE_CURVE('',#4223,#4222,#148,.T.);
#3445=EDGE_CURVE('',#4224,#4223,#149,.T.);
#3446=EDGE_CURVE('',#4224,#4225,#150,.T.);
#3447=EDGE_CURVE('',#4226,#4225,#151,.T.);
#3448=EDGE_CURVE('',#4167,#4226,#152,.T.);
#3449=EDGE_CURVE('',#4180,#4227,#153,.T.);
#3450=EDGE_CURVE('',#4215,#4227,#154,.T.);
#3451=EDGE_CURVE('',#4129,#4228,#155,.T.);
#3452=EDGE_CURVE('',#4228,#4229,#156,.T.);
#3453=EDGE_CURVE('',#4230,#4229,#157,.T.);
#3454=EDGE_CURVE('',#4231,#4230,#158,.T.);
#3455=EDGE_CURVE('',#4231,#4182,#159,.T.);
#3456=EDGE_CURVE('',#4232,#4187,#160,.T.);
#3457=EDGE_CURVE('',#4232,#4233,#161,.T.);
#3458=EDGE_CURVE('',#4234,#4233,#162,.T.);
#3459=EDGE_CURVE('',#4189,#4234,#163,.T.);
#3460=EDGE_CURVE('',#4191,#4235,#164,.T.);
#3461=EDGE_CURVE('',#4236,#4235,#165,.T.);
#3462=EDGE_CURVE('',#4236,#4237,#166,.T.);
#3463=EDGE_CURVE('',#4237,#4238,#167,.T.);
#3464=EDGE_CURVE('',#4239,#4238,#168,.T.);
#3465=EDGE_CURVE('',#4239,#4240,#169,.T.);
#3466=EDGE_CURVE('',#4137,#4240,#170,.T.);
#3467=EDGE_CURVE('',#4240,#4241,#171,.T.);
#3468=EDGE_CURVE('',#4242,#4241,#172,.T.);
#3469=EDGE_CURVE('',#4243,#4242,#173,.T.);
#3470=EDGE_CURVE('',#4243,#4244,#174,.T.);
#3471=EDGE_CURVE('',#4138,#4244,#175,.T.);
#3472=EDGE_CURVE('',#4190,#4245,#176,.T.);
#3473=EDGE_CURVE('',#4246,#4245,#177,.T.);
#3474=EDGE_CURVE('',#4246,#4247,#178,.T.);
#3475=EDGE_CURVE('',#4235,#4247,#179,.T.);
#3476=EDGE_CURVE('',#4220,#4236,#180,.T.);
#3477=EDGE_CURVE('',#4248,#4236,#181,.T.);
#3478=EDGE_CURVE('',#4221,#4248,#182,.T.);
#3479=EDGE_CURVE('',#4174,#4239,#183,.T.);
#3480=EDGE_CURVE('',#4173,#4249,#184,.T.);
#3481=EDGE_CURVE('',#4249,#4239,#185,.T.);
#3482=EDGE_CURVE('',#4245,#4234,#186,.T.);
#3483=EDGE_CURVE('',#4250,#4250,#4650,.T.);
#3484=EDGE_CURVE('',#4251,#4251,#4651,.F.);
#3485=EDGE_CURVE('',#4252,#4252,#4652,.T.);
#3486=EDGE_CURVE('',#4253,#4253,#4653,.F.);
#3487=EDGE_CURVE('',#4254,#4254,#4654,.F.);
#3488=EDGE_CURVE('',#4255,#4255,#4655,.F.);
#3489=EDGE_CURVE('',#4256,#4256,#4656,.F.);
#3490=EDGE_CURVE('',#4257,#4257,#4657,.F.);
#3491=EDGE_CURVE('',#4258,#4258,#4658,.T.);
#3492=EDGE_CURVE('',#4259,#4259,#4659,.F.);
#3493=EDGE_CURVE('',#4260,#4260,#4660,.T.);
#3494=EDGE_CURVE('',#4261,#4261,#4661,.F.);
#3495=EDGE_CURVE('',#4262,#4262,#4662,.T.);
#3496=EDGE_CURVE('',#4263,#4263,#4663,.F.);
#3497=EDGE_CURVE('',#4264,#4264,#4664,.T.);
#3498=EDGE_CURVE('',#4265,#4265,#4665,.F.);
#3499=EDGE_CURVE('',#4266,#4266,#4666,.T.);
#3500=EDGE_CURVE('',#4267,#4267,#4667,.F.);
#3501=EDGE_CURVE('',#4268,#4268,#4668,.T.);
#3502=EDGE_CURVE('',#4269,#4269,#4669,.F.);
#3503=EDGE_CURVE('',#4270,#4270,#4670,.T.);
#3504=EDGE_CURVE('',#4271,#4271,#4671,.F.);
#3505=EDGE_CURVE('',#4272,#4272,#4672,.T.);
#3506=EDGE_CURVE('',#4273,#4273,#4673,.F.);
#3507=EDGE_CURVE('',#4274,#4274,#4674,.T.);
#3508=EDGE_CURVE('',#4275,#4275,#4675,.F.);
#3509=EDGE_CURVE('',#4276,#4276,#4676,.T.);
#3510=EDGE_CURVE('',#4277,#4277,#4677,.F.);
#3511=EDGE_CURVE('',#4278,#4278,#4678,.T.);
#3512=EDGE_CURVE('',#4279,#4279,#4679,.F.);
#3513=EDGE_CURVE('',#4280,#4281,#187,.T.);
#3514=EDGE_CURVE('',#4282,#4280,#188,.T.);
#3515=EDGE_CURVE('',#4283,#4282,#189,.T.);
#3516=EDGE_CURVE('',#4284,#4283,#190,.T.);
#3517=EDGE_CURVE('',#4285,#4284,#191,.T.);
#3518=EDGE_CURVE('',#4281,#4285,#192,.T.);
#3519=EDGE_CURVE('',#4286,#4287,#193,.T.);
#3520=EDGE_CURVE('',#4288,#4286,#194,.T.);
#3521=EDGE_CURVE('',#4289,#4288,#195,.T.);
#3522=EDGE_CURVE('',#4290,#4289,#196,.T.);
#3523=EDGE_CURVE('',#4291,#4290,#197,.T.);
#3524=EDGE_CURVE('',#4287,#4291,#198,.T.);
#3525=EDGE_CURVE('',#4292,#4293,#199,.T.);
#3526=EDGE_CURVE('',#4294,#4292,#200,.T.);
#3527=EDGE_CURVE('',#4295,#4294,#201,.T.);
#3528=EDGE_CURVE('',#4296,#4295,#202,.T.);
#3529=EDGE_CURVE('',#4297,#4296,#203,.T.);
#3530=EDGE_CURVE('',#4293,#4297,#204,.T.);
#3531=EDGE_CURVE('',#4298,#4299,#205,.T.);
#3532=EDGE_CURVE('',#4300,#4298,#206,.T.);
#3533=EDGE_CURVE('',#4301,#4300,#207,.T.);
#3534=EDGE_CURVE('',#4302,#4301,#208,.T.);
#3535=EDGE_CURVE('',#4303,#4302,#209,.T.);
#3536=EDGE_CURVE('',#4299,#4303,#210,.T.);
#3537=EDGE_CURVE('',#4304,#4305,#211,.T.);
#3538=EDGE_CURVE('',#4304,#4193,#212,.T.);
#3539=EDGE_CURVE('',#4305,#4192,#213,.T.);
#3540=EDGE_CURVE('',#4214,#4306,#4680,.T.);
#3541=EDGE_CURVE('',#4307,#4215,#214,.T.);
#3542=EDGE_CURVE('',#4307,#4305,#215,.T.);
#3543=EDGE_CURVE('',#4134,#4308,#216,.T.);
#3544=EDGE_CURVE('',#4309,#4308,#217,.T.);
#3545=EDGE_CURVE('',#4178,#4309,#218,.T.);
#3546=EDGE_CURVE('',#4218,#4306,#219,.T.);
#3547=EDGE_CURVE('',#4310,#4304,#220,.T.);
#3548=EDGE_CURVE('',#4310,#4227,#221,.T.);
#3549=EDGE_CURVE('',#4179,#4311,#222,.T.);
#3550=EDGE_CURVE('',#4311,#4312,#223,.T.);
#3551=EDGE_CURVE('',#4133,#4312,#224,.T.);
#3552=EDGE_CURVE('',#4313,#4313,#4681,.T.);
#3553=EDGE_CURVE('',#4314,#4314,#4682,.F.);
#3554=EDGE_CURVE('',#4315,#4315,#4683,.T.);
#3555=EDGE_CURVE('',#4316,#4316,#4684,.F.);
#3556=EDGE_CURVE('',#4317,#4317,#4685,.T.);
#3557=EDGE_CURVE('',#4318,#4318,#4686,.T.);
#3558=EDGE_CURVE('',#4312,#4308,#225,.T.);
#3559=EDGE_CURVE('',#4319,#4320,#4687,.T.);
#3560=EDGE_CURVE('',#4319,#4321,#226,.T.);
#3561=EDGE_CURVE('',#4322,#4321,#4688,.T.);
#3562=EDGE_CURVE('',#4322,#4323,#227,.T.);
#3563=EDGE_CURVE('',#4324,#4323,#4689,.T.);
#3564=EDGE_CURVE('',#4325,#4324,#228,.T.);
#3565=EDGE_CURVE('',#4325,#4326,#4690,.T.);
#3566=EDGE_CURVE('',#4327,#4326,#229,.T.);
#3567=EDGE_CURVE('',#4327,#4328,#4691,.T.);
#3568=EDGE_CURVE('',#4328,#4329,#230,.T.);
#3569=EDGE_CURVE('',#4330,#4329,#4692,.T.);
#3570=EDGE_CURVE('',#4320,#4330,#231,.T.);
#3571=EDGE_CURVE('',#4331,#4332,#232,.T.);
#3572=EDGE_CURVE('',#4333,#4331,#233,.T.);
#3573=EDGE_CURVE('',#4334,#4333,#234,.T.);
#3574=EDGE_CURVE('',#4335,#4334,#235,.T.);
#3575=EDGE_CURVE('',#4336,#4335,#236,.T.);
#3576=EDGE_CURVE('',#4332,#4336,#237,.T.);
#3577=EDGE_CURVE('',#4337,#4338,#238,.T.);
#3578=EDGE_CURVE('',#4339,#4337,#239,.T.);
#3579=EDGE_CURVE('',#4340,#4339,#240,.T.);
#3580=EDGE_CURVE('',#4341,#4340,#241,.T.);
#3581=EDGE_CURVE('',#4342,#4341,#242,.T.);
#3582=EDGE_CURVE('',#4338,#4342,#243,.T.);
#3583=EDGE_CURVE('',#4343,#4344,#244,.T.);
#3584=EDGE_CURVE('',#4345,#4343,#245,.T.);
#3585=EDGE_CURVE('',#4346,#4345,#246,.T.);
#3586=EDGE_CURVE('',#4347,#4346,#247,.T.);
#3587=EDGE_CURVE('',#4348,#4347,#248,.T.);
#3588=EDGE_CURVE('',#4344,#4348,#249,.T.);
#3589=EDGE_CURVE('',#4349,#4350,#250,.T.);
#3590=EDGE_CURVE('',#4351,#4349,#251,.T.);
#3591=EDGE_CURVE('',#4352,#4351,#252,.T.);
#3592=EDGE_CURVE('',#4353,#4352,#253,.T.);
#3593=EDGE_CURVE('',#4354,#4353,#254,.T.);
#3594=EDGE_CURVE('',#4350,#4354,#255,.T.);
#3595=EDGE_CURVE('',#4355,#4356,#256,.T.);
#3596=EDGE_CURVE('',#4357,#4355,#257,.T.);
#3597=EDGE_CURVE('',#4358,#4357,#258,.T.);
#3598=EDGE_CURVE('',#4359,#4358,#259,.T.);
#3599=EDGE_CURVE('',#4360,#4359,#260,.T.);
#3600=EDGE_CURVE('',#4356,#4360,#261,.T.);
#3601=EDGE_CURVE('',#4361,#4362,#262,.T.);
#3602=EDGE_CURVE('',#4363,#4361,#263,.T.);
#3603=EDGE_CURVE('',#4364,#4363,#264,.T.);
#3604=EDGE_CURVE('',#4365,#4364,#265,.T.);
#3605=EDGE_CURVE('',#4366,#4365,#266,.T.);
#3606=EDGE_CURVE('',#4362,#4366,#267,.T.);
#3607=EDGE_CURVE('',#4307,#4310,#268,.T.);
#3608=EDGE_CURVE('',#4367,#4368,#269,.T.);
#3609=EDGE_CURVE('',#4369,#4367,#270,.T.);
#3610=EDGE_CURVE('',#4370,#4369,#271,.T.);
#3611=EDGE_CURVE('',#4371,#4370,#272,.T.);
#3612=EDGE_CURVE('',#4372,#4371,#273,.T.);
#3613=EDGE_CURVE('',#4368,#4372,#274,.T.);
#3614=EDGE_CURVE('',#4373,#4374,#275,.T.);
#3615=EDGE_CURVE('',#4375,#4373,#276,.T.);
#3616=EDGE_CURVE('',#4375,#4376,#277,.T.);
#3617=EDGE_CURVE('',#4377,#4376,#278,.T.);
#3618=EDGE_CURVE('',#4378,#4377,#279,.T.);
#3619=EDGE_CURVE('',#4379,#4378,#280,.T.);
#3620=EDGE_CURVE('',#4380,#4379,#281,.T.);
#3621=EDGE_CURVE('',#4380,#4381,#282,.T.);
#3622=EDGE_CURVE('',#4382,#4381,#283,.T.);
#3623=EDGE_CURVE('',#4374,#4382,#284,.T.);
#3624=EDGE_CURVE('',#4383,#4384,#285,.T.);
#3625=EDGE_CURVE('',#4385,#4383,#286,.T.);
#3626=EDGE_CURVE('',#4386,#4385,#287,.T.);
#3627=EDGE_CURVE('',#4387,#4386,#288,.T.);
#3628=EDGE_CURVE('',#4388,#4387,#289,.T.);
#3629=EDGE_CURVE('',#4384,#4388,#290,.T.);
#3630=EDGE_CURVE('',#4389,#4390,#291,.T.);
#3631=EDGE_CURVE('',#4391,#4389,#292,.T.);
#3632=EDGE_CURVE('',#4392,#4391,#293,.T.);
#3633=EDGE_CURVE('',#4393,#4392,#294,.T.);
#3634=EDGE_CURVE('',#4394,#4393,#295,.T.);
#3635=EDGE_CURVE('',#4390,#4394,#296,.T.);
#3636=EDGE_CURVE('',#4395,#4396,#297,.T.);
#3637=EDGE_CURVE('',#4397,#4395,#298,.T.);
#3638=EDGE_CURVE('',#4398,#4397,#299,.T.);
#3639=EDGE_CURVE('',#4399,#4398,#300,.T.);
#3640=EDGE_CURVE('',#4400,#4399,#301,.T.);
#3641=EDGE_CURVE('',#4396,#4400,#302,.T.);
#3642=EDGE_CURVE('',#4401,#4402,#303,.T.);
#3643=EDGE_CURVE('',#4403,#4401,#304,.T.);
#3644=EDGE_CURVE('',#4404,#4403,#305,.T.);
#3645=EDGE_CURVE('',#4405,#4404,#306,.T.);
#3646=EDGE_CURVE('',#4406,#4405,#307,.T.);
#3647=EDGE_CURVE('',#4402,#4406,#308,.T.);
#3648=EDGE_CURVE('',#4407,#4408,#309,.T.);
#3649=EDGE_CURVE('',#4409,#4407,#310,.T.);
#3650=EDGE_CURVE('',#4410,#4409,#311,.T.);
#3651=EDGE_CURVE('',#4411,#4410,#312,.T.);
#3652=EDGE_CURVE('',#4412,#4411,#313,.T.);
#3653=EDGE_CURVE('',#4408,#4412,#314,.T.);
#3654=EDGE_CURVE('',#4413,#4414,#315,.T.);
#3655=EDGE_CURVE('',#4415,#4413,#316,.T.);
#3656=EDGE_CURVE('',#4416,#4415,#317,.T.);
#3657=EDGE_CURVE('',#4417,#4416,#318,.T.);
#3658=EDGE_CURVE('',#4418,#4417,#319,.T.);
#3659=EDGE_CURVE('',#4414,#4418,#320,.T.);
#3660=EDGE_CURVE('',#4419,#4420,#321,.T.);
#3661=EDGE_CURVE('',#4421,#4419,#4693,.T.);
#3662=EDGE_CURVE('',#4421,#4422,#322,.T.);
#3663=EDGE_CURVE('',#4423,#4422,#4694,.T.);
#3664=EDGE_CURVE('',#4423,#4424,#323,.T.);
#3665=EDGE_CURVE('',#4425,#4424,#4695,.T.);
#3666=EDGE_CURVE('',#4426,#4425,#324,.T.);
#3667=EDGE_CURVE('',#4420,#4426,#4696,.T.);
#3668=EDGE_CURVE('',#4309,#4311,#325,.T.);
#3669=EDGE_CURVE('',#4427,#4319,#326,.T.);
#3670=EDGE_CURVE('',#4427,#4428,#327,.T.);
#3671=EDGE_CURVE('',#4428,#4321,#328,.T.);
#3672=EDGE_CURVE('',#4429,#4320,#329,.T.);
#3673=EDGE_CURVE('',#4427,#4429,#4697,.T.);
#3674=EDGE_CURVE('',#4430,#4330,#330,.T.);
#3675=EDGE_CURVE('',#4429,#4430,#331,.T.);
#3676=EDGE_CURVE('',#4431,#4329,#332,.T.);
#3677=EDGE_CURVE('',#4430,#4431,#4698,.T.);
#3678=EDGE_CURVE('',#4432,#4328,#333,.T.);
#3679=EDGE_CURVE('',#4432,#4431,#334,.T.);
#3680=EDGE_CURVE('',#4433,#4327,#335,.T.);
#3681=EDGE_CURVE('',#4433,#4432,#4699,.T.);
#3682=EDGE_CURVE('',#4434,#4326,#336,.T.);
#3683=EDGE_CURVE('',#4433,#4434,#337,.T.);
#3684=EDGE_CURVE('',#4435,#4325,#338,.T.);
#3685=EDGE_CURVE('',#4435,#4434,#4700,.T.);
#3686=EDGE_CURVE('',#4436,#4324,#339,.T.);
#3687=EDGE_CURVE('',#4435,#4436,#340,.T.);
#3688=EDGE_CURVE('',#4437,#4323,#341,.T.);
#3689=EDGE_CURVE('',#4436,#4437,#4701,.T.);
#3690=EDGE_CURVE('',#4438,#4322,#342,.T.);
#3691=EDGE_CURVE('',#4438,#4437,#343,.T.);
#3692=EDGE_CURVE('',#4438,#4428,#4702,.T.);
#3693=EDGE_CURVE('',#4439,#4440,#344,.T.);
#3694=EDGE_CURVE('',#4441,#4439,#4703,.T.);
#3695=EDGE_CURVE('',#4442,#4441,#345,.T.);
#3696=EDGE_CURVE('',#4443,#4442,#4704,.T.);
#3697=EDGE_CURVE('',#4443,#4444,#346,.T.);
#3698=EDGE_CURVE('',#4445,#4444,#4705,.T.);
#3699=EDGE_CURVE('',#4445,#4446,#347,.T.);
#3700=EDGE_CURVE('',#4440,#4446,#4706,.T.);
#3701=EDGE_CURVE('',#4420,#4439,#348,.T.);
#3702=EDGE_CURVE('',#4419,#4440,#349,.T.);
#3703=EDGE_CURVE('',#4421,#4446,#350,.T.);
#3704=EDGE_CURVE('',#4422,#4445,#351,.T.);
#3705=EDGE_CURVE('',#4423,#4444,#352,.T.);
#3706=EDGE_CURVE('',#4424,#4443,#353,.T.);
#3707=EDGE_CURVE('',#4425,#4442,#354,.T.);
#3708=EDGE_CURVE('',#4426,#4441,#355,.T.);
#3709=EDGE_CURVE('',#4447,#4448,#356,.T.);
#3710=EDGE_CURVE('',#4448,#4449,#357,.T.);
#3711=EDGE_CURVE('',#4449,#4450,#358,.T.);
#3712=EDGE_CURVE('',#4450,#4451,#359,.T.);
#3713=EDGE_CURVE('',#4451,#4452,#360,.T.);
#3714=EDGE_CURVE('',#4452,#4447,#361,.T.);
#3715=EDGE_CURVE('',#4448,#4414,#362,.T.);
#3716=EDGE_CURVE('',#4447,#4413,#363,.T.);
#3717=EDGE_CURVE('',#4449,#4418,#364,.T.);
#3718=EDGE_CURVE('',#4450,#4417,#365,.T.);
#3719=EDGE_CURVE('',#4451,#4416,#366,.T.);
#3720=EDGE_CURVE('',#4452,#4415,#367,.T.);
#3721=EDGE_CURVE('',#4453,#4454,#368,.T.);
#3722=EDGE_CURVE('',#4454,#4455,#369,.T.);
#3723=EDGE_CURVE('',#4455,#4456,#370,.T.);
#3724=EDGE_CURVE('',#4456,#4457,#371,.T.);
#3725=EDGE_CURVE('',#4457,#4458,#372,.T.);
#3726=EDGE_CURVE('',#4458,#4453,#373,.T.);
#3727=EDGE_CURVE('',#4454,#4408,#374,.T.);
#3728=EDGE_CURVE('',#4453,#4407,#375,.T.);
#3729=EDGE_CURVE('',#4455,#4412,#376,.T.);
#3730=EDGE_CURVE('',#4456,#4411,#377,.T.);
#3731=EDGE_CURVE('',#4457,#4410,#378,.T.);
#3732=EDGE_CURVE('',#4458,#4409,#379,.T.);
#3733=EDGE_CURVE('',#4459,#4460,#380,.T.);
#3734=EDGE_CURVE('',#4460,#4461,#381,.T.);
#3735=EDGE_CURVE('',#4461,#4462,#382,.T.);
#3736=EDGE_CURVE('',#4462,#4463,#383,.T.);
#3737=EDGE_CURVE('',#4463,#4464,#384,.T.);
#3738=EDGE_CURVE('',#4464,#4459,#385,.T.);
#3739=EDGE_CURVE('',#4460,#4350,#386,.T.);
#3740=EDGE_CURVE('',#4459,#4349,#387,.T.);
#3741=EDGE_CURVE('',#4461,#4354,#388,.T.);
#3742=EDGE_CURVE('',#4462,#4353,#389,.T.);
#3743=EDGE_CURVE('',#4463,#4352,#390,.T.);
#3744=EDGE_CURVE('',#4464,#4351,#391,.T.);
#3745=EDGE_CURVE('',#4465,#4466,#392,.T.);
#3746=EDGE_CURVE('',#4466,#4467,#393,.T.);
#3747=EDGE_CURVE('',#4467,#4468,#394,.T.);
#3748=EDGE_CURVE('',#4468,#4469,#395,.T.);
#3749=EDGE_CURVE('',#4469,#4470,#396,.T.);
#3750=EDGE_CURVE('',#4470,#4465,#397,.T.);
#3751=EDGE_CURVE('',#4466,#4356,#398,.T.);
#3752=EDGE_CURVE('',#4465,#4355,#399,.T.);
#3753=EDGE_CURVE('',#4467,#4360,#400,.T.);
#3754=EDGE_CURVE('',#4468,#4359,#401,.T.);
#3755=EDGE_CURVE('',#4469,#4358,#402,.T.);
#3756=EDGE_CURVE('',#4470,#4357,#403,.T.);
#3757=EDGE_CURVE('',#4471,#4472,#404,.T.);
#3758=EDGE_CURVE('',#4472,#4473,#405,.T.);
#3759=EDGE_CURVE('',#4473,#4474,#406,.T.);
#3760=EDGE_CURVE('',#4474,#4475,#407,.T.);
#3761=EDGE_CURVE('',#4475,#4476,#408,.T.);
#3762=EDGE_CURVE('',#4476,#4471,#409,.T.);
#3763=EDGE_CURVE('',#4472,#4362,#410,.T.);
#3764=EDGE_CURVE('',#4471,#4361,#411,.T.);
#3765=EDGE_CURVE('',#4473,#4366,#412,.T.);
#3766=EDGE_CURVE('',#4474,#4365,#413,.T.);
#3767=EDGE_CURVE('',#4475,#4364,#414,.T.);
#3768=EDGE_CURVE('',#4476,#4363,#415,.T.);
#3769=EDGE_CURVE('',#4477,#4478,#416,.T.);
#3770=EDGE_CURVE('',#4478,#4479,#417,.T.);
#3771=EDGE_CURVE('',#4479,#4480,#418,.T.);
#3772=EDGE_CURVE('',#4480,#4481,#419,.T.);
#3773=EDGE_CURVE('',#4481,#4482,#420,.T.);
#3774=EDGE_CURVE('',#4482,#4477,#421,.T.);
#3775=EDGE_CURVE('',#4478,#4390,#422,.T.);
#3776=EDGE_CURVE('',#4477,#4389,#423,.T.);
#3777=EDGE_CURVE('',#4479,#4394,#424,.T.);
#3778=EDGE_CURVE('',#4480,#4393,#425,.T.);
#3779=EDGE_CURVE('',#4481,#4392,#426,.T.);
#3780=EDGE_CURVE('',#4482,#4391,#427,.T.);
#3781=EDGE_CURVE('',#4483,#4484,#428,.T.);
#3782=EDGE_CURVE('',#4484,#4485,#429,.T.);
#3783=EDGE_CURVE('',#4485,#4486,#430,.T.);
#3784=EDGE_CURVE('',#4486,#4487,#431,.T.);
#3785=EDGE_CURVE('',#4487,#4488,#432,.T.);
#3786=EDGE_CURVE('',#4488,#4483,#433,.T.);
#3787=EDGE_CURVE('',#4484,#4396,#434,.T.);
#3788=EDGE_CURVE('',#4483,#4395,#435,.T.);
#3789=EDGE_CURVE('',#4485,#4400,#436,.T.);
#3790=EDGE_CURVE('',#4486,#4399,#437,.T.);
#3791=EDGE_CURVE('',#4487,#4398,#438,.T.);
#3792=EDGE_CURVE('',#4488,#4397,#439,.T.);
#3793=EDGE_CURVE('',#4489,#4490,#440,.T.);
#3794=EDGE_CURVE('',#4490,#4491,#441,.T.);
#3795=EDGE_CURVE('',#4491,#4492,#442,.T.);
#3796=EDGE_CURVE('',#4492,#4493,#443,.T.);
#3797=EDGE_CURVE('',#4493,#4494,#444,.T.);
#3798=EDGE_CURVE('',#4494,#4489,#445,.T.);
#3799=EDGE_CURVE('',#4490,#4402,#446,.T.);
#3800=EDGE_CURVE('',#4489,#4401,#447,.T.);
#3801=EDGE_CURVE('',#4491,#4406,#448,.T.);
#3802=EDGE_CURVE('',#4492,#4405,#449,.T.);
#3803=EDGE_CURVE('',#4493,#4404,#450,.T.);
#3804=EDGE_CURVE('',#4494,#4403,#451,.T.);
#3805=EDGE_CURVE('',#4495,#4496,#452,.T.);
#3806=EDGE_CURVE('',#4496,#4497,#453,.T.);
#3807=EDGE_CURVE('',#4497,#4498,#454,.T.);
#3808=EDGE_CURVE('',#4498,#4499,#455,.T.);
#3809=EDGE_CURVE('',#4499,#4500,#456,.T.);
#3810=EDGE_CURVE('',#4500,#4495,#457,.T.);
#3811=EDGE_CURVE('',#4496,#4280,#458,.T.);
#3812=EDGE_CURVE('',#4495,#4282,#459,.T.);
#3813=EDGE_CURVE('',#4497,#4281,#460,.T.);
#3814=EDGE_CURVE('',#4498,#4285,#461,.T.);
#3815=EDGE_CURVE('',#4499,#4284,#462,.T.);
#3816=EDGE_CURVE('',#4500,#4283,#463,.T.);
#3817=EDGE_CURVE('',#4501,#4502,#464,.T.);
#3818=EDGE_CURVE('',#4502,#4503,#465,.T.);
#3819=EDGE_CURVE('',#4503,#4504,#466,.T.);
#3820=EDGE_CURVE('',#4504,#4505,#467,.T.);
#3821=EDGE_CURVE('',#4505,#4506,#468,.T.);
#3822=EDGE_CURVE('',#4506,#4501,#469,.T.);
#3823=EDGE_CURVE('',#4502,#4286,#470,.T.);
#3824=EDGE_CURVE('',#4501,#4288,#471,.T.);
#3825=EDGE_CURVE('',#4503,#4287,#472,.T.);
#3826=EDGE_CURVE('',#4504,#4291,#473,.T.);
#3827=EDGE_CURVE('',#4505,#4290,#474,.T.);
#3828=EDGE_CURVE('',#4506,#4289,#475,.T.);
#3829=EDGE_CURVE('',#4507,#4508,#476,.T.);
#3830=EDGE_CURVE('',#4508,#4509,#477,.T.);
#3831=EDGE_CURVE('',#4509,#4510,#478,.T.);
#3832=EDGE_CURVE('',#4510,#4511,#479,.T.);
#3833=EDGE_CURVE('',#4511,#4512,#480,.T.);
#3834=EDGE_CURVE('',#4512,#4507,#481,.T.);
#3835=EDGE_CURVE('',#4508,#4292,#482,.T.);
#3836=EDGE_CURVE('',#4507,#4294,#483,.T.);
#3837=EDGE_CURVE('',#4509,#4293,#484,.T.);
#3838=EDGE_CURVE('',#4510,#4297,#485,.T.);
#3839=EDGE_CURVE('',#4511,#4296,#486,.T.);
#3840=EDGE_CURVE('',#4512,#4295,#487,.T.);
#3841=EDGE_CURVE('',#4513,#4514,#488,.T.);
#3842=EDGE_CURVE('',#4514,#4515,#489,.T.);
#3843=EDGE_CURVE('',#4515,#4516,#490,.T.);
#3844=EDGE_CURVE('',#4516,#4517,#491,.T.);
#3845=EDGE_CURVE('',#4517,#4518,#492,.T.);
#3846=EDGE_CURVE('',#4518,#4513,#493,.T.);
#3847=EDGE_CURVE('',#4514,#4298,#494,.T.);
#3848=EDGE_CURVE('',#4513,#4300,#495,.T.);
#3849=EDGE_CURVE('',#4515,#4299,#496,.T.);
#3850=EDGE_CURVE('',#4516,#4303,#497,.T.);
#3851=EDGE_CURVE('',#4517,#4302,#498,.T.);
#3852=EDGE_CURVE('',#4518,#4301,#499,.T.);
#3853=EDGE_CURVE('',#4519,#4520,#500,.T.);
#3854=EDGE_CURVE('',#4520,#4521,#501,.T.);
#3855=EDGE_CURVE('',#4521,#4522,#502,.T.);
#3856=EDGE_CURVE('',#4522,#4523,#503,.T.);
#3857=EDGE_CURVE('',#4523,#4524,#504,.T.);
#3858=EDGE_CURVE('',#4524,#4519,#505,.T.);
#3859=EDGE_CURVE('',#4520,#4208,#506,.T.);
#3860=EDGE_CURVE('',#4519,#4210,#507,.T.);
#3861=EDGE_CURVE('',#4521,#4209,#508,.T.);
#3862=EDGE_CURVE('',#4522,#4213,#509,.T.);
#3863=EDGE_CURVE('',#4523,#4212,#510,.T.);
#3864=EDGE_CURVE('',#4524,#4211,#511,.T.);
#3865=EDGE_CURVE('',#4525,#4526,#512,.T.);
#3866=EDGE_CURVE('',#4526,#4527,#513,.T.);
#3867=EDGE_CURVE('',#4527,#4528,#514,.T.);
#3868=EDGE_CURVE('',#4528,#4529,#515,.T.);
#3869=EDGE_CURVE('',#4529,#4530,#516,.T.);
#3870=EDGE_CURVE('',#4530,#4525,#517,.T.);
#3871=EDGE_CURVE('',#4526,#4202,#518,.T.);
#3872=EDGE_CURVE('',#4525,#4204,#519,.T.);
#3873=EDGE_CURVE('',#4527,#4203,#520,.T.);
#3874=EDGE_CURVE('',#4528,#4207,#521,.T.);
#3875=EDGE_CURVE('',#4529,#4206,#522,.T.);
#3876=EDGE_CURVE('',#4530,#4205,#523,.T.);
#3877=EDGE_CURVE('',#4531,#4532,#524,.T.);
#3878=EDGE_CURVE('',#4532,#4533,#525,.T.);
#3879=EDGE_CURVE('',#4533,#4534,#526,.T.);
#3880=EDGE_CURVE('',#4534,#4535,#527,.T.);
#3881=EDGE_CURVE('',#4535,#4536,#528,.T.);
#3882=EDGE_CURVE('',#4536,#4531,#529,.T.);
#3883=EDGE_CURVE('',#4532,#4156,#530,.T.);
#3884=EDGE_CURVE('',#4531,#4155,#531,.T.);
#3885=EDGE_CURVE('',#4533,#4160,#532,.T.);
#3886=EDGE_CURVE('',#4534,#4159,#533,.T.);
#3887=EDGE_CURVE('',#4535,#4158,#534,.T.);
#3888=EDGE_CURVE('',#4536,#4157,#535,.T.);
#3889=EDGE_CURVE('',#4537,#4538,#536,.T.);
#3890=EDGE_CURVE('',#4538,#4539,#537,.T.);
#3891=EDGE_CURVE('',#4539,#4540,#538,.T.);
#3892=EDGE_CURVE('',#4540,#4541,#539,.T.);
#3893=EDGE_CURVE('',#4541,#4542,#540,.T.);
#3894=EDGE_CURVE('',#4542,#4537,#541,.T.);
#3895=EDGE_CURVE('',#4538,#4162,#542,.T.);
#3896=EDGE_CURVE('',#4537,#4161,#543,.T.);
#3897=EDGE_CURVE('',#4539,#4166,#544,.T.);
#3898=EDGE_CURVE('',#4540,#4165,#545,.T.);
#3899=EDGE_CURVE('',#4541,#4164,#546,.T.);
#3900=EDGE_CURVE('',#4542,#4163,#547,.T.);
#3901=EDGE_CURVE('',#4543,#4544,#548,.T.);
#3902=EDGE_CURVE('',#4544,#4545,#549,.T.);
#3903=EDGE_CURVE('',#4545,#4546,#550,.T.);
#3904=EDGE_CURVE('',#4546,#4547,#551,.T.);
#3905=EDGE_CURVE('',#4547,#4548,#552,.T.);
#3906=EDGE_CURVE('',#4548,#4543,#553,.T.);
#3907=EDGE_CURVE('',#4544,#4344,#554,.T.);
#3908=EDGE_CURVE('',#4543,#4343,#555,.T.);
#3909=EDGE_CURVE('',#4545,#4348,#556,.T.);
#3910=EDGE_CURVE('',#4546,#4347,#557,.T.);
#3911=EDGE_CURVE('',#4547,#4346,#558,.T.);
#3912=EDGE_CURVE('',#4548,#4345,#559,.T.);
#3913=EDGE_CURVE('',#4549,#4550,#560,.T.);
#3914=EDGE_CURVE('',#4550,#4551,#561,.T.);
#3915=EDGE_CURVE('',#4551,#4552,#562,.T.);
#3916=EDGE_CURVE('',#4552,#4553,#563,.T.);
#3917=EDGE_CURVE('',#4553,#4554,#564,.T.);
#3918=EDGE_CURVE('',#4554,#4549,#565,.T.);
#3919=EDGE_CURVE('',#4550,#4384,#566,.T.);
#3920=EDGE_CURVE('',#4549,#4383,#567,.T.);
#3921=EDGE_CURVE('',#4551,#4388,#568,.T.);
#3922=EDGE_CURVE('',#4552,#4387,#569,.T.);
#3923=EDGE_CURVE('',#4553,#4386,#570,.T.);
#3924=EDGE_CURVE('',#4554,#4385,#571,.T.);
#3925=EDGE_CURVE('',#4244,#4228,#572,.T.);
#3926=EDGE_CURVE('',#4221,#4246,#573,.T.);
#3927=EDGE_CURVE('',#4233,#4224,#574,.T.);
#3928=EDGE_CURVE('',#4224,#4555,#575,.T.);
#3929=EDGE_CURVE('',#4555,#4556,#576,.T.);
#3930=EDGE_CURVE('',#4221,#4556,#577,.T.);
#3931=EDGE_CURVE('',#4556,#4222,#578,.T.);
#3932=EDGE_CURVE('',#4555,#4223,#579,.T.);
#3933=EDGE_CURVE('',#4243,#4557,#580,.T.);
#3934=EDGE_CURVE('',#4557,#4558,#14,.T.);
#3935=EDGE_CURVE('',#4559,#4558,#581,.T.);
#3936=EDGE_CURVE('',#4560,#4559,#15,.F.);
#3937=EDGE_CURVE('',#4560,#4229,#582,.T.);
#3938=EDGE_CURVE('',#4557,#4173,#583,.T.);
#3939=EDGE_CURVE('',#4173,#4242,#584,.T.);
#3940=EDGE_CURVE('',#4560,#4170,#585,.T.);
#3941=EDGE_CURVE('',#4230,#4170,#586,.T.);
#3942=EDGE_CURVE('',#4561,#4558,#587,.T.);
#3943=EDGE_CURVE('',#4562,#4561,#588,.T.);
#3944=EDGE_CURVE('',#4562,#4559,#589,.T.);
#3945=EDGE_CURVE('',#4171,#4562,#590,.T.);
#3946=EDGE_CURVE('',#4172,#4561,#591,.T.);
#3947=EDGE_CURVE('',#4248,#4247,#592,.T.);
#3948=EDGE_CURVE('',#4249,#4241,#593,.T.);
#3949=EDGE_CURVE('',#4175,#4563,#594,.T.);
#3950=EDGE_CURVE('',#4564,#4563,#595,.T.);
#3951=EDGE_CURVE('',#4219,#4564,#596,.T.);
#3952=EDGE_CURVE('',#4237,#4564,#597,.T.);
#3953=EDGE_CURVE('',#4238,#4563,#598,.T.);
#3954=EDGE_CURVE('',#4565,#4170,#599,.T.);
#3955=EDGE_CURVE('',#4565,#4231,#600,.T.);
#3956=EDGE_CURVE('',#4183,#4169,#601,.T.);
#3957=EDGE_CURVE('',#4183,#4565,#602,.T.);
#3958=EDGE_CURVE('',#4232,#4566,#603,.T.);
#3959=EDGE_CURVE('',#4566,#4224,#604,.T.);
#3960=EDGE_CURVE('',#4186,#4566,#605,.T.);
#3961=EDGE_CURVE('',#4186,#4225,#606,.T.);
#3962=EDGE_CURVE('',#4567,#4226,#607,.T.);
#3963=EDGE_CURVE('',#4567,#4185,#608,.T.);
#3964=EDGE_CURVE('',#4568,#4168,#609,.T.);
#3965=EDGE_CURVE('',#4184,#4568,#610,.T.);
#3966=EDGE_CURVE('',#4568,#4567,#611,.T.);
#3967=EDGE_CURVE('',#4569,#4121,#612,.T.);
#3968=EDGE_CURVE('',#4570,#4569,#613,.T.);
#3969=EDGE_CURVE('',#4570,#4123,#614,.T.);
#3970=EDGE_CURVE('',#4571,#4122,#615,.T.);
#3971=EDGE_CURVE('',#4569,#4571,#616,.T.);
#3972=EDGE_CURVE('',#4572,#4126,#617,.T.);
#3973=EDGE_CURVE('',#4571,#4572,#618,.T.);
#3974=EDGE_CURVE('',#4573,#4125,#619,.T.);
#3975=EDGE_CURVE('',#4572,#4573,#620,.T.);
#3976=EDGE_CURVE('',#4574,#4124,#621,.T.);
#3977=EDGE_CURVE('',#4573,#4574,#622,.T.);
#3978=EDGE_CURVE('',#4574,#4570,#623,.T.);
#3979=EDGE_CURVE('',#4575,#4139,#624,.T.);
#3980=EDGE_CURVE('',#4575,#4576,#625,.T.);
#3981=EDGE_CURVE('',#4576,#4140,#626,.T.);
#3982=EDGE_CURVE('',#4577,#4144,#627,.T.);
#3983=EDGE_CURVE('',#4577,#4575,#628,.T.);
#3984=EDGE_CURVE('',#4578,#4143,#629,.T.);
#3985=EDGE_CURVE('',#4578,#4577,#630,.T.);
#3986=EDGE_CURVE('',#4579,#4142,#631,.T.);
#3987=EDGE_CURVE('',#4579,#4578,#632,.T.);
#3988=EDGE_CURVE('',#4580,#4141,#633,.T.);
#3989=EDGE_CURVE('',#4580,#4579,#634,.T.);
#3990=EDGE_CURVE('',#4576,#4580,#635,.T.);
#3991=EDGE_CURVE('',#4581,#4581,#4707,.T.);
#3992=EDGE_CURVE('',#4582,#4582,#4708,.T.);
#3993=EDGE_CURVE('',#4583,#4584,#636,.T.);
#3994=EDGE_CURVE('',#4584,#4585,#637,.T.);
#3995=EDGE_CURVE('',#4585,#4586,#638,.T.);
#3996=EDGE_CURVE('',#4586,#4587,#639,.T.);
#3997=EDGE_CURVE('',#4587,#4588,#640,.T.);
#3998=EDGE_CURVE('',#4588,#4583,#641,.T.);
#3999=EDGE_CURVE('',#4584,#4338,#642,.T.);
#4000=EDGE_CURVE('',#4583,#4337,#643,.T.);
#4001=EDGE_CURVE('',#4585,#4342,#644,.T.);
#4002=EDGE_CURVE('',#4586,#4341,#645,.T.);
#4003=EDGE_CURVE('',#4587,#4340,#646,.T.);
#4004=EDGE_CURVE('',#4588,#4339,#647,.T.);
#4005=EDGE_CURVE('',#4589,#4590,#648,.T.);
#4006=EDGE_CURVE('',#4590,#4591,#649,.T.);
#4007=EDGE_CURVE('',#4591,#4592,#650,.T.);
#4008=EDGE_CURVE('',#4592,#4593,#651,.T.);
#4009=EDGE_CURVE('',#4593,#4594,#652,.T.);
#4010=EDGE_CURVE('',#4594,#4589,#653,.T.);
#4011=EDGE_CURVE('',#4590,#4376,#654,.T.);
#4012=EDGE_CURVE('',#4589,#4377,#655,.T.);
#4013=EDGE_CURVE('',#4376,#4595,#656,.T.);
#4014=EDGE_CURVE('',#4595,#4596,#657,.T.);
#4015=EDGE_CURVE('',#4596,#4374,#658,.T.);
#4016=EDGE_CURVE('',#4591,#4374,#659,.T.);
#4017=EDGE_CURVE('',#4592,#4382,#660,.T.);
#4018=EDGE_CURVE('',#4593,#4381,#661,.T.);
#4019=EDGE_CURVE('',#4597,#4381,#662,.T.);
#4020=EDGE_CURVE('',#4598,#4597,#663,.T.);
#4021=EDGE_CURVE('',#4378,#4598,#664,.T.);
#4022=EDGE_CURVE('',#4594,#4378,#665,.T.);
#4023=EDGE_CURVE('',#4599,#4598,#666,.T.);
#4024=EDGE_CURVE('',#4379,#4599,#667,.T.);
#4025=EDGE_CURVE('',#4600,#4380,#668,.T.);
#4026=EDGE_CURVE('',#4600,#4597,#669,.T.);
#4027=EDGE_CURVE('',#4599,#4600,#670,.T.);
#4028=EDGE_CURVE('',#4375,#4601,#671,.T.);
#4029=EDGE_CURVE('',#4601,#4595,#672,.T.);
#4030=EDGE_CURVE('',#4601,#4602,#673,.T.);
#4031=EDGE_CURVE('',#4602,#4596,#674,.T.);
#4032=EDGE_CURVE('',#4602,#4373,#675,.T.);
#4033=EDGE_CURVE('',#4216,#4603,#4709,.T.);
#4034=EDGE_CURVE('',#4217,#4603,#676,.T.);
#4035=EDGE_CURVE('',#4603,#4306,#677,.T.);
#4036=EDGE_CURVE('',#4604,#4332,#678,.T.);
#4037=EDGE_CURVE('',#4605,#4604,#679,.T.);
#4038=EDGE_CURVE('',#4605,#4331,#680,.T.);
#4039=EDGE_CURVE('',#4606,#4336,#681,.T.);
#4040=EDGE_CURVE('',#4604,#4606,#682,.T.);
#4041=EDGE_CURVE('',#4607,#4335,#683,.T.);
#4042=EDGE_CURVE('',#4606,#4607,#684,.T.);
#4043=EDGE_CURVE('',#4608,#4334,#685,.T.);
#4044=EDGE_CURVE('',#4607,#4608,#686,.T.);
#4045=EDGE_CURVE('',#4609,#4333,#687,.T.);
#4046=EDGE_CURVE('',#4608,#4609,#688,.T.);
#4047=EDGE_CURVE('',#4609,#4605,#689,.T.);
#4048=EDGE_CURVE('',#4610,#4610,#4710,.T.);
#4049=EDGE_CURVE('',#4611,#4368,#690,.T.);
#4050=EDGE_CURVE('',#4612,#4611,#691,.T.);
#4051=EDGE_CURVE('',#4612,#4367,#692,.T.);
#4052=EDGE_CURVE('',#4613,#4372,#693,.T.);
#4053=EDGE_CURVE('',#4611,#4613,#694,.T.);
#4054=EDGE_CURVE('',#4614,#4371,#695,.T.);
#4055=EDGE_CURVE('',#4613,#4614,#696,.T.);
#4056=EDGE_CURVE('',#4615,#4370,#697,.T.);
#4057=EDGE_CURVE('',#4614,#4615,#698,.T.);
#4058=EDGE_CURVE('',#4616,#4369,#699,.T.);
#4059=EDGE_CURVE('',#4615,#4616,#700,.T.);
#4060=EDGE_CURVE('',#4616,#4612,#701,.T.);
#4061=EDGE_CURVE('',#4617,#4617,#4711,.T.);
#4062=EDGE_CURVE('',#4618,#4196,#702,.T.);
#4063=EDGE_CURVE('',#4619,#4618,#703,.T.);
#4064=EDGE_CURVE('',#4619,#4198,#704,.T.);
#4065=EDGE_CURVE('',#4620,#4197,#705,.T.);
#4066=EDGE_CURVE('',#4618,#4620,#706,.T.);
#4067=EDGE_CURVE('',#4621,#4201,#707,.T.);
#4068=EDGE_CURVE('',#4620,#4621,#708,.T.);
#4069=EDGE_CURVE('',#4622,#4200,#709,.T.);
#4070=EDGE_CURVE('',#4621,#4622,#710,.T.);
#4071=EDGE_CURVE('',#4623,#4199,#711,.T.);
#4072=EDGE_CURVE('',#4622,#4623,#712,.T.);
#4073=EDGE_CURVE('',#4623,#4619,#713,.T.);
#4074=EDGE_CURVE('',#4624,#4624,#4712,.T.);
#4075=EDGE_CURVE('',#4625,#4150,#714,.T.);
#4076=EDGE_CURVE('',#4626,#4625,#715,.T.);
#4077=EDGE_CURVE('',#4626,#4149,#716,.T.);
#4078=EDGE_CURVE('',#4627,#4154,#717,.T.);
#4079=EDGE_CURVE('',#4625,#4627,#718,.T.);
#4080=EDGE_CURVE('',#4628,#4153,#719,.T.);
#4081=EDGE_CURVE('',#4627,#4628,#720,.T.);
#4082=EDGE_CURVE('',#4629,#4152,#721,.T.);
#4083=EDGE_CURVE('',#4628,#4629,#722,.T.);
#4084=EDGE_CURVE('',#4630,#4151,#723,.T.);
#4085=EDGE_CURVE('',#4629,#4630,#724,.T.);
#4086=EDGE_CURVE('',#4630,#4626,#725,.T.);
#4087=EDGE_CURVE('',#4631,#4631,#4713,.T.);
#4088=VERTEX_POINT('',#7831);
#4089=VERTEX_POINT('',#7833);
#4090=VERTEX_POINT('',#7836);
#4091=VERTEX_POINT('',#7838);
#4092=VERTEX_POINT('',#7841);
#4093=VERTEX_POINT('',#7842);
#4094=VERTEX_POINT('',#7844);
#4095=VERTEX_POINT('',#7846);
#4096=VERTEX_POINT('',#7850);
#4097=VERTEX_POINT('',#7852);
#4098=VERTEX_POINT('',#7856);
#4099=VERTEX_POINT('',#7858);
#4100=VERTEX_POINT('',#7862);
#4101=VERTEX_POINT('',#7864);
#4102=VERTEX_POINT('',#7868);
#4103=VERTEX_POINT('',#7870);
#4104=VERTEX_POINT('',#7877);
#4105=VERTEX_POINT('',#7880);
#4106=VERTEX_POINT('',#7881);
#4107=VERTEX_POINT('',#7883);
#4108=VERTEX_POINT('',#7885);
#4109=VERTEX_POINT('',#7889);
#4110=VERTEX_POINT('',#7891);
#4111=VERTEX_POINT('',#7895);
#4112=VERTEX_POINT('',#7897);
#4113=VERTEX_POINT('',#7901);
#4114=VERTEX_POINT('',#7903);
#4115=VERTEX_POINT('',#7907);
#4116=VERTEX_POINT('',#7909);
#4117=VERTEX_POINT('',#7916);
#4118=VERTEX_POINT('',#7919);
#4119=VERTEX_POINT('',#7922);
#4120=VERTEX_POINT('',#7925);
#4121=VERTEX_POINT('',#7927);
#4122=VERTEX_POINT('',#7928);
#4123=VERTEX_POINT('',#7930);
#4124=VERTEX_POINT('',#7932);
#4125=VERTEX_POINT('',#7934);
#4126=VERTEX_POINT('',#7936);
#4127=VERTEX_POINT('',#7939);
#4128=VERTEX_POINT('',#7941);
#4129=VERTEX_POINT('',#7943);
#4130=VERTEX_POINT('',#7944);
#4131=VERTEX_POINT('',#7946);
#4132=VERTEX_POINT('',#7948);
#4133=VERTEX_POINT('',#7950);
#4134=VERTEX_POINT('',#7952);
#4135=VERTEX_POINT('',#7954);
#4136=VERTEX_POINT('',#7956);
#4137=VERTEX_POINT('',#7958);
#4138=VERTEX_POINT('',#7960);
#4139=VERTEX_POINT('',#7963);
#4140=VERTEX_POINT('',#7964);
#4141=VERTEX_POINT('',#7966);
#4142=VERTEX_POINT('',#7968);
#4143=VERTEX_POINT('',#7970);
#4144=VERTEX_POINT('',#7972);
#4145=VERTEX_POINT('',#7976);
#4146=VERTEX_POINT('',#7978);
#4147=VERTEX_POINT('',#7981);
#4148=VERTEX_POINT('',#7983);
#4149=VERTEX_POINT('',#7986);
#4150=VERTEX_POINT('',#7987);
#4151=VERTEX_POINT('',#7989);
#4152=VERTEX_POINT('',#7991);
#4153=VERTEX_POINT('',#7993);
#4154=VERTEX_POINT('',#7995);
#4155=VERTEX_POINT('',#7998);
#4156=VERTEX_POINT('',#7999);
#4157=VERTEX_POINT('',#8001);
#4158=VERTEX_POINT('',#8003);
#4159=VERTEX_POINT('',#8005);
#4160=VERTEX_POINT('',#8007);
#4161=VERTEX_POINT('',#8010);
#4162=VERTEX_POINT('',#8011);
#4163=VERTEX_POINT('',#8013);
#4164=VERTEX_POINT('',#8015);
#4165=VERTEX_POINT('',#8017);
#4166=VERTEX_POINT('',#8019);
#4167=VERTEX_POINT('',#8022);
#4168=VERTEX_POINT('',#8023);
#4169=VERTEX_POINT('',#8025);
#4170=VERTEX_POINT('',#8027);
#4171=VERTEX_POINT('',#8029);
#4172=VERTEX_POINT('',#8031);
#4173=VERTEX_POINT('',#8033);
#4174=VERTEX_POINT('',#8035);
#4175=VERTEX_POINT('',#8037);
#4176=VERTEX_POINT('',#8039);
#4177=VERTEX_POINT('',#8041);
#4178=VERTEX_POINT('',#8043);
#4179=VERTEX_POINT('',#8045);
#4180=VERTEX_POINT('',#8047);
#4181=VERTEX_POINT('',#8051);
#4182=VERTEX_POINT('',#8053);
#4183=VERTEX_POINT('',#8055);
#4184=VERTEX_POINT('',#8057);
#4185=VERTEX_POINT('',#8059);
#4186=VERTEX_POINT('',#8061);
#4187=VERTEX_POINT('',#8063);
#4188=VERTEX_POINT('',#8067);
#4189=VERTEX_POINT('',#8069);
#4190=VERTEX_POINT('',#8071);
#4191=VERTEX_POINT('',#8073);
#4192=VERTEX_POINT('',#8076);
#4193=VERTEX_POINT('',#8078);
#4194=VERTEX_POINT('',#8081);
#4195=VERTEX_POINT('',#8083);
#4196=VERTEX_POINT('',#8086);
#4197=VERTEX_POINT('',#8087);
#4198=VERTEX_POINT('',#8089);
#4199=VERTEX_POINT('',#8091);
#4200=VERTEX_POINT('',#8093);
#4201=VERTEX_POINT('',#8095);
#4202=VERTEX_POINT('',#8098);
#4203=VERTEX_POINT('',#8099);
#4204=VERTEX_POINT('',#8101);
#4205=VERTEX_POINT('',#8103);
#4206=VERTEX_POINT('',#8105);
#4207=VERTEX_POINT('',#8107);
#4208=VERTEX_POINT('',#8110);
#4209=VERTEX_POINT('',#8111);
#4210=VERTEX_POINT('',#8113);
#4211=VERTEX_POINT('',#8115);
#4212=VERTEX_POINT('',#8117);
#4213=VERTEX_POINT('',#8119);
#4214=VERTEX_POINT('',#8122);
#4215=VERTEX_POINT('',#8123);
#4216=VERTEX_POINT('',#8125);
#4217=VERTEX_POINT('',#8127);
#4218=VERTEX_POINT('',#8129);
#4219=VERTEX_POINT('',#8132);
#4220=VERTEX_POINT('',#8134);
#4221=VERTEX_POINT('',#8136);
#4222=VERTEX_POINT('',#8138);
#4223=VERTEX_POINT('',#8140);
#4224=VERTEX_POINT('',#8142);
#4225=VERTEX_POINT('',#8144);
#4226=VERTEX_POINT('',#8146);
#4227=VERTEX_POINT('',#8149);
#4228=VERTEX_POINT('',#8153);
#4229=VERTEX_POINT('',#8155);
#4230=VERTEX_POINT('',#8157);
#4231=VERTEX_POINT('',#8159);
#4232=VERTEX_POINT('',#8163);
#4233=VERTEX_POINT('',#8165);
#4234=VERTEX_POINT('',#8167);
#4235=VERTEX_POINT('',#8171);
#4236=VERTEX_POINT('',#8173);
#4237=VERTEX_POINT('',#8175);
#4238=VERTEX_POINT('',#8177);
#4239=VERTEX_POINT('',#8179);
#4240=VERTEX_POINT('',#8181);
#4241=VERTEX_POINT('',#8185);
#4242=VERTEX_POINT('',#8187);
#4243=VERTEX_POINT('',#8189);
#4244=VERTEX_POINT('',#8191);
#4245=VERTEX_POINT('',#8195);
#4246=VERTEX_POINT('',#8197);
#4247=VERTEX_POINT('',#8199);
#4248=VERTEX_POINT('',#8204);
#4249=VERTEX_POINT('',#8209);
#4250=VERTEX_POINT('',#8215);
#4251=VERTEX_POINT('',#8217);
#4252=VERTEX_POINT('',#8220);
#4253=VERTEX_POINT('',#8222);
#4254=VERTEX_POINT('',#8225);
#4255=VERTEX_POINT('',#8228);
#4256=VERTEX_POINT('',#8231);
#4257=VERTEX_POINT('',#8234);
#4258=VERTEX_POINT('',#8237);
#4259=VERTEX_POINT('',#8239);
#4260=VERTEX_POINT('',#8242);
#4261=VERTEX_POINT('',#8244);
#4262=VERTEX_POINT('',#8247);
#4263=VERTEX_POINT('',#8249);
#4264=VERTEX_POINT('',#8252);
#4265=VERTEX_POINT('',#8254);
#4266=VERTEX_POINT('',#8257);
#4267=VERTEX_POINT('',#8259);
#4268=VERTEX_POINT('',#8262);
#4269=VERTEX_POINT('',#8264);
#4270=VERTEX_POINT('',#8267);
#4271=VERTEX_POINT('',#8269);
#4272=VERTEX_POINT('',#8272);
#4273=VERTEX_POINT('',#8274);
#4274=VERTEX_POINT('',#8277);
#4275=VERTEX_POINT('',#8279);
#4276=VERTEX_POINT('',#8282);
#4277=VERTEX_POINT('',#8284);
#4278=VERTEX_POINT('',#8287);
#4279=VERTEX_POINT('',#8289);
#4280=VERTEX_POINT('',#8291);
#4281=VERTEX_POINT('',#8292);
#4282=VERTEX_POINT('',#8294);
#4283=VERTEX_POINT('',#8296);
#4284=VERTEX_POINT('',#8298);
#4285=VERTEX_POINT('',#8300);
#4286=VERTEX_POINT('',#8303);
#4287=VERTEX_POINT('',#8304);
#4288=VERTEX_POINT('',#8306);
#4289=VERTEX_POINT('',#8308);
#4290=VERTEX_POINT('',#8310);
#4291=VERTEX_POINT('',#8312);
#4292=VERTEX_POINT('',#8315);
#4293=VERTEX_POINT('',#8316);
#4294=VERTEX_POINT('',#8318);
#4295=VERTEX_POINT('',#8320);
#4296=VERTEX_POINT('',#8322);
#4297=VERTEX_POINT('',#8324);
#4298=VERTEX_POINT('',#8327);
#4299=VERTEX_POINT('',#8328);
#4300=VERTEX_POINT('',#8330);
#4301=VERTEX_POINT('',#8332);
#4302=VERTEX_POINT('',#8334);
#4303=VERTEX_POINT('',#8336);
#4304=VERTEX_POINT('',#8339);
#4305=VERTEX_POINT('',#8340);
#4306=VERTEX_POINT('',#8345);
#4307=VERTEX_POINT('',#8347);
#4308=VERTEX_POINT('',#8350);
#4309=VERTEX_POINT('',#8352);
#4310=VERTEX_POINT('',#8357);
#4311=VERTEX_POINT('',#8360);
#4312=VERTEX_POINT('',#8362);
#4313=VERTEX_POINT('',#8366);
#4314=VERTEX_POINT('',#8368);
#4315=VERTEX_POINT('',#8371);
#4316=VERTEX_POINT('',#8373);
#4317=VERTEX_POINT('',#8376);
#4318=VERTEX_POINT('',#8378);
#4319=VERTEX_POINT('',#8381);
#4320=VERTEX_POINT('',#8382);
#4321=VERTEX_POINT('',#8384);
#4322=VERTEX_POINT('',#8386);
#4323=VERTEX_POINT('',#8388);
#4324=VERTEX_POINT('',#8390);
#4325=VERTEX_POINT('',#8392);
#4326=VERTEX_POINT('',#8394);
#4327=VERTEX_POINT('',#8396);
#4328=VERTEX_POINT('',#8398);
#4329=VERTEX_POINT('',#8400);
#4330=VERTEX_POINT('',#8402);
#4331=VERTEX_POINT('',#8406);
#4332=VERTEX_POINT('',#8407);
#4333=VERTEX_POINT('',#8409);
#4334=VERTEX_POINT('',#8411);
#4335=VERTEX_POINT('',#8413);
#4336=VERTEX_POINT('',#8415);
#4337=VERTEX_POINT('',#8418);
#4338=VERTEX_POINT('',#8419);
#4339=VERTEX_POINT('',#8421);
#4340=VERTEX_POINT('',#8423);
#4341=VERTEX_POINT('',#8425);
#4342=VERTEX_POINT('',#8427);
#4343=VERTEX_POINT('',#8430);
#4344=VERTEX_POINT('',#8431);
#4345=VERTEX_POINT('',#8433);
#4346=VERTEX_POINT('',#8435);
#4347=VERTEX_POINT('',#8437);
#4348=VERTEX_POINT('',#8439);
#4349=VERTEX_POINT('',#8442);
#4350=VERTEX_POINT('',#8443);
#4351=VERTEX_POINT('',#8445);
#4352=VERTEX_POINT('',#8447);
#4353=VERTEX_POINT('',#8449);
#4354=VERTEX_POINT('',#8451);
#4355=VERTEX_POINT('',#8454);
#4356=VERTEX_POINT('',#8455);
#4357=VERTEX_POINT('',#8457);
#4358=VERTEX_POINT('',#8459);
#4359=VERTEX_POINT('',#8461);
#4360=VERTEX_POINT('',#8463);
#4361=VERTEX_POINT('',#8466);
#4362=VERTEX_POINT('',#8467);
#4363=VERTEX_POINT('',#8469);
#4364=VERTEX_POINT('',#8471);
#4365=VERTEX_POINT('',#8473);
#4366=VERTEX_POINT('',#8475);
#4367=VERTEX_POINT('',#8480);
#4368=VERTEX_POINT('',#8481);
#4369=VERTEX_POINT('',#8483);
#4370=VERTEX_POINT('',#8485);
#4371=VERTEX_POINT('',#8487);
#4372=VERTEX_POINT('',#8489);
#4373=VERTEX_POINT('',#8492);
#4374=VERTEX_POINT('',#8493);
#4375=VERTEX_POINT('',#8495);
#4376=VERTEX_POINT('',#8497);
#4377=VERTEX_POINT('',#8499);
#4378=VERTEX_POINT('',#8501);
#4379=VERTEX_POINT('',#8503);
#4380=VERTEX_POINT('',#8505);
#4381=VERTEX_POINT('',#8507);
#4382=VERTEX_POINT('',#8509);
#4383=VERTEX_POINT('',#8512);
#4384=VERTEX_POINT('',#8513);
#4385=VERTEX_POINT('',#8515);
#4386=VERTEX_POINT('',#8517);
#4387=VERTEX_POINT('',#8519);
#4388=VERTEX_POINT('',#8521);
#4389=VERTEX_POINT('',#8524);
#4390=VERTEX_POINT('',#8525);
#4391=VERTEX_POINT('',#8527);
#4392=VERTEX_POINT('',#8529);
#4393=VERTEX_POINT('',#8531);
#4394=VERTEX_POINT('',#8533);
#4395=VERTEX_POINT('',#8536);
#4396=VERTEX_POINT('',#8537);
#4397=VERTEX_POINT('',#8539);
#4398=VERTEX_POINT('',#8541);
#4399=VERTEX_POINT('',#8543);
#4400=VERTEX_POINT('',#8545);
#4401=VERTEX_POINT('',#8548);
#4402=VERTEX_POINT('',#8549);
#4403=VERTEX_POINT('',#8551);
#4404=VERTEX_POINT('',#8553);
#4405=VERTEX_POINT('',#8555);
#4406=VERTEX_POINT('',#8557);
#4407=VERTEX_POINT('',#8560);
#4408=VERTEX_POINT('',#8561);
#4409=VERTEX_POINT('',#8563);
#4410=VERTEX_POINT('',#8565);
#4411=VERTEX_POINT('',#8567);
#4412=VERTEX_POINT('',#8569);
#4413=VERTEX_POINT('',#8572);
#4414=VERTEX_POINT('',#8573);
#4415=VERTEX_POINT('',#8575);
#4416=VERTEX_POINT('',#8577);
#4417=VERTEX_POINT('',#8579);
#4418=VERTEX_POINT('',#8581);
#4419=VERTEX_POINT('',#8584);
#4420=VERTEX_POINT('',#8585);
#4421=VERTEX_POINT('',#8587);
#4422=VERTEX_POINT('',#8589);
#4423=VERTEX_POINT('',#8591);
#4424=VERTEX_POINT('',#8593);
#4425=VERTEX_POINT('',#8595);
#4426=VERTEX_POINT('',#8597);
#4427=VERTEX_POINT('',#8602);
#4428=VERTEX_POINT('',#8604);
#4429=VERTEX_POINT('',#8608);
#4430=VERTEX_POINT('',#8612);
#4431=VERTEX_POINT('',#8616);
#4432=VERTEX_POINT('',#8620);
#4433=VERTEX_POINT('',#8624);
#4434=VERTEX_POINT('',#8628);
#4435=VERTEX_POINT('',#8632);
#4436=VERTEX_POINT('',#8636);
#4437=VERTEX_POINT('',#8640);
#4438=VERTEX_POINT('',#8644);
#4439=VERTEX_POINT('',#8650);
#4440=VERTEX_POINT('',#8651);
#4441=VERTEX_POINT('',#8653);
#4442=VERTEX_POINT('',#8655);
#4443=VERTEX_POINT('',#8657);
#4444=VERTEX_POINT('',#8659);
#4445=VERTEX_POINT('',#8661);
#4446=VERTEX_POINT('',#8663);
#4447=VERTEX_POINT('',#8683);
#4448=VERTEX_POINT('',#8684);
#4449=VERTEX_POINT('',#8686);
#4450=VERTEX_POINT('',#8688);
#4451=VERTEX_POINT('',#8690);
#4452=VERTEX_POINT('',#8692);
#4453=VERTEX_POINT('',#8708);
#4454=VERTEX_POINT('',#8709);
#4455=VERTEX_POINT('',#8711);
#4456=VERTEX_POINT('',#8713);
#4457=VERTEX_POINT('',#8715);
#4458=VERTEX_POINT('',#8717);
#4459=VERTEX_POINT('',#8735);
#4460=VERTEX_POINT('',#8736);
#4461=VERTEX_POINT('',#8738);
#4462=VERTEX_POINT('',#8740);
#4463=VERTEX_POINT('',#8742);
#4464=VERTEX_POINT('',#8744);
#4465=VERTEX_POINT('',#8760);
#4466=VERTEX_POINT('',#8761);
#4467=VERTEX_POINT('',#8763);
#4468=VERTEX_POINT('',#8765);
#4469=VERTEX_POINT('',#8767);
#4470=VERTEX_POINT('',#8769);
#4471=VERTEX_POINT('',#8785);
#4472=VERTEX_POINT('',#8786);
#4473=VERTEX_POINT('',#8788);
#4474=VERTEX_POINT('',#8790);
#4475=VERTEX_POINT('',#8792);
#4476=VERTEX_POINT('',#8794);
#4477=VERTEX_POINT('',#8810);
#4478=VERTEX_POINT('',#8811);
#4479=VERTEX_POINT('',#8813);
#4480=VERTEX_POINT('',#8815);
#4481=VERTEX_POINT('',#8817);
#4482=VERTEX_POINT('',#8819);
#4483=VERTEX_POINT('',#8835);
#4484=VERTEX_POINT('',#8836);
#4485=VERTEX_POINT('',#8838);
#4486=VERTEX_POINT('',#8840);
#4487=VERTEX_POINT('',#8842);
#4488=VERTEX_POINT('',#8844);
#4489=VERTEX_POINT('',#8860);
#4490=VERTEX_POINT('',#8861);
#4491=VERTEX_POINT('',#8863);
#4492=VERTEX_POINT('',#8865);
#4493=VERTEX_POINT('',#8867);
#4494=VERTEX_POINT('',#8869);
#4495=VERTEX_POINT('',#8885);
#4496=VERTEX_POINT('',#8886);
#4497=VERTEX_POINT('',#8888);
#4498=VERTEX_POINT('',#8890);
#4499=VERTEX_POINT('',#8892);
#4500=VERTEX_POINT('',#8894);
#4501=VERTEX_POINT('',#8910);
#4502=VERTEX_POINT('',#8911);
#4503=VERTEX_POINT('',#8913);
#4504=VERTEX_POINT('',#8915);
#4505=VERTEX_POINT('',#8917);
#4506=VERTEX_POINT('',#8919);
#4507=VERTEX_POINT('',#8935);
#4508=VERTEX_POINT('',#8936);
#4509=VERTEX_POINT('',#8938);
#4510=VERTEX_POINT('',#8940);
#4511=VERTEX_POINT('',#8942);
#4512=VERTEX_POINT('',#8944);
#4513=VERTEX_POINT('',#8960);
#4514=VERTEX_POINT('',#8961);
#4515=VERTEX_POINT('',#8963);
#4516=VERTEX_POINT('',#8965);
#4517=VERTEX_POINT('',#8967);
#4518=VERTEX_POINT('',#8969);
#4519=VERTEX_POINT('',#8985);
#4520=VERTEX_POINT('',#8986);
#4521=VERTEX_POINT('',#8988);
#4522=VERTEX_POINT('',#8990);
#4523=VERTEX_POINT('',#8992);
#4524=VERTEX_POINT('',#8994);
#4525=VERTEX_POINT('',#9010);
#4526=VERTEX_POINT('',#9011);
#4527=VERTEX_POINT('',#9013);
#4528=VERTEX_POINT('',#9015);
#4529=VERTEX_POINT('',#9017);
#4530=VERTEX_POINT('',#9019);
#4531=VERTEX_POINT('',#9035);
#4532=VERTEX_POINT('',#9036);
#4533=VERTEX_POINT('',#9038);
#4534=VERTEX_POINT('',#9040);
#4535=VERTEX_POINT('',#9042);
#4536=VERTEX_POINT('',#9044);
#4537=VERTEX_POINT('',#9060);
#4538=VERTEX_POINT('',#9061);
#4539=VERTEX_POINT('',#9063);
#4540=VERTEX_POINT('',#9065);
#4541=VERTEX_POINT('',#9067);
#4542=VERTEX_POINT('',#9069);
#4543=VERTEX_POINT('',#9085);
#4544=VERTEX_POINT('',#9086);
#4545=VERTEX_POINT('',#9088);
#4546=VERTEX_POINT('',#9090);
#4547=VERTEX_POINT('',#9092);
#4548=VERTEX_POINT('',#9094);
#4549=VERTEX_POINT('',#9110);
#4550=VERTEX_POINT('',#9111);
#4551=VERTEX_POINT('',#9113);
#4552=VERTEX_POINT('',#9115);
#4553=VERTEX_POINT('',#9117);
#4554=VERTEX_POINT('',#9119);
#4555=VERTEX_POINT('',#9139);
#4556=VERTEX_POINT('',#9141);
#4557=VERTEX_POINT('',#9150);
#4558=VERTEX_POINT('',#9155);
#4559=VERTEX_POINT('',#9157);
#4560=VERTEX_POINT('',#9162);
#4561=VERTEX_POINT('',#9172);
#4562=VERTEX_POINT('',#9174);
#4563=VERTEX_POINT('',#9189);
#4564=VERTEX_POINT('',#9191);
#4565=VERTEX_POINT('',#9200);
#4566=VERTEX_POINT('',#9208);
#4567=VERTEX_POINT('',#9216);
#4568=VERTEX_POINT('',#9220);
#4569=VERTEX_POINT('',#9227);
#4570=VERTEX_POINT('',#9229);
#4571=VERTEX_POINT('',#9233);
#4572=VERTEX_POINT('',#9237);
#4573=VERTEX_POINT('',#9241);
#4574=VERTEX_POINT('',#9245);
#4575=VERTEX_POINT('',#9252);
#4576=VERTEX_POINT('',#9254);
#4577=VERTEX_POINT('',#9258);
#4578=VERTEX_POINT('',#9262);
#4579=VERTEX_POINT('',#9266);
#4580=VERTEX_POINT('',#9270);
#4581=VERTEX_POINT('',#9277);
#4582=VERTEX_POINT('',#9281);
#4583=VERTEX_POINT('',#9285);
#4584=VERTEX_POINT('',#9286);
#4585=VERTEX_POINT('',#9288);
#4586=VERTEX_POINT('',#9290);
#4587=VERTEX_POINT('',#9292);
#4588=VERTEX_POINT('',#9294);
#4589=VERTEX_POINT('',#9310);
#4590=VERTEX_POINT('',#9311);
#4591=VERTEX_POINT('',#9313);
#4592=VERTEX_POINT('',#9315);
#4593=VERTEX_POINT('',#9317);
#4594=VERTEX_POINT('',#9319);
#4595=VERTEX_POINT('',#9326);
#4596=VERTEX_POINT('',#9328);
#4597=VERTEX_POINT('',#9337);
#4598=VERTEX_POINT('',#9339);
#4599=VERTEX_POINT('',#9345);
#4600=VERTEX_POINT('',#9349);
#4601=VERTEX_POINT('',#9356);
#4602=VERTEX_POINT('',#9360);
#4603=VERTEX_POINT('',#9367);
#4604=VERTEX_POINT('',#9374);
#4605=VERTEX_POINT('',#9376);
#4606=VERTEX_POINT('',#9380);
#4607=VERTEX_POINT('',#9384);
#4608=VERTEX_POINT('',#9388);
#4609=VERTEX_POINT('',#9392);
#4610=VERTEX_POINT('',#9398);
#4611=VERTEX_POINT('',#9402);
#4612=VERTEX_POINT('',#9404);
#4613=VERTEX_POINT('',#9408);
#4614=VERTEX_POINT('',#9412);
#4615=VERTEX_POINT('',#9416);
#4616=VERTEX_POINT('',#9420);
#4617=VERTEX_POINT('',#9426);
#4618=VERTEX_POINT('',#9430);
#4619=VERTEX_POINT('',#9432);
#4620=VERTEX_POINT('',#9436);
#4621=VERTEX_POINT('',#9440);
#4622=VERTEX_POINT('',#9444);
#4623=VERTEX_POINT('',#9448);
#4624=VERTEX_POINT('',#9454);
#4625=VERTEX_POINT('',#9458);
#4626=VERTEX_POINT('',#9460);
#4627=VERTEX_POINT('',#9464);
#4628=VERTEX_POINT('',#9468);
#4629=VERTEX_POINT('',#9472);
#4630=VERTEX_POINT('',#9476);
#4631=VERTEX_POINT('',#9482);
#4632=CIRCLE('',#5938,0.0051);
#4633=CIRCLE('',#5939,0.0051);
#4634=CIRCLE('',#5941,0.0051);
#4635=CIRCLE('',#5942,0.0051);
#4636=CIRCLE('',#5950,0.00225);
#4637=CIRCLE('',#5958,0.00225);
#4638=CIRCLE('',#5960,0.00225);
#4639=CIRCLE('',#5962,0.00225);
#4640=CIRCLE('',#5964,0.00225);
#4641=CIRCLE('',#5965,0.00225);
#4642=CIRCLE('',#5966,0.00225);
#4643=CIRCLE('',#5968,0.00225);
#4644=CIRCLE('',#5969,0.00225);
#4645=CIRCLE('',#5971,0.00225);
#4646=CIRCLE('',#5972,0.00225);
#4647=CIRCLE('',#5976,0.00225);
#4648=CIRCLE('',#5977,0.00225);
#4649=CIRCLE('',#5978,0.00225);
#4650=CIRCLE('',#5989,0.00225);
#4651=CIRCLE('',#5990,0.00225);
#4652=CIRCLE('',#5992,0.00225);
#4653=CIRCLE('',#5993,0.00225);
#4654=CIRCLE('',#5995,0.00225);
#4655=CIRCLE('',#5997,0.00225);
#4656=CIRCLE('',#5999,0.00225);
#4657=CIRCLE('',#6001,0.00225);
#4658=CIRCLE('',#6003,0.00224999999999997);
#4659=CIRCLE('',#6004,0.00224999999999997);
#4660=CIRCLE('',#6006,0.00225);
#4661=CIRCLE('',#6007,0.00225);
#4662=CIRCLE('',#6009,0.00225);
#4663=CIRCLE('',#6010,0.00225);
#4664=CIRCLE('',#6012,0.00224999999999997);
#4665=CIRCLE('',#6013,0.00224999999999997);
#4666=CIRCLE('',#6015,0.00224999999999997);
#4667=CIRCLE('',#6016,0.00224999999999997);
#4668=CIRCLE('',#6018,0.00225);
#4669=CIRCLE('',#6019,0.00225);
#4670=CIRCLE('',#6021,0.00224999999999997);
#4671=CIRCLE('',#6022,0.00224999999999997);
#4672=CIRCLE('',#6024,0.00224999999999997);
#4673=CIRCLE('',#6025,0.00224999999999997);
#4674=CIRCLE('',#6027,0.00225);
#4675=CIRCLE('',#6028,0.00225);
#4676=CIRCLE('',#6030,0.00224999999999997);
#4677=CIRCLE('',#6031,0.00224999999999997);
#4678=CIRCLE('',#6033,0.00224999999999997);
#4679=CIRCLE('',#6034,0.024);
#4680=CIRCLE('',#6036,0.007);
#4681=CIRCLE('',#6039,0.00224999999999997);
#4682=CIRCLE('',#6040,0.00224999999999997);
#4683=CIRCLE('',#6042,0.00224999999999997);
#4684=CIRCLE('',#6043,0.00224999999999997);
#4685=CIRCLE('',#6045,0.00224999999999997);
#4686=CIRCLE('',#6046,0.024);
#4687=CIRCLE('',#6047,0.005);
#4688=CIRCLE('',#6048,0.005);
#4689=CIRCLE('',#6049,0.00500000000000017);
#4690=CIRCLE('',#6050,0.005);
#4691=CIRCLE('',#6051,0.005);
#4692=CIRCLE('',#6052,0.00500000000000011);
#4693=CIRCLE('',#6055,0.00249999999999994);
#4694=CIRCLE('',#6056,0.0024999999999999);
#4695=CIRCLE('',#6057,0.0025);
#4696=CIRCLE('',#6058,0.00249999999999992);
#4697=CIRCLE('',#6061,0.005);
#4698=CIRCLE('',#6064,0.00500000000000011);
#4699=CIRCLE('',#6067,0.005);
#4700=CIRCLE('',#6070,0.005);
#4701=CIRCLE('',#6073,0.00500000000000017);
#4702=CIRCLE('',#6076,0.005);
#4703=CIRCLE('',#6078,0.00249999999999992);
#4704=CIRCLE('',#6079,0.0025);
#4705=CIRCLE('',#6080,0.0024999999999999);
#4706=CIRCLE('',#6081,0.00249999999999994);
#4707=CIRCLE('',#6263,0.008);
#4708=CIRCLE('',#6266,0.008);
#4709=CIRCLE('',#6291,0.007);
#4710=CIRCLE('',#6301,0.00224999999999997);
#4711=CIRCLE('',#6310,0.00224999999999997);
#4712=CIRCLE('',#6319,0.00225);
#4713=CIRCLE('',#6328,0.00225);
#4714=EDGE_LOOP('',(#1706));
#4715=EDGE_LOOP('',(#1707));
#4716=EDGE_LOOP('',(#1708));
#4717=EDGE_LOOP('',(#1709));
#4718=EDGE_LOOP('',(#1710,#1711,#1712,#1713));
#4719=EDGE_LOOP('',(#1714,#1715,#1716,#1717));
#4720=EDGE_LOOP('',(#1718,#1719,#1720,#1721));
#4721=EDGE_LOOP('',(#1722,#1723,#1724,#1725));
#4722=EDGE_LOOP('',(#1726,#1727,#1728,#1729));
#4723=EDGE_LOOP('',(#1730,#1731,#1732,#1733));
#4724=EDGE_LOOP('',(#1734,#1735,#1736,#1737,#1738,#1739));
#4725=EDGE_LOOP('',(#1740));
#4726=EDGE_LOOP('',(#1741,#1742,#1743,#1744));
#4727=EDGE_LOOP('',(#1745,#1746,#1747,#1748));
#4728=EDGE_LOOP('',(#1749,#1750,#1751,#1752));
#4729=EDGE_LOOP('',(#1753,#1754,#1755,#1756));
#4730=EDGE_LOOP('',(#1757,#1758,#1759,#1760));
#4731=EDGE_LOOP('',(#1761,#1762,#1763,#1764));
#4732=EDGE_LOOP('',(#1765));
#4733=EDGE_LOOP('',(#1766,#1767,#1768,#1769,#1770,#1771));
#4734=EDGE_LOOP('',(#1772));
#4735=EDGE_LOOP('',(#1773));
#4736=EDGE_LOOP('',(#1774));
#4737=EDGE_LOOP('',(#1775));
#4738=EDGE_LOOP('',(#1776));
#4739=EDGE_LOOP('',(#1777,#1778,#1779,#1780,#1781,#1782));
#4740=EDGE_LOOP('',(#1783));
#4741=EDGE_LOOP('',(#1784));
#4742=EDGE_LOOP('',(#1785,#1786,#1787,#1788,#1789,#1790,#1791,#1792,#1793,
#1794));
#4743=EDGE_LOOP('',(#1795,#1796,#1797,#1798,#1799,#1800));
#4744=EDGE_LOOP('',(#1801));
#4745=EDGE_LOOP('',(#1802));
#4746=EDGE_LOOP('',(#1803));
#4747=EDGE_LOOP('',(#1804));
#4748=EDGE_LOOP('',(#1805,#1806,#1807,#1808,#1809,#1810));
#4749=EDGE_LOOP('',(#1811));
#4750=EDGE_LOOP('',(#1812,#1813,#1814,#1815,#1816,#1817));
#4751=EDGE_LOOP('',(#1818,#1819,#1820,#1821,#1822,#1823));
#4752=EDGE_LOOP('',(#1824,#1825,#1826,#1827,#1828,#1829,#1830,#1831,#1832,
#1833,#1834,#1835,#1836,#1837));
#4753=EDGE_LOOP('',(#1838));
#4754=EDGE_LOOP('',(#1839,#1840,#1841,#1842,#1843,#1844,#1845,#1846,#1847));
#4755=EDGE_LOOP('',(#1848));
#4756=EDGE_LOOP('',(#1849,#1850,#1851,#1852,#1853,#1854));
#4757=EDGE_LOOP('',(#1855,#1856,#1857,#1858,#1859,#1860));
#4758=EDGE_LOOP('',(#1861,#1862,#1863,#1864,#1865,#1866,#1867,#1868,#1869,
#1870));
#4759=EDGE_LOOP('',(#1871));
#4760=EDGE_LOOP('',(#1872));
#4761=EDGE_LOOP('',(#1873,#1874,#1875,#1876,#1877,#1878));
#4762=EDGE_LOOP('',(#1879));
#4763=EDGE_LOOP('',(#1880));
#4764=EDGE_LOOP('',(#1881,#1882,#1883,#1884,#1885,#1886));
#4765=EDGE_LOOP('',(#1887,#1888,#1889,#1890,#1891,#1892));
#4766=EDGE_LOOP('',(#1893,#1894,#1895,#1896,#1897,#1898,#1899,#1900,#1901,
#1902,#1903,#1904,#1905,#1906,#1907,#1908,#1909,#1910));
#4767=EDGE_LOOP('',(#1911,#1912,#1913,#1914,#1915,#1916,#1917));
#4768=EDGE_LOOP('',(#1918,#1919,#1920,#1921,#1922,#1923));
#4769=EDGE_LOOP('',(#1924,#1925,#1926,#1927,#1928,#1929,#1930,#1931,#1932));
#4770=EDGE_LOOP('',(#1933,#1934,#1935,#1936,#1937,#1938,#1939));
#4771=EDGE_LOOP('',(#1940,#1941,#1942,#1943,#1944,#1945));
#4772=EDGE_LOOP('',(#1946,#1947,#1948,#1949));
#4773=EDGE_LOOP('',(#1950,#1951,#1952,#1953));
#4774=EDGE_LOOP('',(#1954,#1955,#1956,#1957));
#4775=EDGE_LOOP('',(#1958));
#4776=EDGE_LOOP('',(#1959));
#4777=EDGE_LOOP('',(#1960));
#4778=EDGE_LOOP('',(#1961));
#4779=EDGE_LOOP('',(#1962));
#4780=EDGE_LOOP('',(#1963));
#4781=EDGE_LOOP('',(#1964));
#4782=EDGE_LOOP('',(#1965));
#4783=EDGE_LOOP('',(#1966));
#4784=EDGE_LOOP('',(#1967));
#4785=EDGE_LOOP('',(#1968));
#4786=EDGE_LOOP('',(#1969));
#4787=EDGE_LOOP('',(#1970));
#4788=EDGE_LOOP('',(#1971));
#4789=EDGE_LOOP('',(#1972));
#4790=EDGE_LOOP('',(#1973));
#4791=EDGE_LOOP('',(#1974));
#4792=EDGE_LOOP('',(#1975));
#4793=EDGE_LOOP('',(#1976));
#4794=EDGE_LOOP('',(#1977));
#4795=EDGE_LOOP('',(#1978));
#4796=EDGE_LOOP('',(#1979));
#4797=EDGE_LOOP('',(#1980));
#4798=EDGE_LOOP('',(#1981));
#4799=EDGE_LOOP('',(#1982));
#4800=EDGE_LOOP('',(#1983));
#4801=EDGE_LOOP('',(#1984));
#4802=EDGE_LOOP('',(#1985));
#4803=EDGE_LOOP('',(#1986));
#4804=EDGE_LOOP('',(#1987));
#4805=EDGE_LOOP('',(#1988));
#4806=EDGE_LOOP('',(#1989));
#4807=EDGE_LOOP('',(#1990));
#4808=EDGE_LOOP('',(#1991));
#4809=EDGE_LOOP('',(#1992));
#4810=EDGE_LOOP('',(#1993,#1994,#1995,#1996,#1997,#1998));
#4811=EDGE_LOOP('',(#1999,#2000,#2001,#2002,#2003,#2004));
#4812=EDGE_LOOP('',(#2005,#2006,#2007,#2008,#2009,#2010));
#4813=EDGE_LOOP('',(#2011,#2012,#2013,#2014,#2015,#2016));
#4814=EDGE_LOOP('',(#2017));
#4815=EDGE_LOOP('',(#2018));
#4816=EDGE_LOOP('',(#2019));
#4817=EDGE_LOOP('',(#2020,#2021,#2022,#2023));
#4818=EDGE_LOOP('',(#2024,#2025,#2026,#2027,#2028,#2029,#2030,#2031,#2032,
#2033,#2034,#2035,#2036));
#4819=EDGE_LOOP('',(#2037,#2038,#2039,#2040,#2041,#2042,#2043,#2044,#2045,
#2046));
#4820=EDGE_LOOP('',(#2047));
#4821=EDGE_LOOP('',(#2048));
#4822=EDGE_LOOP('',(#2049));
#4823=EDGE_LOOP('',(#2050));
#4824=EDGE_LOOP('',(#2051));
#4825=EDGE_LOOP('',(#2052));
#4826=EDGE_LOOP('',(#2053));
#4827=EDGE_LOOP('',(#2054));
#4828=EDGE_LOOP('',(#2055));
#4829=EDGE_LOOP('',(#2056));
#4830=EDGE_LOOP('',(#2057,#2058,#2059,#2060));
#4831=EDGE_LOOP('',(#2061,#2062,#2063,#2064,#2065,#2066,#2067,#2068,#2069,
#2070,#2071,#2072));
#4832=EDGE_LOOP('',(#2073,#2074,#2075,#2076,#2077,#2078));
#4833=EDGE_LOOP('',(#2079,#2080,#2081,#2082,#2083,#2084));
#4834=EDGE_LOOP('',(#2085,#2086,#2087,#2088,#2089,#2090));
#4835=EDGE_LOOP('',(#2091));
#4836=EDGE_LOOP('',(#2092));
#4837=EDGE_LOOP('',(#2093));
#4838=EDGE_LOOP('',(#2094));
#4839=EDGE_LOOP('',(#2095,#2096,#2097,#2098,#2099,#2100));
#4840=EDGE_LOOP('',(#2101,#2102,#2103,#2104,#2105,#2106));
#4841=EDGE_LOOP('',(#2107,#2108,#2109,#2110,#2111,#2112));
#4842=EDGE_LOOP('',(#2113,#2114,#2115,#2116));
#4843=EDGE_LOOP('',(#2117,#2118,#2119,#2120,#2121,#2122));
#4844=EDGE_LOOP('',(#2123,#2124,#2125,#2126,#2127,#2128,#2129,#2130,#2131,
#2132));
#4845=EDGE_LOOP('',(#2133,#2134,#2135,#2136,#2137,#2138));
#4846=EDGE_LOOP('',(#2139,#2140,#2141,#2142,#2143,#2144));
#4847=EDGE_LOOP('',(#2145,#2146,#2147,#2148,#2149,#2150));
#4848=EDGE_LOOP('',(#2151,#2152,#2153,#2154,#2155,#2156));
#4849=EDGE_LOOP('',(#2157,#2158,#2159,#2160,#2161,#2162));
#4850=EDGE_LOOP('',(#2163,#2164,#2165,#2166,#2167,#2168));
#4851=EDGE_LOOP('',(#2169,#2170,#2171,#2172,#2173,#2174,#2175,#2176));
#4852=EDGE_LOOP('',(#2177,#2178,#2179,#2180));
#4853=EDGE_LOOP('',(#2181,#2182,#2183,#2184));
#4854=EDGE_LOOP('',(#2185,#2186,#2187,#2188));
#4855=EDGE_LOOP('',(#2189,#2190,#2191,#2192));
#4856=EDGE_LOOP('',(#2193,#2194,#2195,#2196));
#4857=EDGE_LOOP('',(#2197,#2198,#2199,#2200));
#4858=EDGE_LOOP('',(#2201,#2202,#2203,#2204));
#4859=EDGE_LOOP('',(#2205,#2206,#2207,#2208));
#4860=EDGE_LOOP('',(#2209,#2210,#2211,#2212));
#4861=EDGE_LOOP('',(#2213,#2214,#2215,#2216));
#4862=EDGE_LOOP('',(#2217,#2218,#2219,#2220));
#4863=EDGE_LOOP('',(#2221,#2222,#2223,#2224));
#4864=EDGE_LOOP('',(#2225,#2226,#2227,#2228));
#4865=EDGE_LOOP('',(#2229));
#4866=EDGE_LOOP('',(#2230));
#4867=EDGE_LOOP('',(#2231,#2232,#2233,#2234,#2235,#2236,#2237,#2238));
#4868=EDGE_LOOP('',(#2239,#2240,#2241,#2242,#2243,#2244,#2245,#2246,#2247,
#2248,#2249,#2250));
#4869=EDGE_LOOP('',(#2251,#2252,#2253,#2254));
#4870=EDGE_LOOP('',(#2255,#2256,#2257,#2258));
#4871=EDGE_LOOP('',(#2259,#2260,#2261,#2262));
#4872=EDGE_LOOP('',(#2263,#2264,#2265,#2266));
#4873=EDGE_LOOP('',(#2267,#2268,#2269,#2270));
#4874=EDGE_LOOP('',(#2271,#2272,#2273,#2274));
#4875=EDGE_LOOP('',(#2275,#2276,#2277,#2278));
#4876=EDGE_LOOP('',(#2279,#2280,#2281,#2282));
#4877=EDGE_LOOP('',(#2283,#2284,#2285,#2286,#2287,#2288));
#4878=EDGE_LOOP('',(#2289));
#4879=EDGE_LOOP('',(#2290,#2291,#2292,#2293));
#4880=EDGE_LOOP('',(#2294,#2295,#2296,#2297));
#4881=EDGE_LOOP('',(#2298,#2299,#2300,#2301));
#4882=EDGE_LOOP('',(#2302,#2303,#2304,#2305));
#4883=EDGE_LOOP('',(#2306,#2307,#2308,#2309));
#4884=EDGE_LOOP('',(#2310,#2311,#2312,#2313));
#4885=EDGE_LOOP('',(#2314,#2315,#2316,#2317,#2318,#2319));
#4886=EDGE_LOOP('',(#2320));
#4887=EDGE_LOOP('',(#2321,#2322,#2323,#2324));
#4888=EDGE_LOOP('',(#2325,#2326,#2327,#2328));
#4889=EDGE_LOOP('',(#2329,#2330,#2331,#2332));
#4890=EDGE_LOOP('',(#2333,#2334,#2335,#2336));
#4891=EDGE_LOOP('',(#2337,#2338,#2339,#2340));
#4892=EDGE_LOOP('',(#2341,#2342,#2343,#2344));
#4893=EDGE_LOOP('',(#2345,#2346,#2347,#2348));
#4894=EDGE_LOOP('',(#2349,#2350,#2351,#2352));
#4895=EDGE_LOOP('',(#2353,#2354,#2355,#2356,#2357,#2358));
#4896=EDGE_LOOP('',(#2359));
#4897=EDGE_LOOP('',(#2360,#2361,#2362,#2363));
#4898=EDGE_LOOP('',(#2364,#2365,#2366,#2367));
#4899=EDGE_LOOP('',(#2368,#2369,#2370,#2371));
#4900=EDGE_LOOP('',(#2372,#2373,#2374,#2375));
#4901=EDGE_LOOP('',(#2376,#2377,#2378,#2379));
#4902=EDGE_LOOP('',(#2380,#2381,#2382,#2383));
#4903=EDGE_LOOP('',(#2384,#2385,#2386,#2387,#2388,#2389));
#4904=EDGE_LOOP('',(#2390));
#4905=EDGE_LOOP('',(#2391,#2392,#2393,#2394));
#4906=EDGE_LOOP('',(#2395,#2396,#2397,#2398));
#4907=EDGE_LOOP('',(#2399,#2400,#2401,#2402));
#4908=EDGE_LOOP('',(#2403,#2404,#2405,#2406));
#4909=EDGE_LOOP('',(#2407,#2408,#2409,#2410));
#4910=EDGE_LOOP('',(#2411,#2412,#2413,#2414));
#4911=EDGE_LOOP('',(#2415,#2416,#2417,#2418,#2419,#2420));
#4912=EDGE_LOOP('',(#2421));
#4913=EDGE_LOOP('',(#2422,#2423,#2424,#2425));
#4914=EDGE_LOOP('',(#2426,#2427,#2428,#2429));
#4915=EDGE_LOOP('',(#2430,#2431,#2432,#2433));
#4916=EDGE_LOOP('',(#2434,#2435,#2436,#2437));
#4917=EDGE_LOOP('',(#2438,#2439,#2440,#2441));
#4918=EDGE_LOOP('',(#2442,#2443,#2444,#2445));
#4919=EDGE_LOOP('',(#2446,#2447,#2448,#2449,#2450,#2451));
#4920=EDGE_LOOP('',(#2452));
#4921=EDGE_LOOP('',(#2453,#2454,#2455,#2456));
#4922=EDGE_LOOP('',(#2457,#2458,#2459,#2460));
#4923=EDGE_LOOP('',(#2461,#2462,#2463,#2464));
#4924=EDGE_LOOP('',(#2465,#2466,#2467,#2468));
#4925=EDGE_LOOP('',(#2469,#2470,#2471,#2472));
#4926=EDGE_LOOP('',(#2473,#2474,#2475,#2476));
#4927=EDGE_LOOP('',(#2477,#2478,#2479,#2480,#2481,#2482));
#4928=EDGE_LOOP('',(#2483));
#4929=EDGE_LOOP('',(#2484,#2485,#2486,#2487));
#4930=EDGE_LOOP('',(#2488,#2489,#2490,#2491));
#4931=EDGE_LOOP('',(#2492,#2493,#2494,#2495));
#4932=EDGE_LOOP('',(#2496,#2497,#2498,#2499));
#4933=EDGE_LOOP('',(#2500,#2501,#2502,#2503));
#4934=EDGE_LOOP('',(#2504,#2505,#2506,#2507));
#4935=EDGE_LOOP('',(#2508,#2509,#2510,#2511,#2512,#2513));
#4936=EDGE_LOOP('',(#2514));
#4937=EDGE_LOOP('',(#2515,#2516,#2517,#2518));
#4938=EDGE_LOOP('',(#2519,#2520,#2521,#2522));
#4939=EDGE_LOOP('',(#2523,#2524,#2525,#2526));
#4940=EDGE_LOOP('',(#2527,#2528,#2529,#2530));
#4941=EDGE_LOOP('',(#2531,#2532,#2533,#2534));
#4942=EDGE_LOOP('',(#2535,#2536,#2537,#2538));
#4943=EDGE_LOOP('',(#2539,#2540,#2541,#2542,#2543,#2544));
#4944=EDGE_LOOP('',(#2545));
#4945=EDGE_LOOP('',(#2546,#2547,#2548,#2549));
#4946=EDGE_LOOP('',(#2550,#2551,#2552,#2553));
#4947=EDGE_LOOP('',(#2554,#2555,#2556,#2557));
#4948=EDGE_LOOP('',(#2558,#2559,#2560,#2561));
#4949=EDGE_LOOP('',(#2562,#2563,#2564,#2565));
#4950=EDGE_LOOP('',(#2566,#2567,#2568,#2569));
#4951=EDGE_LOOP('',(#2570,#2571,#2572,#2573,#2574,#2575));
#4952=EDGE_LOOP('',(#2576));
#4953=EDGE_LOOP('',(#2577,#2578,#2579,#2580));
#4954=EDGE_LOOP('',(#2581,#2582,#2583,#2584));
#4955=EDGE_LOOP('',(#2585,#2586,#2587,#2588));
#4956=EDGE_LOOP('',(#2589,#2590,#2591,#2592));
#4957=EDGE_LOOP('',(#2593,#2594,#2595,#2596));
#4958=EDGE_LOOP('',(#2597,#2598,#2599,#2600));
#4959=EDGE_LOOP('',(#2601,#2602,#2603,#2604,#2605,#2606));
#4960=EDGE_LOOP('',(#2607));
#4961=EDGE_LOOP('',(#2608,#2609,#2610,#2611));
#4962=EDGE_LOOP('',(#2612,#2613,#2614,#2615));
#4963=EDGE_LOOP('',(#2616,#2617,#2618,#2619));
#4964=EDGE_LOOP('',(#2620,#2621,#2622,#2623));
#4965=EDGE_LOOP('',(#2624,#2625,#2626,#2627));
#4966=EDGE_LOOP('',(#2628,#2629,#2630,#2631));
#4967=EDGE_LOOP('',(#2632,#2633,#2634,#2635,#2636,#2637));
#4968=EDGE_LOOP('',(#2638));
#4969=EDGE_LOOP('',(#2639,#2640,#2641,#2642));
#4970=EDGE_LOOP('',(#2643,#2644,#2645,#2646));
#4971=EDGE_LOOP('',(#2647,#2648,#2649,#2650));
#4972=EDGE_LOOP('',(#2651,#2652,#2653,#2654));
#4973=EDGE_LOOP('',(#2655,#2656,#2657,#2658));
#4974=EDGE_LOOP('',(#2659,#2660,#2661,#2662));
#4975=EDGE_LOOP('',(#2663,#2664,#2665,#2666,#2667,#2668));
#4976=EDGE_LOOP('',(#2669));
#4977=EDGE_LOOP('',(#2670,#2671,#2672,#2673));
#4978=EDGE_LOOP('',(#2674,#2675,#2676,#2677));
#4979=EDGE_LOOP('',(#2678,#2679,#2680,#2681));
#4980=EDGE_LOOP('',(#2682,#2683,#2684,#2685));
#4981=EDGE_LOOP('',(#2686,#2687,#2688,#2689));
#4982=EDGE_LOOP('',(#2690,#2691,#2692,#2693));
#4983=EDGE_LOOP('',(#2694,#2695,#2696,#2697,#2698,#2699));
#4984=EDGE_LOOP('',(#2700));
#4985=EDGE_LOOP('',(#2701,#2702,#2703,#2704));
#4986=EDGE_LOOP('',(#2705,#2706,#2707,#2708));
#4987=EDGE_LOOP('',(#2709,#2710,#2711,#2712));
#4988=EDGE_LOOP('',(#2713,#2714,#2715,#2716));
#4989=EDGE_LOOP('',(#2717,#2718,#2719,#2720));
#4990=EDGE_LOOP('',(#2721,#2722,#2723,#2724));
#4991=EDGE_LOOP('',(#2725,#2726,#2727,#2728,#2729,#2730));
#4992=EDGE_LOOP('',(#2731));
#4993=EDGE_LOOP('',(#2732,#2733,#2734,#2735));
#4994=EDGE_LOOP('',(#2736,#2737,#2738,#2739));
#4995=EDGE_LOOP('',(#2740,#2741,#2742,#2743));
#4996=EDGE_LOOP('',(#2744,#2745,#2746,#2747));
#4997=EDGE_LOOP('',(#2748,#2749,#2750,#2751));
#4998=EDGE_LOOP('',(#2752,#2753,#2754,#2755));
#4999=EDGE_LOOP('',(#2756,#2757,#2758,#2759,#2760,#2761));
#5000=EDGE_LOOP('',(#2762));
#5001=EDGE_LOOP('',(#2763,#2764,#2765,#2766));
#5002=EDGE_LOOP('',(#2767,#2768,#2769,#2770));
#5003=EDGE_LOOP('',(#2771,#2772,#2773,#2774));
#5004=EDGE_LOOP('',(#2775,#2776,#2777,#2778));
#5005=EDGE_LOOP('',(#2779,#2780,#2781,#2782));
#5006=EDGE_LOOP('',(#2783,#2784,#2785,#2786));
#5007=EDGE_LOOP('',(#2787,#2788,#2789,#2790,#2791,#2792));
#5008=EDGE_LOOP('',(#2793));
#5009=EDGE_LOOP('',(#2794,#2795,#2796,#2797));
#5010=EDGE_LOOP('',(#2798,#2799,#2800,#2801));
#5011=EDGE_LOOP('',(#2802,#2803,#2804,#2805));
#5012=EDGE_LOOP('',(#2806,#2807,#2808,#2809));
#5013=EDGE_LOOP('',(#2810,#2811,#2812,#2813));
#5014=EDGE_LOOP('',(#2814,#2815,#2816,#2817));
#5015=EDGE_LOOP('',(#2818,#2819,#2820,#2821,#2822,#2823));
#5016=EDGE_LOOP('',(#2824));
#5017=EDGE_LOOP('',(#2825,#2826,#2827,#2828));
#5018=EDGE_LOOP('',(#2829,#2830,#2831,#2832));
#5019=EDGE_LOOP('',(#2833,#2834,#2835,#2836));
#5020=EDGE_LOOP('',(#2837,#2838,#2839,#2840));
#5021=EDGE_LOOP('',(#2841,#2842,#2843,#2844));
#5022=EDGE_LOOP('',(#2845,#2846,#2847,#2848));
#5023=EDGE_LOOP('',(#2849,#2850,#2851,#2852));
#5024=EDGE_LOOP('',(#2853,#2854,#2855,#2856,#2857,#2858,#2859,#2860));
#5025=EDGE_LOOP('',(#2861,#2862,#2863));
#5026=EDGE_LOOP('',(#2864,#2865,#2866));
#5027=EDGE_LOOP('',(#2867,#2868,#2869,#2870));
#5028=EDGE_LOOP('',(#2871,#2872,#2873,#2874,#2875,#2876,#2877,#2878));
#5029=EDGE_LOOP('',(#2879,#2880,#2881,#2882));
#5030=EDGE_LOOP('',(#2883,#2884,#2885,#2886));
#5031=EDGE_LOOP('',(#2887,#2888,#2889,#2890));
#5032=EDGE_LOOP('',(#2891,#2892,#2893,#2894));
#5033=EDGE_LOOP('',(#2895,#2896,#2897,#2898,#2899));
#5034=EDGE_LOOP('',(#2900,#2901,#2902,#2903,#2904));
#5035=EDGE_LOOP('',(#2905,#2906,#2907,#2908));
#5036=EDGE_LOOP('',(#2909,#2910,#2911,#2912));
#5037=EDGE_LOOP('',(#2913,#2914,#2915,#2916));
#5038=EDGE_LOOP('',(#2917,#2918,#2919,#2920));
#5039=EDGE_LOOP('',(#2921,#2922,#2923,#2924,#2925));
#5040=EDGE_LOOP('',(#2926,#2927,#2928,#2929,#2930));
#5041=EDGE_LOOP('',(#2931,#2932,#2933,#2934,#2935));
#5042=EDGE_LOOP('',(#2936,#2937,#2938,#2939));
#5043=EDGE_LOOP('',(#2940,#2941,#2942,#2943));
#5044=EDGE_LOOP('',(#2944,#2945,#2946,#2947));
#5045=EDGE_LOOP('',(#2948,#2949,#2950,#2951));
#5046=EDGE_LOOP('',(#2952,#2953,#2954,#2955));
#5047=EDGE_LOOP('',(#2956,#2957,#2958,#2959));
#5048=EDGE_LOOP('',(#2960,#2961,#2962,#2963));
#5049=EDGE_LOOP('',(#2964,#2965,#2966,#2967,#2968));
#5050=EDGE_LOOP('',(#2969,#2970,#2971,#2972,#2973));
#5051=EDGE_LOOP('',(#2974,#2975,#2976,#2977,#2978));
#5052=EDGE_LOOP('',(#2979,#2980,#2981,#2982));
#5053=EDGE_LOOP('',(#2983,#2984,#2985,#2986));
#5054=EDGE_LOOP('',(#2987,#2988,#2989,#2990));
#5055=EDGE_LOOP('',(#2991,#2992,#2993,#2994));
#5056=EDGE_LOOP('',(#2995,#2996,#2997,#2998));
#5057=EDGE_LOOP('',(#2999,#3000,#3001,#3002));
#5058=EDGE_LOOP('',(#3003,#3004,#3005,#3006));
#5059=EDGE_LOOP('',(#3007));
#5060=EDGE_LOOP('',(#3008,#3009,#3010,#3011,#3012,#3013));
#5061=EDGE_LOOP('',(#3014,#3015,#3016,#3017));
#5062=EDGE_LOOP('',(#3018,#3019,#3020,#3021));
#5063=EDGE_LOOP('',(#3022,#3023,#3024,#3025));
#5064=EDGE_LOOP('',(#3026,#3027,#3028,#3029));
#5065=EDGE_LOOP('',(#3030,#3031,#3032,#3033));
#5066=EDGE_LOOP('',(#3034,#3035,#3036,#3037));
#5067=EDGE_LOOP('',(#3038,#3039,#3040,#3041,#3042,#3043));
#5068=EDGE_LOOP('',(#3044));
#5069=EDGE_LOOP('',(#3045));
#5070=EDGE_LOOP('',(#3046));
#5071=EDGE_LOOP('',(#3047));
#5072=EDGE_LOOP('',(#3048));
#5073=EDGE_LOOP('',(#3049));
#5074=EDGE_LOOP('',(#3050));
#5075=EDGE_LOOP('',(#3051));
#5076=EDGE_LOOP('',(#3052));
#5077=EDGE_LOOP('',(#3053,#3054,#3055,#3056,#3057,#3058));
#5078=EDGE_LOOP('',(#3059));
#5079=EDGE_LOOP('',(#3060,#3061,#3062,#3063));
#5080=EDGE_LOOP('',(#3064,#3065,#3066,#3067));
#5081=EDGE_LOOP('',(#3068,#3069,#3070,#3071));
#5082=EDGE_LOOP('',(#3072,#3073,#3074,#3075));
#5083=EDGE_LOOP('',(#3076,#3077,#3078,#3079));
#5084=EDGE_LOOP('',(#3080,#3081,#3082,#3083));
#5085=EDGE_LOOP('',(#3084,#3085,#3086,#3087,#3088,#3089));
#5086=EDGE_LOOP('',(#3090));
#5087=EDGE_LOOP('',(#3091,#3092,#3093,#3094));
#5088=EDGE_LOOP('',(#3095,#3096,#3097,#3098,#3099,#3100));
#5089=EDGE_LOOP('',(#3101,#3102,#3103,#3104));
#5090=EDGE_LOOP('',(#3105,#3106,#3107,#3108));
#5091=EDGE_LOOP('',(#3109,#3110,#3111,#3112,#3113,#3114));
#5092=EDGE_LOOP('',(#3115,#3116,#3117,#3118));
#5093=EDGE_LOOP('',(#3119,#3120,#3121,#3122));
#5094=EDGE_LOOP('',(#3123,#3124,#3125,#3126));
#5095=EDGE_LOOP('',(#3127,#3128,#3129,#3130));
#5096=EDGE_LOOP('',(#3131,#3132,#3133,#3134));
#5097=EDGE_LOOP('',(#3135,#3136,#3137,#3138));
#5098=EDGE_LOOP('',(#3139,#3140,#3141,#3142));
#5099=EDGE_LOOP('',(#3143,#3144,#3145,#3146));
#5100=EDGE_LOOP('',(#3147,#3148,#3149,#3150));
#5101=EDGE_LOOP('',(#3151,#3152,#3153));
#5102=EDGE_LOOP('',(#3154,#3155,#3156,#3157));
#5103=EDGE_LOOP('',(#3158,#3159,#3160,#3161));
#5104=EDGE_LOOP('',(#3162,#3163,#3164,#3165));
#5105=EDGE_LOOP('',(#3166,#3167,#3168,#3169));
#5106=EDGE_LOOP('',(#3170,#3171,#3172,#3173));
#5107=EDGE_LOOP('',(#3174,#3175,#3176,#3177));
#5108=EDGE_LOOP('',(#3178,#3179,#3180,#3181));
#5109=EDGE_LOOP('',(#3182,#3183,#3184,#3185));
#5110=EDGE_LOOP('',(#3186));
#5111=EDGE_LOOP('',(#3187,#3188,#3189,#3190,#3191,#3192));
#5112=EDGE_LOOP('',(#3193));
#5113=EDGE_LOOP('',(#3194));
#5114=EDGE_LOOP('',(#3195,#3196,#3197,#3198));
#5115=EDGE_LOOP('',(#3199,#3200,#3201,#3202));
#5116=EDGE_LOOP('',(#3203,#3204,#3205,#3206));
#5117=EDGE_LOOP('',(#3207,#3208,#3209,#3210));
#5118=EDGE_LOOP('',(#3211,#3212,#3213,#3214));
#5119=EDGE_LOOP('',(#3215,#3216,#3217,#3218));
#5120=EDGE_LOOP('',(#3219));
#5121=EDGE_LOOP('',(#3220,#3221,#3222,#3223,#3224,#3225));
#5122=EDGE_LOOP('',(#3226));
#5123=EDGE_LOOP('',(#3227));
#5124=EDGE_LOOP('',(#3228,#3229,#3230,#3231));
#5125=EDGE_LOOP('',(#3232,#3233,#3234,#3235));
#5126=EDGE_LOOP('',(#3236,#3237,#3238,#3239));
#5127=EDGE_LOOP('',(#3240,#3241,#3242,#3243));
#5128=EDGE_LOOP('',(#3244,#3245,#3246,#3247));
#5129=EDGE_LOOP('',(#3248,#3249,#3250,#3251));
#5130=EDGE_LOOP('',(#3252));
#5131=EDGE_LOOP('',(#3253,#3254,#3255,#3256,#3257,#3258));
#5132=EDGE_LOOP('',(#3259));
#5133=EDGE_LOOP('',(#3260));
#5134=EDGE_LOOP('',(#3261,#3262,#3263,#3264));
#5135=EDGE_LOOP('',(#3265,#3266,#3267,#3268));
#5136=EDGE_LOOP('',(#3269,#3270,#3271,#3272));
#5137=EDGE_LOOP('',(#3273,#3274,#3275,#3276));
#5138=EDGE_LOOP('',(#3277,#3278,#3279,#3280));
#5139=EDGE_LOOP('',(#3281,#3282,#3283,#3284));
#5140=EDGE_LOOP('',(#3285));
#5141=EDGE_LOOP('',(#3286,#3287,#3288,#3289,#3290,#3291));
#5142=EDGE_LOOP('',(#3292));
#5143=EDGE_LOOP('',(#3293));
#5144=FACE_BOUND('',#4714,.T.);
#5145=FACE_BOUND('',#4715,.T.);
#5146=FACE_BOUND('',#4716,.T.);
#5147=FACE_BOUND('',#4717,.T.);
#5148=FACE_BOUND('',#4718,.T.);
#5149=FACE_BOUND('',#4719,.T.);
#5150=FACE_BOUND('',#4720,.T.);
#5151=FACE_BOUND('',#4721,.T.);
#5152=FACE_BOUND('',#4722,.T.);
#5153=FACE_BOUND('',#4723,.T.);
#5154=FACE_BOUND('',#4724,.T.);
#5155=FACE_BOUND('',#4725,.T.);
#5156=FACE_BOUND('',#4726,.T.);
#5157=FACE_BOUND('',#4727,.T.);
#5158=FACE_BOUND('',#4728,.T.);
#5159=FACE_BOUND('',#4729,.T.);
#5160=FACE_BOUND('',#4730,.T.);
#5161=FACE_BOUND('',#4731,.T.);
#5162=FACE_BOUND('',#4732,.T.);
#5163=FACE_BOUND('',#4733,.T.);
#5164=FACE_BOUND('',#4734,.T.);
#5165=FACE_BOUND('',#4735,.T.);
#5166=FACE_BOUND('',#4736,.T.);
#5167=FACE_BOUND('',#4737,.T.);
#5168=FACE_BOUND('',#4738,.T.);
#5169=FACE_BOUND('',#4739,.T.);
#5170=FACE_BOUND('',#4740,.T.);
#5171=FACE_BOUND('',#4741,.T.);
#5172=FACE_BOUND('',#4742,.T.);
#5173=FACE_BOUND('',#4743,.T.);
#5174=FACE_BOUND('',#4744,.T.);
#5175=FACE_BOUND('',#4745,.T.);
#5176=FACE_BOUND('',#4746,.T.);
#5177=FACE_BOUND('',#4747,.T.);
#5178=FACE_BOUND('',#4748,.T.);
#5179=FACE_BOUND('',#4749,.T.);
#5180=FACE_BOUND('',#4750,.T.);
#5181=FACE_BOUND('',#4751,.T.);
#5182=FACE_BOUND('',#4752,.T.);
#5183=FACE_BOUND('',#4753,.T.);
#5184=FACE_BOUND('',#4754,.T.);
#5185=FACE_BOUND('',#4755,.T.);
#5186=FACE_BOUND('',#4756,.T.);
#5187=FACE_BOUND('',#4757,.T.);
#5188=FACE_BOUND('',#4758,.T.);
#5189=FACE_BOUND('',#4759,.T.);
#5190=FACE_BOUND('',#4760,.T.);
#5191=FACE_BOUND('',#4761,.T.);
#5192=FACE_BOUND('',#4762,.T.);
#5193=FACE_BOUND('',#4763,.T.);
#5194=FACE_BOUND('',#4764,.T.);
#5195=FACE_BOUND('',#4765,.T.);
#5196=FACE_BOUND('',#4766,.T.);
#5197=FACE_BOUND('',#4767,.T.);
#5198=FACE_BOUND('',#4768,.T.);
#5199=FACE_BOUND('',#4769,.T.);
#5200=FACE_BOUND('',#4770,.T.);
#5201=FACE_BOUND('',#4771,.T.);
#5202=FACE_BOUND('',#4772,.T.);
#5203=FACE_BOUND('',#4773,.T.);
#5204=FACE_BOUND('',#4774,.T.);
#5205=FACE_BOUND('',#4775,.T.);
#5206=FACE_BOUND('',#4776,.T.);
#5207=FACE_BOUND('',#4777,.T.);
#5208=FACE_BOUND('',#4778,.T.);
#5209=FACE_BOUND('',#4779,.T.);
#5210=FACE_BOUND('',#4780,.T.);
#5211=FACE_BOUND('',#4781,.T.);
#5212=FACE_BOUND('',#4782,.T.);
#5213=FACE_BOUND('',#4783,.T.);
#5214=FACE_BOUND('',#4784,.T.);
#5215=FACE_BOUND('',#4785,.T.);
#5216=FACE_BOUND('',#4786,.T.);
#5217=FACE_BOUND('',#4787,.T.);
#5218=FACE_BOUND('',#4788,.T.);
#5219=FACE_BOUND('',#4789,.T.);
#5220=FACE_BOUND('',#4790,.T.);
#5221=FACE_BOUND('',#4791,.T.);
#5222=FACE_BOUND('',#4792,.T.);
#5223=FACE_BOUND('',#4793,.T.);
#5224=FACE_BOUND('',#4794,.T.);
#5225=FACE_BOUND('',#4795,.T.);
#5226=FACE_BOUND('',#4796,.T.);
#5227=FACE_BOUND('',#4797,.T.);
#5228=FACE_BOUND('',#4798,.T.);
#5229=FACE_BOUND('',#4799,.T.);
#5230=FACE_BOUND('',#4800,.T.);
#5231=FACE_BOUND('',#4801,.T.);
#5232=FACE_BOUND('',#4802,.T.);
#5233=FACE_BOUND('',#4803,.T.);
#5234=FACE_BOUND('',#4804,.T.);
#5235=FACE_BOUND('',#4805,.T.);
#5236=FACE_BOUND('',#4806,.T.);
#5237=FACE_BOUND('',#4807,.T.);
#5238=FACE_BOUND('',#4808,.T.);
#5239=FACE_BOUND('',#4809,.T.);
#5240=FACE_BOUND('',#4810,.T.);
#5241=FACE_BOUND('',#4811,.T.);
#5242=FACE_BOUND('',#4812,.T.);
#5243=FACE_BOUND('',#4813,.T.);
#5244=FACE_BOUND('',#4814,.T.);
#5245=FACE_BOUND('',#4815,.T.);
#5246=FACE_BOUND('',#4816,.T.);
#5247=FACE_BOUND('',#4817,.T.);
#5248=FACE_BOUND('',#4818,.T.);
#5249=FACE_BOUND('',#4819,.T.);
#5250=FACE_BOUND('',#4820,.T.);
#5251=FACE_BOUND('',#4821,.T.);
#5252=FACE_BOUND('',#4822,.T.);
#5253=FACE_BOUND('',#4823,.T.);
#5254=FACE_BOUND('',#4824,.T.);
#5255=FACE_BOUND('',#4825,.T.);
#5256=FACE_BOUND('',#4826,.T.);
#5257=FACE_BOUND('',#4827,.T.);
#5258=FACE_BOUND('',#4828,.T.);
#5259=FACE_BOUND('',#4829,.T.);
#5260=FACE_BOUND('',#4830,.T.);
#5261=FACE_BOUND('',#4831,.T.);
#5262=FACE_BOUND('',#4832,.T.);
#5263=FACE_BOUND('',#4833,.T.);
#5264=FACE_BOUND('',#4834,.T.);
#5265=FACE_BOUND('',#4835,.T.);
#5266=FACE_BOUND('',#4836,.T.);
#5267=FACE_BOUND('',#4837,.T.);
#5268=FACE_BOUND('',#4838,.T.);
#5269=FACE_BOUND('',#4839,.T.);
#5270=FACE_BOUND('',#4840,.T.);
#5271=FACE_BOUND('',#4841,.T.);
#5272=FACE_BOUND('',#4842,.T.);
#5273=FACE_BOUND('',#4843,.T.);
#5274=FACE_BOUND('',#4844,.T.);
#5275=FACE_BOUND('',#4845,.T.);
#5276=FACE_BOUND('',#4846,.T.);
#5277=FACE_BOUND('',#4847,.T.);
#5278=FACE_BOUND('',#4848,.T.);
#5279=FACE_BOUND('',#4849,.T.);
#5280=FACE_BOUND('',#4850,.T.);
#5281=FACE_BOUND('',#4851,.T.);
#5282=FACE_BOUND('',#4852,.T.);
#5283=FACE_BOUND('',#4853,.T.);
#5284=FACE_BOUND('',#4854,.T.);
#5285=FACE_BOUND('',#4855,.T.);
#5286=FACE_BOUND('',#4856,.T.);
#5287=FACE_BOUND('',#4857,.T.);
#5288=FACE_BOUND('',#4858,.T.);
#5289=FACE_BOUND('',#4859,.T.);
#5290=FACE_BOUND('',#4860,.T.);
#5291=FACE_BOUND('',#4861,.T.);
#5292=FACE_BOUND('',#4862,.T.);
#5293=FACE_BOUND('',#4863,.T.);
#5294=FACE_BOUND('',#4864,.T.);
#5295=FACE_BOUND('',#4865,.T.);
#5296=FACE_BOUND('',#4866,.T.);
#5297=FACE_BOUND('',#4867,.T.);
#5298=FACE_BOUND('',#4868,.T.);
#5299=FACE_BOUND('',#4869,.T.);
#5300=FACE_BOUND('',#4870,.T.);
#5301=FACE_BOUND('',#4871,.T.);
#5302=FACE_BOUND('',#4872,.T.);
#5303=FACE_BOUND('',#4873,.T.);
#5304=FACE_BOUND('',#4874,.T.);
#5305=FACE_BOUND('',#4875,.T.);
#5306=FACE_BOUND('',#4876,.T.);
#5307=FACE_BOUND('',#4877,.T.);
#5308=FACE_BOUND('',#4878,.T.);
#5309=FACE_BOUND('',#4879,.T.);
#5310=FACE_BOUND('',#4880,.T.);
#5311=FACE_BOUND('',#4881,.T.);
#5312=FACE_BOUND('',#4882,.T.);
#5313=FACE_BOUND('',#4883,.T.);
#5314=FACE_BOUND('',#4884,.T.);
#5315=FACE_BOUND('',#4885,.T.);
#5316=FACE_BOUND('',#4886,.T.);
#5317=FACE_BOUND('',#4887,.T.);
#5318=FACE_BOUND('',#4888,.T.);
#5319=FACE_BOUND('',#4889,.T.);
#5320=FACE_BOUND('',#4890,.T.);
#5321=FACE_BOUND('',#4891,.T.);
#5322=FACE_BOUND('',#4892,.T.);
#5323=FACE_BOUND('',#4893,.T.);
#5324=FACE_BOUND('',#4894,.T.);
#5325=FACE_BOUND('',#4895,.T.);
#5326=FACE_BOUND('',#4896,.T.);
#5327=FACE_BOUND('',#4897,.T.);
#5328=FACE_BOUND('',#4898,.T.);
#5329=FACE_BOUND('',#4899,.T.);
#5330=FACE_BOUND('',#4900,.T.);
#5331=FACE_BOUND('',#4901,.T.);
#5332=FACE_BOUND('',#4902,.T.);
#5333=FACE_BOUND('',#4903,.T.);
#5334=FACE_BOUND('',#4904,.T.);
#5335=FACE_BOUND('',#4905,.T.);
#5336=FACE_BOUND('',#4906,.T.);
#5337=FACE_BOUND('',#4907,.T.);
#5338=FACE_BOUND('',#4908,.T.);
#5339=FACE_BOUND('',#4909,.T.);
#5340=FACE_BOUND('',#4910,.T.);
#5341=FACE_BOUND('',#4911,.T.);
#5342=FACE_BOUND('',#4912,.T.);
#5343=FACE_BOUND('',#4913,.T.);
#5344=FACE_BOUND('',#4914,.T.);
#5345=FACE_BOUND('',#4915,.T.);
#5346=FACE_BOUND('',#4916,.T.);
#5347=FACE_BOUND('',#4917,.T.);
#5348=FACE_BOUND('',#4918,.T.);
#5349=FACE_BOUND('',#4919,.T.);
#5350=FACE_BOUND('',#4920,.T.);
#5351=FACE_BOUND('',#4921,.T.);
#5352=FACE_BOUND('',#4922,.T.);
#5353=FACE_BOUND('',#4923,.T.);
#5354=FACE_BOUND('',#4924,.T.);
#5355=FACE_BOUND('',#4925,.T.);
#5356=FACE_BOUND('',#4926,.T.);
#5357=FACE_BOUND('',#4927,.T.);
#5358=FACE_BOUND('',#4928,.T.);
#5359=FACE_BOUND('',#4929,.T.);
#5360=FACE_BOUND('',#4930,.T.);
#5361=FACE_BOUND('',#4931,.T.);
#5362=FACE_BOUND('',#4932,.T.);
#5363=FACE_BOUND('',#4933,.T.);
#5364=FACE_BOUND('',#4934,.T.);
#5365=FACE_BOUND('',#4935,.T.);
#5366=FACE_BOUND('',#4936,.T.);
#5367=FACE_BOUND('',#4937,.T.);
#5368=FACE_BOUND('',#4938,.T.);
#5369=FACE_BOUND('',#4939,.T.);
#5370=FACE_BOUND('',#4940,.T.);
#5371=FACE_BOUND('',#4941,.T.);
#5372=FACE_BOUND('',#4942,.T.);
#5373=FACE_BOUND('',#4943,.T.);
#5374=FACE_BOUND('',#4944,.T.);
#5375=FACE_BOUND('',#4945,.T.);
#5376=FACE_BOUND('',#4946,.T.);
#5377=FACE_BOUND('',#4947,.T.);
#5378=FACE_BOUND('',#4948,.T.);
#5379=FACE_BOUND('',#4949,.T.);
#5380=FACE_BOUND('',#4950,.T.);
#5381=FACE_BOUND('',#4951,.T.);
#5382=FACE_BOUND('',#4952,.T.);
#5383=FACE_BOUND('',#4953,.T.);
#5384=FACE_BOUND('',#4954,.T.);
#5385=FACE_BOUND('',#4955,.T.);
#5386=FACE_BOUND('',#4956,.T.);
#5387=FACE_BOUND('',#4957,.T.);
#5388=FACE_BOUND('',#4958,.T.);
#5389=FACE_BOUND('',#4959,.T.);
#5390=FACE_BOUND('',#4960,.T.);
#5391=FACE_BOUND('',#4961,.T.);
#5392=FACE_BOUND('',#4962,.T.);
#5393=FACE_BOUND('',#4963,.T.);
#5394=FACE_BOUND('',#4964,.T.);
#5395=FACE_BOUND('',#4965,.T.);
#5396=FACE_BOUND('',#4966,.T.);
#5397=FACE_BOUND('',#4967,.T.);
#5398=FACE_BOUND('',#4968,.T.);
#5399=FACE_BOUND('',#4969,.T.);
#5400=FACE_BOUND('',#4970,.T.);
#5401=FACE_BOUND('',#4971,.T.);
#5402=FACE_BOUND('',#4972,.T.);
#5403=FACE_BOUND('',#4973,.T.);
#5404=FACE_BOUND('',#4974,.T.);
#5405=FACE_BOUND('',#4975,.T.);
#5406=FACE_BOUND('',#4976,.T.);
#5407=FACE_BOUND('',#4977,.T.);
#5408=FACE_BOUND('',#4978,.T.);
#5409=FACE_BOUND('',#4979,.T.);
#5410=FACE_BOUND('',#4980,.T.);
#5411=FACE_BOUND('',#4981,.T.);
#5412=FACE_BOUND('',#4982,.T.);
#5413=FACE_BOUND('',#4983,.T.);
#5414=FACE_BOUND('',#4984,.T.);
#5415=FACE_BOUND('',#4985,.T.);
#5416=FACE_BOUND('',#4986,.T.);
#5417=FACE_BOUND('',#4987,.T.);
#5418=FACE_BOUND('',#4988,.T.);
#5419=FACE_BOUND('',#4989,.T.);
#5420=FACE_BOUND('',#4990,.T.);
#5421=FACE_BOUND('',#4991,.T.);
#5422=FACE_BOUND('',#4992,.T.);
#5423=FACE_BOUND('',#4993,.T.);
#5424=FACE_BOUND('',#4994,.T.);
#5425=FACE_BOUND('',#4995,.T.);
#5426=FACE_BOUND('',#4996,.T.);
#5427=FACE_BOUND('',#4997,.T.);
#5428=FACE_BOUND('',#4998,.T.);
#5429=FACE_BOUND('',#4999,.T.);
#5430=FACE_BOUND('',#5000,.T.);
#5431=FACE_BOUND('',#5001,.T.);
#5432=FACE_BOUND('',#5002,.T.);
#5433=FACE_BOUND('',#5003,.T.);
#5434=FACE_BOUND('',#5004,.T.);
#5435=FACE_BOUND('',#5005,.T.);
#5436=FACE_BOUND('',#5006,.T.);
#5437=FACE_BOUND('',#5007,.T.);
#5438=FACE_BOUND('',#5008,.T.);
#5439=FACE_BOUND('',#5009,.T.);
#5440=FACE_BOUND('',#5010,.T.);
#5441=FACE_BOUND('',#5011,.T.);
#5442=FACE_BOUND('',#5012,.T.);
#5443=FACE_BOUND('',#5013,.T.);
#5444=FACE_BOUND('',#5014,.T.);
#5445=FACE_BOUND('',#5015,.T.);
#5446=FACE_BOUND('',#5016,.T.);
#5447=FACE_BOUND('',#5017,.T.);
#5448=FACE_BOUND('',#5018,.T.);
#5449=FACE_BOUND('',#5019,.T.);
#5450=FACE_BOUND('',#5020,.T.);
#5451=FACE_BOUND('',#5021,.T.);
#5452=FACE_BOUND('',#5022,.T.);
#5453=FACE_BOUND('',#5023,.T.);
#5454=FACE_BOUND('',#5024,.T.);
#5455=FACE_BOUND('',#5025,.T.);
#5456=FACE_BOUND('',#5026,.T.);
#5457=FACE_BOUND('',#5027,.T.);
#5458=FACE_BOUND('',#5028,.T.);
#5459=FACE_BOUND('',#5029,.T.);
#5460=FACE_BOUND('',#5030,.T.);
#5461=FACE_BOUND('',#5031,.T.);
#5462=FACE_BOUND('',#5032,.T.);
#5463=FACE_BOUND('',#5033,.T.);
#5464=FACE_BOUND('',#5034,.T.);
#5465=FACE_BOUND('',#5035,.T.);
#5466=FACE_BOUND('',#5036,.T.);
#5467=FACE_BOUND('',#5037,.T.);
#5468=FACE_BOUND('',#5038,.T.);
#5469=FACE_BOUND('',#5039,.T.);
#5470=FACE_BOUND('',#5040,.T.);
#5471=FACE_BOUND('',#5041,.T.);
#5472=FACE_BOUND('',#5042,.T.);
#5473=FACE_BOUND('',#5043,.T.);
#5474=FACE_BOUND('',#5044,.T.);
#5475=FACE_BOUND('',#5045,.T.);
#5476=FACE_BOUND('',#5046,.T.);
#5477=FACE_BOUND('',#5047,.T.);
#5478=FACE_BOUND('',#5048,.T.);
#5479=FACE_BOUND('',#5049,.T.);
#5480=FACE_BOUND('',#5050,.T.);
#5481=FACE_BOUND('',#5051,.T.);
#5482=FACE_BOUND('',#5052,.T.);
#5483=FACE_BOUND('',#5053,.T.);
#5484=FACE_BOUND('',#5054,.T.);
#5485=FACE_BOUND('',#5055,.T.);
#5486=FACE_BOUND('',#5056,.T.);
#5487=FACE_BOUND('',#5057,.T.);
#5488=FACE_BOUND('',#5058,.T.);
#5489=FACE_BOUND('',#5059,.T.);
#5490=FACE_BOUND('',#5060,.T.);
#5491=FACE_BOUND('',#5061,.T.);
#5492=FACE_BOUND('',#5062,.T.);
#5493=FACE_BOUND('',#5063,.T.);
#5494=FACE_BOUND('',#5064,.T.);
#5495=FACE_BOUND('',#5065,.T.);
#5496=FACE_BOUND('',#5066,.T.);
#5497=FACE_BOUND('',#5067,.T.);
#5498=FACE_BOUND('',#5068,.T.);
#5499=FACE_BOUND('',#5069,.T.);
#5500=FACE_BOUND('',#5070,.T.);
#5501=FACE_BOUND('',#5071,.T.);
#5502=FACE_BOUND('',#5072,.T.);
#5503=FACE_BOUND('',#5073,.T.);
#5504=FACE_BOUND('',#5074,.T.);
#5505=FACE_BOUND('',#5075,.T.);
#5506=FACE_BOUND('',#5076,.T.);
#5507=FACE_BOUND('',#5077,.T.);
#5508=FACE_BOUND('',#5078,.T.);
#5509=FACE_BOUND('',#5079,.T.);
#5510=FACE_BOUND('',#5080,.T.);
#5511=FACE_BOUND('',#5081,.T.);
#5512=FACE_BOUND('',#5082,.T.);
#5513=FACE_BOUND('',#5083,.T.);
#5514=FACE_BOUND('',#5084,.T.);
#5515=FACE_BOUND('',#5085,.T.);
#5516=FACE_BOUND('',#5086,.T.);
#5517=FACE_BOUND('',#5087,.T.);
#5518=FACE_BOUND('',#5088,.T.);
#5519=FACE_BOUND('',#5089,.T.);
#5520=FACE_BOUND('',#5090,.T.);
#5521=FACE_BOUND('',#5091,.T.);
#5522=FACE_BOUND('',#5092,.T.);
#5523=FACE_BOUND('',#5093,.T.);
#5524=FACE_BOUND('',#5094,.T.);
#5525=FACE_BOUND('',#5095,.T.);
#5526=FACE_BOUND('',#5096,.T.);
#5527=FACE_BOUND('',#5097,.T.);
#5528=FACE_BOUND('',#5098,.T.);
#5529=FACE_BOUND('',#5099,.T.);
#5530=FACE_BOUND('',#5100,.T.);
#5531=FACE_BOUND('',#5101,.T.);
#5532=FACE_BOUND('',#5102,.T.);
#5533=FACE_BOUND('',#5103,.T.);
#5534=FACE_BOUND('',#5104,.T.);
#5535=FACE_BOUND('',#5105,.T.);
#5536=FACE_BOUND('',#5106,.T.);
#5537=FACE_BOUND('',#5107,.T.);
#5538=FACE_BOUND('',#5108,.T.);
#5539=FACE_BOUND('',#5109,.T.);
#5540=FACE_BOUND('',#5110,.T.);
#5541=FACE_BOUND('',#5111,.T.);
#5542=FACE_BOUND('',#5112,.T.);
#5543=FACE_BOUND('',#5113,.T.);
#5544=FACE_BOUND('',#5114,.T.);
#5545=FACE_BOUND('',#5115,.T.);
#5546=FACE_BOUND('',#5116,.T.);
#5547=FACE_BOUND('',#5117,.T.);
#5548=FACE_BOUND('',#5118,.T.);
#5549=FACE_BOUND('',#5119,.T.);
#5550=FACE_BOUND('',#5120,.T.);
#5551=FACE_BOUND('',#5121,.T.);
#5552=FACE_BOUND('',#5122,.T.);
#5553=FACE_BOUND('',#5123,.T.);
#5554=FACE_BOUND('',#5124,.T.);
#5555=FACE_BOUND('',#5125,.T.);
#5556=FACE_BOUND('',#5126,.T.);
#5557=FACE_BOUND('',#5127,.T.);
#5558=FACE_BOUND('',#5128,.T.);
#5559=FACE_BOUND('',#5129,.T.);
#5560=FACE_BOUND('',#5130,.T.);
#5561=FACE_BOUND('',#5131,.T.);
#5562=FACE_BOUND('',#5132,.T.);
#5563=FACE_BOUND('',#5133,.T.);
#5564=FACE_BOUND('',#5134,.T.);
#5565=FACE_BOUND('',#5135,.T.);
#5566=FACE_BOUND('',#5136,.T.);
#5567=FACE_BOUND('',#5137,.T.);
#5568=FACE_BOUND('',#5138,.T.);
#5569=FACE_BOUND('',#5139,.T.);
#5570=FACE_BOUND('',#5140,.T.);
#5571=FACE_BOUND('',#5141,.T.);
#5572=FACE_BOUND('',#5142,.T.);
#5573=FACE_BOUND('',#5143,.T.);
#5574=CYLINDRICAL_SURFACE('',#5937,0.0051);
#5575=CYLINDRICAL_SURFACE('',#5940,0.0051);
#5576=CYLINDRICAL_SURFACE('',#5959,0.00225);
#5577=CYLINDRICAL_SURFACE('',#5961,0.00225);
#5578=CYLINDRICAL_SURFACE('',#5967,0.00225);
#5579=CYLINDRICAL_SURFACE('',#5970,0.00225);
#5580=CYLINDRICAL_SURFACE('',#5988,0.00225);
#5581=CYLINDRICAL_SURFACE('',#5991,0.00225);
#5582=CYLINDRICAL_SURFACE('',#5994,0.00225);
#5583=CYLINDRICAL_SURFACE('',#5996,0.00225);
#5584=CYLINDRICAL_SURFACE('',#5998,0.00225);
#5585=CYLINDRICAL_SURFACE('',#6000,0.00225);
#5586=CYLINDRICAL_SURFACE('',#6002,0.00224999999999997);
#5587=CYLINDRICAL_SURFACE('',#6005,0.00225);
#5588=CYLINDRICAL_SURFACE('',#6008,0.00225);
#5589=CYLINDRICAL_SURFACE('',#6011,0.00224999999999997);
#5590=CYLINDRICAL_SURFACE('',#6014,0.00224999999999997);
#5591=CYLINDRICAL_SURFACE('',#6017,0.00225);
#5592=CYLINDRICAL_SURFACE('',#6020,0.00224999999999997);
#5593=CYLINDRICAL_SURFACE('',#6023,0.00224999999999997);
#5594=CYLINDRICAL_SURFACE('',#6026,0.00225);
#5595=CYLINDRICAL_SURFACE('',#6029,0.00224999999999997);
#5596=CYLINDRICAL_SURFACE('',#6038,0.00224999999999997);
#5597=CYLINDRICAL_SURFACE('',#6041,0.00224999999999997);
#5598=CYLINDRICAL_SURFACE('',#6060,0.005);
#5599=CYLINDRICAL_SURFACE('',#6063,0.00500000000000011);
#5600=CYLINDRICAL_SURFACE('',#6066,0.005);
#5601=CYLINDRICAL_SURFACE('',#6069,0.005);
#5602=CYLINDRICAL_SURFACE('',#6072,0.00500000000000017);
#5603=CYLINDRICAL_SURFACE('',#6075,0.005);
#5604=CYLINDRICAL_SURFACE('',#6083,0.00249999999999994);
#5605=CYLINDRICAL_SURFACE('',#6085,0.0024999999999999);
#5606=CYLINDRICAL_SURFACE('',#6087,0.0025);
#5607=CYLINDRICAL_SURFACE('',#6089,0.00249999999999992);
#5608=CYLINDRICAL_SURFACE('',#6292,0.007);
#5609=CYLINDRICAL_SURFACE('',#6302,0.00224999999999997);
#5610=CYLINDRICAL_SURFACE('',#6311,0.00224999999999997);
#5611=CYLINDRICAL_SURFACE('',#6320,0.00225);
#5612=CYLINDRICAL_SURFACE('',#6329,0.00225);
#5613=ADVANCED_FACE('',(#5144,#5145),#5574,.F.);
#5614=ADVANCED_FACE('',(#5146,#5147),#5575,.F.);
#5615=ADVANCED_FACE('',(#5148),#1436,.T.);
#5616=ADVANCED_FACE('',(#5149),#1437,.T.);
#5617=ADVANCED_FACE('',(#5150),#1438,.T.);
#5618=ADVANCED_FACE('',(#5151),#1439,.T.);
#5619=ADVANCED_FACE('',(#5152),#1440,.T.);
#5620=ADVANCED_FACE('',(#5153),#1441,.T.);
#5621=ADVANCED_FACE('',(#5154,#5155),#1442,.T.);
#5622=ADVANCED_FACE('',(#5156),#1443,.F.);
#5623=ADVANCED_FACE('',(#5157),#1444,.F.);
#5624=ADVANCED_FACE('',(#5158),#1445,.F.);
#5625=ADVANCED_FACE('',(#5159),#1446,.F.);
#5626=ADVANCED_FACE('',(#5160),#1447,.F.);
#5627=ADVANCED_FACE('',(#5161),#1448,.F.);
#5628=ADVANCED_FACE('',(#5162,#5163),#1449,.T.);
#5629=ADVANCED_FACE('',(#5164,#5165),#5576,.F.);
#5630=ADVANCED_FACE('',(#5166,#5167),#5577,.F.);
#5631=ADVANCED_FACE('',(#5168,#5169,#5170,#5171,#5172,#5173),#1450,.F.);
#5632=ADVANCED_FACE('',(#5174,#5175),#5578,.F.);
#5633=ADVANCED_FACE('',(#5176,#5177),#5579,.F.);
#5634=ADVANCED_FACE('',(#5178,#5179,#5180,#5181,#5182,#5183),#1451,.T.);
#5635=ADVANCED_FACE('',(#5184),#1452,.F.);
#5636=ADVANCED_FACE('',(#5185,#5186,#5187,#5188,#5189,#5190),#1453,.T.);
#5637=ADVANCED_FACE('',(#5191,#5192,#5193,#5194,#5195,#5196),#1454,.F.);
#5638=ADVANCED_FACE('',(#5197),#1455,.F.);
#5639=ADVANCED_FACE('',(#5198),#1456,.F.);
#5640=ADVANCED_FACE('',(#5199),#1457,.F.);
#5641=ADVANCED_FACE('',(#5200),#1458,.F.);
#5642=ADVANCED_FACE('',(#5201),#1459,.F.);
#5643=ADVANCED_FACE('',(#5202),#1460,.T.);
#5644=ADVANCED_FACE('',(#5203),#1461,.F.);
#5645=ADVANCED_FACE('',(#5204),#1462,.F.);
#5646=ADVANCED_FACE('',(#5205,#5206),#5580,.F.);
#5647=ADVANCED_FACE('',(#5207,#5208),#5581,.F.);
#5648=ADVANCED_FACE('',(#5209,#5210),#5582,.F.);
#5649=ADVANCED_FACE('',(#5211,#5212),#5583,.F.);
#5650=ADVANCED_FACE('',(#5213,#5214),#5584,.F.);
#5651=ADVANCED_FACE('',(#5215,#5216),#5585,.F.);
#5652=ADVANCED_FACE('',(#5217,#5218),#5586,.F.);
#5653=ADVANCED_FACE('',(#5219,#5220),#5587,.F.);
#5654=ADVANCED_FACE('',(#5221,#5222),#5588,.F.);
#5655=ADVANCED_FACE('',(#5223,#5224),#5589,.F.);
#5656=ADVANCED_FACE('',(#5225,#5226),#5590,.F.);
#5657=ADVANCED_FACE('',(#5227,#5228),#5591,.F.);
#5658=ADVANCED_FACE('',(#5229,#5230),#5592,.F.);
#5659=ADVANCED_FACE('',(#5231,#5232),#5593,.F.);
#5660=ADVANCED_FACE('',(#5233,#5234),#5594,.F.);
#5661=ADVANCED_FACE('',(#5235,#5236),#5595,.F.);
#5662=ADVANCED_FACE('',(#5237,#5238,#5239,#5240,#5241,#5242,#5243,#5244,
#5245,#5246,#5247),#1463,.F.);
#5663=ADVANCED_FACE('',(#5248),#1464,.T.);
#5664=ADVANCED_FACE('',(#5249),#1465,.F.);
#5665=ADVANCED_FACE('',(#5250,#5251),#5596,.F.);
#5666=ADVANCED_FACE('',(#5252,#5253),#5597,.F.);
#5667=ADVANCED_FACE('',(#5254,#5255,#5256,#5257,#5258,#5259,#5260,#5261),
#1466,.F.);
#5668=ADVANCED_FACE('',(#5262,#5263,#5264,#5265,#5266,#5267,#5268,#5269,
#5270,#5271,#5272),#1467,.T.);
#5669=ADVANCED_FACE('',(#5273,#5274,#5275,#5276,#5277,#5278,#5279,#5280,
#5281,#5282),#1468,.T.);
#5670=ADVANCED_FACE('',(#5283),#1469,.T.);
#5671=ADVANCED_FACE('',(#5284),#5598,.T.);
#5672=ADVANCED_FACE('',(#5285),#1470,.F.);
#5673=ADVANCED_FACE('',(#5286),#5599,.T.);
#5674=ADVANCED_FACE('',(#5287),#1471,.T.);
#5675=ADVANCED_FACE('',(#5288),#5600,.T.);
#5676=ADVANCED_FACE('',(#5289),#1472,.F.);
#5677=ADVANCED_FACE('',(#5290),#5601,.T.);
#5678=ADVANCED_FACE('',(#5291),#1473,.F.);
#5679=ADVANCED_FACE('',(#5292),#5602,.T.);
#5680=ADVANCED_FACE('',(#5293),#1474,.T.);
#5681=ADVANCED_FACE('',(#5294),#5603,.T.);
#5682=ADVANCED_FACE('',(#5295,#5296,#5297,#5298),#1475,.T.);
#5683=ADVANCED_FACE('',(#5299),#1476,.F.);
#5684=ADVANCED_FACE('',(#5300),#5604,.F.);
#5685=ADVANCED_FACE('',(#5301),#1477,.T.);
#5686=ADVANCED_FACE('',(#5302),#5605,.F.);
#5687=ADVANCED_FACE('',(#5303),#1478,.T.);
#5688=ADVANCED_FACE('',(#5304),#5606,.F.);
#5689=ADVANCED_FACE('',(#5305),#1479,.F.);
#5690=ADVANCED_FACE('',(#5306),#5607,.F.);
#5691=ADVANCED_FACE('',(#5307,#5308),#1480,.T.);
#5692=ADVANCED_FACE('',(#5309),#1481,.F.);
#5693=ADVANCED_FACE('',(#5310),#1482,.F.);
#5694=ADVANCED_FACE('',(#5311),#1483,.F.);
#5695=ADVANCED_FACE('',(#5312),#1484,.F.);
#5696=ADVANCED_FACE('',(#5313),#1485,.F.);
#5697=ADVANCED_FACE('',(#5314),#1486,.F.);
#5698=ADVANCED_FACE('',(#5315,#5316),#1487,.T.);
#5699=ADVANCED_FACE('',(#5317),#1488,.F.);
#5700=ADVANCED_FACE('',(#5318),#1489,.F.);
#5701=ADVANCED_FACE('',(#5319),#1490,.F.);
#5702=ADVANCED_FACE('',(#5320),#1491,.F.);
#5703=ADVANCED_FACE('',(#5321),#1492,.F.);
#5704=ADVANCED_FACE('',(#5322),#1493,.F.);
#5705=ADVANCED_FACE('',(#5323),#1494,.F.);
#5706=ADVANCED_FACE('',(#5324),#1495,.T.);
#5707=ADVANCED_FACE('',(#5325,#5326),#1496,.T.);
#5708=ADVANCED_FACE('',(#5327),#1497,.F.);
#5709=ADVANCED_FACE('',(#5328),#1498,.F.);
#5710=ADVANCED_FACE('',(#5329),#1499,.F.);
#5711=ADVANCED_FACE('',(#5330),#1500,.F.);
#5712=ADVANCED_FACE('',(#5331),#1501,.F.);
#5713=ADVANCED_FACE('',(#5332),#1502,.F.);
#5714=ADVANCED_FACE('',(#5333,#5334),#1503,.T.);
#5715=ADVANCED_FACE('',(#5335),#1504,.F.);
#5716=ADVANCED_FACE('',(#5336),#1505,.F.);
#5717=ADVANCED_FACE('',(#5337),#1506,.F.);
#5718=ADVANCED_FACE('',(#5338),#1507,.F.);
#5719=ADVANCED_FACE('',(#5339),#1508,.F.);
#5720=ADVANCED_FACE('',(#5340),#1509,.F.);
#5721=ADVANCED_FACE('',(#5341,#5342),#1510,.T.);
#5722=ADVANCED_FACE('',(#5343),#1511,.F.);
#5723=ADVANCED_FACE('',(#5344),#1512,.F.);
#5724=ADVANCED_FACE('',(#5345),#1513,.F.);
#5725=ADVANCED_FACE('',(#5346),#1514,.F.);
#5726=ADVANCED_FACE('',(#5347),#1515,.F.);
#5727=ADVANCED_FACE('',(#5348),#1516,.F.);
#5728=ADVANCED_FACE('',(#5349,#5350),#1517,.T.);
#5729=ADVANCED_FACE('',(#5351),#1518,.F.);
#5730=ADVANCED_FACE('',(#5352),#1519,.F.);
#5731=ADVANCED_FACE('',(#5353),#1520,.F.);
#5732=ADVANCED_FACE('',(#5354),#1521,.F.);
#5733=ADVANCED_FACE('',(#5355),#1522,.F.);
#5734=ADVANCED_FACE('',(#5356),#1523,.F.);
#5735=ADVANCED_FACE('',(#5357,#5358),#1524,.T.);
#5736=ADVANCED_FACE('',(#5359),#1525,.F.);
#5737=ADVANCED_FACE('',(#5360),#1526,.F.);
#5738=ADVANCED_FACE('',(#5361),#1527,.F.);
#5739=ADVANCED_FACE('',(#5362),#1528,.F.);
#5740=ADVANCED_FACE('',(#5363),#1529,.F.);
#5741=ADVANCED_FACE('',(#5364),#1530,.F.);
#5742=ADVANCED_FACE('',(#5365,#5366),#1531,.T.);
#5743=ADVANCED_FACE('',(#5367),#1532,.F.);
#5744=ADVANCED_FACE('',(#5368),#1533,.F.);
#5745=ADVANCED_FACE('',(#5369),#1534,.F.);
#5746=ADVANCED_FACE('',(#5370),#1535,.F.);
#5747=ADVANCED_FACE('',(#5371),#1536,.F.);
#5748=ADVANCED_FACE('',(#5372),#1537,.F.);
#5749=ADVANCED_FACE('',(#5373,#5374),#1538,.T.);
#5750=ADVANCED_FACE('',(#5375),#1539,.F.);
#5751=ADVANCED_FACE('',(#5376),#1540,.F.);
#5752=ADVANCED_FACE('',(#5377),#1541,.F.);
#5753=ADVANCED_FACE('',(#5378),#1542,.F.);
#5754=ADVANCED_FACE('',(#5379),#1543,.F.);
#5755=ADVANCED_FACE('',(#5380),#1544,.F.);
#5756=ADVANCED_FACE('',(#5381,#5382),#1545,.T.);
#5757=ADVANCED_FACE('',(#5383),#1546,.F.);
#5758=ADVANCED_FACE('',(#5384),#1547,.F.);
#5759=ADVANCED_FACE('',(#5385),#1548,.F.);
#5760=ADVANCED_FACE('',(#5386),#1549,.F.);
#5761=ADVANCED_FACE('',(#5387),#1550,.F.);
#5762=ADVANCED_FACE('',(#5388),#1551,.F.);
#5763=ADVANCED_FACE('',(#5389,#5390),#1552,.T.);
#5764=ADVANCED_FACE('',(#5391),#1553,.F.);
#5765=ADVANCED_FACE('',(#5392),#1554,.F.);
#5766=ADVANCED_FACE('',(#5393),#1555,.F.);
#5767=ADVANCED_FACE('',(#5394),#1556,.F.);
#5768=ADVANCED_FACE('',(#5395),#1557,.F.);
#5769=ADVANCED_FACE('',(#5396),#1558,.F.);
#5770=ADVANCED_FACE('',(#5397,#5398),#1559,.T.);
#5771=ADVANCED_FACE('',(#5399),#1560,.F.);
#5772=ADVANCED_FACE('',(#5400),#1561,.F.);
#5773=ADVANCED_FACE('',(#5401),#1562,.F.);
#5774=ADVANCED_FACE('',(#5402),#1563,.F.);
#5775=ADVANCED_FACE('',(#5403),#1564,.F.);
#5776=ADVANCED_FACE('',(#5404),#1565,.F.);
#5777=ADVANCED_FACE('',(#5405,#5406),#1566,.T.);
#5778=ADVANCED_FACE('',(#5407),#1567,.F.);
#5779=ADVANCED_FACE('',(#5408),#1568,.F.);
#5780=ADVANCED_FACE('',(#5409),#1569,.F.);
#5781=ADVANCED_FACE('',(#5410),#1570,.F.);
#5782=ADVANCED_FACE('',(#5411),#1571,.F.);
#5783=ADVANCED_FACE('',(#5412),#1572,.F.);
#5784=ADVANCED_FACE('',(#5413,#5414),#1573,.T.);
#5785=ADVANCED_FACE('',(#5415),#1574,.F.);
#5786=ADVANCED_FACE('',(#5416),#1575,.F.);
#5787=ADVANCED_FACE('',(#5417),#1576,.F.);
#5788=ADVANCED_FACE('',(#5418),#1577,.F.);
#5789=ADVANCED_FACE('',(#5419),#1578,.F.);
#5790=ADVANCED_FACE('',(#5420),#1579,.F.);
#5791=ADVANCED_FACE('',(#5421,#5422),#1580,.T.);
#5792=ADVANCED_FACE('',(#5423),#1581,.F.);
#5793=ADVANCED_FACE('',(#5424),#1582,.F.);
#5794=ADVANCED_FACE('',(#5425),#1583,.F.);
#5795=ADVANCED_FACE('',(#5426),#1584,.F.);
#5796=ADVANCED_FACE('',(#5427),#1585,.F.);
#5797=ADVANCED_FACE('',(#5428),#1586,.F.);
#5798=ADVANCED_FACE('',(#5429,#5430),#1587,.T.);
#5799=ADVANCED_FACE('',(#5431),#1588,.F.);
#5800=ADVANCED_FACE('',(#5432),#1589,.F.);
#5801=ADVANCED_FACE('',(#5433),#1590,.F.);
#5802=ADVANCED_FACE('',(#5434),#1591,.F.);
#5803=ADVANCED_FACE('',(#5435),#1592,.F.);
#5804=ADVANCED_FACE('',(#5436),#1593,.F.);
#5805=ADVANCED_FACE('',(#5437,#5438),#1594,.T.);
#5806=ADVANCED_FACE('',(#5439),#1595,.F.);
#5807=ADVANCED_FACE('',(#5440),#1596,.F.);
#5808=ADVANCED_FACE('',(#5441),#1597,.F.);
#5809=ADVANCED_FACE('',(#5442),#1598,.F.);
#5810=ADVANCED_FACE('',(#5443),#1599,.F.);
#5811=ADVANCED_FACE('',(#5444),#1600,.F.);
#5812=ADVANCED_FACE('',(#5445,#5446),#1601,.T.);
#5813=ADVANCED_FACE('',(#5447),#1602,.F.);
#5814=ADVANCED_FACE('',(#5448),#1603,.F.);
#5815=ADVANCED_FACE('',(#5449),#1604,.F.);
#5816=ADVANCED_FACE('',(#5450),#1605,.F.);
#5817=ADVANCED_FACE('',(#5451),#1606,.F.);
#5818=ADVANCED_FACE('',(#5452),#1607,.F.);
#5819=ADVANCED_FACE('',(#5453),#1608,.F.);
#5820=ADVANCED_FACE('',(#5454),#1609,.T.);
#5821=ADVANCED_FACE('',(#5455),#1610,.F.);
#5822=ADVANCED_FACE('',(#5456),#1611,.T.);
#5823=ADVANCED_FACE('',(#5457),#1612,.T.);
#5824=ADVANCED_FACE('',(#5458),#1613,.F.);
#5825=ADVANCED_FACE('',(#5459),#1614,.T.);
#5826=ADVANCED_FACE('',(#5460),#1615,.T.);
#5827=ADVANCED_FACE('',(#5461),#1616,.T.);
#5828=ADVANCED_FACE('',(#5462),#1617,.T.);
#5829=ADVANCED_FACE('',(#5463),#1618,.T.);
#5830=ADVANCED_FACE('',(#5464),#1619,.F.);
#5831=ADVANCED_FACE('',(#5465),#1620,.F.);
#5832=ADVANCED_FACE('',(#5466),#1621,.T.);
#5833=ADVANCED_FACE('',(#5467),#1622,.T.);
#5834=ADVANCED_FACE('',(#5468),#1623,.T.);
#5835=ADVANCED_FACE('',(#5469),#1624,.T.);
#5836=ADVANCED_FACE('',(#5470),#1625,.T.);
#5837=ADVANCED_FACE('',(#5471),#1626,.F.);
#5838=ADVANCED_FACE('',(#5472),#1627,.T.);
#5839=ADVANCED_FACE('',(#5473),#1628,.T.);
#5840=ADVANCED_FACE('',(#5474),#1629,.T.);
#5841=ADVANCED_FACE('',(#5475),#1630,.T.);
#5842=ADVANCED_FACE('',(#5476),#1631,.T.);
#5843=ADVANCED_FACE('',(#5477),#1632,.T.);
#5844=ADVANCED_FACE('',(#5478),#1633,.F.);
#5845=ADVANCED_FACE('',(#5479),#1634,.F.);
#5846=ADVANCED_FACE('',(#5480),#1635,.F.);
#5847=ADVANCED_FACE('',(#5481),#1636,.F.);
#5848=ADVANCED_FACE('',(#5482),#1637,.T.);
#5849=ADVANCED_FACE('',(#5483),#1638,.F.);
#5850=ADVANCED_FACE('',(#5484),#1639,.F.);
#5851=ADVANCED_FACE('',(#5485),#1640,.F.);
#5852=ADVANCED_FACE('',(#5486),#1641,.F.);
#5853=ADVANCED_FACE('',(#5487),#1642,.F.);
#5854=ADVANCED_FACE('',(#5488),#1643,.F.);
#5855=ADVANCED_FACE('',(#5489,#5490),#1644,.T.);
#5856=ADVANCED_FACE('',(#5491),#1645,.T.);
#5857=ADVANCED_FACE('',(#5492),#1646,.T.);
#5858=ADVANCED_FACE('',(#5493),#1647,.T.);
#5859=ADVANCED_FACE('',(#5494),#1648,.T.);
#5860=ADVANCED_FACE('',(#5495),#1649,.T.);
#5861=ADVANCED_FACE('',(#5496),#1650,.T.);
#5862=ADVANCED_FACE('',(#5497,#5498),#1651,.T.);
#5863=ADVANCED_FACE('',(#5499,#5500),#12,.T.);
#5864=ADVANCED_FACE('',(#5501,#5502),#1652,.T.);
#5865=ADVANCED_FACE('',(#5503,#5504),#13,.T.);
#5866=ADVANCED_FACE('',(#5505,#5506),#1653,.F.);
#5867=ADVANCED_FACE('',(#5507,#5508),#1654,.T.);
#5868=ADVANCED_FACE('',(#5509),#1655,.F.);
#5869=ADVANCED_FACE('',(#5510),#1656,.F.);
#5870=ADVANCED_FACE('',(#5511),#1657,.F.);
#5871=ADVANCED_FACE('',(#5512),#1658,.F.);
#5872=ADVANCED_FACE('',(#5513),#1659,.F.);
#5873=ADVANCED_FACE('',(#5514),#1660,.F.);
#5874=ADVANCED_FACE('',(#5515,#5516),#1661,.T.);
#5875=ADVANCED_FACE('',(#5517),#1662,.F.);
#5876=ADVANCED_FACE('',(#5518),#1663,.F.);
#5877=ADVANCED_FACE('',(#5519),#1664,.F.);
#5878=ADVANCED_FACE('',(#5520),#1665,.F.);
#5879=ADVANCED_FACE('',(#5521),#1666,.F.);
#5880=ADVANCED_FACE('',(#5522),#1667,.F.);
#5881=ADVANCED_FACE('',(#5523),#1668,.F.);
#5882=ADVANCED_FACE('',(#5524),#1669,.F.);
#5883=ADVANCED_FACE('',(#5525),#1670,.F.);
#5884=ADVANCED_FACE('',(#5526),#1671,.F.);
#5885=ADVANCED_FACE('',(#5527),#1672,.T.);
#5886=ADVANCED_FACE('',(#5528),#1673,.T.);
#5887=ADVANCED_FACE('',(#5529),#1674,.T.);
#5888=ADVANCED_FACE('',(#5530),#1675,.F.);
#5889=ADVANCED_FACE('',(#5531),#1676,.T.);
#5890=ADVANCED_FACE('',(#5532),#5608,.F.);
#5891=ADVANCED_FACE('',(#5533),#1677,.T.);
#5892=ADVANCED_FACE('',(#5534),#1678,.F.);
#5893=ADVANCED_FACE('',(#5535),#1679,.F.);
#5894=ADVANCED_FACE('',(#5536),#1680,.F.);
#5895=ADVANCED_FACE('',(#5537),#1681,.F.);
#5896=ADVANCED_FACE('',(#5538),#1682,.F.);
#5897=ADVANCED_FACE('',(#5539),#1683,.F.);
#5898=ADVANCED_FACE('',(#5540,#5541),#1684,.T.);
#5899=ADVANCED_FACE('',(#5542,#5543),#5609,.F.);
#5900=ADVANCED_FACE('',(#5544),#1685,.F.);
#5901=ADVANCED_FACE('',(#5545),#1686,.F.);
#5902=ADVANCED_FACE('',(#5546),#1687,.F.);
#5903=ADVANCED_FACE('',(#5547),#1688,.F.);
#5904=ADVANCED_FACE('',(#5548),#1689,.F.);
#5905=ADVANCED_FACE('',(#5549),#1690,.F.);
#5906=ADVANCED_FACE('',(#5550,#5551),#1691,.T.);
#5907=ADVANCED_FACE('',(#5552,#5553),#5610,.F.);
#5908=ADVANCED_FACE('',(#5554),#1692,.F.);
#5909=ADVANCED_FACE('',(#5555),#1693,.F.);
#5910=ADVANCED_FACE('',(#5556),#1694,.F.);
#5911=ADVANCED_FACE('',(#5557),#1695,.F.);
#5912=ADVANCED_FACE('',(#5558),#1696,.F.);
#5913=ADVANCED_FACE('',(#5559),#1697,.F.);
#5914=ADVANCED_FACE('',(#5560,#5561),#1698,.T.);
#5915=ADVANCED_FACE('',(#5562,#5563),#5611,.F.);
#5916=ADVANCED_FACE('',(#5564),#1699,.F.);
#5917=ADVANCED_FACE('',(#5565),#1700,.F.);
#5918=ADVANCED_FACE('',(#5566),#1701,.F.);
#5919=ADVANCED_FACE('',(#5567),#1702,.F.);
#5920=ADVANCED_FACE('',(#5568),#1703,.F.);
#5921=ADVANCED_FACE('',(#5569),#1704,.F.);
#5922=ADVANCED_FACE('',(#5570,#5571),#1705,.T.);
#5923=ADVANCED_FACE('',(#5572,#5573),#5612,.F.);
#5924=CLOSED_SHELL('',(#5613,#5614,#5615,#5616,#5617,#5618,#5619,#5620,
#5621,#5622,#5623,#5624,#5625,#5626,#5627,#5628,#5629,#5630,#5631,#5632,
#5633,#5634,#5635,#5636,#5637,#5638,#5639,#5640,#5641,#5642,#5643,#5644,
#5645,#5646,#5647,#5648,#5649,#5650,#5651,#5652,#5653,#5654,#5655,#5656,
#5657,#5658,#5659,#5660,#5661,#5662,#5663,#5664,#5665,#5666,#5667,#5668,
#5669,#5670,#5671,#5672,#5673,#5674,#5675,#5676,#5677,#5678,#5679,#5680,
#5681,#5682,#5683,#5684,#5685,#5686,#5687,#5688,#5689,#5690,#5691,#5692,
#5693,#5694,#5695,#5696,#5697,#5698,#5699,#5700,#5701,#5702,#5703,#5704,
#5705,#5706,#5707,#5708,#5709,#5710,#5711,#5712,#5713,#5714,#5715,#5716,
#5717,#5718,#5719,#5720,#5721,#5722,#5723,#5724,#5725,#5726,#5727,#5728,
#5729,#5730,#5731,#5732,#5733,#5734,#5735,#5736,#5737,#5738,#5739,#5740,
#5741,#5742,#5743,#5744,#5745,#5746,#5747,#5748,#5749,#5750,#5751,#5752,
#5753,#5754,#5755,#5756,#5757,#5758,#5759,#5760,#5761,#5762,#5763,#5764,
#5765,#5766,#5767,#5768,#5769,#5770,#5771,#5772,#5773,#5774,#5775,#5776,
#5777,#5778,#5779,#5780,#5781,#5782,#5783,#5784,#5785,#5786,#5787,#5788,
#5789,#5790,#5791,#5792,#5793,#5794,#5795,#5796,#5797,#5798,#5799,#5800,
#5801,#5802,#5803,#5804,#5805,#5806,#5807,#5808,#5809,#5810,#5811,#5812,
#5813,#5814,#5815,#5816,#5817,#5818,#5819,#5820,#5821,#5822,#5823,#5824,
#5825,#5826,#5827,#5828,#5829,#5830,#5831,#5832,#5833,#5834,#5835,#5836,
#5837,#5838,#5839,#5840,#5841,#5842,#5843,#5844,#5845,#5846,#5847,#5848,
#5849,#5850,#5851,#5852,#5853,#5854,#5855,#5856,#5857,#5858,#5859,#5860,
#5861,#5862,#5863,#5864,#5865,#5866,#5867,#5868,#5869,#5870,#5871,#5872,
#5873,#5874,#5875,#5876,#5877,#5878,#5879,#5880,#5881,#5882,#5883,#5884,
#5885,#5886,#5887,#5888,#5889,#5890,#5891,#5892,#5893,#5894,#5895,#5896,
#5897,#5898,#5899,#5900,#5901,#5902,#5903,#5904,#5905,#5906,#5907,#5908,
#5909,#5910,#5911,#5912,#5913,#5914,#5915,#5916,#5917,#5918,#5919,#5920,
#5921,#5922,#5923));
#5925=STYLED_ITEM('',(#5926),#5933);
#5926=PRESENTATION_STYLE_ASSIGNMENT((#5927));
#5927=SURFACE_STYLE_USAGE(.BOTH.,#5928);
#5928=SURFACE_SIDE_STYLE('',(#5929));
#5929=SURFACE_STYLE_FILL_AREA(#5930);
#5930=FILL_AREA_STYLE('',(#5931));
#5931=FILL_AREA_STYLE_COLOUR('',#5932);
#5932=COLOUR_RGB('',0.647058823529412,0.647058823529412,0.647058823529412);
#5933=MANIFOLD_SOLID_BREP('Part 3',#5924);
#5934=SHAPE_DEFINITION_REPRESENTATION(#9490,#5935);
#5935=SHAPE_REPRESENTATION('Part 3',(#5936),#9485);
#5936=AXIS2_PLACEMENT_3D('',#7828,#6330,#6331);
#5937=AXIS2_PLACEMENT_3D('',#7829,#6332,#6333);
#5938=AXIS2_PLACEMENT_3D('',#7830,#6334,#6335);
#5939=AXIS2_PLACEMENT_3D('',#7832,#6336,#6337);
#5940=AXIS2_PLACEMENT_3D('',#7834,#6338,#6339);
#5941=AXIS2_PLACEMENT_3D('',#7835,#6340,#6341);
#5942=AXIS2_PLACEMENT_3D('',#7837,#6342,#6343);
#5943=AXIS2_PLACEMENT_3D('',#7839,#6344,#6345);
#5944=AXIS2_PLACEMENT_3D('',#7848,#6350,#6351);
#5945=AXIS2_PLACEMENT_3D('',#7854,#6355,#6356);
#5946=AXIS2_PLACEMENT_3D('',#7860,#6360,#6361);
#5947=AXIS2_PLACEMENT_3D('',#7866,#6365,#6366);
#5948=AXIS2_PLACEMENT_3D('',#7872,#6370,#6371);
#5949=AXIS2_PLACEMENT_3D('',#7875,#6374,#6375);
#5950=AXIS2_PLACEMENT_3D('',#7876,#6376,#6377);
#5951=AXIS2_PLACEMENT_3D('',#7878,#6378,#6379);
#5952=AXIS2_PLACEMENT_3D('',#7887,#6384,#6385);
#5953=AXIS2_PLACEMENT_3D('',#7893,#6389,#6390);
#5954=AXIS2_PLACEMENT_3D('',#7899,#6394,#6395);
#5955=AXIS2_PLACEMENT_3D('',#7905,#6399,#6400);
#5956=AXIS2_PLACEMENT_3D('',#7911,#6404,#6405);
#5957=AXIS2_PLACEMENT_3D('',#7914,#6408,#6409);
#5958=AXIS2_PLACEMENT_3D('',#7915,#6410,#6411);
#5959=AXIS2_PLACEMENT_3D('',#7917,#6412,#6413);
#5960=AXIS2_PLACEMENT_3D('',#7918,#6414,#6415);
#5961=AXIS2_PLACEMENT_3D('',#7920,#6416,#6417);
#5962=AXIS2_PLACEMENT_3D('',#7921,#6418,#6419);
#5963=AXIS2_PLACEMENT_3D('',#7923,#6420,#6421);
#5964=AXIS2_PLACEMENT_3D('',#7924,#6422,#6423);
#5965=AXIS2_PLACEMENT_3D('',#7938,#6430,#6431);
#5966=AXIS2_PLACEMENT_3D('',#7940,#6432,#6433);
#5967=AXIS2_PLACEMENT_3D('',#7974,#6450,#6451);
#5968=AXIS2_PLACEMENT_3D('',#7975,#6452,#6453);
#5969=AXIS2_PLACEMENT_3D('',#7977,#6454,#6455);
#5970=AXIS2_PLACEMENT_3D('',#7979,#6456,#6457);
#5971=AXIS2_PLACEMENT_3D('',#7980,#6458,#6459);
#5972=AXIS2_PLACEMENT_3D('',#7982,#6460,#6461);
#5973=AXIS2_PLACEMENT_3D('',#7984,#6462,#6463);
#5974=AXIS2_PLACEMENT_3D('',#8049,#6496,#6497);
#5975=AXIS2_PLACEMENT_3D('',#8065,#6506,#6507);
#5976=AXIS2_PLACEMENT_3D('',#8066,#6508,#6509);
#5977=AXIS2_PLACEMENT_3D('',#8080,#6517,#6518);
#5978=AXIS2_PLACEMENT_3D('',#8082,#6519,#6520);
#5979=AXIS2_PLACEMENT_3D('',#8084,#6521,#6522);
#5980=AXIS2_PLACEMENT_3D('',#8151,#6557,#6558);
#5981=AXIS2_PLACEMENT_3D('',#8161,#6564,#6565);
#5982=AXIS2_PLACEMENT_3D('',#8169,#6570,#6571);
#5983=AXIS2_PLACEMENT_3D('',#8183,#6579,#6580);
#5984=AXIS2_PLACEMENT_3D('',#8193,#6586,#6587);
#5985=AXIS2_PLACEMENT_3D('',#8201,#6592,#6593);
#5986=AXIS2_PLACEMENT_3D('',#8206,#6597,#6598);
#5987=AXIS2_PLACEMENT_3D('',#8211,#6602,#6603);
#5988=AXIS2_PLACEMENT_3D('',#8213,#6605,#6606);
#5989=AXIS2_PLACEMENT_3D('',#8214,#6607,#6608);
#5990=AXIS2_PLACEMENT_3D('',#8216,#6609,#6610);
#5991=AXIS2_PLACEMENT_3D('',#8218,#6611,#6612);
#5992=AXIS2_PLACEMENT_3D('',#8219,#6613,#6614);
#5993=AXIS2_PLACEMENT_3D('',#8221,#6615,#6616);
#5994=AXIS2_PLACEMENT_3D('',#8223,#6617,#6618);
#5995=AXIS2_PLACEMENT_3D('',#8224,#6619,#6620);
#5996=AXIS2_PLACEMENT_3D('',#8226,#6621,#6622);
#5997=AXIS2_PLACEMENT_3D('',#8227,#6623,#6624);
#5998=AXIS2_PLACEMENT_3D('',#8229,#6625,#6626);
#5999=AXIS2_PLACEMENT_3D('',#8230,#6627,#6628);
#6000=AXIS2_PLACEMENT_3D('',#8232,#6629,#6630);
#6001=AXIS2_PLACEMENT_3D('',#8233,#6631,#6632);
#6002=AXIS2_PLACEMENT_3D('',#8235,#6633,#6634);
#6003=AXIS2_PLACEMENT_3D('',#8236,#6635,#6636);
#6004=AXIS2_PLACEMENT_3D('',#8238,#6637,#6638);
#6005=AXIS2_PLACEMENT_3D('',#8240,#6639,#6640);
#6006=AXIS2_PLACEMENT_3D('',#8241,#6641,#6642);
#6007=AXIS2_PLACEMENT_3D('',#8243,#6643,#6644);
#6008=AXIS2_PLACEMENT_3D('',#8245,#6645,#6646);
#6009=AXIS2_PLACEMENT_3D('',#8246,#6647,#6648);
#6010=AXIS2_PLACEMENT_3D('',#8248,#6649,#6650);
#6011=AXIS2_PLACEMENT_3D('',#8250,#6651,#6652);
#6012=AXIS2_PLACEMENT_3D('',#8251,#6653,#6654);
#6013=AXIS2_PLACEMENT_3D('',#8253,#6655,#6656);
#6014=AXIS2_PLACEMENT_3D('',#8255,#6657,#6658);
#6015=AXIS2_PLACEMENT_3D('',#8256,#6659,#6660);
#6016=AXIS2_PLACEMENT_3D('',#8258,#6661,#6662);
#6017=AXIS2_PLACEMENT_3D('',#8260,#6663,#6664);
#6018=AXIS2_PLACEMENT_3D('',#8261,#6665,#6666);
#6019=AXIS2_PLACEMENT_3D('',#8263,#6667,#6668);
#6020=AXIS2_PLACEMENT_3D('',#8265,#6669,#6670);
#6021=AXIS2_PLACEMENT_3D('',#8266,#6671,#6672);
#6022=AXIS2_PLACEMENT_3D('',#8268,#6673,#6674);
#6023=AXIS2_PLACEMENT_3D('',#8270,#6675,#6676);
#6024=AXIS2_PLACEMENT_3D('',#8271,#6677,#6678);
#6025=AXIS2_PLACEMENT_3D('',#8273,#6679,#6680);
#6026=AXIS2_PLACEMENT_3D('',#8275,#6681,#6682);
#6027=AXIS2_PLACEMENT_3D('',#8276,#6683,#6684);
#6028=AXIS2_PLACEMENT_3D('',#8278,#6685,#6686);
#6029=AXIS2_PLACEMENT_3D('',#8280,#6687,#6688);
#6030=AXIS2_PLACEMENT_3D('',#8281,#6689,#6690);
#6031=AXIS2_PLACEMENT_3D('',#8283,#6691,#6692);
#6032=AXIS2_PLACEMENT_3D('',#8285,#6693,#6694);
#6033=AXIS2_PLACEMENT_3D('',#8286,#6695,#6696);
#6034=AXIS2_PLACEMENT_3D('',#8288,#6697,#6698);
#6035=AXIS2_PLACEMENT_3D('',#8343,#6726,#6727);
#6036=AXIS2_PLACEMENT_3D('',#8344,#6728,#6729);
#6037=AXIS2_PLACEMENT_3D('',#8355,#6736,#6737);
#6038=AXIS2_PLACEMENT_3D('',#8364,#6743,#6744);
#6039=AXIS2_PLACEMENT_3D('',#8365,#6745,#6746);
#6040=AXIS2_PLACEMENT_3D('',#8367,#6747,#6748);
#6041=AXIS2_PLACEMENT_3D('',#8369,#6749,#6750);
#6042=AXIS2_PLACEMENT_3D('',#8370,#6751,#6752);
#6043=AXIS2_PLACEMENT_3D('',#8372,#6753,#6754);
#6044=AXIS2_PLACEMENT_3D('',#8374,#6755,#6756);
#6045=AXIS2_PLACEMENT_3D('',#8375,#6757,#6758);
#6046=AXIS2_PLACEMENT_3D('',#8377,#6759,#6760);
#6047=AXIS2_PLACEMENT_3D('',#8380,#6762,#6763);
#6048=AXIS2_PLACEMENT_3D('',#8385,#6765,#6766);
#6049=AXIS2_PLACEMENT_3D('',#8389,#6768,#6769);
#6050=AXIS2_PLACEMENT_3D('',#8393,#6771,#6772);
#6051=AXIS2_PLACEMENT_3D('',#8397,#6774,#6775);
#6052=AXIS2_PLACEMENT_3D('',#8401,#6777,#6778);
#6053=AXIS2_PLACEMENT_3D('',#8404,#6780,#6781);
#6054=AXIS2_PLACEMENT_3D('',#8478,#6819,#6820);
#6055=AXIS2_PLACEMENT_3D('',#8586,#6874,#6875);
#6056=AXIS2_PLACEMENT_3D('',#8590,#6877,#6878);
#6057=AXIS2_PLACEMENT_3D('',#8594,#6880,#6881);
#6058=AXIS2_PLACEMENT_3D('',#8598,#6883,#6884);
#6059=AXIS2_PLACEMENT_3D('',#8600,#6886,#6887);
#6060=AXIS2_PLACEMENT_3D('',#8606,#6891,#6892);
#6061=AXIS2_PLACEMENT_3D('',#8609,#6894,#6895);
#6062=AXIS2_PLACEMENT_3D('',#8610,#6896,#6897);
#6063=AXIS2_PLACEMENT_3D('',#8614,#6900,#6901);
#6064=AXIS2_PLACEMENT_3D('',#8617,#6903,#6904);
#6065=AXIS2_PLACEMENT_3D('',#8618,#6905,#6906);
#6066=AXIS2_PLACEMENT_3D('',#8622,#6909,#6910);
#6067=AXIS2_PLACEMENT_3D('',#8625,#6912,#6913);
#6068=AXIS2_PLACEMENT_3D('',#8626,#6914,#6915);
#6069=AXIS2_PLACEMENT_3D('',#8630,#6918,#6919);
#6070=AXIS2_PLACEMENT_3D('',#8633,#6921,#6922);
#6071=AXIS2_PLACEMENT_3D('',#8634,#6923,#6924);
#6072=AXIS2_PLACEMENT_3D('',#8638,#6927,#6928);
#6073=AXIS2_PLACEMENT_3D('',#8641,#6930,#6931);
#6074=AXIS2_PLACEMENT_3D('',#8642,#6932,#6933);
#6075=AXIS2_PLACEMENT_3D('',#8646,#6936,#6937);
#6076=AXIS2_PLACEMENT_3D('',#8647,#6938,#6939);
#6077=AXIS2_PLACEMENT_3D('',#8648,#6940,#6941);
#6078=AXIS2_PLACEMENT_3D('',#8652,#6943,#6944);
#6079=AXIS2_PLACEMENT_3D('',#8656,#6946,#6947);
#6080=AXIS2_PLACEMENT_3D('',#8660,#6949,#6950);
#6081=AXIS2_PLACEMENT_3D('',#8664,#6952,#6953);
#6082=AXIS2_PLACEMENT_3D('',#8665,#6954,#6955);
#6083=AXIS2_PLACEMENT_3D('',#8668,#6958,#6959);
#6084=AXIS2_PLACEMENT_3D('',#8670,#6961,#6962);
#6085=AXIS2_PLACEMENT_3D('',#8672,#6964,#6965);
#6086=AXIS2_PLACEMENT_3D('',#8674,#6967,#6968);
#6087=AXIS2_PLACEMENT_3D('',#8676,#6970,#6971);
#6088=AXIS2_PLACEMENT_3D('',#8678,#6973,#6974);
#6089=AXIS2_PLACEMENT_3D('',#8680,#6976,#6977);
#6090=AXIS2_PLACEMENT_3D('',#8681,#6978,#6979);
#6091=AXIS2_PLACEMENT_3D('',#8694,#6986,#6987);
#6092=AXIS2_PLACEMENT_3D('',#8697,#6990,#6991);
#6093=AXIS2_PLACEMENT_3D('',#8699,#6993,#6994);
#6094=AXIS2_PLACEMENT_3D('',#8701,#6996,#6997);
#6095=AXIS2_PLACEMENT_3D('',#8703,#6999,#7000);
#6096=AXIS2_PLACEMENT_3D('',#8705,#7002,#7003);
#6097=AXIS2_PLACEMENT_3D('',#8706,#7004,#7005);
#6098=AXIS2_PLACEMENT_3D('',#8719,#7012,#7013);
#6099=AXIS2_PLACEMENT_3D('',#8722,#7016,#7017);
#6100=AXIS2_PLACEMENT_3D('',#8724,#7019,#7020);
#6101=AXIS2_PLACEMENT_3D('',#8726,#7022,#7023);
#6102=AXIS2_PLACEMENT_3D('',#8728,#7025,#7026);
#6103=AXIS2_PLACEMENT_3D('',#8730,#7028,#7029);
#6104=AXIS2_PLACEMENT_3D('',#8731,#7030,#7031);
#6105=AXIS2_PLACEMENT_3D('',#8732,#7032,#7033);
#6106=AXIS2_PLACEMENT_3D('',#8733,#7034,#7035);
#6107=AXIS2_PLACEMENT_3D('',#8746,#7042,#7043);
#6108=AXIS2_PLACEMENT_3D('',#8749,#7046,#7047);
#6109=AXIS2_PLACEMENT_3D('',#8751,#7049,#7050);
#6110=AXIS2_PLACEMENT_3D('',#8753,#7052,#7053);
#6111=AXIS2_PLACEMENT_3D('',#8755,#7055,#7056);
#6112=AXIS2_PLACEMENT_3D('',#8757,#7058,#7059);
#6113=AXIS2_PLACEMENT_3D('',#8758,#7060,#7061);
#6114=AXIS2_PLACEMENT_3D('',#8771,#7068,#7069);
#6115=AXIS2_PLACEMENT_3D('',#8774,#7072,#7073);
#6116=AXIS2_PLACEMENT_3D('',#8776,#7075,#7076);
#6117=AXIS2_PLACEMENT_3D('',#8778,#7078,#7079);
#6118=AXIS2_PLACEMENT_3D('',#8780,#7081,#7082);
#6119=AXIS2_PLACEMENT_3D('',#8782,#7084,#7085);
#6120=AXIS2_PLACEMENT_3D('',#8783,#7086,#7087);
#6121=AXIS2_PLACEMENT_3D('',#8796,#7094,#7095);
#6122=AXIS2_PLACEMENT_3D('',#8799,#7098,#7099);
#6123=AXIS2_PLACEMENT_3D('',#8801,#7101,#7102);
#6124=AXIS2_PLACEMENT_3D('',#8803,#7104,#7105);
#6125=AXIS2_PLACEMENT_3D('',#8805,#7107,#7108);
#6126=AXIS2_PLACEMENT_3D('',#8807,#7110,#7111);
#6127=AXIS2_PLACEMENT_3D('',#8808,#7112,#7113);
#6128=AXIS2_PLACEMENT_3D('',#8821,#7120,#7121);
#6129=AXIS2_PLACEMENT_3D('',#8824,#7124,#7125);
#6130=AXIS2_PLACEMENT_3D('',#8826,#7127,#7128);
#6131=AXIS2_PLACEMENT_3D('',#8828,#7130,#7131);
#6132=AXIS2_PLACEMENT_3D('',#8830,#7133,#7134);
#6133=AXIS2_PLACEMENT_3D('',#8832,#7136,#7137);
#6134=AXIS2_PLACEMENT_3D('',#8833,#7138,#7139);
#6135=AXIS2_PLACEMENT_3D('',#8846,#7146,#7147);
#6136=AXIS2_PLACEMENT_3D('',#8849,#7150,#7151);
#6137=AXIS2_PLACEMENT_3D('',#8851,#7153,#7154);
#6138=AXIS2_PLACEMENT_3D('',#8853,#7156,#7157);
#6139=AXIS2_PLACEMENT_3D('',#8855,#7159,#7160);
#6140=AXIS2_PLACEMENT_3D('',#8857,#7162,#7163);
#6141=AXIS2_PLACEMENT_3D('',#8858,#7164,#7165);
#6142=AXIS2_PLACEMENT_3D('',#8871,#7172,#7173);
#6143=AXIS2_PLACEMENT_3D('',#8874,#7176,#7177);
#6144=AXIS2_PLACEMENT_3D('',#8876,#7179,#7180);
#6145=AXIS2_PLACEMENT_3D('',#8878,#7182,#7183);
#6146=AXIS2_PLACEMENT_3D('',#8880,#7185,#7186);
#6147=AXIS2_PLACEMENT_3D('',#8882,#7188,#7189);
#6148=AXIS2_PLACEMENT_3D('',#8883,#7190,#7191);
#6149=AXIS2_PLACEMENT_3D('',#8896,#7198,#7199);
#6150=AXIS2_PLACEMENT_3D('',#8899,#7202,#7203);
#6151=AXIS2_PLACEMENT_3D('',#8901,#7205,#7206);
#6152=AXIS2_PLACEMENT_3D('',#8903,#7208,#7209);
#6153=AXIS2_PLACEMENT_3D('',#8905,#7211,#7212);
#6154=AXIS2_PLACEMENT_3D('',#8907,#7214,#7215);
#6155=AXIS2_PLACEMENT_3D('',#8908,#7216,#7217);
#6156=AXIS2_PLACEMENT_3D('',#8921,#7224,#7225);
#6157=AXIS2_PLACEMENT_3D('',#8924,#7228,#7229);
#6158=AXIS2_PLACEMENT_3D('',#8926,#7231,#7232);
#6159=AXIS2_PLACEMENT_3D('',#8928,#7234,#7235);
#6160=AXIS2_PLACEMENT_3D('',#8930,#7237,#7238);
#6161=AXIS2_PLACEMENT_3D('',#8932,#7240,#7241);
#6162=AXIS2_PLACEMENT_3D('',#8933,#7242,#7243);
#6163=AXIS2_PLACEMENT_3D('',#8946,#7250,#7251);
#6164=AXIS2_PLACEMENT_3D('',#8949,#7254,#7255);
#6165=AXIS2_PLACEMENT_3D('',#8951,#7257,#7258);
#6166=AXIS2_PLACEMENT_3D('',#8953,#7260,#7261);
#6167=AXIS2_PLACEMENT_3D('',#8955,#7263,#7264);
#6168=AXIS2_PLACEMENT_3D('',#8957,#7266,#7267);
#6169=AXIS2_PLACEMENT_3D('',#8958,#7268,#7269);
#6170=AXIS2_PLACEMENT_3D('',#8971,#7276,#7277);
#6171=AXIS2_PLACEMENT_3D('',#8974,#7280,#7281);
#6172=AXIS2_PLACEMENT_3D('',#8976,#7283,#7284);
#6173=AXIS2_PLACEMENT_3D('',#8978,#7286,#7287);
#6174=AXIS2_PLACEMENT_3D('',#8980,#7289,#7290);
#6175=AXIS2_PLACEMENT_3D('',#8982,#7292,#7293);
#6176=AXIS2_PLACEMENT_3D('',#8983,#7294,#7295);
#6177=AXIS2_PLACEMENT_3D('',#8996,#7302,#7303);
#6178=AXIS2_PLACEMENT_3D('',#8999,#7306,#7307);
#6179=AXIS2_PLACEMENT_3D('',#9001,#7309,#7310);
#6180=AXIS2_PLACEMENT_3D('',#9003,#7312,#7313);
#6181=AXIS2_PLACEMENT_3D('',#9005,#7315,#7316);
#6182=AXIS2_PLACEMENT_3D('',#9007,#7318,#7319);
#6183=AXIS2_PLACEMENT_3D('',#9008,#7320,#7321);
#6184=AXIS2_PLACEMENT_3D('',#9021,#7328,#7329);
#6185=AXIS2_PLACEMENT_3D('',#9024,#7332,#7333);
#6186=AXIS2_PLACEMENT_3D('',#9026,#7335,#7336);
#6187=AXIS2_PLACEMENT_3D('',#9028,#7338,#7339);
#6188=AXIS2_PLACEMENT_3D('',#9030,#7341,#7342);
#6189=AXIS2_PLACEMENT_3D('',#9032,#7344,#7345);
#6190=AXIS2_PLACEMENT_3D('',#9033,#7346,#7347);
#6191=AXIS2_PLACEMENT_3D('',#9046,#7354,#7355);
#6192=AXIS2_PLACEMENT_3D('',#9049,#7358,#7359);
#6193=AXIS2_PLACEMENT_3D('',#9051,#7361,#7362);
#6194=AXIS2_PLACEMENT_3D('',#9053,#7364,#7365);
#6195=AXIS2_PLACEMENT_3D('',#9055,#7367,#7368);
#6196=AXIS2_PLACEMENT_3D('',#9057,#7370,#7371);
#6197=AXIS2_PLACEMENT_3D('',#9058,#7372,#7373);
#6198=AXIS2_PLACEMENT_3D('',#9071,#7380,#7381);
#6199=AXIS2_PLACEMENT_3D('',#9074,#7384,#7385);
#6200=AXIS2_PLACEMENT_3D('',#9076,#7387,#7388);
#6201=AXIS2_PLACEMENT_3D('',#9078,#7390,#7391);
#6202=AXIS2_PLACEMENT_3D('',#9080,#7393,#7394);
#6203=AXIS2_PLACEMENT_3D('',#9082,#7396,#7397);
#6204=AXIS2_PLACEMENT_3D('',#9083,#7398,#7399);
#6205=AXIS2_PLACEMENT_3D('',#9096,#7406,#7407);
#6206=AXIS2_PLACEMENT_3D('',#9099,#7410,#7411);
#6207=AXIS2_PLACEMENT_3D('',#9101,#7413,#7414);
#6208=AXIS2_PLACEMENT_3D('',#9103,#7416,#7417);
#6209=AXIS2_PLACEMENT_3D('',#9105,#7419,#7420);
#6210=AXIS2_PLACEMENT_3D('',#9107,#7422,#7423);
#6211=AXIS2_PLACEMENT_3D('',#9108,#7424,#7425);
#6212=AXIS2_PLACEMENT_3D('',#9121,#7432,#7433);
#6213=AXIS2_PLACEMENT_3D('',#9124,#7436,#7437);
#6214=AXIS2_PLACEMENT_3D('',#9126,#7439,#7440);
#6215=AXIS2_PLACEMENT_3D('',#9128,#7442,#7443);
#6216=AXIS2_PLACEMENT_3D('',#9130,#7445,#7446);
#6217=AXIS2_PLACEMENT_3D('',#9132,#7448,#7449);
#6218=AXIS2_PLACEMENT_3D('',#9133,#7450,#7451);
#6219=AXIS2_PLACEMENT_3D('',#9135,#7453,#7454);
#6220=AXIS2_PLACEMENT_3D('',#9143,#7460,#7461);
#6221=AXIS2_PLACEMENT_3D('',#9145,#7463,#7464);
#6222=AXIS2_PLACEMENT_3D('',#9147,#7466,#7467);
#6223=AXIS2_PLACEMENT_3D('',#9148,#7468,#7469);
#6224=AXIS2_PLACEMENT_3D('',#9164,#7473,#7474);
#6225=AXIS2_PLACEMENT_3D('',#9167,#7477,#7478);
#6226=AXIS2_PLACEMENT_3D('',#9170,#7481,#7482);
#6227=AXIS2_PLACEMENT_3D('',#9176,#7486,#7487);
#6228=AXIS2_PLACEMENT_3D('',#9179,#7490,#7491);
#6229=AXIS2_PLACEMENT_3D('',#9180,#7492,#7493);
#6230=AXIS2_PLACEMENT_3D('',#9181,#7494,#7495);
#6231=AXIS2_PLACEMENT_3D('',#9183,#7497,#7498);
#6232=AXIS2_PLACEMENT_3D('',#9184,#7499,#7500);
#6233=AXIS2_PLACEMENT_3D('',#9186,#7502,#7503);
#6234=AXIS2_PLACEMENT_3D('',#9187,#7504,#7505);
#6235=AXIS2_PLACEMENT_3D('',#9193,#7509,#7510);
#6236=AXIS2_PLACEMENT_3D('',#9195,#7512,#7513);
#6237=AXIS2_PLACEMENT_3D('',#9197,#7515,#7516);
#6238=AXIS2_PLACEMENT_3D('',#9198,#7517,#7518);
#6239=AXIS2_PLACEMENT_3D('',#9202,#7521,#7522);
#6240=AXIS2_PLACEMENT_3D('',#9205,#7525,#7526);
#6241=AXIS2_PLACEMENT_3D('',#9206,#7527,#7528);
#6242=AXIS2_PLACEMENT_3D('',#9210,#7531,#7532);
#6243=AXIS2_PLACEMENT_3D('',#9212,#7534,#7535);
#6244=AXIS2_PLACEMENT_3D('',#9214,#7537,#7538);
#6245=AXIS2_PLACEMENT_3D('',#9218,#7541,#7542);
#6246=AXIS2_PLACEMENT_3D('',#9222,#7545,#7546);
#6247=AXIS2_PLACEMENT_3D('',#9224,#7548,#7549);
#6248=AXIS2_PLACEMENT_3D('',#9225,#7550,#7551);
#6249=AXIS2_PLACEMENT_3D('',#9231,#7555,#7556);
#6250=AXIS2_PLACEMENT_3D('',#9235,#7559,#7560);
#6251=AXIS2_PLACEMENT_3D('',#9239,#7563,#7564);
#6252=AXIS2_PLACEMENT_3D('',#9243,#7567,#7568);
#6253=AXIS2_PLACEMENT_3D('',#9247,#7571,#7572);
#6254=AXIS2_PLACEMENT_3D('',#9249,#7574,#7575);
#6255=AXIS2_PLACEMENT_3D('',#9250,#7576,#7577);
#6256=AXIS2_PLACEMENT_3D('',#9256,#7581,#7582);
#6257=AXIS2_PLACEMENT_3D('',#9260,#7585,#7586);
#6258=AXIS2_PLACEMENT_3D('',#9264,#7589,#7590);
#6259=AXIS2_PLACEMENT_3D('',#9268,#7593,#7594);
#6260=AXIS2_PLACEMENT_3D('',#9272,#7597,#7598);
#6261=AXIS2_PLACEMENT_3D('',#9274,#7600,#7601);
#6262=AXIS2_PLACEMENT_3D('',#9275,#7602,#7603);
#6263=AXIS2_PLACEMENT_3D('',#9276,#7604,#7605);
#6264=AXIS2_PLACEMENT_3D('',#9278,#7606,#7607);
#6265=AXIS2_PLACEMENT_3D('',#9279,#7608,#7609);
#6266=AXIS2_PLACEMENT_3D('',#9280,#7610,#7611);
#6267=AXIS2_PLACEMENT_3D('',#9282,#7612,#7613);
#6268=AXIS2_PLACEMENT_3D('',#9283,#7614,#7615);
#6269=AXIS2_PLACEMENT_3D('',#9296,#7622,#7623);
#6270=AXIS2_PLACEMENT_3D('',#9299,#7626,#7627);
#6271=AXIS2_PLACEMENT_3D('',#9301,#7629,#7630);
#6272=AXIS2_PLACEMENT_3D('',#9303,#7632,#7633);
#6273=AXIS2_PLACEMENT_3D('',#9305,#7635,#7636);
#6274=AXIS2_PLACEMENT_3D('',#9307,#7638,#7639);
#6275=AXIS2_PLACEMENT_3D('',#9308,#7640,#7641);
#6276=AXIS2_PLACEMENT_3D('',#9321,#7648,#7649);
#6277=AXIS2_PLACEMENT_3D('',#9324,#7652,#7653);
#6278=AXIS2_PLACEMENT_3D('',#9331,#7658,#7659);
#6279=AXIS2_PLACEMENT_3D('',#9333,#7661,#7662);
#6280=AXIS2_PLACEMENT_3D('',#9335,#7664,#7665);
#6281=AXIS2_PLACEMENT_3D('',#9342,#7670,#7671);
#6282=AXIS2_PLACEMENT_3D('',#9343,#7672,#7673);
#6283=AXIS2_PLACEMENT_3D('',#9347,#7676,#7677);
#6284=AXIS2_PLACEMENT_3D('',#9351,#7680,#7681);
#6285=AXIS2_PLACEMENT_3D('',#9353,#7683,#7684);
#6286=AXIS2_PLACEMENT_3D('',#9354,#7685,#7686);
#6287=AXIS2_PLACEMENT_3D('',#9358,#7689,#7690);
#6288=AXIS2_PLACEMENT_3D('',#9362,#7693,#7694);
#6289=AXIS2_PLACEMENT_3D('',#9364,#7696,#7697);
#6290=AXIS2_PLACEMENT_3D('',#9365,#7698,#7699);
#6291=AXIS2_PLACEMENT_3D('',#9366,#7700,#7701);
#6292=AXIS2_PLACEMENT_3D('',#9369,#7703,#7704);
#6293=AXIS2_PLACEMENT_3D('',#9371,#7706,#7707);
#6294=AXIS2_PLACEMENT_3D('',#9372,#7708,#7709);
#6295=AXIS2_PLACEMENT_3D('',#9378,#7713,#7714);
#6296=AXIS2_PLACEMENT_3D('',#9382,#7717,#7718);
#6297=AXIS2_PLACEMENT_3D('',#9386,#7721,#7722);
#6298=AXIS2_PLACEMENT_3D('',#9390,#7725,#7726);
#6299=AXIS2_PLACEMENT_3D('',#9394,#7729,#7730);
#6300=AXIS2_PLACEMENT_3D('',#9396,#7732,#7733);
#6301=AXIS2_PLACEMENT_3D('',#9397,#7734,#7735);
#6302=AXIS2_PLACEMENT_3D('',#9399,#7736,#7737);
#6303=AXIS2_PLACEMENT_3D('',#9400,#7738,#7739);
#6304=AXIS2_PLACEMENT_3D('',#9406,#7743,#7744);
#6305=AXIS2_PLACEMENT_3D('',#9410,#7747,#7748);
#6306=AXIS2_PLACEMENT_3D('',#9414,#7751,#7752);
#6307=AXIS2_PLACEMENT_3D('',#9418,#7755,#7756);
#6308=AXIS2_PLACEMENT_3D('',#9422,#7759,#7760);
#6309=AXIS2_PLACEMENT_3D('',#9424,#7762,#7763);
#6310=AXIS2_PLACEMENT_3D('',#9425,#7764,#7765);
#6311=AXIS2_PLACEMENT_3D('',#9427,#7766,#7767);
#6312=AXIS2_PLACEMENT_3D('',#9428,#7768,#7769);
#6313=AXIS2_PLACEMENT_3D('',#9434,#7773,#7774);
#6314=AXIS2_PLACEMENT_3D('',#9438,#7777,#7778);
#6315=AXIS2_PLACEMENT_3D('',#9442,#7781,#7782);
#6316=AXIS2_PLACEMENT_3D('',#9446,#7785,#7786);
#6317=AXIS2_PLACEMENT_3D('',#9450,#7789,#7790);
#6318=AXIS2_PLACEMENT_3D('',#9452,#7792,#7793);
#6319=AXIS2_PLACEMENT_3D('',#9453,#7794,#7795);
#6320=AXIS2_PLACEMENT_3D('',#9455,#7796,#7797);
#6321=AXIS2_PLACEMENT_3D('',#9456,#7798,#7799);
#6322=AXIS2_PLACEMENT_3D('',#9462,#7803,#7804);
#6323=AXIS2_PLACEMENT_3D('',#9466,#7807,#7808);
#6324=AXIS2_PLACEMENT_3D('',#9470,#7811,#7812);
#6325=AXIS2_PLACEMENT_3D('',#9474,#7815,#7816);
#6326=AXIS2_PLACEMENT_3D('',#9478,#7819,#7820);
#6327=AXIS2_PLACEMENT_3D('',#9480,#7822,#7823);
#6328=AXIS2_PLACEMENT_3D('',#9481,#7824,#7825);
#6329=AXIS2_PLACEMENT_3D('',#9483,#7826,#7827);
#6330=DIRECTION('',(0.,0.,1.));
#6331=DIRECTION('',(1.,0.,0.));
#6332=DIRECTION('',(-1.,-3.27227672162693E-16,0.));
#6333=DIRECTION('',(-3.27227672162693E-16,1.,0.));
#6334=DIRECTION('',(1.,3.46944695195362E-16,0.));
#6335=DIRECTION('',(3.46944695195362E-16,-1.,0.));
#6336=DIRECTION('',(-1.,0.,0.));
#6337=DIRECTION('',(0.,1.,0.));
#6338=DIRECTION('',(-1.,-3.27227672162693E-16,0.));
#6339=DIRECTION('',(-3.27227672162693E-16,1.,0.));
#6340=DIRECTION('',(1.,3.46944695195362E-16,0.));
#6341=DIRECTION('',(3.46944695195362E-16,-1.,0.));
#6342=DIRECTION('',(1.,3.76017126664827E-16,0.));
#6343=DIRECTION('',(3.76017126664827E-16,-1.,0.));
#6344=DIRECTION('',(-0.978608706276417,0.205730406114402,-1.22922711056361E-14));
#6345=DIRECTION('',(-0.205730406114402,-0.978608706276417,0.));
#6346=DIRECTION('',(-1.20293235238855E-14,2.52889392663084E-15,1.));
#6347=DIRECTION('',(-0.205730406114402,-0.978608706276417,0.));
#6348=DIRECTION('',(-1.20293235238855E-14,2.52889392663084E-15,1.));
#6349=DIRECTION('',(-0.205730406114402,-0.978608706276417,0.));
#6350=DIRECTION('',(-0.489304353138219,0.102865203057203,0.866025403784433));
#6351=DIRECTION('',(-0.870643904056739,0.,-0.491913805792072));
#6352=DIRECTION('',(0.8475,-0.17816775802596,0.50000000000001));
#6353=DIRECTION('',(0.8475,-0.17816775802596,0.50000000000001));
#6354=DIRECTION('',(-0.205730406114402,-0.978608706276417,0.));
#6355=DIRECTION('',(0.489304353138199,-0.102865203057199,0.866025403784444));
#6356=DIRECTION('',(-0.87064390405675,0.,0.491913805792052));
#6357=DIRECTION('',(0.8475,-0.178167758025963,-0.499999999999991));
#6358=DIRECTION('',(0.8475,-0.178167758025963,-0.499999999999991));
#6359=DIRECTION('',(-0.205730406114402,-0.978608706276417,0.));
#6360=DIRECTION('',(0.978608706276417,-0.205730406114402,1.22922711056361E-14));
#6361=DIRECTION('',(0.205730406114402,0.978608706276417,0.));
#6362=DIRECTION('',(1.20293235238855E-14,-2.52889392663084E-15,-1.));
#6363=DIRECTION('',(1.20293235238855E-14,-2.52889392663084E-15,-1.));
#6364=DIRECTION('',(-0.205730406114402,-0.978608706276417,0.));
#6365=DIRECTION('',(0.489304353138219,-0.102865203057203,-0.866025403784432));
#6366=DIRECTION('',(0.870643904056739,0.,0.491913805792072));
#6367=DIRECTION('',(-0.8475,0.17816775802596,-0.500000000000011));
#6368=DIRECTION('',(-0.8475,0.17816775802596,-0.500000000000011));
#6369=DIRECTION('',(-0.205730406114402,-0.978608706276417,0.));
#6370=DIRECTION('',(-0.489304353138198,0.102865203057198,-0.866025403784445));
#6371=DIRECTION('',(0.870643904056751,0.,-0.49191380579205));
#6372=DIRECTION('',(-0.8475,0.178167758025963,0.499999999999989));
#6373=DIRECTION('',(-0.8475,0.178167758025963,0.499999999999989));
#6374=DIRECTION('',(-0.205730406114402,-0.978608706276417,0.));
#6375=DIRECTION('',(-0.978608706276417,0.205730406114402,0.));
#6376=DIRECTION('',(-0.205730406114402,-0.978608706276417,0.));
#6377=DIRECTION('',(0.978608706276417,-0.205730406114402,0.));
#6378=DIRECTION('',(-0.489304353138193,0.102865203057198,0.866025403784448));
#6379=DIRECTION('',(-0.870643904056754,0.,-0.491913805792046));
#6380=DIRECTION('',(0.847500000000011,-0.178167758025963,0.499999999999984));
#6381=DIRECTION('',(-0.205730406114402,-0.978608706276417,0.));
#6382=DIRECTION('',(0.847500000000011,-0.178167758025963,0.499999999999984));
#6383=DIRECTION('',(-0.205730406114402,-0.978608706276417,0.));
#6384=DIRECTION('',(-0.978608706276417,0.205730406114402,1.39488098615689E-14));
#6385=DIRECTION('',(-0.205730406114402,-0.978608706276417,0.));
#6386=DIRECTION('',(1.36504267727257E-14,-2.86969431763314E-15,1.));
#6387=DIRECTION('',(-0.205730406114402,-0.978608706276417,0.));
#6388=DIRECTION('',(1.36504267727257E-14,-2.86969431763314E-15,1.));
#6389=DIRECTION('',(-0.48930435313822,0.102865203057203,-0.866025403784432));
#6390=DIRECTION('',(0.870643904056738,0.,-0.491913805792073));
#6391=DIRECTION('',(-0.8475,0.17816775802596,0.500000000000012));
#6392=DIRECTION('',(-0.205730406114402,-0.978608706276417,0.));
#6393=DIRECTION('',(-0.8475,0.17816775802596,0.500000000000012));
#6394=DIRECTION('',(0.489304353138197,-0.102865203057198,-0.866025403784446));
#6395=DIRECTION('',(0.870643904056751,0.,0.49191380579205));
#6396=DIRECTION('',(-0.8475,0.178167758025963,-0.499999999999988));
#6397=DIRECTION('',(-0.205730406114402,-0.978608706276417,0.));
#6398=DIRECTION('',(-0.8475,0.178167758025963,-0.499999999999988));
#6399=DIRECTION('',(0.978608706276417,-0.205730406114402,-1.39488098615689E-14));
#6400=DIRECTION('',(0.205730406114402,0.978608706276417,0.));
#6401=DIRECTION('',(-1.36504267727257E-14,2.86969431763314E-15,-1.));
#6402=DIRECTION('',(-0.205730406114402,-0.978608706276417,0.));
#6403=DIRECTION('',(-1.36504267727257E-14,2.86969431763314E-15,-1.));
#6404=DIRECTION('',(0.48930435313822,-0.102865203057203,0.866025403784432));
#6405=DIRECTION('',(-0.870643904056738,0.,0.491913805792073));
#6406=DIRECTION('',(0.8475,-0.17816775802596,-0.500000000000011));
#6407=DIRECTION('',(0.8475,-0.17816775802596,-0.500000000000011));
#6408=DIRECTION('',(-0.205730406114402,-0.978608706276417,0.));
#6409=DIRECTION('',(-0.978608706276417,0.205730406114402,0.));
#6410=DIRECTION('',(0.205730406114402,0.978608706276417,0.));
#6411=DIRECTION('',(0.978608706276417,-0.205730406114402,0.));
#6412=DIRECTION('',(-0.205730406114402,-0.978608706276417,0.));
#6413=DIRECTION('',(0.978608706276417,-0.205730406114402,0.));
#6414=DIRECTION('',(-0.205730406114402,-0.978608706276417,0.));
#6415=DIRECTION('',(-0.978608706276417,0.205730406114402,0.));
#6416=DIRECTION('',(-0.205730406114402,-0.978608706276417,0.));
#6417=DIRECTION('',(0.978608706276417,-0.205730406114402,0.));
#6418=DIRECTION('',(-0.205730406114402,-0.978608706276417,0.));
#6419=DIRECTION('',(-0.978608706276417,0.205730406114402,0.));
#6420=DIRECTION('',(-0.205730406114402,0.978608706276417,0.));
#6421=DIRECTION('',(0.978608706276417,0.205730406114402,0.));
#6422=DIRECTION('',(-0.205730406114402,0.978608706276417,0.));
#6423=DIRECTION('',(0.978608706276417,0.205730406114402,0.));
#6424=DIRECTION('',(1.36504267727257E-14,2.86969431763314E-15,-1.));
#6425=DIRECTION('',(-0.8475,-0.17816775802596,-0.500000000000011));
#6426=DIRECTION('',(-0.847500000000011,-0.178167758025963,0.499999999999984));
#6427=DIRECTION('',(-1.36504267727257E-14,-2.86969431763314E-15,1.));
#6428=DIRECTION('',(0.8475,0.17816775802596,0.500000000000012));
#6429=DIRECTION('',(0.8475,0.178167758025963,-0.499999999999988));
#6430=DIRECTION('',(0.205730406114402,-0.978608706276417,0.));
#6431=DIRECTION('',(-0.978608706276417,-0.205730406114402,0.));
#6432=DIRECTION('',(0.205730406114402,-0.978608706276417,0.));
#6433=DIRECTION('',(-0.978608706276417,-0.205730406114402,0.));
#6434=DIRECTION('',(-0.85201970457642,-0.179117923962622,-0.491913805792062));
#6435=DIRECTION('',(0.978608706276417,0.205730406114402,-2.7834475859098E-29));
#6436=DIRECTION('',(0.,0.,-1.));
#6437=DIRECTION('',(0.978608706276417,0.205730406114402,0.));
#6438=DIRECTION('',(0.,0.,-1.));
#6439=DIRECTION('',(0.978608706276417,0.205730406114402,0.));
#6440=DIRECTION('',(0.,0.,-1.));
#6441=DIRECTION('',(0.978608706276417,0.205730406114402,-2.7834475859098E-29));
#6442=DIRECTION('',(0.85201970457642,0.179117923962622,-0.491913805792062));
#6443=DIRECTION('',(4.37036974178083E-16,9.18771656209543E-17,-1.));
#6444=DIRECTION('',(1.20293235238855E-14,2.52889392663084E-15,1.));
#6445=DIRECTION('',(0.8475,0.178167758025963,0.499999999999989));
#6446=DIRECTION('',(0.8475,0.17816775802596,-0.500000000000011));
#6447=DIRECTION('',(-1.20293235238855E-14,-2.52889392663084E-15,-1.));
#6448=DIRECTION('',(-0.8475,-0.178167758025963,-0.499999999999991));
#6449=DIRECTION('',(-0.8475,-0.17816775802596,0.50000000000001));
#6450=DIRECTION('',(0.205730406114402,-0.978608706276417,0.));
#6451=DIRECTION('',(-0.978608706276417,-0.205730406114402,0.));
#6452=DIRECTION('',(-0.205730406114402,0.978608706276417,0.));
#6453=DIRECTION('',(0.978608706276417,0.205730406114402,0.));
#6454=DIRECTION('',(-0.205730406114402,0.978608706276417,0.));
#6455=DIRECTION('',(-0.978608706276417,-0.205730406114402,0.));
#6456=DIRECTION('',(0.205730406114402,-0.978608706276417,0.));
#6457=DIRECTION('',(-0.978608706276417,-0.205730406114402,0.));
#6458=DIRECTION('',(-0.205730406114402,0.978608706276417,0.));
#6459=DIRECTION('',(0.978608706276417,0.205730406114402,0.));
#6460=DIRECTION('',(0.205730406114402,-0.978608706276417,0.));
#6461=DIRECTION('',(-0.978608706276417,-0.205730406114402,0.));
#6462=DIRECTION('',(-0.205730406114402,0.978608706276417,0.));
#6463=DIRECTION('',(0.978608706276417,0.205730406114402,0.));
#6464=DIRECTION('',(-0.8475,-0.17816775802596,0.500000000000011));
#6465=DIRECTION('',(-0.8475,-0.178167758025963,-0.49999999999999));
#6466=DIRECTION('',(-1.04082202750452E-14,-2.18809353562851E-15,-1.));
#6467=DIRECTION('',(0.8475,0.17816775802596,-0.500000000000013));
#6468=DIRECTION('',(0.8475,0.178167758025962,0.499999999999992));
#6469=DIRECTION('',(1.04082202750454E-14,2.18809353562854E-15,1.));
#6470=DIRECTION('',(-0.8475,-0.178167758025962,0.499999999999993));
#6471=DIRECTION('',(-0.8475,-0.17816775802596,-0.500000000000008));
#6472=DIRECTION('',(7.16601377736513E-15,1.50649275362394E-15,-1.));
#6473=DIRECTION('',(0.8475,0.178167758025962,-0.499999999999993));
#6474=DIRECTION('',(0.8475,0.178167758025961,0.500000000000008));
#6475=DIRECTION('',(-7.16601377736513E-15,-1.50649275362394E-15,1.));
#6476=DIRECTION('',(0.8475,0.178167758025963,-0.499999999999988));
#6477=DIRECTION('',(0.8475,0.17816775802596,0.500000000000014));
#6478=DIRECTION('',(-1.3650426772726E-14,-2.86969431763322E-15,1.));
#6479=DIRECTION('',(-0.8475,-0.178167758025962,0.499999999999992));
#6480=DIRECTION('',(-0.8475,-0.17816775802596,-0.500000000000011));
#6481=DIRECTION('',(1.3650426772726E-14,2.86969431763322E-15,-1.));
#6482=DIRECTION('',(0.978608706276417,0.205730406114402,-2.7834475859098E-29));
#6483=DIRECTION('',(0.,0.,1.));
#6484=DIRECTION('',(0.978608706276417,0.205730406114402,-2.7834475859098E-29));
#6485=DIRECTION('',(0.978608706276417,0.205730406114402,-3.613332697042E-29));
#6486=DIRECTION('',(8.48025473112622E-30,1.78278226894845E-30,1.));
#6487=DIRECTION('',(0.978608706276417,0.205730406114402,-3.613332697042E-29));
#6488=DIRECTION('',(0.978608706276417,0.205730406114402,-2.7834475859098E-29));
#6489=DIRECTION('',(-2.59292303244214E-59,-5.45103579261466E-60,1.));
#6490=DIRECTION('',(0.978608706276417,0.205730406114402,-2.7834475859098E-29));
#6491=DIRECTION('',(0.,0.,-1.));
#6492=DIRECTION('',(0.978608706276417,0.205730406114402,0.));
#6493=DIRECTION('',(0.,0.,-1.));
#6494=DIRECTION('',(0.978608706276417,0.205730406114402,0.));
#6495=DIRECTION('',(0.,0.,-1.));
#6496=DIRECTION('',(1.56325872714936E-43,-1.35295877672161E-28,-1.));
#6497=DIRECTION('',(0.,1.,-1.35295877672161E-28));
#6498=DIRECTION('',(-0.978608706276418,0.205730406114399,-2.78344758590979E-29));
#6499=DIRECTION('',(9.48098227690168E-16,-1.,1.35295877672161E-28));
#6500=DIRECTION('',(1.,9.48098227690168E-16,2.80520908801739E-44));
#6501=DIRECTION('',(9.48098227690168E-16,-1.,1.35295877672161E-28));
#6502=DIRECTION('',(1.,9.48098227690168E-16,2.80520908801739E-44));
#6503=DIRECTION('',(9.48098227690168E-16,-1.,1.35295877672161E-28));
#6504=DIRECTION('',(-1.,-9.48098227690168E-16,-2.80520912430252E-44));
#6505=DIRECTION('',(9.48098227690168E-16,-1.,1.35295877672161E-28));
#6506=DIRECTION('',(-0.205730406114399,-0.978608706276418,0.));
#6507=DIRECTION('',(-0.978608706276418,0.205730406114399,0.));
#6508=DIRECTION('',(-0.205730406114399,-0.978608706276418,0.));
#6509=DIRECTION('',(-0.978608706276418,0.205730406114399,0.));
#6510=DIRECTION('',(0.852019704576421,-0.179117923962619,-0.491913805792061));
#6511=DIRECTION('',(2.18518487089042E-16,-4.59385828104765E-17,-1.));
#6512=DIRECTION('',(-0.85201970457642,0.179117923962619,-0.491913805792062));
#6513=DIRECTION('',(-0.978608706276418,0.205730406114399,-2.7834475859098E-29));
#6514=DIRECTION('',(-0.978608706276418,0.205730406114399,0.));
#6515=DIRECTION('',(0.,0.,-1.));
#6516=DIRECTION('',(-0.978608706276418,0.205730406114399,0.));
#6517=DIRECTION('',(-0.205730406114399,-0.978608706276418,0.));
#6518=DIRECTION('',(-0.978608706276418,0.205730406114399,0.));
#6519=DIRECTION('',(-0.205730406114399,-0.978608706276418,0.));
#6520=DIRECTION('',(-0.978608706276418,0.205730406114399,0.));
#6521=DIRECTION('',(-0.205730406114399,-0.978608706276418,0.));
#6522=DIRECTION('',(-0.978608706276418,0.205730406114399,0.));
#6523=DIRECTION('',(-1.6892633270406E-14,3.55129509963768E-15,1.));
#6524=DIRECTION('',(-0.847500000000011,0.178167758025961,0.499999999999984));
#6525=DIRECTION('',(-0.8475,0.178167758025956,-0.500000000000017));
#6526=DIRECTION('',(1.36504267727257E-14,-2.86969431763309E-15,-1.));
#6527=DIRECTION('',(0.84750000000001,-0.17816775802596,-0.499999999999986));
#6528=DIRECTION('',(0.8475,-0.178167758025957,0.500000000000014));
#6529=DIRECTION('',(1.52715300215659E-14,-3.21049470863541E-15,-1.));
#6530=DIRECTION('',(0.847500000000009,-0.17816775802596,-0.499999999999988));
#6531=DIRECTION('',(0.8475,-0.178167758025957,0.500000000000014));
#6532=DIRECTION('',(-1.52715300215659E-14,3.21049470863541E-15,1.));
#6533=DIRECTION('',(-0.84750000000001,0.17816775802596,0.499999999999987));
#6534=DIRECTION('',(-0.8475,0.178167758025957,-0.500000000000013));
#6535=DIRECTION('',(6.48441299536063E-15,-1.36320156400919E-15,-1.));
#6536=DIRECTION('',(0.8475,-0.17816775802596,-0.49999999999999));
#6537=DIRECTION('',(0.8475,-0.178167758025957,0.500000000000012));
#6538=DIRECTION('',(-6.48441299536063E-15,1.36320156400919E-15,1.));
#6539=DIRECTION('',(-0.847500000000009,0.17816775802596,0.499999999999988));
#6540=DIRECTION('',(-0.8475,0.178167758025958,-0.5));
#6541=DIRECTION('',(-0.978608706276418,0.205730406114399,0.));
#6542=DIRECTION('',(-3.89945883426346E-16,8.19773260204907E-17,1.));
#6543=DIRECTION('',(-0.978608706276418,0.205730406114399,-3.9846966507204E-16));
#6544=DIRECTION('',(-3.89945883426346E-16,8.19773260204907E-17,1.));
#6545=DIRECTION('',(-0.978608706276418,0.205730406114399,0.));
#6546=DIRECTION('',(-0.978608706276418,0.205730406114399,-2.78344758590979E-29));
#6547=DIRECTION('',(2.59292303244215E-59,-5.45103579261457E-60,-1.));
#6548=DIRECTION('',(0.978608706276418,-0.205730406114399,2.78344758590979E-29));
#6549=DIRECTION('',(-0.978608706276418,0.205730406114399,-1.9535624747776E-29));
#6550=DIRECTION('',(8.48025473112622E-30,-1.78278226894842E-30,1.));
#6551=DIRECTION('',(-0.978608706276418,0.205730406114399,-1.9535624747776E-29));
#6552=DIRECTION('',(0.978608706276418,-0.205730406114399,2.78344758590979E-29));
#6553=DIRECTION('',(0.,0.,1.));
#6554=DIRECTION('',(-0.978608706276418,0.205730406114399,-2.78344758590979E-29));
#6555=DIRECTION('',(-0.978608706276418,0.205730406114399,0.));
#6556=DIRECTION('',(0.,0.,-1.));
#6557=DIRECTION('',(0.5,0.,-0.866025403784438));
#6558=DIRECTION('',(-0.866025403784439,0.,-0.5));
#6559=DIRECTION('',(0.,1.,0.));
#6560=DIRECTION('',(-0.866025403784439,-6.76479388360808E-29,-0.5));
#6561=DIRECTION('',(0.866025403784439,8.21077150462756E-16,0.5));
#6562=DIRECTION('',(9.48098227690168E-16,-1.,1.35295877672161E-28));
#6563=DIRECTION('',(-0.866025403784439,-8.21077150462756E-16,-0.5));
#6564=DIRECTION('',(-0.5,0.,-0.866025403784439));
#6565=DIRECTION('',(-0.866025403784439,0.,0.5));
#6566=DIRECTION('',(0.866025403784439,8.21077150462621E-16,-0.5));
#6567=DIRECTION('',(9.48098227690168E-16,-1.,1.35295877672161E-28));
#6568=DIRECTION('',(0.866025403784439,8.21077150462621E-16,-0.5));
#6569=DIRECTION('',(0.,1.,0.));
#6570=DIRECTION('',(-1.6339467472916E-43,1.35295877672161E-28,1.));
#6571=DIRECTION('',(0.,-1.,1.35295877672161E-28));
#6572=DIRECTION('',(-9.48098227690168E-16,1.,-1.35295877672161E-28));
#6573=DIRECTION('',(1.,9.48098227690168E-16,3.51208928943981E-44));
#6574=DIRECTION('',(-9.48098227690168E-16,1.,-1.35295877672161E-28));
#6575=DIRECTION('',(1.,9.48098227690168E-16,3.51208928943981E-44));
#6576=DIRECTION('',(-9.48098227690168E-16,1.,-1.35295877672161E-28));
#6577=DIRECTION('',(-1.,-9.48098227690168E-16,5.72777608519785E-45));
#6578=DIRECTION('',(-9.48098227690168E-16,1.,-1.35295877672161E-28));
#6579=DIRECTION('',(0.5,0.,0.866025403784439));
#6580=DIRECTION('',(0.866025403784439,0.,-0.5));
#6581=DIRECTION('',(0.866025403784439,8.21077150462621E-16,-0.5));
#6582=DIRECTION('',(-9.48098227690168E-16,1.,-1.35295877672161E-28));
#6583=DIRECTION('',(-0.866025403784439,-8.21077150462621E-16,0.5));
#6584=DIRECTION('',(0.866025403784439,-6.76479388360807E-29,-0.5));
#6585=DIRECTION('',(0.,1.,0.));
#6586=DIRECTION('',(-0.5,0.,0.866025403784438));
#6587=DIRECTION('',(0.866025403784439,0.,0.5));
#6588=DIRECTION('',(0.,1.,0.));
#6589=DIRECTION('',(-0.866025403784439,-8.21077150462756E-16,-0.5));
#6590=DIRECTION('',(-9.48098227690168E-16,1.,-1.35295877672161E-28));
#6591=DIRECTION('',(-0.866025403784439,-8.21077150462756E-16,-0.5));
#6592=DIRECTION('',(-1.6339467472916E-43,1.35295877672161E-28,1.));
#6593=DIRECTION('',(0.,-1.,1.35295877672161E-28));
#6594=DIRECTION('',(-9.48098227690168E-16,1.,-1.35295877672161E-28));
#6595=DIRECTION('',(1.,9.48098227690168E-16,3.51208928943981E-44));
#6596=DIRECTION('',(-9.48098227690168E-16,1.,-1.35295877672161E-28));
#6597=DIRECTION('',(1.22546005749564E-43,-1.35295877672161E-28,-1.));
#6598=DIRECTION('',(0.,1.,-1.35295877672161E-28));
#6599=DIRECTION('',(-9.48098227690168E-16,1.,-1.35295877672161E-28));
#6600=DIRECTION('',(-9.48098227690168E-16,1.,-1.35295877672161E-28));
#6601=DIRECTION('',(-1.,-9.48098227690168E-16,5.72777608519785E-45));
#6602=DIRECTION('',(-1.,0.,-2.18518487089042E-16));
#6603=DIRECTION('',(-2.18518487089042E-16,0.,1.));
#6604=DIRECTION('',(2.18518487089042E-16,-1.35088700681835E-28,-1.));
#6605=DIRECTION('',(1.,1.63613836081347E-16,0.));
#6606=DIRECTION('',(1.63613836081347E-16,-1.,0.));
#6607=DIRECTION('',(1.,1.63613836081347E-16,0.));
#6608=DIRECTION('',(1.63613836081347E-16,-1.,0.));
#6609=DIRECTION('',(-1.,0.,0.));
#6610=DIRECTION('',(0.,1.,0.));
#6611=DIRECTION('',(-1.,-3.27227672162693E-16,0.));
#6612=DIRECTION('',(-3.27227672162693E-16,1.,0.));
#6613=DIRECTION('',(-1.,-3.27227672162693E-16,0.));
#6614=DIRECTION('',(-3.27227672162693E-16,1.,0.));
#6615=DIRECTION('',(1.,3.76017126664827E-16,0.));
#6616=DIRECTION('',(3.76017126664827E-16,-1.,0.));
#6617=DIRECTION('',(0.205730406114402,-0.978608706276417,0.));
#6618=DIRECTION('',(-0.978608706276417,-0.205730406114402,0.));
#6619=DIRECTION('',(-0.205730406114402,0.978608706276417,0.));
#6620=DIRECTION('',(0.978608706276417,0.205730406114402,0.));
#6621=DIRECTION('',(0.205730406114402,-0.978608706276417,0.));
#6622=DIRECTION('',(-0.978608706276417,-0.205730406114402,0.));
#6623=DIRECTION('',(-0.205730406114402,0.978608706276417,0.));
#6624=DIRECTION('',(0.978608706276417,0.205730406114402,0.));
#6625=DIRECTION('',(-0.205730406114399,-0.978608706276418,0.));
#6626=DIRECTION('',(-0.978608706276418,0.205730406114399,0.));
#6627=DIRECTION('',(0.205730406114399,0.978608706276418,0.));
#6628=DIRECTION('',(0.978608706276418,-0.205730406114399,0.));
#6629=DIRECTION('',(-0.205730406114399,-0.978608706276418,0.));
#6630=DIRECTION('',(-0.978608706276418,0.205730406114399,0.));
#6631=DIRECTION('',(0.205730406114399,0.978608706276418,0.));
#6632=DIRECTION('',(0.978608706276418,-0.205730406114399,0.));
#6633=DIRECTION('',(1.,3.76017126664827E-16,0.));
#6634=DIRECTION('',(3.76017126664827E-16,-1.,0.));
#6635=DIRECTION('',(1.,3.76017126664827E-16,0.));
#6636=DIRECTION('',(3.76017126664827E-16,-1.,0.));
#6637=DIRECTION('',(-1.,-3.27227672162693E-16,0.));
#6638=DIRECTION('',(-3.27227672162693E-16,1.,0.));
#6639=DIRECTION('',(1.,3.76017126664827E-16,0.));
#6640=DIRECTION('',(3.76017126664827E-16,-1.,0.));
#6641=DIRECTION('',(1.,3.76017126664827E-16,0.));
#6642=DIRECTION('',(3.76017126664827E-16,-1.,0.));
#6643=DIRECTION('',(-1.,-3.27227672162693E-16,0.));
#6644=DIRECTION('',(-3.27227672162693E-16,1.,0.));
#6645=DIRECTION('',(1.,3.76017126664827E-16,0.));
#6646=DIRECTION('',(3.76017126664827E-16,-1.,0.));
#6647=DIRECTION('',(1.,3.76017126664827E-16,0.));
#6648=DIRECTION('',(3.76017126664827E-16,-1.,0.));
#6649=DIRECTION('',(-1.,-3.27227672162693E-16,0.));
#6650=DIRECTION('',(-3.27227672162693E-16,1.,0.));
#6651=DIRECTION('',(1.,3.76017126664827E-16,0.));
#6652=DIRECTION('',(3.76017126664827E-16,-1.,0.));
#6653=DIRECTION('',(1.,3.76017126664827E-16,0.));
#6654=DIRECTION('',(3.76017126664827E-16,-1.,0.));
#6655=DIRECTION('',(-1.,-3.27227672162693E-16,0.));
#6656=DIRECTION('',(-3.27227672162693E-16,1.,0.));
#6657=DIRECTION('',(-1.,-3.27227672162693E-16,0.));
#6658=DIRECTION('',(-3.27227672162693E-16,1.,0.));
#6659=DIRECTION('',(-1.,-1.63613836081347E-16,0.));
#6660=DIRECTION('',(-1.63613836081347E-16,1.,0.));
#6661=DIRECTION('',(-1.,0.,0.));
#6662=DIRECTION('',(0.,1.,0.));
#6663=DIRECTION('',(-1.,-3.27227672162693E-16,0.));
#6664=DIRECTION('',(-3.27227672162693E-16,1.,0.));
#6665=DIRECTION('',(-1.,-1.63613836081347E-16,0.));
#6666=DIRECTION('',(-1.63613836081347E-16,1.,0.));
#6667=DIRECTION('',(-1.,0.,0.));
#6668=DIRECTION('',(0.,1.,0.));
#6669=DIRECTION('',(-1.,-3.27227672162693E-16,0.));
#6670=DIRECTION('',(-3.27227672162693E-16,1.,0.));
#6671=DIRECTION('',(-1.,-1.63613836081347E-16,0.));
#6672=DIRECTION('',(-1.63613836081347E-16,1.,0.));
#6673=DIRECTION('',(-1.,0.,0.));
#6674=DIRECTION('',(0.,1.,0.));
#6675=DIRECTION('',(-1.,-3.27227672162693E-16,0.));
#6676=DIRECTION('',(-3.27227672162693E-16,1.,0.));
#6677=DIRECTION('',(-1.,-3.27227672162693E-16,0.));
#6678=DIRECTION('',(-3.27227672162693E-16,1.,0.));
#6679=DIRECTION('',(1.,3.76017126664827E-16,0.));
#6680=DIRECTION('',(3.76017126664827E-16,-1.,0.));
#6681=DIRECTION('',(-1.,-3.27227672162693E-16,0.));
#6682=DIRECTION('',(-3.27227672162693E-16,1.,0.));
#6683=DIRECTION('',(-1.,-3.27227672162693E-16,0.));
#6684=DIRECTION('',(-3.27227672162693E-16,1.,0.));
#6685=DIRECTION('',(1.,3.76017126664827E-16,0.));
#6686=DIRECTION('',(3.76017126664827E-16,-1.,0.));
#6687=DIRECTION('',(-1.,-3.27227672162693E-16,0.));
#6688=DIRECTION('',(-3.27227672162693E-16,1.,0.));
#6689=DIRECTION('',(-1.,-3.27227672162693E-16,0.));
#6690=DIRECTION('',(-3.27227672162693E-16,1.,0.));
#6691=DIRECTION('',(1.,3.76017126664827E-16,0.));
#6692=DIRECTION('',(3.76017126664827E-16,-1.,0.));
#6693=DIRECTION('',(1.,3.27227672162693E-16,0.));
#6694=DIRECTION('',(3.27227672162693E-16,-1.,0.));
#6695=DIRECTION('',(1.,3.27227672162693E-16,0.));
#6696=DIRECTION('',(3.27227672162693E-16,-1.,0.));
#6697=DIRECTION('',(1.,3.27227672162693E-16,0.));
#6698=DIRECTION('',(3.27227672162693E-16,-1.,0.));
#6699=DIRECTION('',(2.8338747691403E-16,-0.866025403784109,-0.50000000000057));
#6700=DIRECTION('',(-2.16026562828517E-28,6.60172049022528E-13,-1.));
#6701=DIRECTION('',(-2.83387476914246E-16,0.866025403784771,-0.499999999999424));
#6702=DIRECTION('',(-2.8338747691403E-16,0.866025403784109,0.50000000000057));
#6703=DIRECTION('',(2.16303519960351E-28,-6.61018423444361E-13,1.));
#6704=DIRECTION('',(2.83387476914246E-16,-0.86602540378477,0.499999999999427));
#6705=DIRECTION('',(2.83387476914102E-16,-0.866025403784331,-0.500000000000187));
#6706=DIRECTION('',(-7.06240686170142E-29,2.15825477565055E-13,-1.));
#6707=DIRECTION('',(-2.83387476914173E-16,0.866025403784547,-0.499999999999813));
#6708=DIRECTION('',(-2.83387476914102E-16,0.866025403784331,0.500000000000187));
#6709=DIRECTION('',(7.06240686170151E-29,-2.15825477565057E-13,1.));
#6710=DIRECTION('',(2.83387476914173E-16,-0.866025403784547,0.499999999999813));
#6711=DIRECTION('',(2.8338747691408E-16,-0.866025403784263,-0.500000000000305));
#6712=DIRECTION('',(-1.15214166841876E-28,3.52091759478681E-13,-1.));
#6713=DIRECTION('',(-2.83387476914196E-16,0.866025403784615,-0.499999999999694));
#6714=DIRECTION('',(-2.8338747691408E-16,0.866025403784264,0.500000000000303));
#6715=DIRECTION('',(1.15214166841878E-28,-3.52091759478689E-13,1.));
#6716=DIRECTION('',(2.83387476914196E-16,-0.866025403784615,0.499999999999695));
#6717=DIRECTION('',(2.83387476914047E-16,-0.866025403784163,0.500000000000478));
#6718=DIRECTION('',(2.83387476914228E-16,-0.866025403784715,-0.499999999999522));
#6719=DIRECTION('',(1.80299092822265E-28,-5.50989748607271E-13,-1.));
#6720=DIRECTION('',(-2.83387476914047E-16,0.866025403784162,-0.500000000000479));
#6721=DIRECTION('',(-2.83387476914228E-16,0.866025403784714,0.499999999999524));
#6722=DIRECTION('',(-1.80299092822262E-28,5.50989748607264E-13,1.));
#6723=DIRECTION('',(0.,0.,1.));
#6724=DIRECTION('',(3.27227672162693E-16,-1.,0.));
#6725=DIRECTION('',(3.27227672162693E-16,-1.,0.));
#6726=DIRECTION('',(0.,0.,1.));
#6727=DIRECTION('',(1.,0.,0.));
#6728=DIRECTION('',(-3.89945883426346E-16,8.19773260204907E-17,1.));
#6729=DIRECTION('',(1.,0.,3.89945883426346E-16));
#6730=DIRECTION('',(3.76017126664827E-16,-1.,0.));
#6731=DIRECTION('',(-0.978608706276418,-0.205730406114399,0.));
#6732=DIRECTION('',(-1.63613836081347E-16,1.,0.));
#6733=DIRECTION('',(0.978608706276417,-0.205730406114402,0.));
#6734=DIRECTION('',(0.,1.,0.));
#6735=DIRECTION('',(-1.,-3.19667208159899E-32,-3.89945883426346E-16));
#6736=DIRECTION('',(0.,0.,1.));
#6737=DIRECTION('',(1.,0.,0.));
#6738=DIRECTION('',(-0.978608706276418,-0.205730406114399,0.));
#6739=DIRECTION('',(3.76017126664827E-16,-1.,0.));
#6740=DIRECTION('',(0.,1.,0.));
#6741=DIRECTION('',(0.978608706276417,-0.205730406114402,0.));
#6742=DIRECTION('',(-1.63613836081347E-16,1.,0.));
#6743=DIRECTION('',(1.,1.63613836081347E-16,0.));
#6744=DIRECTION('',(1.63613836081347E-16,-1.,0.));
#6745=DIRECTION('',(1.,1.63613836081347E-16,0.));
#6746=DIRECTION('',(1.63613836081347E-16,-1.,0.));
#6747=DIRECTION('',(-1.,0.,0.));
#6748=DIRECTION('',(0.,1.,0.));
#6749=DIRECTION('',(1.,1.63613836081347E-16,0.));
#6750=DIRECTION('',(1.63613836081347E-16,-1.,0.));
#6751=DIRECTION('',(1.,1.63613836081347E-16,0.));
#6752=DIRECTION('',(1.63613836081347E-16,-1.,0.));
#6753=DIRECTION('',(-1.,0.,0.));
#6754=DIRECTION('',(0.,1.,0.));
#6755=DIRECTION('',(-1.,-1.63613836081347E-16,0.));
#6756=DIRECTION('',(-1.63613836081347E-16,1.,0.));
#6757=DIRECTION('',(-1.,-1.63613836081347E-16,0.));
#6758=DIRECTION('',(-1.63613836081347E-16,1.,0.));
#6759=DIRECTION('',(-1.,-3.46944695195362E-16,0.));
#6760=DIRECTION('',(-3.46944695195362E-16,1.,0.));
#6761=DIRECTION('',(0.,0.,1.));
#6762=DIRECTION('',(1.,1.63613836081347E-16,0.));
#6763=DIRECTION('',(1.63613836081347E-16,-1.,0.));
#6764=DIRECTION('',(0.,0.,-1.));
#6765=DIRECTION('',(1.,1.63613836081347E-16,0.));
#6766=DIRECTION('',(1.63613836081347E-16,-1.,0.));
#6767=DIRECTION('',(1.53301153482284E-16,-0.936969373458516,-0.349411495518903));
#6768=DIRECTION('',(1.,1.63613836081347E-16,0.));
#6769=DIRECTION('',(1.63613836081347E-16,-1.,0.));
#6770=DIRECTION('',(-1.53301153482284E-16,0.936969373458516,-0.349411495518903));
#6771=DIRECTION('',(-1.,-1.63613836081347E-16,0.));
#6772=DIRECTION('',(1.63613836081347E-16,-1.,0.));
#6773=DIRECTION('',(0.,0.,-1.));
#6774=DIRECTION('',(-1.,-1.63613836081347E-16,0.));
#6775=DIRECTION('',(1.63613836081347E-16,-1.,0.));
#6776=DIRECTION('',(-1.53301153482284E-16,0.936969373458516,0.349411495518902));
#6777=DIRECTION('',(1.,1.63613836081347E-16,0.));
#6778=DIRECTION('',(1.63613836081347E-16,-1.,0.));
#6779=DIRECTION('',(1.53301153482284E-16,-0.936969373458516,0.349411495518902));
#6780=DIRECTION('',(1.,3.76017126664827E-16,0.));
#6781=DIRECTION('',(3.76017126664827E-16,-1.,0.));
#6782=DIRECTION('',(-3.25640383949773E-16,0.866025403784444,0.499999999999992));
#6783=DIRECTION('',(-3.25640383949769E-16,0.866025403784432,-0.500000000000011));
#6784=DIRECTION('',(4.13726661629803E-30,-1.10028674837088E-14,-1.));
#6785=DIRECTION('',(3.25640383949773E-16,-0.866025403784445,-0.49999999999999));
#6786=DIRECTION('',(3.25640383949769E-16,-0.866025403784432,0.500000000000011));
#6787=DIRECTION('',(-4.13726661629798E-30,1.10028674837086E-14,1.));
#6788=DIRECTION('',(3.25640383949772E-16,-0.866025403784441,-0.5));
#6789=DIRECTION('',(3.2564038394977E-16,-0.866025403784437,0.5));
#6790=DIRECTION('',(-1.04610373845143E-30,2.7820640717355E-15,1.));
#6791=DIRECTION('',(-3.25640383949772E-16,0.86602540378444,0.5));
#6792=DIRECTION('',(-3.2564038394977E-16,0.866025403784438,-0.5));
#6793=DIRECTION('',(1.11584398768153E-30,-2.9675350098512E-15,-1.));
#6794=DIRECTION('',(-3.25640383949769E-16,0.866025403784435,0.500000000000007));
#6795=DIRECTION('',(-3.25640383949772E-16,0.866025403784442,-0.499999999999994));
#6796=DIRECTION('',(-2.86426150359095E-30,7.61736979641379E-15,-1.));
#6797=DIRECTION('',(3.25640383949769E-16,-0.866025403784435,-0.500000000000007));
#6798=DIRECTION('',(3.25640383949772E-16,-0.866025403784443,0.499999999999993));
#6799=DIRECTION('',(2.86426150359091E-30,-7.61736979641368E-15,1.));
#6800=DIRECTION('',(-5.09202045082828E-30,1.35419907491799E-14,-1.));
#6801=DIRECTION('',(3.25640383949769E-16,-0.866025403784433,-0.500000000000011));
#6802=DIRECTION('',(3.25640383949773E-16,-0.866025403784443,0.499999999999992));
#6803=DIRECTION('',(5.09202045082842E-30,-1.35419907491802E-14,1.));
#6804=DIRECTION('',(-3.25640383949769E-16,0.866025403784434,0.500000000000008));
#6805=DIRECTION('',(-3.25640383949774E-16,0.866025403784446,-0.499999999999987));
#6806=DIRECTION('',(0.,0.,1.));
#6807=DIRECTION('',(-3.25640383949771E-16,0.866025403784439,0.5));
#6808=DIRECTION('',(-3.25640383949771E-16,0.866025403784439,-0.5));
#6809=DIRECTION('',(0.,0.,-1.));
#6810=DIRECTION('',(3.25640383949772E-16,-0.86602540378444,-0.5));
#6811=DIRECTION('',(3.25640383949772E-16,-0.86602540378444,0.5));
#6812=DIRECTION('',(-8.91103578894962E-30,2.36984838110651E-14,1.));
#6813=DIRECTION('',(-3.25640383949775E-16,0.866025403784449,0.499999999999982));
#6814=DIRECTION('',(-3.25640383949766E-16,0.866025403784425,-0.500000000000024));
#6815=DIRECTION('',(8.27453323259573E-30,-2.20057349674167E-14,-1.));
#6816=DIRECTION('',(3.25640383949776E-16,-0.866025403784451,-0.499999999999979));
#6817=DIRECTION('',(3.25640383949767E-16,-0.866025403784428,0.500000000000019));
#6818=DIRECTION('',(0.,0.,-1.));
#6819=DIRECTION('',(-1.,0.,0.));
#6820=DIRECTION('',(0.,1.,0.));
#6821=DIRECTION('',(0.,0.866025403784433,-0.500000000000011));
#6822=DIRECTION('',(0.,0.866025403784444,0.49999999999999));
#6823=DIRECTION('',(0.,1.18492419055321E-14,1.));
#6824=DIRECTION('',(0.,-0.866025403784432,0.500000000000012));
#6825=DIRECTION('',(0.,-0.866025403784445,-0.49999999999999));
#6826=DIRECTION('',(0.,-1.18492419055325E-14,-1.));
#6827=DIRECTION('',(0.,-1.,5.79596681611561E-17));
#6828=DIRECTION('',(0.,-5.79596681611561E-17,-1.));
#6829=DIRECTION('',(0.,-1.,5.79596681611561E-17));
#6830=DIRECTION('',(0.,0.866025403784439,-0.5));
#6831=DIRECTION('',(0.,0.866025403784439,0.5));
#6832=DIRECTION('',(0.,1.,0.));
#6833=DIRECTION('',(0.,0.,1.));
#6834=DIRECTION('',(0.,1.,0.));
#6835=DIRECTION('',(0.,-0.866025403784439,0.5));
#6836=DIRECTION('',(0.,-0.866025403784439,-0.5));
#6837=DIRECTION('',(0.,0.866025403784445,-0.499999999999989));
#6838=DIRECTION('',(0.,0.866025403784432,0.500000000000012));
#6839=DIRECTION('',(0.,-1.33303971437241E-14,1.));
#6840=DIRECTION('',(0.,-0.866025403784447,0.499999999999986));
#6841=DIRECTION('',(0.,-0.866025403784432,-0.500000000000012));
#6842=DIRECTION('',(0.,1.35419907491801E-14,-1.));
#6843=DIRECTION('',(0.,1.86202372801229E-14,-1.));
#6844=DIRECTION('',(0.,0.86602540378445,-0.499999999999981));
#6845=DIRECTION('',(0.,0.866025403784429,0.500000000000018));
#6846=DIRECTION('',(0.,-1.86202372801224E-14,1.));
#6847=DIRECTION('',(0.,-0.866025403784449,0.499999999999983));
#6848=DIRECTION('',(0.,-0.86602540378443,-0.500000000000016));
#6849=DIRECTION('',(0.,-3.38549768729502E-15,-1.));
#6850=DIRECTION('',(0.,0.866025403784438,-0.5));
#6851=DIRECTION('',(0.,0.86602540378444,0.5));
#6852=DIRECTION('',(0.,3.38549768729497E-15,1.));
#6853=DIRECTION('',(0.,-0.866025403784437,0.5));
#6854=DIRECTION('',(0.,-0.86602540378444,-0.5));
#6855=DIRECTION('',(0.,0.,-1.));
#6856=DIRECTION('',(0.,0.86602540378444,-0.5));
#6857=DIRECTION('',(0.,0.866025403784439,0.5));
#6858=DIRECTION('',(0.,-8.46374421823765E-16,1.));
#6859=DIRECTION('',(0.,-0.86602540378444,0.5));
#6860=DIRECTION('',(0.,-0.866025403784439,-0.5));
#6861=DIRECTION('',(0.,-1.21666323137165E-14,-1.));
#6862=DIRECTION('',(0.,0.866025403784435,-0.500000000000006));
#6863=DIRECTION('',(0.,0.866025403784445,0.49999999999999));
#6864=DIRECTION('',(0.,1.16376483000768E-14,1.));
#6865=DIRECTION('',(0.,-0.866025403784435,0.500000000000006));
#6866=DIRECTION('',(0.,-0.866025403784445,-0.49999999999999));
#6867=DIRECTION('',(0.,-7.72316659914165E-15,-1.));
#6868=DIRECTION('',(0.,0.866025403784435,-0.500000000000006));
#6869=DIRECTION('',(0.,0.866025403784442,0.5));
#6870=DIRECTION('',(0.,7.40577619095795E-15,1.));
#6871=DIRECTION('',(0.,-0.866025403784434,0.500000000000008));
#6872=DIRECTION('',(0.,-0.866025403784442,-0.5));
#6873=DIRECTION('',(0.,0.,1.));
#6874=DIRECTION('',(-1.,0.,0.));
#6875=DIRECTION('',(0.,1.,0.));
#6876=DIRECTION('',(0.,1.,0.));
#6877=DIRECTION('',(-1.,0.,0.));
#6878=DIRECTION('',(0.,1.,0.));
#6879=DIRECTION('',(0.,0.,1.));
#6880=DIRECTION('',(-1.,0.,0.));
#6881=DIRECTION('',(0.,1.,0.));
#6882=DIRECTION('',(0.,1.,0.));
#6883=DIRECTION('',(-1.,0.,0.));
#6884=DIRECTION('',(0.,1.,0.));
#6885=DIRECTION('',(0.,0.,-1.));
#6886=DIRECTION('',(-1.63613836081347E-16,1.,0.));
#6887=DIRECTION('',(1.,1.63613836081347E-16,0.));
#6888=DIRECTION('',(-1.,-1.63613836081347E-16,0.));
#6889=DIRECTION('',(0.,0.,-1.));
#6890=DIRECTION('',(-1.,-1.63613836081347E-16,0.));
#6891=DIRECTION('',(-1.,-1.63613836081347E-16,0.));
#6892=DIRECTION('',(-1.63613836081347E-16,1.,0.));
#6893=DIRECTION('',(-1.,-1.63613836081347E-16,0.));
#6894=DIRECTION('',(1.,1.63613836081347E-16,0.));
#6895=DIRECTION('',(1.63613836081347E-16,-1.,0.));
#6896=DIRECTION('',(5.71685551527681E-17,-0.349411495518902,-0.936969373458516));
#6897=DIRECTION('',(0.,0.936969373458516,-0.349411495518902));
#6898=DIRECTION('',(-1.,-1.63613836081347E-16,0.));
#6899=DIRECTION('',(1.53301153482284E-16,-0.936969373458516,0.349411495518902));
#6900=DIRECTION('',(-1.,-1.63613836081347E-16,0.));
#6901=DIRECTION('',(-1.63613836081347E-16,1.,0.));
#6902=DIRECTION('',(-1.,-1.63613836081347E-16,0.));
#6903=DIRECTION('',(1.,1.63613836081347E-16,0.));
#6904=DIRECTION('',(1.63613836081347E-16,-1.,0.));
#6905=DIRECTION('',(5.71685551527681E-17,-0.349411495518902,0.936969373458516));
#6906=DIRECTION('',(0.,-0.936969373458516,-0.349411495518902));
#6907=DIRECTION('',(-1.,-1.63613836081347E-16,0.));
#6908=DIRECTION('',(-1.53301153482284E-16,0.936969373458516,0.349411495518902));
#6909=DIRECTION('',(-1.,-1.63613836081347E-16,0.));
#6910=DIRECTION('',(-1.63613836081347E-16,1.,0.));
#6911=DIRECTION('',(-1.,-1.63613836081347E-16,0.));
#6912=DIRECTION('',(-1.,-1.63613836081347E-16,0.));
#6913=DIRECTION('',(1.63613836081347E-16,-1.,0.));
#6914=DIRECTION('',(-1.63613836081347E-16,1.,0.));
#6915=DIRECTION('',(1.,1.63613836081347E-16,0.));
#6916=DIRECTION('',(-1.,-1.63613836081347E-16,0.));
#6917=DIRECTION('',(0.,0.,-1.));
#6918=DIRECTION('',(-1.,-1.63613836081347E-16,0.));
#6919=DIRECTION('',(-1.63613836081347E-16,1.,0.));
#6920=DIRECTION('',(-1.,-1.63613836081347E-16,0.));
#6921=DIRECTION('',(-1.,-1.63613836081347E-16,0.));
#6922=DIRECTION('',(1.63613836081347E-16,-1.,0.));
#6923=DIRECTION('',(-5.71685551527681E-17,0.349411495518903,0.936969373458516));
#6924=DIRECTION('',(0.,-0.936969373458516,0.349411495518903));
#6925=DIRECTION('',(-1.,-1.63613836081347E-16,0.));
#6926=DIRECTION('',(-1.53301153482284E-16,0.936969373458516,-0.349411495518903));
#6927=DIRECTION('',(-1.,-1.63613836081347E-16,0.));
#6928=DIRECTION('',(-1.63613836081347E-16,1.,0.));
#6929=DIRECTION('',(-1.,-1.63613836081347E-16,0.));
#6930=DIRECTION('',(1.,1.63613836081347E-16,0.));
#6931=DIRECTION('',(1.63613836081347E-16,-1.,0.));
#6932=DIRECTION('',(-5.71685551527682E-17,0.349411495518903,-0.936969373458516));
#6933=DIRECTION('',(0.,0.936969373458516,0.349411495518903));
#6934=DIRECTION('',(-1.,-1.63613836081347E-16,0.));
#6935=DIRECTION('',(1.53301153482284E-16,-0.936969373458516,-0.349411495518903));
#6936=DIRECTION('',(-1.,-1.63613836081347E-16,0.));
#6937=DIRECTION('',(-1.63613836081347E-16,1.,0.));
#6938=DIRECTION('',(1.,1.63613836081347E-16,0.));
#6939=DIRECTION('',(1.63613836081347E-16,-1.,0.));
#6940=DIRECTION('',(1.,1.63613836081347E-16,0.));
#6941=DIRECTION('',(0.,0.,-1.));
#6942=DIRECTION('',(0.,0.,-1.));
#6943=DIRECTION('',(1.,1.63613836081347E-16,0.));
#6944=DIRECTION('',(1.63613836081347E-16,-1.,0.));
#6945=DIRECTION('',(1.63613836081347E-16,-1.,0.));
#6946=DIRECTION('',(1.,1.63613836081347E-16,0.));
#6947=DIRECTION('',(1.63613836081347E-16,-1.,0.));
#6948=DIRECTION('',(0.,0.,-1.));
#6949=DIRECTION('',(1.,1.63613836081347E-16,0.));
#6950=DIRECTION('',(1.63613836081347E-16,-1.,0.));
#6951=DIRECTION('',(1.63613836081347E-16,-1.,0.));
#6952=DIRECTION('',(1.,1.63613836081347E-16,0.));
#6953=DIRECTION('',(1.63613836081347E-16,-1.,0.));
#6954=DIRECTION('',(1.63613836081347E-16,-1.,0.));
#6955=DIRECTION('',(-1.,-1.63613836081347E-16,0.));
#6956=DIRECTION('',(1.,1.63613836081347E-16,0.));
#6957=DIRECTION('',(1.,1.63613836081347E-16,0.));
#6958=DIRECTION('',(1.,1.63613836081347E-16,0.));
#6959=DIRECTION('',(1.63613836081347E-16,-1.,0.));
#6960=DIRECTION('',(1.,1.63613836081347E-16,0.));
#6961=DIRECTION('',(0.,0.,1.));
#6962=DIRECTION('',(0.,-1.,0.));
#6963=DIRECTION('',(1.,1.63613836081347E-16,0.));
#6964=DIRECTION('',(1.,1.63613836081347E-16,0.));
#6965=DIRECTION('',(1.63613836081347E-16,-1.,0.));
#6966=DIRECTION('',(1.,1.63613836081347E-16,0.));
#6967=DIRECTION('',(1.63613836081347E-16,-1.,0.));
#6968=DIRECTION('',(-1.,-1.63613836081347E-16,0.));
#6969=DIRECTION('',(1.,1.63613836081347E-16,0.));
#6970=DIRECTION('',(1.,1.63613836081347E-16,0.));
#6971=DIRECTION('',(1.63613836081347E-16,-1.,0.));
#6972=DIRECTION('',(1.,1.63613836081347E-16,0.));
#6973=DIRECTION('',(0.,0.,1.));
#6974=DIRECTION('',(0.,-1.,0.));
#6975=DIRECTION('',(1.,1.63613836081347E-16,0.));
#6976=DIRECTION('',(1.,1.63613836081347E-16,0.));
#6977=DIRECTION('',(1.63613836081347E-16,-1.,0.));
#6978=DIRECTION('',(-1.,0.,0.));
#6979=DIRECTION('',(0.,0.,1.));
#6980=DIRECTION('',(0.,-7.72316659914165E-15,-1.));
#6981=DIRECTION('',(0.,-0.866025403784442,-0.5));
#6982=DIRECTION('',(0.,-0.866025403784434,0.500000000000008));
#6983=DIRECTION('',(0.,7.40577619095795E-15,1.));
#6984=DIRECTION('',(0.,0.866025403784442,0.5));
#6985=DIRECTION('',(0.,0.866025403784435,-0.500000000000006));
#6986=DIRECTION('',(0.,1.,-7.72316659914165E-15));
#6987=DIRECTION('',(0.,7.72316659914165E-15,1.));
#6988=DIRECTION('',(-1.,0.,0.));
#6989=DIRECTION('',(-1.,0.,0.));
#6990=DIRECTION('',(0.,0.5,-0.866025403784442));
#6991=DIRECTION('',(0.,0.866025403784442,0.5));
#6992=DIRECTION('',(-1.,0.,0.));
#6993=DIRECTION('',(0.,-0.500000000000008,-0.866025403784434));
#6994=DIRECTION('',(0.,0.866025403784434,-0.500000000000008));
#6995=DIRECTION('',(-1.,0.,0.));
#6996=DIRECTION('',(0.,-1.,7.40577619095795E-15));
#6997=DIRECTION('',(0.,-7.40577619095795E-15,-1.));
#6998=DIRECTION('',(-1.,0.,0.));
#6999=DIRECTION('',(0.,-0.5,0.866025403784441));
#7000=DIRECTION('',(0.,-0.866025403784442,-0.5));
#7001=DIRECTION('',(-1.,0.,0.));
#7002=DIRECTION('',(0.,0.500000000000006,0.866025403784435));
#7003=DIRECTION('',(0.,-0.866025403784435,0.500000000000006));
#7004=DIRECTION('',(-1.,0.,0.));
#7005=DIRECTION('',(0.,0.,1.));
#7006=DIRECTION('',(0.,-1.21666323137165E-14,-1.));
#7007=DIRECTION('',(0.,-0.866025403784445,-0.49999999999999));
#7008=DIRECTION('',(0.,-0.866025403784435,0.500000000000006));
#7009=DIRECTION('',(0.,1.16376483000768E-14,1.));
#7010=DIRECTION('',(0.,0.866025403784445,0.49999999999999));
#7011=DIRECTION('',(0.,0.866025403784435,-0.500000000000006));
#7012=DIRECTION('',(0.,1.,-1.21666323137165E-14));
#7013=DIRECTION('',(0.,1.21666323137165E-14,1.));
#7014=DIRECTION('',(-1.,0.,0.));
#7015=DIRECTION('',(-1.,0.,0.));
#7016=DIRECTION('',(0.,0.49999999999999,-0.866025403784445));
#7017=DIRECTION('',(0.,0.866025403784445,0.49999999999999));
#7018=DIRECTION('',(-1.,0.,0.));
#7019=DIRECTION('',(0.,-0.500000000000006,-0.866025403784435));
#7020=DIRECTION('',(0.,0.866025403784436,-0.500000000000006));
#7021=DIRECTION('',(-1.,0.,0.));
#7022=DIRECTION('',(0.,-1.,1.16376483000768E-14));
#7023=DIRECTION('',(0.,-1.16376483000768E-14,-1.));
#7024=DIRECTION('',(-1.,0.,0.));
#7025=DIRECTION('',(0.,-0.49999999999999,0.866025403784445));
#7026=DIRECTION('',(0.,-0.866025403784445,-0.49999999999999));
#7027=DIRECTION('',(-1.,0.,0.));
#7028=DIRECTION('',(0.,0.500000000000006,0.866025403784435));
#7029=DIRECTION('',(0.,-0.866025403784435,0.500000000000006));
#7030=DIRECTION('',(-0.205730406114402,-0.978608706276417,0.));
#7031=DIRECTION('',(-0.978608706276417,0.205730406114402,0.));
#7032=DIRECTION('',(-0.205730406114399,0.978608706276418,0.));
#7033=DIRECTION('',(0.978608706276418,0.205730406114399,0.));
#7034=DIRECTION('',(1.,3.76017126664827E-16,0.));
#7035=DIRECTION('',(0.,0.,-1.));
#7036=DIRECTION('',(-5.09202045082828E-30,1.35419907491799E-14,-1.));
#7037=DIRECTION('',(-3.25640383949774E-16,0.866025403784446,-0.499999999999987));
#7038=DIRECTION('',(-3.25640383949769E-16,0.866025403784434,0.500000000000008));
#7039=DIRECTION('',(5.09202045082842E-30,-1.35419907491802E-14,1.));
#7040=DIRECTION('',(3.25640383949773E-16,-0.866025403784443,0.499999999999992));
#7041=DIRECTION('',(3.25640383949769E-16,-0.866025403784433,-0.500000000000011));
#7042=DIRECTION('',(3.76017126664827E-16,-1.,-1.35419907491799E-14));
#7043=DIRECTION('',(0.,1.35419907491799E-14,-1.));
#7044=DIRECTION('',(1.,3.76017126664827E-16,0.));
#7045=DIRECTION('',(1.,3.76017126664827E-16,0.));
#7046=DIRECTION('',(1.88008563332408E-16,-0.499999999999987,-0.866025403784447));
#7047=DIRECTION('',(0.,0.866025403784447,-0.499999999999987));
#7048=DIRECTION('',(1.,3.76017126664827E-16,0.));
#7049=DIRECTION('',(-1.88008563332416E-16,0.500000000000008,-0.866025403784434));
#7050=DIRECTION('',(0.,0.866025403784434,0.500000000000008));
#7051=DIRECTION('',(1.,3.76017126664827E-16,0.));
#7052=DIRECTION('',(-3.76017126664827E-16,1.,1.35419907491802E-14));
#7053=DIRECTION('',(0.,-1.35419907491802E-14,1.));
#7054=DIRECTION('',(1.,3.76017126664827E-16,0.));
#7055=DIRECTION('',(-1.8800856333241E-16,0.499999999999992,0.866025403784443));
#7056=DIRECTION('',(0.,-0.866025403784443,0.499999999999992));
#7057=DIRECTION('',(1.,3.76017126664827E-16,0.));
#7058=DIRECTION('',(1.88008563332417E-16,-0.500000000000011,0.866025403784433));
#7059=DIRECTION('',(0.,-0.866025403784433,-0.500000000000011));
#7060=DIRECTION('',(1.,3.76017126664827E-16,0.));
#7061=DIRECTION('',(0.,0.,-1.));
#7062=DIRECTION('',(0.,0.,1.));
#7063=DIRECTION('',(3.25640383949772E-16,-0.86602540378444,0.5));
#7064=DIRECTION('',(3.25640383949772E-16,-0.86602540378444,-0.5));
#7065=DIRECTION('',(0.,0.,-1.));
#7066=DIRECTION('',(-3.25640383949771E-16,0.866025403784439,-0.5));
#7067=DIRECTION('',(-3.25640383949771E-16,0.866025403784439,0.5));
#7068=DIRECTION('',(-3.76017126664827E-16,1.,0.));
#7069=DIRECTION('',(1.,3.76017126664827E-16,0.));
#7070=DIRECTION('',(1.,3.76017126664827E-16,0.));
#7071=DIRECTION('',(1.,3.76017126664827E-16,0.));
#7072=DIRECTION('',(-1.88008563332412E-16,0.5,0.86602540378444));
#7073=DIRECTION('',(0.,-0.86602540378444,0.5));
#7074=DIRECTION('',(1.,3.76017126664827E-16,0.));
#7075=DIRECTION('',(1.88008563332412E-16,-0.5,0.86602540378444));
#7076=DIRECTION('',(0.,-0.86602540378444,-0.5));
#7077=DIRECTION('',(1.,3.76017126664827E-16,0.));
#7078=DIRECTION('',(3.76017126664827E-16,-1.,0.));
#7079=DIRECTION('',(-1.,-3.76017126664827E-16,0.));
#7080=DIRECTION('',(1.,3.76017126664827E-16,0.));
#7081=DIRECTION('',(1.88008563332413E-16,-0.5,-0.866025403784439));
#7082=DIRECTION('',(0.,0.866025403784439,-0.5));
#7083=DIRECTION('',(1.,3.76017126664827E-16,0.));
#7084=DIRECTION('',(-1.88008563332413E-16,0.5,-0.866025403784439));
#7085=DIRECTION('',(0.,0.866025403784439,0.5));
#7086=DIRECTION('',(1.,3.76017126664827E-16,0.));
#7087=DIRECTION('',(0.,0.,-1.));
#7088=DIRECTION('',(-8.91103578894962E-30,2.36984838110651E-14,1.));
#7089=DIRECTION('',(3.25640383949767E-16,-0.866025403784428,0.500000000000019));
#7090=DIRECTION('',(3.25640383949776E-16,-0.866025403784451,-0.499999999999979));
#7091=DIRECTION('',(8.27453323259573E-30,-2.20057349674167E-14,-1.));
#7092=DIRECTION('',(-3.25640383949766E-16,0.866025403784425,-0.500000000000024));
#7093=DIRECTION('',(-3.25640383949775E-16,0.866025403784449,0.499999999999982));
#7094=DIRECTION('',(-3.76017126664827E-16,1.,-2.36984838110651E-14));
#7095=DIRECTION('',(0.,2.36984838110651E-14,1.));
#7096=DIRECTION('',(1.,3.76017126664827E-16,0.));
#7097=DIRECTION('',(1.,3.76017126664827E-16,0.));
#7098=DIRECTION('',(-1.8800856333242E-16,0.500000000000019,0.866025403784428));
#7099=DIRECTION('',(0.,-0.866025403784428,0.500000000000019));
#7100=DIRECTION('',(1.,3.76017126664827E-16,0.));
#7101=DIRECTION('',(1.88008563332405E-16,-0.499999999999979,0.866025403784451));
#7102=DIRECTION('',(0.,-0.866025403784451,-0.499999999999979));
#7103=DIRECTION('',(1.,3.76017126664827E-16,0.));
#7104=DIRECTION('',(3.76017126664827E-16,-1.,2.20057349674167E-14));
#7105=DIRECTION('',(0.,-2.20057349674167E-14,-1.));
#7106=DIRECTION('',(1.,3.76017126664827E-16,0.));
#7107=DIRECTION('',(1.88008563332422E-16,-0.500000000000024,-0.866025403784425));
#7108=DIRECTION('',(0.,0.866025403784425,-0.500000000000024));
#7109=DIRECTION('',(1.,3.76017126664827E-16,0.));
#7110=DIRECTION('',(-1.88008563332406E-16,0.499999999999982,-0.866025403784449));
#7111=DIRECTION('',(0.,0.866025403784449,0.499999999999982));
#7112=DIRECTION('',(-1.,0.,0.));
#7113=DIRECTION('',(0.,0.,1.));
#7114=DIRECTION('',(0.,1.86202372801229E-14,-1.));
#7115=DIRECTION('',(0.,-0.86602540378443,-0.500000000000016));
#7116=DIRECTION('',(0.,-0.866025403784449,0.499999999999983));
#7117=DIRECTION('',(0.,-1.86202372801224E-14,1.));
#7118=DIRECTION('',(0.,0.866025403784429,0.500000000000018));
#7119=DIRECTION('',(0.,0.86602540378445,-0.499999999999981));
#7120=DIRECTION('',(0.,1.,1.86202372801229E-14));
#7121=DIRECTION('',(0.,-1.86202372801229E-14,1.));
#7122=DIRECTION('',(-1.,0.,0.));
#7123=DIRECTION('',(-1.,0.,0.));
#7124=DIRECTION('',(0.,0.500000000000016,-0.86602540378443));
#7125=DIRECTION('',(0.,0.86602540378443,0.500000000000016));
#7126=DIRECTION('',(-1.,0.,0.));
#7127=DIRECTION('',(0.,-0.499999999999983,-0.866025403784449));
#7128=DIRECTION('',(0.,0.866025403784449,-0.499999999999983));
#7129=DIRECTION('',(-1.,0.,0.));
#7130=DIRECTION('',(0.,-1.,-1.86202372801224E-14));
#7131=DIRECTION('',(0.,1.86202372801224E-14,-1.));
#7132=DIRECTION('',(-1.,0.,0.));
#7133=DIRECTION('',(0.,-0.500000000000018,0.866025403784429));
#7134=DIRECTION('',(0.,-0.866025403784429,-0.500000000000018));
#7135=DIRECTION('',(-1.,0.,0.));
#7136=DIRECTION('',(0.,0.499999999999981,0.86602540378445));
#7137=DIRECTION('',(0.,-0.86602540378445,0.499999999999981));
#7138=DIRECTION('',(-1.,0.,0.));
#7139=DIRECTION('',(0.,0.,1.));
#7140=DIRECTION('',(0.,-3.38549768729502E-15,-1.));
#7141=DIRECTION('',(0.,-0.86602540378444,-0.5));
#7142=DIRECTION('',(0.,-0.866025403784437,0.5));
#7143=DIRECTION('',(0.,3.38549768729497E-15,1.));
#7144=DIRECTION('',(0.,0.86602540378444,0.5));
#7145=DIRECTION('',(0.,0.866025403784438,-0.5));
#7146=DIRECTION('',(0.,1.,-3.38549768729502E-15));
#7147=DIRECTION('',(0.,3.38549768729502E-15,1.));
#7148=DIRECTION('',(-1.,0.,0.));
#7149=DIRECTION('',(-1.,0.,0.));
#7150=DIRECTION('',(0.,0.5,-0.86602540378444));
#7151=DIRECTION('',(0.,0.86602540378444,0.5));
#7152=DIRECTION('',(-1.,0.,0.));
#7153=DIRECTION('',(0.,-0.5,-0.866025403784437));
#7154=DIRECTION('',(0.,0.866025403784437,-0.5));
#7155=DIRECTION('',(-1.,0.,0.));
#7156=DIRECTION('',(0.,-1.,3.38549768729497E-15));
#7157=DIRECTION('',(0.,-3.38549768729497E-15,-1.));
#7158=DIRECTION('',(-1.,0.,0.));
#7159=DIRECTION('',(0.,-0.5,0.86602540378444));
#7160=DIRECTION('',(0.,-0.86602540378444,-0.5));
#7161=DIRECTION('',(-1.,0.,0.));
#7162=DIRECTION('',(0.,0.5,0.866025403784438));
#7163=DIRECTION('',(0.,-0.866025403784438,0.5));
#7164=DIRECTION('',(-1.,0.,0.));
#7165=DIRECTION('',(0.,0.,1.));
#7166=DIRECTION('',(0.,0.,-1.));
#7167=DIRECTION('',(0.,-0.866025403784439,-0.5));
#7168=DIRECTION('',(0.,-0.86602540378444,0.5));
#7169=DIRECTION('',(0.,-8.46374421823765E-16,1.));
#7170=DIRECTION('',(0.,0.866025403784439,0.5));
#7171=DIRECTION('',(0.,0.86602540378444,-0.5));
#7172=DIRECTION('',(0.,1.,0.));
#7173=DIRECTION('',(1.,0.,0.));
#7174=DIRECTION('',(-1.,0.,0.));
#7175=DIRECTION('',(-1.,0.,0.));
#7176=DIRECTION('',(0.,0.5,-0.866025403784439));
#7177=DIRECTION('',(0.,0.866025403784439,0.5));
#7178=DIRECTION('',(-1.,0.,0.));
#7179=DIRECTION('',(0.,-0.5,-0.86602540378444));
#7180=DIRECTION('',(0.,0.86602540378444,-0.5));
#7181=DIRECTION('',(-1.,0.,0.));
#7182=DIRECTION('',(0.,-1.,-8.46374421823765E-16));
#7183=DIRECTION('',(0.,8.46374421823765E-16,-1.));
#7184=DIRECTION('',(-1.,0.,0.));
#7185=DIRECTION('',(0.,-0.5,0.866025403784439));
#7186=DIRECTION('',(0.,-0.866025403784439,-0.5));
#7187=DIRECTION('',(-1.,0.,0.));
#7188=DIRECTION('',(0.,0.5,0.86602540378444));
#7189=DIRECTION('',(0.,-0.86602540378444,0.5));
#7190=DIRECTION('',(-1.,-3.27227672162693E-16,0.));
#7191=DIRECTION('',(0.,0.,1.));
#7192=DIRECTION('',(-2.16026562828517E-28,6.60172049022528E-13,-1.));
#7193=DIRECTION('',(2.8338747691403E-16,-0.866025403784109,-0.50000000000057));
#7194=DIRECTION('',(2.83387476914246E-16,-0.86602540378477,0.499999999999427));
#7195=DIRECTION('',(2.16303519960351E-28,-6.61018423444361E-13,1.));
#7196=DIRECTION('',(-2.8338747691403E-16,0.866025403784109,0.50000000000057));
#7197=DIRECTION('',(-2.83387476914246E-16,0.866025403784771,-0.499999999999424));
#7198=DIRECTION('',(-3.27227672162693E-16,1.,6.60172049022528E-13));
#7199=DIRECTION('',(0.,-6.60172049022528E-13,1.));
#7200=DIRECTION('',(-1.,-3.27227672162693E-16,0.));
#7201=DIRECTION('',(-1.,-3.27227672162693E-16,0.));
#7202=DIRECTION('',(-1.63613836081533E-16,0.50000000000057,-0.866025403784109));
#7203=DIRECTION('',(0.,0.866025403784109,0.50000000000057));
#7204=DIRECTION('',(-1.,-3.27227672162693E-16,0.));
#7205=DIRECTION('',(1.63613836081158E-16,-0.499999999999427,-0.86602540378477));
#7206=DIRECTION('',(0.,0.86602540378477,-0.499999999999427));
#7207=DIRECTION('',(-1.,-3.27227672162693E-16,0.));
#7208=DIRECTION('',(3.27227672162693E-16,-1.,-6.61018423444361E-13));
#7209=DIRECTION('',(0.,6.61018423444361E-13,-1.));
#7210=DIRECTION('',(-1.,-3.27227672162693E-16,0.));
#7211=DIRECTION('',(1.63613836081533E-16,-0.50000000000057,0.866025403784109));
#7212=DIRECTION('',(0.,-0.866025403784109,-0.50000000000057));
#7213=DIRECTION('',(-1.,-3.27227672162693E-16,0.));
#7214=DIRECTION('',(-1.63613836081158E-16,0.499999999999424,0.866025403784771));
#7215=DIRECTION('',(0.,-0.866025403784771,0.499999999999424));
#7216=DIRECTION('',(-1.,-3.27227672162693E-16,0.));
#7217=DIRECTION('',(0.,0.,1.));
#7218=DIRECTION('',(-7.06240686170142E-29,2.15825477565055E-13,-1.));
#7219=DIRECTION('',(2.83387476914102E-16,-0.866025403784331,-0.500000000000187));
#7220=DIRECTION('',(2.83387476914173E-16,-0.866025403784547,0.499999999999813));
#7221=DIRECTION('',(7.06240686170151E-29,-2.15825477565057E-13,1.));
#7222=DIRECTION('',(-2.83387476914102E-16,0.866025403784331,0.500000000000187));
#7223=DIRECTION('',(-2.83387476914173E-16,0.866025403784547,-0.499999999999813));
#7224=DIRECTION('',(-3.27227672162693E-16,1.,2.15825477565055E-13));
#7225=DIRECTION('',(0.,-2.15825477565055E-13,1.));
#7226=DIRECTION('',(-1.,-3.27227672162693E-16,0.));
#7227=DIRECTION('',(-1.,-3.27227672162693E-16,0.));
#7228=DIRECTION('',(-1.63613836081407E-16,0.500000000000187,-0.866025403784331));
#7229=DIRECTION('',(0.,0.866025403784331,0.500000000000187));
#7230=DIRECTION('',(-1.,-3.27227672162693E-16,0.));
#7231=DIRECTION('',(1.63613836081285E-16,-0.499999999999813,-0.866025403784547));
#7232=DIRECTION('',(0.,0.866025403784547,-0.499999999999813));
#7233=DIRECTION('',(-1.,-3.27227672162693E-16,0.));
#7234=DIRECTION('',(3.27227672162693E-16,-1.,-2.15825477565058E-13));
#7235=DIRECTION('',(0.,2.15825477565058E-13,-1.));
#7236=DIRECTION('',(-1.,-3.27227672162693E-16,0.));
#7237=DIRECTION('',(1.63613836081407E-16,-0.500000000000187,0.866025403784331));
#7238=DIRECTION('',(0.,-0.866025403784331,-0.500000000000187));
#7239=DIRECTION('',(-1.,-3.27227672162693E-16,0.));
#7240=DIRECTION('',(-1.63613836081285E-16,0.499999999999813,0.866025403784547));
#7241=DIRECTION('',(0.,-0.866025403784547,0.499999999999813));
#7242=DIRECTION('',(-1.,-3.27227672162693E-16,0.));
#7243=DIRECTION('',(0.,0.,1.));
#7244=DIRECTION('',(-1.15214166841876E-28,3.52091759478681E-13,-1.));
#7245=DIRECTION('',(2.8338747691408E-16,-0.866025403784263,-0.500000000000305));
#7246=DIRECTION('',(2.83387476914196E-16,-0.866025403784615,0.499999999999695));
#7247=DIRECTION('',(1.15214166841878E-28,-3.52091759478689E-13,1.));
#7248=DIRECTION('',(-2.8338747691408E-16,0.866025403784264,0.500000000000303));
#7249=DIRECTION('',(-2.83387476914196E-16,0.866025403784615,-0.499999999999694));
#7250=DIRECTION('',(-3.27227672162693E-16,1.,3.52091759478681E-13));
#7251=DIRECTION('',(0.,-3.52091759478681E-13,1.));
#7252=DIRECTION('',(-1.,-3.27227672162693E-16,0.));
#7253=DIRECTION('',(-1.,-3.27227672162693E-16,0.));
#7254=DIRECTION('',(-1.63613836081446E-16,0.500000000000305,-0.866025403784262));
#7255=DIRECTION('',(0.,0.866025403784263,0.500000000000305));
#7256=DIRECTION('',(-1.,-3.27227672162693E-16,0.));
#7257=DIRECTION('',(1.63613836081246E-16,-0.499999999999695,-0.866025403784615));
#7258=DIRECTION('',(0.,0.866025403784615,-0.499999999999695));
#7259=DIRECTION('',(-1.,-3.27227672162693E-16,0.));
#7260=DIRECTION('',(3.27227672162693E-16,-1.,-3.52091759478689E-13));
#7261=DIRECTION('',(0.,3.52091759478689E-13,-1.));
#7262=DIRECTION('',(-1.,-3.27227672162693E-16,0.));
#7263=DIRECTION('',(1.63613836081445E-16,-0.500000000000303,0.866025403784264));
#7264=DIRECTION('',(0.,-0.866025403784264,-0.500000000000303));
#7265=DIRECTION('',(-1.,-3.27227672162693E-16,0.));
#7266=DIRECTION('',(-1.63613836081246E-16,0.499999999999694,0.866025403784616));
#7267=DIRECTION('',(0.,-0.866025403784616,0.499999999999694));
#7268=DIRECTION('',(-1.,-3.27227672162693E-16,0.));
#7269=DIRECTION('',(0.,0.,1.));
#7270=DIRECTION('',(2.83387476914228E-16,-0.866025403784715,-0.499999999999522));
#7271=DIRECTION('',(2.83387476914047E-16,-0.866025403784163,0.500000000000478));
#7272=DIRECTION('',(-1.80299092822262E-28,5.50989748607264E-13,1.));
#7273=DIRECTION('',(-2.83387476914228E-16,0.866025403784714,0.499999999999524));
#7274=DIRECTION('',(-2.83387476914047E-16,0.866025403784162,-0.500000000000479));
#7275=DIRECTION('',(1.80299092822265E-28,-5.50989748607271E-13,-1.));
#7276=DIRECTION('',(-1.6361383608119E-16,0.499999999999522,-0.866025403784715));
#7277=DIRECTION('',(0.,0.866025403784715,0.499999999999522));
#7278=DIRECTION('',(-1.,-3.27227672162693E-16,0.));
#7279=DIRECTION('',(-1.,-3.27227672162693E-16,0.));
#7280=DIRECTION('',(1.63613836081502E-16,-0.500000000000478,-0.866025403784163));
#7281=DIRECTION('',(0.,0.866025403784163,-0.500000000000478));
#7282=DIRECTION('',(-1.,-3.27227672162693E-16,0.));
#7283=DIRECTION('',(3.27227672162693E-16,-1.,5.50989748607264E-13));
#7284=DIRECTION('',(0.,-5.50989748607264E-13,-1.));
#7285=DIRECTION('',(-1.,-3.27227672162693E-16,0.));
#7286=DIRECTION('',(1.6361383608119E-16,-0.499999999999524,0.866025403784713));
#7287=DIRECTION('',(0.,-0.866025403784714,-0.499999999999524));
#7288=DIRECTION('',(-1.,-3.27227672162693E-16,0.));
#7289=DIRECTION('',(-1.63613836081503E-16,0.500000000000479,0.866025403784162));
#7290=DIRECTION('',(0.,-0.866025403784162,0.500000000000479));
#7291=DIRECTION('',(-1.,-3.27227672162693E-16,0.));
#7292=DIRECTION('',(-3.27227672162693E-16,1.,-5.50989748607271E-13));
#7293=DIRECTION('',(0.,5.50989748607271E-13,1.));
#7294=DIRECTION('',(0.205730406114399,0.978608706276418,0.));
#7295=DIRECTION('',(0.978608706276418,-0.205730406114399,0.));
#7296=DIRECTION('',(0.8475,-0.17816775802596,-0.49999999999999));
#7297=DIRECTION('',(6.48441299536063E-15,-1.36320156400919E-15,-1.));
#7298=DIRECTION('',(-0.8475,0.178167758025958,-0.5));
#7299=DIRECTION('',(-0.847500000000009,0.17816775802596,0.499999999999988));
#7300=DIRECTION('',(-6.48441299536063E-15,1.36320156400919E-15,1.));
#7301=DIRECTION('',(0.8475,-0.178167758025957,0.500000000000012));
#7302=DIRECTION('',(0.489304353138199,-0.102865203057197,0.866025403784445));
#7303=DIRECTION('',(0.870643904056751,0.,-0.491913805792051));
#7304=DIRECTION('',(0.205730406114399,0.978608706276418,0.));
#7305=DIRECTION('',(0.205730406114399,0.978608706276418,0.));
#7306=DIRECTION('',(0.978608706276418,-0.205730406114399,6.62615502373125E-15));
#7307=DIRECTION('',(-0.205730406114399,-0.978608706276418,0.));
#7308=DIRECTION('',(0.205730406114399,0.978608706276418,0.));
#7309=DIRECTION('',(0.489304353138214,-0.1028652030572,-0.866025403784436));
#7310=DIRECTION('',(-0.870643904056742,0.,-0.491913805792066));
#7311=DIRECTION('',(0.205730406114399,0.978608706276418,0.));
#7312=DIRECTION('',(-0.489304353138197,0.102865203057197,-0.866025403784446));
#7313=DIRECTION('',(-0.870643904056751,0.,0.49191380579205));
#7314=DIRECTION('',(0.205730406114399,0.978608706276418,0.));
#7315=DIRECTION('',(-0.978608706276418,0.205730406114399,-6.62615502373125E-15));
#7316=DIRECTION('',(0.205730406114399,0.978608706276418,0.));
#7317=DIRECTION('',(0.205730406114399,0.978608706276418,0.));
#7318=DIRECTION('',(-0.48930435313822,0.102865203057202,0.866025403784432));
#7319=DIRECTION('',(0.870643904056738,0.,0.491913805792073));
#7320=DIRECTION('',(0.205730406114399,0.978608706276418,0.));
#7321=DIRECTION('',(0.978608706276418,-0.205730406114399,0.));
#7322=DIRECTION('',(0.847500000000009,-0.17816775802596,-0.499999999999988));
#7323=DIRECTION('',(1.52715300215659E-14,-3.21049470863541E-15,-1.));
#7324=DIRECTION('',(-0.8475,0.178167758025957,-0.500000000000013));
#7325=DIRECTION('',(-0.84750000000001,0.17816775802596,0.499999999999987));
#7326=DIRECTION('',(-1.52715300215659E-14,3.21049470863541E-15,1.));
#7327=DIRECTION('',(0.8475,-0.178167758025957,0.500000000000014));
#7328=DIRECTION('',(0.489304353138197,-0.102865203057197,0.866025403784446));
#7329=DIRECTION('',(0.870643904056751,0.,-0.49191380579205));
#7330=DIRECTION('',(0.205730406114399,0.978608706276418,0.));
#7331=DIRECTION('',(0.205730406114399,0.978608706276418,0.));
#7332=DIRECTION('',(0.978608706276418,-0.205730406114399,1.56053486175018E-14));
#7333=DIRECTION('',(-0.205730406114399,-0.978608706276418,0.));
#7334=DIRECTION('',(0.205730406114399,0.978608706276418,0.));
#7335=DIRECTION('',(0.489304353138222,-0.102865203057202,-0.866025403784431));
#7336=DIRECTION('',(-0.870643904056737,0.,-0.491913805792075));
#7337=DIRECTION('',(0.205730406114399,0.978608706276418,0.));
#7338=DIRECTION('',(-0.489304353138196,0.102865203057196,-0.866025403784447));
#7339=DIRECTION('',(-0.870643904056752,0.,0.491913805792048));
#7340=DIRECTION('',(0.205730406114399,0.978608706276418,0.));
#7341=DIRECTION('',(-0.978608706276418,0.205730406114399,-1.56053486175018E-14));
#7342=DIRECTION('',(0.205730406114399,0.978608706276418,0.));
#7343=DIRECTION('',(0.205730406114399,0.978608706276418,0.));
#7344=DIRECTION('',(-0.489304353138222,0.102865203057202,0.866025403784431));
#7345=DIRECTION('',(0.870643904056737,0.,0.491913805792075));
#7346=DIRECTION('',(-0.205730406114402,0.978608706276417,0.));
#7347=DIRECTION('',(0.978608706276417,0.205730406114402,0.));
#7348=DIRECTION('',(-0.8475,-0.178167758025962,0.499999999999993));
#7349=DIRECTION('',(-7.16601377736513E-15,-1.50649275362394E-15,1.));
#7350=DIRECTION('',(0.8475,0.178167758025961,0.500000000000008));
#7351=DIRECTION('',(0.8475,0.178167758025962,-0.499999999999993));
#7352=DIRECTION('',(7.16601377736513E-15,1.50649275362394E-15,-1.));
#7353=DIRECTION('',(-0.8475,-0.17816775802596,-0.500000000000008));
#7354=DIRECTION('',(-0.489304353138202,-0.102865203057199,-0.866025403784443));
#7355=DIRECTION('',(-0.870643904056749,0.,0.491913805792054));
#7356=DIRECTION('',(-0.205730406114402,0.978608706276417,0.));
#7357=DIRECTION('',(-0.205730406114402,0.978608706276417,0.));
#7358=DIRECTION('',(-0.978608706276417,-0.205730406114402,-7.32265483783773E-15));
#7359=DIRECTION('',(-0.205730406114402,0.978608706276417,0.));
#7360=DIRECTION('',(-0.205730406114402,0.978608706276417,0.));
#7361=DIRECTION('',(-0.489304353138216,-0.102865203057202,0.866025403784434));
#7362=DIRECTION('',(0.87064390405674,0.,0.491913805792069));
#7363=DIRECTION('',(-0.205730406114402,0.978608706276417,0.));
#7364=DIRECTION('',(0.489304353138202,0.102865203057199,0.866025403784443));
#7365=DIRECTION('',(0.870643904056749,0.,-0.491913805792054));
#7366=DIRECTION('',(-0.205730406114402,0.978608706276417,0.));
#7367=DIRECTION('',(0.978608706276417,0.205730406114402,7.32265483783773E-15));
#7368=DIRECTION('',(0.205730406114402,-0.978608706276417,0.));
#7369=DIRECTION('',(-0.205730406114402,0.978608706276417,0.));
#7370=DIRECTION('',(0.489304353138217,0.102865203057202,-0.866025403784434));
#7371=DIRECTION('',(-0.87064390405674,0.,-0.49191380579207));
#7372=DIRECTION('',(-0.205730406114402,0.978608706276417,0.));
#7373=DIRECTION('',(0.978608706276417,0.205730406114402,0.));
#7374=DIRECTION('',(0.8475,0.178167758025963,-0.499999999999988));
#7375=DIRECTION('',(1.3650426772726E-14,2.86969431763322E-15,-1.));
#7376=DIRECTION('',(-0.8475,-0.17816775802596,-0.500000000000011));
#7377=DIRECTION('',(-0.8475,-0.178167758025962,0.499999999999992));
#7378=DIRECTION('',(-1.3650426772726E-14,-2.86969431763322E-15,1.));
#7379=DIRECTION('',(0.8475,0.17816775802596,0.500000000000014));
#7380=DIRECTION('',(0.489304353138197,0.102865203057198,0.866025403784446));
#7381=DIRECTION('',(0.870643904056751,0.,-0.49191380579205));
#7382=DIRECTION('',(-0.205730406114402,0.978608706276417,0.));
#7383=DIRECTION('',(-0.205730406114402,0.978608706276417,0.));
#7384=DIRECTION('',(0.978608706276417,0.205730406114402,1.39488098615693E-14));
#7385=DIRECTION('',(0.205730406114402,-0.978608706276417,0.));
#7386=DIRECTION('',(-0.205730406114402,0.978608706276417,0.));
#7387=DIRECTION('',(0.48930435313822,0.102865203057203,-0.866025403784432));
#7388=DIRECTION('',(-0.870643904056738,0.,-0.491913805792073));
#7389=DIRECTION('',(-0.205730406114402,0.978608706276417,0.));
#7390=DIRECTION('',(-0.489304353138201,-0.102865203057199,-0.866025403784444));
#7391=DIRECTION('',(-0.870643904056749,0.,0.491913805792053));
#7392=DIRECTION('',(-0.205730406114402,0.978608706276417,0.));
#7393=DIRECTION('',(-0.978608706276417,-0.205730406114402,-1.39488098615693E-14));
#7394=DIRECTION('',(-0.205730406114402,0.978608706276417,0.));
#7395=DIRECTION('',(-0.205730406114402,0.978608706276417,0.));
#7396=DIRECTION('',(-0.489304353138223,-0.102865203057204,0.866025403784431));
#7397=DIRECTION('',(0.870643904056736,0.,0.491913805792076));
#7398=DIRECTION('',(1.,3.76017126664827E-16,0.));
#7399=DIRECTION('',(0.,0.,-1.));
#7400=DIRECTION('',(-3.25640383949769E-16,0.866025403784435,0.500000000000007));
#7401=DIRECTION('',(2.86426150359091E-30,-7.61736979641368E-15,1.));
#7402=DIRECTION('',(3.25640383949772E-16,-0.866025403784443,0.499999999999993));
#7403=DIRECTION('',(3.25640383949769E-16,-0.866025403784435,-0.500000000000007));
#7404=DIRECTION('',(-2.86426150359095E-30,7.61736979641379E-15,-1.));
#7405=DIRECTION('',(-3.25640383949772E-16,0.866025403784442,-0.499999999999994));
#7406=DIRECTION('',(-1.88008563332416E-16,0.500000000000007,-0.866025403784435));
#7407=DIRECTION('',(0.,0.866025403784435,0.500000000000007));
#7408=DIRECTION('',(1.,3.76017126664827E-16,0.));
#7409=DIRECTION('',(1.,3.76017126664827E-16,0.));
#7410=DIRECTION('',(-3.76017126664827E-16,1.,7.61736979641368E-15));
#7411=DIRECTION('',(0.,-7.61736979641368E-15,1.));
#7412=DIRECTION('',(1.,3.76017126664827E-16,0.));
#7413=DIRECTION('',(-1.88008563332411E-16,0.499999999999993,0.866025403784443));
#7414=DIRECTION('',(0.,-0.866025403784443,0.499999999999993));
#7415=DIRECTION('',(1.,3.76017126664827E-16,0.));
#7416=DIRECTION('',(1.88008563332416E-16,-0.500000000000007,0.866025403784435));
#7417=DIRECTION('',(0.,-0.866025403784435,-0.500000000000007));
#7418=DIRECTION('',(1.,3.76017126664827E-16,0.));
#7419=DIRECTION('',(3.76017126664827E-16,-1.,-7.61736979641379E-15));
#7420=DIRECTION('',(0.,7.61736979641379E-15,-1.));
#7421=DIRECTION('',(1.,3.76017126664827E-16,0.));
#7422=DIRECTION('',(1.88008563332411E-16,-0.499999999999994,-0.866025403784442));
#7423=DIRECTION('',(0.,0.866025403784443,-0.499999999999994));
#7424=DIRECTION('',(-1.,0.,0.));
#7425=DIRECTION('',(0.,0.,1.));
#7426=DIRECTION('',(0.,0.866025403784445,-0.499999999999989));
#7427=DIRECTION('',(0.,1.35419907491801E-14,-1.));
#7428=DIRECTION('',(0.,-0.866025403784432,-0.500000000000012));
#7429=DIRECTION('',(0.,-0.866025403784447,0.499999999999986));
#7430=DIRECTION('',(0.,-1.33303971437241E-14,1.));
#7431=DIRECTION('',(0.,0.866025403784432,0.500000000000012));
#7432=DIRECTION('',(0.,0.499999999999989,0.866025403784445));
#7433=DIRECTION('',(0.,-0.866025403784445,0.499999999999989));
#7434=DIRECTION('',(-1.,0.,0.));
#7435=DIRECTION('',(-1.,0.,0.));
#7436=DIRECTION('',(0.,1.,1.35419907491801E-14));
#7437=DIRECTION('',(0.,-1.35419907491801E-14,1.));
#7438=DIRECTION('',(-1.,0.,0.));
#7439=DIRECTION('',(0.,0.500000000000012,-0.866025403784432));
#7440=DIRECTION('',(0.,0.866025403784432,0.500000000000012));
#7441=DIRECTION('',(-1.,0.,0.));
#7442=DIRECTION('',(0.,-0.499999999999986,-0.866025403784447));
#7443=DIRECTION('',(0.,0.866025403784447,-0.499999999999986));
#7444=DIRECTION('',(-1.,0.,0.));
#7445=DIRECTION('',(0.,-1.,-1.33303971437241E-14));
#7446=DIRECTION('',(0.,1.33303971437241E-14,-1.));
#7447=DIRECTION('',(-1.,0.,0.));
#7448=DIRECTION('',(0.,-0.500000000000012,0.866025403784432));
#7449=DIRECTION('',(0.,-0.866025403784432,-0.500000000000012));
#7450=DIRECTION('',(1.,0.,4.37036974178083E-16));
#7451=DIRECTION('',(4.37036974178083E-16,0.,-1.));
#7452=DIRECTION('',(4.37036974178083E-16,-1.35295877672161E-28,-1.));
#7453=DIRECTION('',(-9.48098227690168E-16,1.,-1.35295877672161E-28));
#7454=DIRECTION('',(1.,9.48098227690168E-16,0.));
#7455=DIRECTION('',(6.43569058720773E-28,-1.35295877672161E-28,-1.));
#7456=DIRECTION('',(6.43569058720773E-28,-1.35295877672161E-28,-1.));
#7457=DIRECTION('',(-1.,-9.48098227690168E-16,8.48025473112621E-30));
#7458=DIRECTION('',(8.48025473112608E-30,1.35295877672161E-28,1.));
#7459=DIRECTION('',(-1.,-9.48098227690168E-16,8.48025473112621E-30));
#7460=DIRECTION('',(8.48025473112608E-30,1.35295877672161E-28,1.));
#7461=DIRECTION('',(1.,-1.1473435067312E-57,-8.48025473112608E-30));
#7462=DIRECTION('',(-9.91270557701033E-16,1.,-1.35295877672161E-28));
#7463=DIRECTION('',(8.48025473112608E-30,1.35295877672161E-28,1.));
#7464=DIRECTION('',(1.,-1.1473435067312E-57,-8.48025473112608E-30));
#7465=DIRECTION('',(-9.91270557701033E-16,1.,-1.35295877672161E-28));
#7466=DIRECTION('',(1.,9.91270557701033E-16,-8.48025473112622E-30));
#7467=DIRECTION('',(9.91270557701033E-16,-1.,0.));
#7468=DIRECTION('',(0.,-1.,1.35295877672161E-28));
#7469=DIRECTION('',(0.,-1.35295877672161E-28,-1.));
#7470=DIRECTION('',(8.48025473112608E-30,1.35295877672161E-28,1.));
#7471=DIRECTION('',(8.48025473112608E-30,1.35295877672161E-28,1.));
#7472=DIRECTION('',(8.48025473112608E-30,1.35295877672161E-28,1.));
#7473=DIRECTION('',(-9.48098227690168E-16,1.,-1.35295877672161E-28));
#7474=DIRECTION('',(1.,9.48098227690168E-16,0.));
#7475=DIRECTION('',(-1.,-9.48098227690168E-16,8.48025473112621E-30));
#7476=DIRECTION('',(-6.43569058720769E-28,-1.35295877672162E-28,-1.));
#7477=DIRECTION('',(-9.48098227690168E-16,1.,-1.35295877672161E-28));
#7478=DIRECTION('',(1.,9.48098227690168E-16,0.));
#7479=DIRECTION('',(-1.,-9.48098227690168E-16,8.48025473112621E-30));
#7480=DIRECTION('',(-6.43569058720769E-28,-1.35295877672162E-28,-1.));
#7481=DIRECTION('',(-9.48098227690168E-16,1.,-1.35295877672161E-28));
#7482=DIRECTION('',(1.,9.48098227690168E-16,0.));
#7483=DIRECTION('',(-1.,-9.48098227690168E-16,8.48025473112621E-30));
#7484=DIRECTION('',(8.48025473112608E-30,1.35295877672161E-28,1.));
#7485=DIRECTION('',(-1.,-9.48098227690168E-16,8.48025473112621E-30));
#7486=DIRECTION('',(-1.,-9.91270557701036E-16,8.48025473112622E-30));
#7487=DIRECTION('',(-9.91270557701036E-16,1.,0.));
#7488=DIRECTION('',(9.91270557701036E-16,-1.,1.35295877672161E-28));
#7489=DIRECTION('',(9.91270557701036E-16,-1.,1.35295877672161E-28));
#7490=DIRECTION('',(8.48025473112608E-30,1.35295877672161E-28,1.));
#7491=DIRECTION('',(1.,-1.1473435067312E-57,-8.48025473112608E-30));
#7492=DIRECTION('',(8.48025473112608E-30,1.35295877672161E-28,1.));
#7493=DIRECTION('',(1.,-1.1473435067312E-57,-8.48025473112608E-30));
#7494=DIRECTION('',(1.,9.48098227690168E-16,6.43569058720773E-28));
#7495=DIRECTION('',(9.48098227690168E-16,-1.,0.));
#7496=DIRECTION('',(6.43569058720773E-28,-1.35295877672161E-28,-1.));
#7497=DIRECTION('',(-9.48098227690168E-16,1.,-1.35295877672161E-28));
#7498=DIRECTION('',(1.,9.48098227690168E-16,-1.28273781834762E-43));
#7499=DIRECTION('',(1.,9.48098227690168E-16,8.89002311544249E-15));
#7500=DIRECTION('',(8.89002311544249E-15,0.,-1.));
#7501=DIRECTION('',(8.89002311544249E-15,-1.26867262512286E-28,-1.));
#7502=DIRECTION('',(-9.48098227690168E-16,1.,-1.35295877672161E-28));
#7503=DIRECTION('',(1.,9.48098227690168E-16,-1.28273781834762E-43));
#7504=DIRECTION('',(-1.25192895493478E-43,1.35295877672161E-28,1.));
#7505=DIRECTION('',(0.,-1.,1.35295877672161E-28));
#7506=DIRECTION('',(-9.48098227690168E-16,1.,-1.35295877672161E-28));
#7507=DIRECTION('',(1.,9.48098227690168E-16,-3.0808863412844E-45));
#7508=DIRECTION('',(-9.48098227690168E-16,1.,-1.35295877672161E-28));
#7509=DIRECTION('',(-1.,-9.48098227690168E-16,-2.59292303244214E-59));
#7510=DIRECTION('',(-9.48098227690168E-16,1.,0.));
#7511=DIRECTION('',(-1.28273781834762E-43,1.35295877672161E-28,1.));
#7512=DIRECTION('',(-1.,-9.48098227690168E-16,-2.59292303244214E-59));
#7513=DIRECTION('',(-9.48098227690168E-16,1.,0.));
#7514=DIRECTION('',(-1.28273781834762E-43,1.35295877672161E-28,1.));
#7515=DIRECTION('',(-9.48098227690168E-16,1.,-1.35295877672161E-28));
#7516=DIRECTION('',(1.,9.48098227690168E-16,-1.28273781834762E-43));
#7517=DIRECTION('',(1.,9.48098227690168E-16,-6.40408228220289E-14));
#7518=DIRECTION('',(-6.40408228220289E-14,0.,-1.));
#7519=DIRECTION('',(9.48098227690168E-16,-1.,1.35295877672161E-28));
#7520=DIRECTION('',(6.40408228220289E-14,1.96012868289547E-28,1.));
#7521=DIRECTION('',(1.56325872714936E-43,-1.35295877672161E-28,-1.));
#7522=DIRECTION('',(0.,1.,-1.35295877672161E-28));
#7523=DIRECTION('',(9.48098227690168E-16,-1.,1.35295877672161E-28));
#7524=DIRECTION('',(1.,9.48098227690168E-16,2.80520908801739E-44));
#7525=DIRECTION('',(-9.48098227690168E-16,1.,-1.35295877672161E-28));
#7526=DIRECTION('',(1.,9.48098227690168E-16,-1.28273781834762E-43));
#7527=DIRECTION('',(-1.,-9.48098227690168E-16,-6.43569058720773E-28));
#7528=DIRECTION('',(-9.48098227690168E-16,1.,0.));
#7529=DIRECTION('',(6.43569058720773E-28,-1.35295877672161E-28,-1.));
#7530=DIRECTION('',(9.48098227690168E-16,-1.,1.35295877672161E-28));
#7531=DIRECTION('',(-9.48098227690168E-16,1.,-1.35295877672161E-28));
#7532=DIRECTION('',(1.,9.48098227690168E-16,-1.28273781834762E-43));
#7533=DIRECTION('',(-1.,-9.48098227690168E-16,-2.80520912430252E-44));
#7534=DIRECTION('',(-1.56325873077787E-43,1.35295877672161E-28,1.));
#7535=DIRECTION('',(0.,-1.,1.35295877672161E-28));
#7536=DIRECTION('',(9.48098227690168E-16,-1.,1.35295877672161E-28));
#7537=DIRECTION('',(1.,9.48098227690168E-16,0.));
#7538=DIRECTION('',(9.48098227690168E-16,-1.,0.));
#7539=DIRECTION('',(9.48098227690168E-16,-1.,1.35295877672161E-28));
#7540=DIRECTION('',(-1.28273781834762E-43,1.35295877672161E-28,1.));
#7541=DIRECTION('',(-1.,-9.48098227690168E-16,0.));
#7542=DIRECTION('',(-9.48098227690168E-16,1.,0.));
#7543=DIRECTION('',(9.48098227690168E-16,-1.,1.35295877672161E-28));
#7544=DIRECTION('',(1.28273781834762E-43,-1.35295877672161E-28,-1.));
#7545=DIRECTION('',(-1.43077594849689E-43,1.35295877672161E-28,1.));
#7546=DIRECTION('',(0.,-1.,1.35295877672161E-28));
#7547=DIRECTION('',(-1.,-9.48098227690168E-16,-1.48038130149267E-44));
#7548=DIRECTION('',(-9.48098227690168E-16,1.,-1.35295877672161E-28));
#7549=DIRECTION('',(1.,9.48098227690168E-16,-1.28273781834762E-43));
#7550=DIRECTION('',(-0.48930435313822,-0.102865203057203,0.866025403784432));
#7551=DIRECTION('',(0.870643904056738,0.,0.491913805792073));
#7552=DIRECTION('',(0.205730406114402,-0.978608706276417,0.));
#7553=DIRECTION('',(-0.8475,-0.17816775802596,-0.500000000000011));
#7554=DIRECTION('',(0.205730406114402,-0.978608706276417,0.));
#7555=DIRECTION('',(-0.978608706276417,-0.205730406114402,-1.39488098615689E-14));
#7556=DIRECTION('',(-0.205730406114402,0.978608706276417,0.));
#7557=DIRECTION('',(0.205730406114402,-0.978608706276417,0.));
#7558=DIRECTION('',(1.36504267727257E-14,2.86969431763314E-15,-1.));
#7559=DIRECTION('',(-0.489304353138197,-0.102865203057198,-0.866025403784446));
#7560=DIRECTION('',(-0.870643904056751,0.,0.49191380579205));
#7561=DIRECTION('',(0.205730406114402,-0.978608706276417,0.));
#7562=DIRECTION('',(0.8475,0.178167758025963,-0.499999999999988));
#7563=DIRECTION('',(0.48930435313822,0.102865203057203,-0.866025403784432));
#7564=DIRECTION('',(-0.870643904056738,0.,-0.491913805792073));
#7565=DIRECTION('',(0.205730406114402,-0.978608706276417,0.));
#7566=DIRECTION('',(0.8475,0.17816775802596,0.500000000000012));
#7567=DIRECTION('',(0.978608706276417,0.205730406114402,1.39488098615689E-14));
#7568=DIRECTION('',(0.205730406114402,-0.978608706276417,0.));
#7569=DIRECTION('',(0.205730406114402,-0.978608706276417,0.));
#7570=DIRECTION('',(-1.36504267727257E-14,-2.86969431763314E-15,1.));
#7571=DIRECTION('',(0.489304353138193,0.102865203057198,0.866025403784448));
#7572=DIRECTION('',(0.870643904056754,0.,-0.491913805792046));
#7573=DIRECTION('',(-0.847500000000011,-0.178167758025963,0.499999999999984));
#7574=DIRECTION('',(0.205730406114402,-0.978608706276417,0.));
#7575=DIRECTION('',(0.978608706276417,0.205730406114402,0.));
#7576=DIRECTION('',(0.978608706276417,0.205730406114402,-1.22922711056361E-14));
#7577=DIRECTION('',(0.205730406114402,-0.978608706276417,0.));
#7578=DIRECTION('',(0.205730406114402,-0.978608706276417,0.));
#7579=DIRECTION('',(1.20293235238855E-14,2.52889392663084E-15,1.));
#7580=DIRECTION('',(0.205730406114402,-0.978608706276417,0.));
#7581=DIRECTION('',(0.489304353138219,0.102865203057203,0.866025403784433));
#7582=DIRECTION('',(0.870643904056739,0.,-0.491913805792072));
#7583=DIRECTION('',(0.205730406114402,-0.978608706276417,0.));
#7584=DIRECTION('',(-0.8475,-0.17816775802596,0.50000000000001));
#7585=DIRECTION('',(-0.489304353138199,-0.102865203057199,0.866025403784444));
#7586=DIRECTION('',(0.87064390405675,0.,0.491913805792052));
#7587=DIRECTION('',(0.205730406114402,-0.978608706276417,0.));
#7588=DIRECTION('',(-0.8475,-0.178167758025963,-0.499999999999991));
#7589=DIRECTION('',(-0.978608706276417,-0.205730406114402,1.22922711056361E-14));
#7590=DIRECTION('',(-0.205730406114402,0.978608706276417,0.));
#7591=DIRECTION('',(0.205730406114402,-0.978608706276417,0.));
#7592=DIRECTION('',(-1.20293235238855E-14,-2.52889392663084E-15,-1.));
#7593=DIRECTION('',(-0.489304353138219,-0.102865203057203,-0.866025403784432));
#7594=DIRECTION('',(-0.870643904056739,0.,0.491913805792072));
#7595=DIRECTION('',(0.205730406114402,-0.978608706276417,0.));
#7596=DIRECTION('',(0.8475,0.17816775802596,-0.500000000000011));
#7597=DIRECTION('',(0.489304353138198,0.102865203057198,-0.866025403784445));
#7598=DIRECTION('',(-0.870643904056751,0.,-0.49191380579205));
#7599=DIRECTION('',(0.8475,0.178167758025963,0.499999999999989));
#7600=DIRECTION('',(0.205730406114402,-0.978608706276417,0.));
#7601=DIRECTION('',(0.978608706276417,0.205730406114402,0.));
#7602=DIRECTION('',(-1.,-3.46944695195362E-16,0.));
#7603=DIRECTION('',(-3.46944695195362E-16,1.,0.));
#7604=DIRECTION('',(-1.,-3.46944695195362E-16,0.));
#7605=DIRECTION('',(-3.46944695195362E-16,1.,0.));
#7606=DIRECTION('',(1.,3.46944695195362E-16,0.));
#7607=DIRECTION('',(3.46944695195362E-16,-1.,0.));
#7608=DIRECTION('',(-1.,-3.46944695195362E-16,0.));
#7609=DIRECTION('',(-3.46944695195362E-16,1.,0.));
#7610=DIRECTION('',(-1.,-3.46944695195362E-16,0.));
#7611=DIRECTION('',(-3.46944695195362E-16,1.,0.));
#7612=DIRECTION('',(1.,3.46944695195362E-16,0.));
#7613=DIRECTION('',(3.46944695195362E-16,-1.,0.));
#7614=DIRECTION('',(1.,3.76017126664827E-16,0.));
#7615=DIRECTION('',(0.,0.,-1.));
#7616=DIRECTION('',(3.25640383949772E-16,-0.866025403784441,-0.5));
#7617=DIRECTION('',(1.11584398768153E-30,-2.9675350098512E-15,-1.));
#7618=DIRECTION('',(-3.2564038394977E-16,0.866025403784438,-0.5));
#7619=DIRECTION('',(-3.25640383949772E-16,0.86602540378444,0.5));
#7620=DIRECTION('',(-1.04610373845143E-30,2.7820640717355E-15,1.));
#7621=DIRECTION('',(3.2564038394977E-16,-0.866025403784437,0.5));
#7622=DIRECTION('',(1.88008563332412E-16,-0.5,0.866025403784441));
#7623=DIRECTION('',(0.,-0.866025403784441,-0.5));
#7624=DIRECTION('',(1.,3.76017126664827E-16,0.));
#7625=DIRECTION('',(1.,3.76017126664827E-16,0.));
#7626=DIRECTION('',(3.76017126664827E-16,-1.,2.9675350098512E-15));
#7627=DIRECTION('',(0.,-2.9675350098512E-15,-1.));
#7628=DIRECTION('',(1.,3.76017126664827E-16,0.));
#7629=DIRECTION('',(1.88008563332414E-16,-0.5,-0.866025403784438));
#7630=DIRECTION('',(0.,0.866025403784438,-0.5));
#7631=DIRECTION('',(1.,3.76017126664827E-16,0.));
#7632=DIRECTION('',(-1.88008563332412E-16,0.5,-0.86602540378444));
#7633=DIRECTION('',(0.,0.86602540378444,0.5));
#7634=DIRECTION('',(1.,3.76017126664827E-16,0.));
#7635=DIRECTION('',(-3.76017126664827E-16,1.,-2.7820640717355E-15));
#7636=DIRECTION('',(0.,2.7820640717355E-15,1.));
#7637=DIRECTION('',(1.,3.76017126664827E-16,0.));
#7638=DIRECTION('',(-1.88008563332414E-16,0.5,0.866025403784437));
#7639=DIRECTION('',(0.,-0.866025403784437,0.5));
#7640=DIRECTION('',(-1.,0.,0.));
#7641=DIRECTION('',(0.,0.,1.));
#7642=DIRECTION('',(0.,0.866025403784439,-0.5));
#7643=DIRECTION('',(0.,-5.79596681611561E-17,-1.));
#7644=DIRECTION('',(0.,-0.866025403784439,-0.5));
#7645=DIRECTION('',(0.,-0.866025403784439,0.5));
#7646=DIRECTION('',(0.,0.,1.));
#7647=DIRECTION('',(0.,0.866025403784439,0.5));
#7648=DIRECTION('',(0.,0.5,0.866025403784439));
#7649=DIRECTION('',(0.,-0.866025403784439,0.5));
#7650=DIRECTION('',(-1.,0.,0.));
#7651=DIRECTION('',(-1.,0.,0.));
#7652=DIRECTION('',(0.,1.,-5.79596681611561E-17));
#7653=DIRECTION('',(0.,5.79596681611561E-17,1.));
#7654=DIRECTION('',(-0.5,-5.01945450224773E-17,-0.86602540378444));
#7655=DIRECTION('',(0.,-5.79596681611561E-17,-1.));
#7656=DIRECTION('',(1.,0.,0.));
#7657=DIRECTION('',(-1.,0.,0.));
#7658=DIRECTION('',(0.,0.5,-0.866025403784439));
#7659=DIRECTION('',(0.,0.866025403784439,0.5));
#7660=DIRECTION('',(-1.,0.,0.));
#7661=DIRECTION('',(0.,-0.5,-0.866025403784439));
#7662=DIRECTION('',(0.,0.866025403784439,-0.5));
#7663=DIRECTION('',(-1.,0.,0.));
#7664=DIRECTION('',(0.,-1.,0.));
#7665=DIRECTION('',(-1.,0.,0.));
#7666=DIRECTION('',(1.,0.,0.));
#7667=DIRECTION('',(0.,0.,-1.));
#7668=DIRECTION('',(-0.5,0.,-0.866025403784438));
#7669=DIRECTION('',(-1.,0.,0.));
#7670=DIRECTION('',(0.,-0.5,0.866025403784439));
#7671=DIRECTION('',(0.,-0.866025403784439,-0.5));
#7672=DIRECTION('',(0.866025403784438,0.,-0.5));
#7673=DIRECTION('',(-0.5,0.,-0.866025403784438));
#7674=DIRECTION('',(0.,1.,0.));
#7675=DIRECTION('',(-0.5,0.,-0.866025403784438));
#7676=DIRECTION('',(0.,0.,1.));
#7677=DIRECTION('',(0.,-1.,0.));
#7678=DIRECTION('',(1.,0.,0.));
#7679=DIRECTION('',(0.,1.,0.));
#7680=DIRECTION('',(1.,0.,0.));
#7681=DIRECTION('',(0.,-1.,0.));
#7682=DIRECTION('',(0.,0.,-1.));
#7683=DIRECTION('',(0.,1.,0.));
#7684=DIRECTION('',(1.,0.,0.));
#7685=DIRECTION('',(-0.86602540378444,2.89798340805779E-17,0.5));
#7686=DIRECTION('',(0.5,0.,0.86602540378444));
#7687=DIRECTION('',(-0.5,-5.01945450224773E-17,-0.86602540378444));
#7688=DIRECTION('',(0.,-1.,5.79596681611561E-17));
#7689=DIRECTION('',(-1.,0.,0.));
#7690=DIRECTION('',(0.,1.,0.));
#7691=DIRECTION('',(0.,-5.79596681611561E-17,-1.));
#7692=DIRECTION('',(0.,-1.,5.79596681611561E-17));
#7693=DIRECTION('',(0.,-5.79596681611561E-17,-1.));
#7694=DIRECTION('',(0.,1.,-5.79596681611561E-17));
#7695=DIRECTION('',(1.,0.,0.));
#7696=DIRECTION('',(0.,-1.,5.79596681611561E-17));
#7697=DIRECTION('',(1.,0.,0.));
#7698=DIRECTION('',(-3.89945883426346E-16,8.19773260204907E-17,1.));
#7699=DIRECTION('',(1.,3.19667208159899E-32,3.89945883426346E-16));
#7700=DIRECTION('',(-3.89945883426346E-16,8.19773260204907E-17,1.));
#7701=DIRECTION('',(1.,0.,3.89945883426346E-16));
#7702=DIRECTION('',(-1.,-3.19667208159899E-32,-3.89945883426346E-16));
#7703=DIRECTION('',(-3.89945883426346E-16,8.19773260204907E-17,1.));
#7704=DIRECTION('',(1.,0.,3.89945883426346E-16));
#7705=DIRECTION('',(-3.89945883426346E-16,8.19773260204907E-17,1.));
#7706=DIRECTION('',(-4.27642353614751E-48,1.,-8.19773260204907E-17));
#7707=DIRECTION('',(0.,8.19773260204907E-17,1.));
#7708=DIRECTION('',(-1.8800856333241E-16,0.499999999999992,-0.866025403784443));
#7709=DIRECTION('',(0.,0.866025403784444,0.499999999999992));
#7710=DIRECTION('',(1.,3.76017126664827E-16,0.));
#7711=DIRECTION('',(-3.25640383949773E-16,0.866025403784444,0.499999999999992));
#7712=DIRECTION('',(1.,3.76017126664827E-16,0.));
#7713=DIRECTION('',(-3.76017126664827E-16,1.,-1.10028674837086E-14));
#7714=DIRECTION('',(0.,1.10028674837086E-14,1.));
#7715=DIRECTION('',(1.,3.76017126664827E-16,0.));
#7716=DIRECTION('',(-4.13726661629798E-30,1.10028674837086E-14,1.));
#7717=DIRECTION('',(-1.88008563332417E-16,0.500000000000011,0.866025403784432));
#7718=DIRECTION('',(0.,-0.866025403784432,0.500000000000011));
#7719=DIRECTION('',(1.,3.76017126664827E-16,0.));
#7720=DIRECTION('',(3.25640383949769E-16,-0.866025403784432,0.500000000000011));
#7721=DIRECTION('',(1.88008563332409E-16,-0.49999999999999,0.866025403784445));
#7722=DIRECTION('',(0.,-0.866025403784445,-0.49999999999999));
#7723=DIRECTION('',(1.,3.76017126664827E-16,0.));
#7724=DIRECTION('',(3.25640383949773E-16,-0.866025403784445,-0.49999999999999));
#7725=DIRECTION('',(3.76017126664827E-16,-1.,1.10028674837088E-14));
#7726=DIRECTION('',(0.,-1.10028674837088E-14,-1.));
#7727=DIRECTION('',(1.,3.76017126664827E-16,0.));
#7728=DIRECTION('',(4.13726661629803E-30,-1.10028674837088E-14,-1.));
#7729=DIRECTION('',(1.88008563332417E-16,-0.500000000000011,-0.866025403784432));
#7730=DIRECTION('',(0.,0.866025403784432,-0.500000000000011));
#7731=DIRECTION('',(-3.25640383949769E-16,0.866025403784432,-0.500000000000011));
#7732=DIRECTION('',(1.,3.76017126664827E-16,0.));
#7733=DIRECTION('',(0.,0.,-1.));
#7734=DIRECTION('',(1.,3.76017126664827E-16,0.));
#7735=DIRECTION('',(3.76017126664827E-16,-1.,0.));
#7736=DIRECTION('',(1.,3.76017126664827E-16,0.));
#7737=DIRECTION('',(3.76017126664827E-16,-1.,0.));
#7738=DIRECTION('',(0.,0.500000000000011,0.866025403784432));
#7739=DIRECTION('',(0.,-0.866025403784432,0.500000000000011));
#7740=DIRECTION('',(-1.,0.,0.));
#7741=DIRECTION('',(0.,0.866025403784433,-0.500000000000011));
#7742=DIRECTION('',(-1.,0.,0.));
#7743=DIRECTION('',(0.,1.,-1.18492419055325E-14));
#7744=DIRECTION('',(0.,1.18492419055325E-14,1.));
#7745=DIRECTION('',(-1.,0.,0.));
#7746=DIRECTION('',(0.,-1.18492419055325E-14,-1.));
#7747=DIRECTION('',(0.,0.49999999999999,-0.866025403784444));
#7748=DIRECTION('',(0.,0.866025403784445,0.49999999999999));
#7749=DIRECTION('',(-1.,0.,0.));
#7750=DIRECTION('',(0.,-0.866025403784445,-0.49999999999999));
#7751=DIRECTION('',(0.,-0.500000000000012,-0.866025403784432));
#7752=DIRECTION('',(0.,0.866025403784432,-0.500000000000012));
#7753=DIRECTION('',(-1.,0.,0.));
#7754=DIRECTION('',(0.,-0.866025403784432,0.500000000000012));
#7755=DIRECTION('',(0.,-1.,1.18492419055321E-14));
#7756=DIRECTION('',(0.,-1.18492419055321E-14,-1.));
#7757=DIRECTION('',(-1.,0.,0.));
#7758=DIRECTION('',(0.,1.18492419055321E-14,1.));
#7759=DIRECTION('',(0.,-0.49999999999999,0.866025403784445));
#7760=DIRECTION('',(0.,-0.866025403784445,-0.49999999999999));
#7761=DIRECTION('',(0.,0.866025403784444,0.49999999999999));
#7762=DIRECTION('',(-1.,0.,0.));
#7763=DIRECTION('',(0.,0.,1.));
#7764=DIRECTION('',(-1.,0.,0.));
#7765=DIRECTION('',(0.,1.,0.));
#7766=DIRECTION('',(-1.,0.,0.));
#7767=DIRECTION('',(0.,1.,0.));
#7768=DIRECTION('',(-0.489304353138193,0.102865203057196,-0.866025403784448));
#7769=DIRECTION('',(-0.870643904056754,0.,0.491913805792046));
#7770=DIRECTION('',(0.205730406114399,0.978608706276418,0.));
#7771=DIRECTION('',(-0.847500000000011,0.178167758025961,0.499999999999984));
#7772=DIRECTION('',(0.205730406114399,0.978608706276418,0.));
#7773=DIRECTION('',(-0.978608706276418,0.205730406114399,-1.72618873734345E-14));
#7774=DIRECTION('',(0.205730406114399,0.978608706276418,0.));
#7775=DIRECTION('',(0.205730406114399,0.978608706276418,0.));
#7776=DIRECTION('',(-1.6892633270406E-14,3.55129509963768E-15,1.));
#7777=DIRECTION('',(-0.489304353138223,0.102865203057202,0.86602540378443));
#7778=DIRECTION('',(0.870643904056737,0.,0.491913805792076));
#7779=DIRECTION('',(0.205730406114399,0.978608706276418,0.));
#7780=DIRECTION('',(0.8475,-0.178167758025957,0.500000000000014));
#7781=DIRECTION('',(0.489304353138196,-0.102865203057196,0.866025403784447));
#7782=DIRECTION('',(0.870643904056752,0.,-0.491913805792048));
#7783=DIRECTION('',(0.205730406114399,0.978608706276418,0.));
#7784=DIRECTION('',(0.84750000000001,-0.17816775802596,-0.499999999999986));
#7785=DIRECTION('',(0.978608706276418,-0.205730406114399,1.39488098615689E-14));
#7786=DIRECTION('',(-0.205730406114399,-0.978608706276418,0.));
#7787=DIRECTION('',(0.205730406114399,0.978608706276418,0.));
#7788=DIRECTION('',(1.36504267727257E-14,-2.86969431763309E-15,-1.));
#7789=DIRECTION('',(0.489304353138226,-0.102865203057203,-0.866025403784429));
#7790=DIRECTION('',(-0.870643904056735,0.,-0.491913805792079));
#7791=DIRECTION('',(-0.8475,0.178167758025956,-0.500000000000017));
#7792=DIRECTION('',(0.205730406114399,0.978608706276418,0.));
#7793=DIRECTION('',(0.978608706276418,-0.205730406114399,0.));
#7794=DIRECTION('',(0.205730406114399,0.978608706276418,0.));
#7795=DIRECTION('',(0.978608706276418,-0.205730406114399,0.));
#7796=DIRECTION('',(0.205730406114399,0.978608706276418,0.));
#7797=DIRECTION('',(0.978608706276418,-0.205730406114399,0.));
#7798=DIRECTION('',(-0.48930435313822,-0.102865203057203,-0.866025403784432));
#7799=DIRECTION('',(-0.870643904056738,0.,0.491913805792073));
#7800=DIRECTION('',(-0.205730406114402,0.978608706276417,0.));
#7801=DIRECTION('',(-0.8475,-0.17816775802596,0.500000000000011));
#7802=DIRECTION('',(-0.205730406114402,0.978608706276417,0.));
#7803=DIRECTION('',(-0.978608706276417,-0.205730406114402,1.06357323497033E-14));
#7804=DIRECTION('',(-0.205730406114402,0.978608706276417,0.));
#7805=DIRECTION('',(-0.205730406114402,0.978608706276417,0.));
#7806=DIRECTION('',(1.04082202750454E-14,2.18809353562854E-15,1.));
#7807=DIRECTION('',(-0.489304353138201,-0.102865203057199,0.866025403784444));
#7808=DIRECTION('',(0.870643904056749,0.,0.491913805792053));
#7809=DIRECTION('',(-0.205730406114402,0.978608706276417,0.));
#7810=DIRECTION('',(0.8475,0.178167758025962,0.499999999999992));
#7811=DIRECTION('',(0.489304353138222,0.102865203057203,0.866025403784431));
#7812=DIRECTION('',(0.870643904056737,0.,-0.491913805792075));
#7813=DIRECTION('',(-0.205730406114402,0.978608706276417,0.));
#7814=DIRECTION('',(0.8475,0.17816775802596,-0.500000000000013));
#7815=DIRECTION('',(0.978608706276417,0.205730406114402,-1.06357323497032E-14));
#7816=DIRECTION('',(0.205730406114402,-0.978608706276417,0.));
#7817=DIRECTION('',(-0.205730406114402,0.978608706276417,0.));
#7818=DIRECTION('',(-1.04082202750452E-14,-2.18809353562851E-15,-1.));
#7819=DIRECTION('',(0.489304353138199,0.102865203057199,-0.866025403784444));
#7820=DIRECTION('',(-0.87064390405675,0.,-0.491913805792052));
#7821=DIRECTION('',(-0.8475,-0.178167758025963,-0.49999999999999));
#7822=DIRECTION('',(-0.205730406114402,0.978608706276417,0.));
#7823=DIRECTION('',(0.978608706276417,0.205730406114402,0.));
#7824=DIRECTION('',(-0.205730406114402,0.978608706276417,0.));
#7825=DIRECTION('',(0.978608706276417,0.205730406114402,0.));
#7826=DIRECTION('',(-0.205730406114402,0.978608706276417,0.));
#7827=DIRECTION('',(0.978608706276417,0.205730406114402,0.));
#7828=CARTESIAN_POINT('',(0.,0.,0.));
#7829=CARTESIAN_POINT('',(0.382379959257908,-0.0085138085037482,0.24));
#7830=CARTESIAN_POINT('',(0.1175,-0.00851380850374829,0.24));
#7831=CARTESIAN_POINT('',(0.1175,-0.0136138085037483,0.24));
#7832=CARTESIAN_POINT('',(0.10752,-0.00851380850374829,0.24));
#7833=CARTESIAN_POINT('',(0.10752,-0.00341380850374829,0.24));
#7834=CARTESIAN_POINT('',(0.382379959257908,-0.0085138085037482,0.24));
#7835=CARTESIAN_POINT('',(-0.1175,-0.00851380850374837,0.24));
#7836=CARTESIAN_POINT('',(-0.1175,-0.0136138085037484,0.24));
#7837=CARTESIAN_POINT('',(-0.10792,-0.00851380850374836,0.24));
#7838=CARTESIAN_POINT('',(-0.10792,-0.0136138085037484,0.24));
#7839=CARTESIAN_POINT('',(-0.0188831671161527,-0.0574633742779967,0.171720117747991));
#7840=CARTESIAN_POINT('',(-0.0196032235375532,-0.0608885047499642,0.171720117747991));
#7841=CARTESIAN_POINT('',(-0.0196032235375531,-0.0608885047499642,0.169670524292368));
#7842=CARTESIAN_POINT('',(-0.0196032235375532,-0.0608885047499642,0.173769711203614));
#7843=CARTESIAN_POINT('',(-0.0188831671161528,-0.0574633742779967,0.173769711203614));
#7844=CARTESIAN_POINT('',(-0.0188831671161528,-0.0574633742779967,0.173769711203614));
#7845=CARTESIAN_POINT('',(-0.0188831671161527,-0.0574633742779967,0.171720117747991));
#7846=CARTESIAN_POINT('',(-0.0188831671161527,-0.0574633742779967,0.169670524292368));
#7847=CARTESIAN_POINT('',(-0.0188831671161527,-0.0574633742779967,0.169670524292368));
#7848=CARTESIAN_POINT('',(-0.0206201975697933,-0.0570982028071437,0.168645727564556));
#7849=CARTESIAN_POINT('',(-0.0213402539911937,-0.0605233332791111,0.168645727564556));
#7850=CARTESIAN_POINT('',(-0.0230772844448344,-0.0601581618082581,0.167620930836745));
#7851=CARTESIAN_POINT('',(-0.0206201975697933,-0.0570982028071437,0.168645727564556));
#7852=CARTESIAN_POINT('',(-0.022357228023434,-0.0567330313362906,0.167620930836745));
#7853=CARTESIAN_POINT('',(-0.022357228023434,-0.0567330313362906,0.167620930836745));
#7854=CARTESIAN_POINT('',(-0.0240942584770747,-0.0563678598654375,0.168645727564556));
#7855=CARTESIAN_POINT('',(-0.0248143148984751,-0.059792990337405,0.168645727564556));
#7856=CARTESIAN_POINT('',(-0.0265513453521157,-0.0594278188665519,0.169670524292368));
#7857=CARTESIAN_POINT('',(-0.0240942584770747,-0.0563678598654375,0.168645727564556));
#7858=CARTESIAN_POINT('',(-0.0258312889307153,-0.0560026883945845,0.169670524292368));
#7859=CARTESIAN_POINT('',(-0.0258312889307153,-0.0560026883945845,0.169670524292368));
#7860=CARTESIAN_POINT('',(-0.0258312889307153,-0.0560026883945845,0.171720117747991));
#7861=CARTESIAN_POINT('',(-0.0265513453521158,-0.0594278188665519,0.171720117747991));
#7862=CARTESIAN_POINT('',(-0.0265513453521158,-0.0594278188665519,0.173769711203614));
#7863=CARTESIAN_POINT('',(-0.0258312889307153,-0.0560026883945845,0.171720117747991));
#7864=CARTESIAN_POINT('',(-0.0258312889307153,-0.0560026883945845,0.173769711203614));
#7865=CARTESIAN_POINT('',(-0.0258312889307153,-0.0560026883945845,0.173769711203614));
#7866=CARTESIAN_POINT('',(-0.0240942584770747,-0.0563678598654375,0.174794507931426));
#7867=CARTESIAN_POINT('',(-0.0248143148984752,-0.059792990337405,0.174794507931426));
#7868=CARTESIAN_POINT('',(-0.0230772844448345,-0.060158161808258,0.175819304659237));
#7869=CARTESIAN_POINT('',(-0.0240942584770747,-0.0563678598654375,0.174794507931426));
#7870=CARTESIAN_POINT('',(-0.0223572280234341,-0.0567330313362906,0.175819304659237));
#7871=CARTESIAN_POINT('',(-0.0223572280234341,-0.0567330313362906,0.175819304659237));
#7872=CARTESIAN_POINT('',(-0.0206201975697934,-0.0570982028071437,0.174794507931426));
#7873=CARTESIAN_POINT('',(-0.0213402539911938,-0.0605233332791111,0.174794507931426));
#7874=CARTESIAN_POINT('',(-0.0206201975697934,-0.0570982028071437,0.174794507931426));
#7875=CARTESIAN_POINT('',(-0.02785781856584,-0.0555766562510289,0.2575));
#7876=CARTESIAN_POINT('',(-0.022357228023434,-0.0567330313362906,0.171720117747991));
#7877=CARTESIAN_POINT('',(-0.0201553584343121,-0.057195924750048,0.171720117747991));
#7878=CARTESIAN_POINT('',(-0.0240942584770746,-0.0563678598654376,0.326794507987181));
#7879=CARTESIAN_POINT('',(-0.024814314898475,-0.059792990337405,0.326794507987181));
#7880=CARTESIAN_POINT('',(-0.0265513453521156,-0.0594278188665519,0.325769711259369));
#7881=CARTESIAN_POINT('',(-0.0230772844448343,-0.0601581618082581,0.327819304714992));
#7882=CARTESIAN_POINT('',(-0.0258312889307152,-0.0560026883945845,0.325769711259369));
#7883=CARTESIAN_POINT('',(-0.0258312889307152,-0.0560026883945845,0.325769711259369));
#7884=CARTESIAN_POINT('',(-0.0240942584770746,-0.0563678598654376,0.326794507987181));
#7885=CARTESIAN_POINT('',(-0.0223572280234338,-0.0567330313362906,0.327819304714992));
#7886=CARTESIAN_POINT('',(-0.0223572280234338,-0.0567330313362906,0.327819304714992));
#7887=CARTESIAN_POINT('',(-0.0258312889307152,-0.0560026883945845,0.323720117803745));
#7888=CARTESIAN_POINT('',(-0.0265513453521156,-0.059427818866552,0.323720117803745));
#7889=CARTESIAN_POINT('',(-0.0265513453521157,-0.0594278188665519,0.321670524348122));
#7890=CARTESIAN_POINT('',(-0.0258312889307153,-0.0560026883945845,0.321670524348122));
#7891=CARTESIAN_POINT('',(-0.0258312889307153,-0.0560026883945845,0.321670524348122));
#7892=CARTESIAN_POINT('',(-0.0258312889307152,-0.0560026883945845,0.323720117803745));
#7893=CARTESIAN_POINT('',(-0.0240942584770746,-0.0563678598654375,0.320645727620311));
#7894=CARTESIAN_POINT('',(-0.0248143148984751,-0.059792990337405,0.320645727620311));
#7895=CARTESIAN_POINT('',(-0.0230772844448344,-0.0601581618082581,0.319620930892499));
#7896=CARTESIAN_POINT('',(-0.022357228023434,-0.0567330313362906,0.319620930892499));
#7897=CARTESIAN_POINT('',(-0.022357228023434,-0.0567330313362906,0.319620930892499));
#7898=CARTESIAN_POINT('',(-0.0240942584770746,-0.0563678598654375,0.320645727620311));
#7899=CARTESIAN_POINT('',(-0.0206201975697934,-0.0570982028071437,0.320645727620311));
#7900=CARTESIAN_POINT('',(-0.0213402539911937,-0.0605233332791111,0.320645727620311));
#7901=CARTESIAN_POINT('',(-0.0196032235375531,-0.0608885047499642,0.321670524348122));
#7902=CARTESIAN_POINT('',(-0.0188831671161527,-0.0574633742779967,0.321670524348122));
#7903=CARTESIAN_POINT('',(-0.0188831671161527,-0.0574633742779967,0.321670524348122));
#7904=CARTESIAN_POINT('',(-0.0206201975697934,-0.0570982028071437,0.320645727620311));
#7905=CARTESIAN_POINT('',(-0.0188831671161527,-0.0574633742779967,0.323720117803745));
#7906=CARTESIAN_POINT('',(-0.0196032235375531,-0.0608885047499642,0.323720117803745));
#7907=CARTESIAN_POINT('',(-0.019603223537553,-0.0608885047499642,0.325769711259369));
#7908=CARTESIAN_POINT('',(-0.0188831671161526,-0.0574633742779968,0.325769711259369));
#7909=CARTESIAN_POINT('',(-0.0188831671161526,-0.0574633742779968,0.325769711259369));
#7910=CARTESIAN_POINT('',(-0.0188831671161527,-0.0574633742779967,0.323720117803745));
#7911=CARTESIAN_POINT('',(-0.0206201975697933,-0.0570982028071437,0.326794507987181));
#7912=CARTESIAN_POINT('',(-0.0213402539911936,-0.0605233332791112,0.326794507987181));
#7913=CARTESIAN_POINT('',(-0.0206201975697933,-0.0570982028071437,0.326794507987181));
#7914=CARTESIAN_POINT('',(-0.02785781856584,-0.0555766562510289,0.2575));
#7915=CARTESIAN_POINT('',(-0.0223572280234339,-0.0567330313362906,0.323720117803745));
#7916=CARTESIAN_POINT('',(-0.020155358434312,-0.057195924750048,0.323720117803745));
#7917=CARTESIAN_POINT('',(-0.0179340242919744,-0.0356929441513476,0.171720117747991));
#7918=CARTESIAN_POINT('',(-0.0216824322913788,-0.0535231947797039,0.171720117747991));
#7919=CARTESIAN_POINT('',(-0.0238843018805007,-0.0530603013659465,0.171720117747991));
#7920=CARTESIAN_POINT('',(-0.0179340242919744,-0.0356929441513476,0.323720117803745));
#7921=CARTESIAN_POINT('',(-0.0216824322913787,-0.0535231947797039,0.323720117803745));
#7922=CARTESIAN_POINT('',(-0.0238843018805007,-0.0530603013659465,0.323720117803745));
#7923=CARTESIAN_POINT('',(0.05375,-0.0537099152442087,0.36));
#7924=CARTESIAN_POINT('',(0.0555164640633133,-0.0533385560208529,0.351099999999992));
#7925=CARTESIAN_POINT('',(0.0577183336524352,-0.0528756626070955,0.351099999999992));
#7926=CARTESIAN_POINT('',(0.0196032235375531,-0.0608885047499642,0.323720117803745));
#7927=CARTESIAN_POINT('',(0.019603223537553,-0.0608885047499642,0.325769711259369));
#7928=CARTESIAN_POINT('',(0.0196032235375531,-0.0608885047499642,0.321670524348122));
#7929=CARTESIAN_POINT('',(0.0213402539911936,-0.0605233332791112,0.326794507987181));
#7930=CARTESIAN_POINT('',(0.0230772844448343,-0.0601581618082581,0.327819304714992));
#7931=CARTESIAN_POINT('',(0.024814314898475,-0.059792990337405,0.326794507987181));
#7932=CARTESIAN_POINT('',(0.0265513453521156,-0.0594278188665519,0.325769711259369));
#7933=CARTESIAN_POINT('',(0.0265513453521156,-0.059427818866552,0.323720117803745));
#7934=CARTESIAN_POINT('',(0.0265513453521157,-0.0594278188665519,0.321670524348122));
#7935=CARTESIAN_POINT('',(0.0248143148984751,-0.059792990337405,0.320645727620311));
#7936=CARTESIAN_POINT('',(0.0230772844448344,-0.0601581618082581,0.319620930892499));
#7937=CARTESIAN_POINT('',(0.0213402539911937,-0.0605233332791111,0.320645727620311));
#7938=CARTESIAN_POINT('',(0.0829073563750213,-0.0475802387659768,0.1675));
#7939=CARTESIAN_POINT('',(0.0807054867858994,-0.0480431321797342,0.1675));
#7940=CARTESIAN_POINT('',(0.0379099658143702,-0.0570399251296461,0.1675));
#7941=CARTESIAN_POINT('',(0.0357080962252483,-0.0575028185434035,0.1675));
#7942=CARTESIAN_POINT('',(0.114420102485693,-0.0409553947261188,0.250272065151924));
#7943=CARTESIAN_POINT('',(0.0549999999721212,-0.0534471309461965,0.215965852970439));
#7944=CARTESIAN_POINT('',(0.0112731039889723,-0.062639724483367,0.190720117803741));
#7945=CARTESIAN_POINT('',(0.026354882677686,-0.0594691207122616,0.190720117803741));
#7946=CARTESIAN_POINT('',(-2.78787808810632E-11,-0.065009640304891,0.190720117803741));
#7947=CARTESIAN_POINT('',(-4.85722573273506E-17,-0.0650096403107519,0.36));
#7948=CARTESIAN_POINT('',(-4.85722573273506E-17,-0.0650096403107519,0.155));
#7949=CARTESIAN_POINT('',(0.05375,-0.0537099152442087,0.155));
#7950=CARTESIAN_POINT('',(0.1075,-0.0424101901776654,0.155));
#7951=CARTESIAN_POINT('',(0.1075,-0.0424101901776654,0.36));
#7952=CARTESIAN_POINT('',(0.1075,-0.0424101901776654,0.36));
#7953=CARTESIAN_POINT('',(0.05375,-0.0537099152442087,0.36));
#7954=CARTESIAN_POINT('',(-4.85722573273506E-17,-0.0650096403107519,0.36));
#7955=CARTESIAN_POINT('',(-4.85722573273506E-17,-0.0650096403107519,0.36));
#7956=CARTESIAN_POINT('',(-5.55111512312578E-17,-0.0650096403107519,0.304120117803741));
#7957=CARTESIAN_POINT('',(-0.0233702518338179,-0.069922708598343,0.304120117803741));
#7958=CARTESIAN_POINT('',(0.0123123343769594,-0.0624212497361102,0.304120117803741));
#7959=CARTESIAN_POINT('',(0.0203025566378082,-0.0607414857404234,0.299506960830555));
#7960=CARTESIAN_POINT('',(0.0549999999721212,-0.0534471309461965,0.279474382581298));
#7961=CARTESIAN_POINT('',(0.0549999999721212,-0.0534471309461964,0.36));
#7962=CARTESIAN_POINT('',(0.0196032235375532,-0.0608885047499642,0.171720117747991));
#7963=CARTESIAN_POINT('',(0.0196032235375531,-0.0608885047499642,0.169670524292368));
#7964=CARTESIAN_POINT('',(0.0196032235375532,-0.0608885047499642,0.173769711203614));
#7965=CARTESIAN_POINT('',(0.0213402539911938,-0.0605233332791111,0.174794507931426));
#7966=CARTESIAN_POINT('',(0.0230772844448345,-0.060158161808258,0.175819304659237));
#7967=CARTESIAN_POINT('',(0.0248143148984752,-0.059792990337405,0.174794507931426));
#7968=CARTESIAN_POINT('',(0.0265513453521158,-0.0594278188665519,0.173769711203614));
#7969=CARTESIAN_POINT('',(0.0265513453521158,-0.0594278188665519,0.171720117747991));
#7970=CARTESIAN_POINT('',(0.0265513453521157,-0.0594278188665519,0.169670524292368));
#7971=CARTESIAN_POINT('',(0.0248143148984751,-0.059792990337405,0.168645727564556));
#7972=CARTESIAN_POINT('',(0.0230772844448344,-0.0601581618082581,0.167620930836745));
#7973=CARTESIAN_POINT('',(0.0213402539911937,-0.0605233332791111,0.168645727564556));
#7974=CARTESIAN_POINT('',(0.0179340242919744,-0.0356929441513476,0.171720117747991));
#7975=CARTESIAN_POINT('',(0.0216824322913788,-0.0535231947797039,0.171720117747991));
#7976=CARTESIAN_POINT('',(0.0238843018805007,-0.0530603013659465,0.171720117747991));
#7977=CARTESIAN_POINT('',(0.022357228023434,-0.0567330313362906,0.171720117747991));
#7978=CARTESIAN_POINT('',(0.0201553584343121,-0.057195924750048,0.171720117747991));
#7979=CARTESIAN_POINT('',(0.0179340242919744,-0.0356929441513476,0.323720117803745));
#7980=CARTESIAN_POINT('',(0.0216824322913787,-0.0535231947797039,0.323720117803745));
#7981=CARTESIAN_POINT('',(0.0238843018805007,-0.0530603013659465,0.323720117803745));
#7982=CARTESIAN_POINT('',(0.0223572280234339,-0.0567330313362906,0.323720117803745));
#7983=CARTESIAN_POINT('',(0.020155358434312,-0.057195924750048,0.323720117803745));
#7984=CARTESIAN_POINT('',(0.05036,-0.047494383046037,0.36));
#7985=CARTESIAN_POINT('',(0.052384581456217,-0.0470687604631519,0.348025609816558));
#7986=CARTESIAN_POINT('',(0.0541216119098577,-0.0467035889922988,0.347000813088746));
#7987=CARTESIAN_POINT('',(0.0506475510025764,-0.047433931934005,0.349050406544369));
#7988=CARTESIAN_POINT('',(0.0558586423634983,-0.0463384175214458,0.348025609816558));
#7989=CARTESIAN_POINT('',(0.057595672817139,-0.0459732460505927,0.349050406544369));
#7990=CARTESIAN_POINT('',(0.057595672817139,-0.0459732460505927,0.351099999999992));
#7991=CARTESIAN_POINT('',(0.057595672817139,-0.0459732460505927,0.353149593455615));
#7992=CARTESIAN_POINT('',(0.0558586423634983,-0.0463384175214458,0.354174390183427));
#7993=CARTESIAN_POINT('',(0.0541216119098577,-0.0467035889922988,0.355199186911239));
#7994=CARTESIAN_POINT('',(0.052384581456217,-0.0470687604631519,0.354174390183427));
#7995=CARTESIAN_POINT('',(0.0506475510025764,-0.047433931934005,0.353149593455615));
#7996=CARTESIAN_POINT('',(0.0506475510025764,-0.047433931934005,0.351099999999992));
#7997=CARTESIAN_POINT('',(0.0347780832072739,-0.0507701295719451,0.164425609816565));
#7998=CARTESIAN_POINT('',(0.0365151136609146,-0.050404958101092,0.163400813088754));
#7999=CARTESIAN_POINT('',(0.0330410527536332,-0.0511353010427981,0.165450406544377));
#8000=CARTESIAN_POINT('',(0.0382521441145552,-0.0500397866302389,0.164425609816565));
#8001=CARTESIAN_POINT('',(0.0399891745681958,-0.0496746151593859,0.165450406544377));
#8002=CARTESIAN_POINT('',(0.0399891745681958,-0.0496746151593859,0.1675));
#8003=CARTESIAN_POINT('',(0.0399891745681958,-0.0496746151593859,0.169549593455623));
#8004=CARTESIAN_POINT('',(0.0382521441145552,-0.0500397866302389,0.170574390183435));
#8005=CARTESIAN_POINT('',(0.0365151136609145,-0.050404958101092,0.171599186911247));
#8006=CARTESIAN_POINT('',(0.0347780832072739,-0.0507701295719451,0.170574390183435));
#8007=CARTESIAN_POINT('',(0.0330410527536332,-0.0511353010427981,0.169549593455623));
#8008=CARTESIAN_POINT('',(0.0330410527536332,-0.0511353010427981,0.1675));
#8009=CARTESIAN_POINT('',(0.0832495346752062,-0.0405801002665696,0.170574390183435));
#8010=CARTESIAN_POINT('',(0.0815125042215656,-0.0409452717374227,0.171599186911246));
#8011=CARTESIAN_POINT('',(0.0849865651288468,-0.0402149287957166,0.169549593455623));
#8012=CARTESIAN_POINT('',(0.0797754737679251,-0.0413104432082757,0.170574390183435));
#8013=CARTESIAN_POINT('',(0.0780384433142845,-0.0416756146791288,0.169549593455623));
#8014=CARTESIAN_POINT('',(0.0780384433142845,-0.0416756146791288,0.1675));
#8015=CARTESIAN_POINT('',(0.0780384433142845,-0.0416756146791288,0.165450406544377));
#8016=CARTESIAN_POINT('',(0.0797754737679251,-0.0413104432082757,0.164425609816566));
#8017=CARTESIAN_POINT('',(0.0815125042215657,-0.0409452717374226,0.163400813088754));
#8018=CARTESIAN_POINT('',(0.0832495346752062,-0.0405801002665696,0.164425609816566));
#8019=CARTESIAN_POINT('',(0.0849865651288468,-0.0402149287957166,0.165450406544377));
#8020=CARTESIAN_POINT('',(0.0849865651288468,-0.0402149287957166,0.1675));
#8021=CARTESIAN_POINT('',(0.05036,-0.047494383046037,0.184211588165009));
#8022=CARTESIAN_POINT('',(-2.78788086366388E-11,-0.0580814370746154,0.184211588165009));
#8023=CARTESIAN_POINT('',(0.0262460028571043,-0.052563807008272,0.184211588165009));
#8024=CARTESIAN_POINT('',(0.0262460028571043,-0.052563807008272,0.36));
#8025=CARTESIAN_POINT('',(0.0262460028571043,-0.052563807008272,0.190720117803741));
#8026=CARTESIAN_POINT('',(0.0243560418245224,-0.0529611286837074,0.190720117803741));
#8027=CARTESIAN_POINT('',(0.0352948151618905,-0.0506614983343587,0.190720117803741));
#8028=CARTESIAN_POINT('',(0.05036,-0.047494383046037,0.190720117803741));
#8029=CARTESIAN_POINT('',(0.0585499999999987,-0.0457726202870607,0.190720117803741));
#8030=CARTESIAN_POINT('',(0.0585499999999987,-0.0457726202870607,0.36));
#8031=CARTESIAN_POINT('',(0.0585499999999987,-0.0457726202870607,0.304120117803741));
#8032=CARTESIAN_POINT('',(0.05036,-0.047494383046037,0.304120117803741));
#8033=CARTESIAN_POINT('',(0.0352948151618905,-0.0506614983343587,0.304120117803741));
#8034=CARTESIAN_POINT('',(0.0214008336547203,-0.0535823945410687,0.304120117803741));
#8035=CARTESIAN_POINT('',(0.0262460028571043,-0.052563807008272,0.304120117803741));
#8036=CARTESIAN_POINT('',(0.0262460028571043,-0.052563807008272,0.36));
#8037=CARTESIAN_POINT('',(0.0262460028571043,-0.052563807008272,0.311228647386727));
#8038=CARTESIAN_POINT('',(0.05036,-0.047494383046037,0.311228647386727));
#8039=CARTESIAN_POINT('',(-2.78788155755327E-11,-0.0580814370746155,0.311228647386727));
#8040=CARTESIAN_POINT('',(-4.85722573273506E-17,-0.0580814370804764,0.36));
#8041=CARTESIAN_POINT('',(-4.85722573273506E-17,-0.0580814370804764,0.36));
#8042=CARTESIAN_POINT('',(0.05036,-0.047494383046037,0.36));
#8043=CARTESIAN_POINT('',(0.10072,-0.0369073290115976,0.36));
#8044=CARTESIAN_POINT('',(0.10072,-0.0369073290115976,0.36));
#8045=CARTESIAN_POINT('',(0.10072,-0.0369073290115976,0.155));
#8046=CARTESIAN_POINT('',(0.05036,-0.047494383046037,0.155));
#8047=CARTESIAN_POINT('',(-4.85722573273506E-17,-0.0580814370804764,0.155));
#8048=CARTESIAN_POINT('',(-4.85722573273506E-17,-0.0580814370804764,0.36));
#8049=CARTESIAN_POINT('',(0.0232839595754314,-0.0448614983343586,0.190720117803741));
#8050=CARTESIAN_POINT('',(0.0182420492951168,-0.0688446196909406,0.190720117803741));
#8051=CARTESIAN_POINT('',(-0.0112731040447298,-0.0626397244716453,0.190720117803741));
#8052=CARTESIAN_POINT('',(0.0112731039889724,-0.0478614983343587,0.190720117803741));
#8053=CARTESIAN_POINT('',(0.0112731039889724,-0.0478614983343587,0.190720117803741));
#8054=CARTESIAN_POINT('',(0.0232839595754314,-0.0478614983343587,0.190720117803741));
#8055=CARTESIAN_POINT('',(0.0262460028571043,-0.0478614983343587,0.190720117803741));
#8056=CARTESIAN_POINT('',(0.0262460028571042,-0.0448614983343586,0.190720117803741));
#8057=CARTESIAN_POINT('',(0.0262460028571042,-0.0448614983343586,0.190720117803741));
#8058=CARTESIAN_POINT('',(0.0232839595754314,-0.0448614983343586,0.190720117803741));
#8059=CARTESIAN_POINT('',(-0.0262460028571046,-0.0448614983343587,0.190720117803741));
#8060=CARTESIAN_POINT('',(-0.0262460028571046,-0.0448614983343587,0.190720117803741));
#8061=CARTESIAN_POINT('',(-0.0262460028571046,-0.0478614983343587,0.190720117803741));
#8062=CARTESIAN_POINT('',(-0.0232839596033103,-0.0478614983343587,0.190720117803741));
#8063=CARTESIAN_POINT('',(-0.0112731040447298,-0.0478614983343587,0.190720117803741));
#8064=CARTESIAN_POINT('',(-0.0112731040447298,-0.0478614983343587,0.190720117803741));
#8065=CARTESIAN_POINT('',(-0.05375,-0.0537099152442088,0.36));
#8066=CARTESIAN_POINT('',(-0.0555306245862256,-0.0533355790903283,0.351099999999992));
#8067=CARTESIAN_POINT('',(-0.0577324941753475,-0.0528726856765709,0.351099999999992));
#8068=CARTESIAN_POINT('',(-0.114420102499185,-0.0409553947232827,0.250272065127522));
#8069=CARTESIAN_POINT('',(-0.0550000000278788,-0.053447130934475,0.215965852970439));
#8070=CARTESIAN_POINT('',(-0.0550000000278788,-0.0534471309344748,0.36));
#8071=CARTESIAN_POINT('',(-0.0550000000278788,-0.0534471309344748,0.279474382581298));
#8072=CARTESIAN_POINT('',(-0.0203025566513003,-0.0607414857375871,0.299506960854957));
#8073=CARTESIAN_POINT('',(-0.0123123344327168,-0.0624212497243885,0.304120117803741));
#8074=CARTESIAN_POINT('',(-0.0222219251541979,-0.0603379818048592,0.304120117803741));
#8075=CARTESIAN_POINT('',(-0.05375,-0.0537099152442088,0.36));
#8076=CARTESIAN_POINT('',(-0.1075,-0.0424101901776658,0.36));
#8077=CARTESIAN_POINT('',(-0.1075,-0.0424101901776658,0.36));
#8078=CARTESIAN_POINT('',(-0.1075,-0.0424101901776658,0.155));
#8079=CARTESIAN_POINT('',(-0.05375,-0.0537099152442088,0.155));
#8080=CARTESIAN_POINT('',(-0.0829073563750215,-0.047580238765977,0.1675));
#8081=CARTESIAN_POINT('',(-0.0851092259641434,-0.0471173453522196,0.1675));
#8082=CARTESIAN_POINT('',(-0.0379099658143704,-0.0570399251296462,0.1675));
#8083=CARTESIAN_POINT('',(-0.0401118354034924,-0.0565770317158888,0.1675));
#8084=CARTESIAN_POINT('',(-0.05036,-0.0474943830460372,0.36));
#8085=CARTESIAN_POINT('',(-0.0576098333400512,-0.0459702691200681,0.351099999999992));
#8086=CARTESIAN_POINT('',(-0.0576098333400513,-0.0459702691200681,0.349050406544369));
#8087=CARTESIAN_POINT('',(-0.0576098333400512,-0.0459702691200681,0.353149593455615));
#8088=CARTESIAN_POINT('',(-0.0558728028864107,-0.0463354405909212,0.348025609816558));
#8089=CARTESIAN_POINT('',(-0.05413577243277,-0.0467006120617742,0.347000813088747));
#8090=CARTESIAN_POINT('',(-0.0523987419791293,-0.0470657835326273,0.348025609816558));
#8091=CARTESIAN_POINT('',(-0.0506617115254887,-0.0474309550034803,0.349050406544369));
#8092=CARTESIAN_POINT('',(-0.0506617115254887,-0.0474309550034804,0.351099999999992));
#8093=CARTESIAN_POINT('',(-0.0506617115254887,-0.0474309550034803,0.353149593455616));
#8094=CARTESIAN_POINT('',(-0.0523987419791293,-0.0470657835326273,0.354174390183428));
#8095=CARTESIAN_POINT('',(-0.05413577243277,-0.0467006120617742,0.355199186911239));
#8096=CARTESIAN_POINT('',(-0.0558728028864106,-0.0463354405909212,0.354174390183427));
#8097=CARTESIAN_POINT('',(-0.0330410527536336,-0.0511353010427982,0.1675));
#8098=CARTESIAN_POINT('',(-0.0330410527536336,-0.0511353010427982,0.169549593455623));
#8099=CARTESIAN_POINT('',(-0.0330410527536336,-0.0511353010427982,0.165450406544377));
#8100=CARTESIAN_POINT('',(-0.0347780832072742,-0.0507701295719451,0.170574390183435));
#8101=CARTESIAN_POINT('',(-0.0365151136609149,-0.0504049581010921,0.171599186911246));
#8102=CARTESIAN_POINT('',(-0.0382521441145555,-0.050039786630239,0.170574390183435));
#8103=CARTESIAN_POINT('',(-0.0399891745681961,-0.0496746151593859,0.169549593455623));
#8104=CARTESIAN_POINT('',(-0.0399891745681961,-0.049674615159386,0.1675));
#8105=CARTESIAN_POINT('',(-0.0399891745681961,-0.049674615159386,0.165450406544377));
#8106=CARTESIAN_POINT('',(-0.0382521441145555,-0.050039786630239,0.164425609816565));
#8107=CARTESIAN_POINT('',(-0.0365151136609149,-0.0504049581010921,0.163400813088754));
#8108=CARTESIAN_POINT('',(-0.0347780832072742,-0.0507701295719451,0.164425609816566));
#8109=CARTESIAN_POINT('',(-0.0780384433142847,-0.041675614679129,0.1675));
#8110=CARTESIAN_POINT('',(-0.0780384433142847,-0.041675614679129,0.169549593455623));
#8111=CARTESIAN_POINT('',(-0.0780384433142847,-0.041675614679129,0.165450406544377));
#8112=CARTESIAN_POINT('',(-0.0797754737679253,-0.0413104432082759,0.170574390183435));
#8113=CARTESIAN_POINT('',(-0.081512504221566,-0.0409452717374229,0.171599186911247));
#8114=CARTESIAN_POINT('',(-0.0832495346752066,-0.0405801002665698,0.170574390183435));
#8115=CARTESIAN_POINT('',(-0.0849865651288471,-0.0402149287957168,0.169549593455623));
#8116=CARTESIAN_POINT('',(-0.0849865651288472,-0.0402149287957168,0.1675));
#8117=CARTESIAN_POINT('',(-0.0849865651288472,-0.0402149287957168,0.165450406544377));
#8118=CARTESIAN_POINT('',(-0.0832495346752066,-0.0405801002665698,0.164425609816565));
#8119=CARTESIAN_POINT('',(-0.081512504221566,-0.0409452717374229,0.163400813088754));
#8120=CARTESIAN_POINT('',(-0.0797754737679253,-0.0413104432082759,0.164425609816565));
#8121=CARTESIAN_POINT('',(-0.05036,-0.0474943830460372,0.36));
#8122=CARTESIAN_POINT('',(-0.0831596165604967,-0.0405990035219135,0.35999999999998));
#8123=CARTESIAN_POINT('',(-0.10072,-0.036907329011598,0.36));
#8124=CARTESIAN_POINT('',(-0.0831596165604967,-0.0405990035219135,0.349999999999979));
#8125=CARTESIAN_POINT('',(-0.0831596165604967,-0.0405990035219135,0.349999999999979));
#8126=CARTESIAN_POINT('',(-0.05036,-0.0474943830460372,0.349999999999979));
#8127=CARTESIAN_POINT('',(-0.064613540243384,-0.0444978977255693,0.349999999999979));
#8128=CARTESIAN_POINT('',(-0.064613540243384,-0.0444978977255693,0.349999999999979));
#8129=CARTESIAN_POINT('',(-0.064613540243384,-0.0444978977255693,0.35999999999998));
#8130=CARTESIAN_POINT('',(-0.05036,-0.0474943830460372,0.36));
#8131=CARTESIAN_POINT('',(-0.05036,-0.0474943830460372,0.311228647386727));
#8132=CARTESIAN_POINT('',(-0.0262460028571046,-0.052563807008272,0.311228647386727));
#8133=CARTESIAN_POINT('',(-0.0262460028571045,-0.052563807008272,0.36));
#8134=CARTESIAN_POINT('',(-0.0262460028571045,-0.052563807008272,0.304120117803741));
#8135=CARTESIAN_POINT('',(-0.0214008336814192,-0.0535823945354559,0.304120117803741));
#8136=CARTESIAN_POINT('',(-0.0352948151618907,-0.0506614983343588,0.304120117803741));
#8137=CARTESIAN_POINT('',(-0.05036,-0.0474943830460372,0.304120117803741));
#8138=CARTESIAN_POINT('',(-0.0585499999999981,-0.045772620287061,0.304120117803741));
#8139=CARTESIAN_POINT('',(-0.0585499999999981,-0.045772620287061,0.36));
#8140=CARTESIAN_POINT('',(-0.0585499999999981,-0.045772620287061,0.190720117803741));
#8141=CARTESIAN_POINT('',(-0.05036,-0.0474943830460372,0.190720117803741));
#8142=CARTESIAN_POINT('',(-0.0352948151618907,-0.0506614983343587,0.190720117803741));
#8143=CARTESIAN_POINT('',(-0.0243560418512212,-0.0529611286780947,0.190720117803741));
#8144=CARTESIAN_POINT('',(-0.0262460028571046,-0.052563807008272,0.190720117803741));
#8145=CARTESIAN_POINT('',(-0.0262460028571046,-0.052563807008272,0.36));
#8146=CARTESIAN_POINT('',(-0.0262460028571046,-0.052563807008272,0.184211588165009));
#8147=CARTESIAN_POINT('',(-0.05036,-0.0474943830460372,0.184211588165009));
#8148=CARTESIAN_POINT('',(-0.05036,-0.0474943830460372,0.155));
#8149=CARTESIAN_POINT('',(-0.10072,-0.036907329011598,0.155));
#8150=CARTESIAN_POINT('',(-0.10072,-0.036907329011598,0.36));
#8151=CARTESIAN_POINT('',(0.0274999999721212,-0.489879959257908,0.200088720567724));
#8152=CARTESIAN_POINT('',(0.0549999999721212,-0.489879959257908,0.215965852970439));
#8153=CARTESIAN_POINT('',(0.0549999999721212,-0.0506614983343587,0.215965852970439));
#8154=CARTESIAN_POINT('',(0.0274999999721212,-0.0506614983343587,0.200088720567724));
#8155=CARTESIAN_POINT('',(0.0514500001261538,-0.0506614983343587,0.213916259603746));
#8156=CARTESIAN_POINT('',(0.0274999999721209,-0.0506614983343587,0.200088720567724));
#8157=CARTESIAN_POINT('',(0.0352948151618914,-0.0506614983343587,0.204589059215822));
#8158=CARTESIAN_POINT('',(0.0352948151618914,-0.0478614983343586,0.204589059215822));
#8159=CARTESIAN_POINT('',(0.0352948151618914,-0.0478614983343586,0.204589059215822));
#8160=CARTESIAN_POINT('',(0.0232839595754319,-0.0478614983343587,0.197654588509781));
#8161=CARTESIAN_POINT('',(-0.0275000000278788,-0.489879959257908,0.200088720567724));
#8162=CARTESIAN_POINT('',(-0.0232839596033107,-0.0478614983343587,0.197654588493686));
#8163=CARTESIAN_POINT('',(-0.0352948151618916,-0.0478614983343587,0.20458905918363));
#8164=CARTESIAN_POINT('',(-0.0352948151618916,-0.0478614983343587,0.20458905918363));
#8165=CARTESIAN_POINT('',(-0.0352948151618916,-0.0506614983343587,0.20458905918363));
#8166=CARTESIAN_POINT('',(-0.0275000000278791,-0.0506614983343587,0.200088720567724));
#8167=CARTESIAN_POINT('',(-0.0550000000278788,-0.0506614983343587,0.215965852970439));
#8168=CARTESIAN_POINT('',(-0.0550000000278788,-0.489879959257908,0.215965852970439));
#8169=CARTESIAN_POINT('',(-0.0238035747973037,-0.0678614983343587,0.304120117803741));
#8170=CARTESIAN_POINT('',(-0.0123123344327168,-0.0650116403107519,0.304120117803741));
#8171=CARTESIAN_POINT('',(-0.0123123344327168,-0.0478614983343587,0.304120117803741));
#8172=CARTESIAN_POINT('',(-0.0238035747973037,-0.0478614983343587,0.304120117803741));
#8173=CARTESIAN_POINT('',(-0.0262460028571045,-0.0478614983343587,0.304120117803741));
#8174=CARTESIAN_POINT('',(-0.0262460028571045,-0.0678614983343587,0.304120117803741));
#8175=CARTESIAN_POINT('',(-0.0262460028571046,-0.0438614983343587,0.304120117803741));
#8176=CARTESIAN_POINT('',(-0.0238035747973037,-0.0438614983343587,0.304120117803741));
#8177=CARTESIAN_POINT('',(0.0262460028571042,-0.0438614983343587,0.304120117803741));
#8178=CARTESIAN_POINT('',(0.0262460028571043,-0.0678614983343587,0.304120117803741));
#8179=CARTESIAN_POINT('',(0.0262460028571043,-0.0478614983343587,0.304120117803741));
#8180=CARTESIAN_POINT('',(0.0238035747694249,-0.0478614983343587,0.304120117803741));
#8181=CARTESIAN_POINT('',(0.0123123343769594,-0.0478614983343587,0.304120117803741));
#8182=CARTESIAN_POINT('',(0.0123123343769594,-0.0650116403107519,0.304120117803741));
#8183=CARTESIAN_POINT('',(0.0274999999721212,-0.489879959257908,0.295351514984012));
#8184=CARTESIAN_POINT('',(0.023803574769425,-0.0478614983343587,0.297485647069828));
#8185=CARTESIAN_POINT('',(0.0352948151618907,-0.0478614983343587,0.290851176335916));
#8186=CARTESIAN_POINT('',(0.0352948151618907,-0.0650116403107519,0.290851176335916));
#8187=CARTESIAN_POINT('',(0.0352948151618906,-0.0506614983343587,0.290851176335916));
#8188=CARTESIAN_POINT('',(0.0274999999721208,-0.0506614983343587,0.295351514984012));
#8189=CARTESIAN_POINT('',(0.0514500001261538,-0.0506614983343586,0.28152397594799));
#8190=CARTESIAN_POINT('',(0.0274999999721212,-0.0506614983343587,0.295351514984012));
#8191=CARTESIAN_POINT('',(0.0549999999721212,-0.0506614983343587,0.279474382581298));
#8192=CARTESIAN_POINT('',(0.0549999999721212,-0.489879959257908,0.279474382581298));
#8193=CARTESIAN_POINT('',(-0.0275000000278788,-0.489879959257908,0.295351514984012));
#8194=CARTESIAN_POINT('',(-0.0550000000278788,-0.489879959257908,0.279474382581298));
#8195=CARTESIAN_POINT('',(-0.0550000000278788,-0.0506614983343587,0.279474382581298));
#8196=CARTESIAN_POINT('',(-0.0275000000278791,-0.0506614983343587,0.295351514984012));
#8197=CARTESIAN_POINT('',(-0.035294815161891,-0.0506614983343587,0.290851176368107));
#8198=CARTESIAN_POINT('',(-0.035294815161891,-0.0650116403107519,0.290851176368107));
#8199=CARTESIAN_POINT('',(-0.035294815161891,-0.0478614983343587,0.290851176368107));
#8200=CARTESIAN_POINT('',(-0.0238035747973039,-0.0478614983343587,0.297485647085924));
#8201=CARTESIAN_POINT('',(-0.0238035747973037,-0.0650116403107519,0.304120117803741));
#8202=CARTESIAN_POINT('',(-0.0262460028571045,-0.0678614983343587,0.304120117803741));
#8203=CARTESIAN_POINT('',(-0.0238035747973037,-0.0478614983343587,0.304120117803741));
#8204=CARTESIAN_POINT('',(-0.0352948151618907,-0.0478614983343588,0.304120117803741));
#8205=CARTESIAN_POINT('',(-0.0352948151618907,-0.0650116403107519,0.304120117803741));
#8206=CARTESIAN_POINT('',(0.0238035747694249,-0.0650116403107519,0.304120117803741));
#8207=CARTESIAN_POINT('',(0.0262460028571043,-0.0678614983343587,0.304120117803741));
#8208=CARTESIAN_POINT('',(0.0352948151618905,-0.0650116403107519,0.304120117803741));
#8209=CARTESIAN_POINT('',(0.0352948151618905,-0.0478614983343587,0.304120117803741));
#8210=CARTESIAN_POINT('',(0.0238035747694249,-0.0478614983343587,0.304120117803741));
#8211=CARTESIAN_POINT('',(-0.0550000000278788,-0.489879959257908,0.247720117775868));
#8212=CARTESIAN_POINT('',(-0.0550000000278788,-0.0506614983343587,0.247720117775868));
#8213=CARTESIAN_POINT('',(0.0825,8.19869473902323E-5,0.1675));
#8214=CARTESIAN_POINT('',(0.1075,8.19869473902363E-5,0.1675));
#8215=CARTESIAN_POINT('',(0.1075,-0.00216801305260976,0.1675));
#8216=CARTESIAN_POINT('',(0.10422,8.19869473902358E-5,0.1675));
#8217=CARTESIAN_POINT('',(0.10422,0.00233198694739024,0.1675));
#8218=CARTESIAN_POINT('',(-0.0825,8.19869473901579E-5,0.1675));
#8219=CARTESIAN_POINT('',(-0.1075,8.19869473901497E-5,0.1675));
#8220=CARTESIAN_POINT('',(-0.1075,0.00233198694739015,0.1675));
#8221=CARTESIAN_POINT('',(-0.10422,8.19869473901508E-5,0.1675));
#8222=CARTESIAN_POINT('',(-0.10422,-0.00216801305260985,0.1675));
#8223=CARTESIAN_POINT('',(0.0777640962221612,-0.0231150211090664,0.1675));
#8224=CARTESIAN_POINT('',(0.082232560642966,-0.0443704022093901,0.1675));
#8225=CARTESIAN_POINT('',(0.084434430232088,-0.0439075087956327,0.1675));
#8226=CARTESIAN_POINT('',(0.0327667056615102,-0.0325747074727357,0.1675));
#8227=CARTESIAN_POINT('',(0.037235170082315,-0.0538300885730595,0.1675));
#8228=CARTESIAN_POINT('',(0.0394370396714369,-0.0533671951593021,0.1675));
#8229=CARTESIAN_POINT('',(-0.0327667056615105,-0.0325747074727357,0.1675));
#8230=CARTESIAN_POINT('',(-0.0372351700823152,-0.0538300885730595,0.1675));
#8231=CARTESIAN_POINT('',(-0.0350333004931933,-0.0542929819868169,0.1675));
#8232=CARTESIAN_POINT('',(-0.0777640962221616,-0.0231150211090666,0.1675));
#8233=CARTESIAN_POINT('',(-0.0822325606429663,-0.0443704022093903,0.1675));
#8234=CARTESIAN_POINT('',(-0.0800306910538444,-0.0448332956231477,0.1675));
#8235=CARTESIAN_POINT('',(-0.12572,0.0270000000000009,0.334648253338711));
#8236=CARTESIAN_POINT('',(-0.10072,0.027000000000001,0.334648253338711));
#8237=CARTESIAN_POINT('',(-0.10072,0.024750000000001,0.334648253338711));
#8238=CARTESIAN_POINT('',(-0.104,0.0270000000000009,0.334648253338711));
#8239=CARTESIAN_POINT('',(-0.104,0.0292500000000009,0.334648253338711));
#8240=CARTESIAN_POINT('',(-0.12572,-0.0187999999999982,0.165648253338715));
#8241=CARTESIAN_POINT('',(-0.10072,-0.0187999999999982,0.165648253338715));
#8242=CARTESIAN_POINT('',(-0.10072,-0.0210499999999982,0.165648253338715));
#8243=CARTESIAN_POINT('',(-0.104,-0.0187999999999982,0.165648253338715));
#8244=CARTESIAN_POINT('',(-0.104,-0.0165499999999983,0.165648253338715));
#8245=CARTESIAN_POINT('',(-0.12572,0.0270000000000018,0.165648253338715));
#8246=CARTESIAN_POINT('',(-0.10072,0.0270000000000018,0.165648253338715));
#8247=CARTESIAN_POINT('',(-0.10072,0.0247500000000019,0.165648253338715));
#8248=CARTESIAN_POINT('',(-0.104,0.0270000000000018,0.165648253338715));
#8249=CARTESIAN_POINT('',(-0.104,0.0292500000000018,0.165648253338715));
#8250=CARTESIAN_POINT('',(-0.12572,-0.0187999999999992,0.334648253338711));
#8251=CARTESIAN_POINT('',(-0.10072,-0.0187999999999992,0.334648253338711));
#8252=CARTESIAN_POINT('',(-0.10072,-0.0210499999999991,0.334648253338711));
#8253=CARTESIAN_POINT('',(-0.104,-0.0187999999999992,0.334648253338711));
#8254=CARTESIAN_POINT('',(-0.104,-0.0165499999999992,0.334648253338711));
#8255=CARTESIAN_POINT('',(0.1545,0.0279819869473881,0.2575));
#8256=CARTESIAN_POINT('',(0.1075,0.027981986947388,0.2575));
#8257=CARTESIAN_POINT('',(0.1075,0.030231986947388,0.2575));
#8258=CARTESIAN_POINT('',(0.10422,0.027981986947388,0.2575));
#8259=CARTESIAN_POINT('',(0.10422,0.030231986947388,0.2575));
#8260=CARTESIAN_POINT('',(0.1545,0.027981986947388,0.175));
#8261=CARTESIAN_POINT('',(0.1075,0.027981986947388,0.175));
#8262=CARTESIAN_POINT('',(0.1075,0.030231986947388,0.175));
#8263=CARTESIAN_POINT('',(0.10422,0.027981986947388,0.175));
#8264=CARTESIAN_POINT('',(0.10422,0.030231986947388,0.175));
#8265=CARTESIAN_POINT('',(0.1545,0.0279819869473881,0.345));
#8266=CARTESIAN_POINT('',(0.1075,0.0279819869473881,0.345));
#8267=CARTESIAN_POINT('',(0.1075,0.0302319869473881,0.345));
#8268=CARTESIAN_POINT('',(0.10422,0.0279819869473881,0.345));
#8269=CARTESIAN_POINT('',(0.10422,0.0302319869473881,0.345));
#8270=CARTESIAN_POINT('',(0.1545,0.0279819869473881,0.2575));
#8271=CARTESIAN_POINT('',(-0.1075,0.027981986947388,0.2575));
#8272=CARTESIAN_POINT('',(-0.1075,0.030231986947388,0.2575));
#8273=CARTESIAN_POINT('',(-0.10422,0.027981986947388,0.2575));
#8274=CARTESIAN_POINT('',(-0.10422,0.025731986947388,0.2575));
#8275=CARTESIAN_POINT('',(0.1545,0.027981986947388,0.175));
#8276=CARTESIAN_POINT('',(-0.1075,0.027981986947388,0.175));
#8277=CARTESIAN_POINT('',(-0.1075,0.030231986947388,0.175));
#8278=CARTESIAN_POINT('',(-0.10422,0.027981986947388,0.175));
#8279=CARTESIAN_POINT('',(-0.10422,0.025731986947388,0.175));
#8280=CARTESIAN_POINT('',(0.1545,0.0279819869473881,0.345));
#8281=CARTESIAN_POINT('',(-0.1075,0.027981986947388,0.345));
#8282=CARTESIAN_POINT('',(-0.1075,0.030231986947388,0.345));
#8283=CARTESIAN_POINT('',(-0.10422,0.027981986947388,0.345));
#8284=CARTESIAN_POINT('',(-0.10422,0.025731986947388,0.345));
#8285=CARTESIAN_POINT('',(-0.1075,-6.03683769639929E-16,0.36));
#8286=CARTESIAN_POINT('',(-0.1075,-0.0119138085037489,0.351099999999992));
#8287=CARTESIAN_POINT('',(-0.1075,-0.0141638085037489,0.351099999999992));
#8288=CARTESIAN_POINT('',(-0.1075,-0.00851380850374837,0.24));
#8289=CARTESIAN_POINT('',(-0.1075,-0.0325138085037484,0.24));
#8290=CARTESIAN_POINT('',(-0.1075,-0.0170249999999972,0.331573863155277));
#8291=CARTESIAN_POINT('',(-0.1075,-0.0152499999999978,0.33259865988309));
#8292=CARTESIAN_POINT('',(-0.1075,-0.0187999999999965,0.330549066427465));
#8293=CARTESIAN_POINT('',(-0.1075,-0.0152499999999992,0.334648253338713));
#8294=CARTESIAN_POINT('',(-0.1075,-0.0152500000000005,0.336697846794336));
#8295=CARTESIAN_POINT('',(-0.1075,-0.0170250000000012,0.337722643522146));
#8296=CARTESIAN_POINT('',(-0.1075,-0.0188000000000018,0.338747440249957));
#8297=CARTESIAN_POINT('',(-0.1075,-0.0205750000000012,0.337722643522144));
#8298=CARTESIAN_POINT('',(-0.1075,-0.0223500000000004,0.336697846794332));
#8299=CARTESIAN_POINT('',(-0.1075,-0.0223499999999992,0.334648253338709));
#8300=CARTESIAN_POINT('',(-0.1075,-0.0223499999999979,0.332598659883085));
#8301=CARTESIAN_POINT('',(-0.1075,-0.0205749999999971,0.331573863155275));
#8302=CARTESIAN_POINT('',(-0.1075,0.0287750000000007,0.162573863155281));
#8303=CARTESIAN_POINT('',(-0.1075,0.0305500000000005,0.163598659883093));
#8304=CARTESIAN_POINT('',(-0.1075,0.0270000000000009,0.161549066427469));
#8305=CARTESIAN_POINT('',(-0.1075,0.03055,0.165648253338716));
#8306=CARTESIAN_POINT('',(-0.1075,0.0305499999999996,0.167697846794339));
#8307=CARTESIAN_POINT('',(-0.1075,0.0287749999999993,0.16872264352215));
#8308=CARTESIAN_POINT('',(-0.1075,0.026999999999999,0.169747440249961));
#8309=CARTESIAN_POINT('',(-0.1075,0.0252249999999993,0.168722643522149));
#8310=CARTESIAN_POINT('',(-0.1075,0.0234499999999996,0.167697846794337));
#8311=CARTESIAN_POINT('',(-0.1075,0.02345,0.165648253338714));
#8312=CARTESIAN_POINT('',(-0.1075,0.0234500000000005,0.163598659883091));
#8313=CARTESIAN_POINT('',(-0.1075,0.0252250000000006,0.16257386315528));
#8314=CARTESIAN_POINT('',(-0.1075,-0.0170249999999972,0.162573863155281));
#8315=CARTESIAN_POINT('',(-0.1075,-0.0152499999999975,0.163598659883093));
#8316=CARTESIAN_POINT('',(-0.1075,-0.0187999999999968,0.161549066427468));
#8317=CARTESIAN_POINT('',(-0.1075,-0.0152499999999983,0.165648253338716));
#8318=CARTESIAN_POINT('',(-0.1075,-0.015249999999999,0.167697846794339));
#8319=CARTESIAN_POINT('',(-0.1075,-0.0170249999999993,0.16872264352215));
#8320=CARTESIAN_POINT('',(-0.1075,-0.0187999999999997,0.169747440249961));
#8321=CARTESIAN_POINT('',(-0.1075,-0.0205749999999993,0.168722643522149));
#8322=CARTESIAN_POINT('',(-0.1075,-0.022349999999999,0.167697846794337));
#8323=CARTESIAN_POINT('',(-0.1075,-0.0223499999999982,0.165648253338713));
#8324=CARTESIAN_POINT('',(-0.1075,-0.0223499999999975,0.16359865988309));
#8325=CARTESIAN_POINT('',(-0.1075,-0.0205749999999971,0.162573863155279));
#8326=CARTESIAN_POINT('',(-0.1075,0.0252249999999992,0.331573863155277));
#8327=CARTESIAN_POINT('',(-0.1075,0.0269999999999987,0.330549066427465));
#8328=CARTESIAN_POINT('',(-0.1075,0.0234499999999998,0.33259865988309));
#8329=CARTESIAN_POINT('',(-0.1075,0.0287749999999993,0.331573863155275));
#8330=CARTESIAN_POINT('',(-0.1075,0.03055,0.332598659883086));
#8331=CARTESIAN_POINT('',(-0.1075,0.0305500000000009,0.334648253338709));
#8332=CARTESIAN_POINT('',(-0.1075,0.030550000000002,0.336697846794332));
#8333=CARTESIAN_POINT('',(-0.1075,0.0287750000000025,0.337722643522144));
#8334=CARTESIAN_POINT('',(-0.1075,0.0270000000000031,0.338747440249957));
#8335=CARTESIAN_POINT('',(-0.1075,0.0252250000000026,0.337722643522146));
#8336=CARTESIAN_POINT('',(-0.1075,0.023450000000002,0.336697846794336));
#8337=CARTESIAN_POINT('',(-0.1075,0.0234500000000009,0.334648253338713));
#8338=CARTESIAN_POINT('',(-0.1075,0.035481986947388,-0.047));
#8339=CARTESIAN_POINT('',(-0.1075,0.035481986947388,0.155));
#8340=CARTESIAN_POINT('',(-0.1075,0.035481986947388,0.36));
#8341=CARTESIAN_POINT('',(-0.1075,-6.03683769639929E-16,0.155));
#8342=CARTESIAN_POINT('',(-0.1075,-6.03683769639929E-16,0.36));
#8343=CARTESIAN_POINT('',(-2.77555756156289E-17,0.,0.36));
#8344=CARTESIAN_POINT('',(-0.0768840175580205,-0.0374978977255693,0.35999999999998));
#8345=CARTESIAN_POINT('',(-0.0768840175580205,-0.0444978977255693,0.35999999999998));
#8346=CARTESIAN_POINT('',(-0.10072,0.,0.36));
#8347=CARTESIAN_POINT('',(-0.10072,0.0369073290115957,0.36));
#8348=CARTESIAN_POINT('',(-0.05375,0.0467817120139311,0.36));
#8349=CARTESIAN_POINT('',(0.1075,-4.78783679369599E-16,0.36));
#8350=CARTESIAN_POINT('',(0.1075,0.0354819869473878,0.36));
#8351=CARTESIAN_POINT('',(0.05036,0.047494383046037,0.36));
#8352=CARTESIAN_POINT('',(0.10072,0.0369073290115976,0.36));
#8353=CARTESIAN_POINT('',(0.10072,0.,0.36));
#8354=CARTESIAN_POINT('',(-0.0707487789007022,-0.0444978977255693,0.35999999999998));
#8355=CARTESIAN_POINT('',(-2.77555756156289E-17,0.,0.155));
#8356=CARTESIAN_POINT('',(-0.0116935105531359,0.0556231402560433,0.155));
#8357=CARTESIAN_POINT('',(-0.10072,0.0369073290115979,0.155));
#8358=CARTESIAN_POINT('',(-0.10072,0.,0.155));
#8359=CARTESIAN_POINT('',(0.10072,0.,0.155));
#8360=CARTESIAN_POINT('',(0.10072,0.0369073290115976,0.155));
#8361=CARTESIAN_POINT('',(0.0116935105531365,0.0556231402560454,0.155));
#8362=CARTESIAN_POINT('',(0.1075,0.0354819869473899,0.155));
#8363=CARTESIAN_POINT('',(0.1075,-4.78783679369599E-16,0.155));
#8364=CARTESIAN_POINT('',(0.0897,-2.73779434385559E-18,0.3359));
#8365=CARTESIAN_POINT('',(0.1115,8.28987282717778E-19,0.3359));
#8366=CARTESIAN_POINT('',(0.1115,-0.00224999999999997,0.3359));
#8367=CARTESIAN_POINT('',(0.10372,-4.43928361995105E-19,0.3359));
#8368=CARTESIAN_POINT('',(0.10372,0.00224999999999997,0.3359));
#8369=CARTESIAN_POINT('',(0.0897,4.61008645102852E-18,0.2959));
#8370=CARTESIAN_POINT('',(0.1115,8.17686807760188E-18,0.2959));
#8371=CARTESIAN_POINT('',(0.1115,-0.00224999999999997,0.2959));
#8372=CARTESIAN_POINT('',(0.10372,6.903952432889E-18,0.2959));
#8373=CARTESIAN_POINT('',(0.10372,0.00224999999999998,0.2959));
#8374=CARTESIAN_POINT('',(0.1075,-4.78783679369599E-16,0.36));
#8375=CARTESIAN_POINT('',(0.1075,-0.0119138085037489,0.351099999999992));
#8376=CARTESIAN_POINT('',(0.1075,-0.00966380850374894,0.351099999999992));
#8377=CARTESIAN_POINT('',(0.1075,-0.00851380850374829,0.24));
#8378=CARTESIAN_POINT('',(0.1075,0.0154861914962517,0.24));
#8379=CARTESIAN_POINT('',(0.1075,0.0354819869473878,-0.047));
#8380=CARTESIAN_POINT('',(0.1075,0.024,0.32695));
#8381=CARTESIAN_POINT('',(0.1075,0.029,0.32695));
#8382=CARTESIAN_POINT('',(0.1075,0.0257470574775945,0.331634846867292));
#8383=CARTESIAN_POINT('',(0.1075,0.029,0.3159));
#8384=CARTESIAN_POINT('',(0.1075,0.029,0.30485));
#8385=CARTESIAN_POINT('',(0.1075,0.024,0.30485));
#8386=CARTESIAN_POINT('',(0.1075,0.0257470574775945,0.300165153132708));
#8387=CARTESIAN_POINT('',(0.1075,0.0137470574775945,0.295690153132708));
#8388=CARTESIAN_POINT('',(0.1075,0.00174705747759452,0.291215153132708));
#8389=CARTESIAN_POINT('',(0.1075,7.91467585914418E-18,0.2959));
#8390=CARTESIAN_POINT('',(0.1075,-0.00174705747759449,0.291215153132708));
#8391=CARTESIAN_POINT('',(0.1075,-0.0137470574775945,0.295690153132708));
#8392=CARTESIAN_POINT('',(0.1075,-0.0257470574775945,0.300165153132708));
#8393=CARTESIAN_POINT('',(0.1075,-0.024,0.30485));
#8394=CARTESIAN_POINT('',(0.1075,-0.029,0.30485));
#8395=CARTESIAN_POINT('',(0.1075,-0.029,0.3159));
#8396=CARTESIAN_POINT('',(0.1075,-0.029,0.32695));
#8397=CARTESIAN_POINT('',(0.1075,-0.024,0.32695));
#8398=CARTESIAN_POINT('',(0.1075,-0.0257470574775945,0.331634846867292));
#8399=CARTESIAN_POINT('',(0.1075,-0.0137470574775945,0.336109846867293));
#8400=CARTESIAN_POINT('',(0.1075,-0.00174705747759445,0.340584846867293));
#8401=CARTESIAN_POINT('',(0.1075,5.42101086242752E-18,0.3359));
#8402=CARTESIAN_POINT('',(0.1075,0.00174705747759451,0.340584846867293));
#8403=CARTESIAN_POINT('',(0.1075,0.0137470574775945,0.336109846867293));
#8404=CARTESIAN_POINT('',(-0.10072,0.,0.36));
#8405=CARTESIAN_POINT('',(-0.10072,-0.010138808503749,0.348025609816558));
#8406=CARTESIAN_POINT('',(-0.10072,-0.011913808503749,0.347000813088746));
#8407=CARTESIAN_POINT('',(-0.10072,-0.00836380850374893,0.349050406544369));
#8408=CARTESIAN_POINT('',(-0.10072,-0.0136888085037489,0.348025609816558));
#8409=CARTESIAN_POINT('',(-0.10072,-0.0154638085037488,0.349050406544369));
#8410=CARTESIAN_POINT('',(-0.10072,-0.015463808503749,0.351099999999992));
#8411=CARTESIAN_POINT('',(-0.10072,-0.0154638085037489,0.353149593455615));
#8412=CARTESIAN_POINT('',(-0.10072,-0.0136888085037489,0.354174390183427));
#8413=CARTESIAN_POINT('',(-0.10072,-0.0119138085037489,0.355199186911239));
#8414=CARTESIAN_POINT('',(-0.10072,-0.0101388085037489,0.354174390183427));
#8415=CARTESIAN_POINT('',(-0.10072,-0.00836380850374895,0.353149593455615));
#8416=CARTESIAN_POINT('',(-0.10072,-0.00836380850374895,0.351099999999992));
#8417=CARTESIAN_POINT('',(-0.10072,-0.0125638085037484,0.247014805770654));
#8418=CARTESIAN_POINT('',(-0.10072,-0.00851380850374839,0.249353074360872));
#8419=CARTESIAN_POINT('',(-0.10072,-0.0166138085037484,0.244676537180436));
#8420=CARTESIAN_POINT('',(-0.10072,-0.00446380850374835,0.247014805770654));
#8421=CARTESIAN_POINT('',(-0.10072,-0.000413808503748392,0.244676537180436));
#8422=CARTESIAN_POINT('',(-0.10072,-0.000413808503748383,0.24));
#8423=CARTESIAN_POINT('',(-0.10072,-0.000413808503748396,0.235323462819564));
#8424=CARTESIAN_POINT('',(-0.10072,-0.00446380850374843,0.232985194229346));
#8425=CARTESIAN_POINT('',(-0.10072,-0.00851380850374842,0.230646925639128));
#8426=CARTESIAN_POINT('',(-0.10072,-0.0125638085037484,0.232985194229346));
#8427=CARTESIAN_POINT('',(-0.10072,-0.0166138085037484,0.235323462819564));
#8428=CARTESIAN_POINT('',(-0.10072,-0.0166138085037484,0.24));
#8429=CARTESIAN_POINT('',(-0.10072,0.00185698694739019,0.164425609816565));
#8430=CARTESIAN_POINT('',(-0.10072,8.19869473901948E-5,0.163400813088754));
#8431=CARTESIAN_POINT('',(-0.10072,0.00363198694739017,0.165450406544377));
#8432=CARTESIAN_POINT('',(-0.10072,-0.0016930130526099,0.164425609816565));
#8433=CARTESIAN_POINT('',(-0.10072,-0.00346801305260992,0.165450406544377));
#8434=CARTESIAN_POINT('',(-0.10072,-0.00346801305260985,0.1675));
#8435=CARTESIAN_POINT('',(-0.10072,-0.00346801305260987,0.169549593455623));
#8436=CARTESIAN_POINT('',(-0.10072,-0.00169301305260987,0.170574390183435));
#8437=CARTESIAN_POINT('',(-0.10072,8.19869473901104E-5,0.171599186911247));
#8438=CARTESIAN_POINT('',(-0.10072,0.00185698694739014,0.170574390183435));
#8439=CARTESIAN_POINT('',(-0.10072,0.00363198694739016,0.169549593455623));
#8440=CARTESIAN_POINT('',(-0.10072,0.00363198694739015,0.1675));
#8441=CARTESIAN_POINT('',(-0.10072,0.024431986947388,0.345));
#8442=CARTESIAN_POINT('',(-0.10072,0.024431986947388,0.347049593455623));
#8443=CARTESIAN_POINT('',(-0.10072,0.024431986947388,0.342950406544376));
#8444=CARTESIAN_POINT('',(-0.10072,0.026206986947388,0.348074390183435));
#8445=CARTESIAN_POINT('',(-0.10072,0.0279819869473879,0.349099186911247));
#8446=CARTESIAN_POINT('',(-0.10072,0.0297569869473879,0.348074390183435));
#8447=CARTESIAN_POINT('',(-0.10072,0.031531986947388,0.347049593455623));
#8448=CARTESIAN_POINT('',(-0.10072,0.031531986947388,0.345));
#8449=CARTESIAN_POINT('',(-0.10072,0.031531986947388,0.342950406544377));
#8450=CARTESIAN_POINT('',(-0.10072,0.0297569869473879,0.341925609816566));
#8451=CARTESIAN_POINT('',(-0.10072,0.0279819869473879,0.340900813088754));
#8452=CARTESIAN_POINT('',(-0.10072,0.026206986947388,0.341925609816566));
#8453=CARTESIAN_POINT('',(-0.10072,0.0315319869473881,0.175));
#8454=CARTESIAN_POINT('',(-0.10072,0.0315319869473881,0.172950406544377));
#8455=CARTESIAN_POINT('',(-0.10072,0.0315319869473881,0.177049593455623));
#8456=CARTESIAN_POINT('',(-0.10072,0.029756986947388,0.171925609816565));
#8457=CARTESIAN_POINT('',(-0.10072,0.027981986947388,0.170900813088754));
#8458=CARTESIAN_POINT('',(-0.10072,0.0262069869473879,0.171925609816565));
#8459=CARTESIAN_POINT('',(-0.10072,0.024431986947388,0.172950406544377));
#8460=CARTESIAN_POINT('',(-0.10072,0.0244319869473879,0.175));
#8461=CARTESIAN_POINT('',(-0.10072,0.0244319869473879,0.177049593455623));
#8462=CARTESIAN_POINT('',(-0.10072,0.026206986947388,0.178074390183435));
#8463=CARTESIAN_POINT('',(-0.10072,0.0279819869473879,0.179099186911247));
#8464=CARTESIAN_POINT('',(-0.10072,0.029756986947388,0.178074390183435));
#8465=CARTESIAN_POINT('',(-0.10072,0.031531986947388,0.2575));
#8466=CARTESIAN_POINT('',(-0.10072,0.0315319869473879,0.255450406544377));
#8467=CARTESIAN_POINT('',(-0.10072,0.031531986947388,0.259549593455623));
#8468=CARTESIAN_POINT('',(-0.10072,0.0297569869473879,0.254425609816565));
#8469=CARTESIAN_POINT('',(-0.10072,0.0279819869473878,0.253400813088754));
#8470=CARTESIAN_POINT('',(-0.10072,0.026206986947388,0.254425609816565));
#8471=CARTESIAN_POINT('',(-0.10072,0.024431986947388,0.255450406544377));
#8472=CARTESIAN_POINT('',(-0.10072,0.024431986947388,0.2575));
#8473=CARTESIAN_POINT('',(-0.10072,0.024431986947388,0.259549593455624));
#8474=CARTESIAN_POINT('',(-0.10072,0.026206986947388,0.260574390183435));
#8475=CARTESIAN_POINT('',(-0.10072,0.027981986947388,0.261599186911247));
#8476=CARTESIAN_POINT('',(-0.10072,0.029756986947388,0.260574390183435));
#8477=CARTESIAN_POINT('',(-0.10072,0.0369073290115979,0.36));
#8478=CARTESIAN_POINT('',(0.10072,0.,0.36));
#8479=CARTESIAN_POINT('',(0.10072,-0.0101388085037489,0.354174390183427));
#8480=CARTESIAN_POINT('',(0.10072,-0.0119138085037489,0.355199186911239));
#8481=CARTESIAN_POINT('',(0.10072,-0.00836380850374894,0.353149593455615));
#8482=CARTESIAN_POINT('',(0.10072,-0.0136888085037489,0.354174390183428));
#8483=CARTESIAN_POINT('',(0.10072,-0.015463808503749,0.353149593455616));
#8484=CARTESIAN_POINT('',(0.10072,-0.0154638085037489,0.351099999999992));
#8485=CARTESIAN_POINT('',(0.10072,-0.015463808503749,0.349050406544369));
#8486=CARTESIAN_POINT('',(0.10072,-0.0136888085037489,0.348025609816558));
#8487=CARTESIAN_POINT('',(0.10072,-0.0119138085037489,0.347000813088746));
#8488=CARTESIAN_POINT('',(0.10072,-0.0101388085037489,0.348025609816558));
#8489=CARTESIAN_POINT('',(0.10072,-0.00836380850374894,0.349050406544369));
#8490=CARTESIAN_POINT('',(0.10072,-0.00836380850374892,0.351099999999992));
#8491=CARTESIAN_POINT('',(0.10072,0.000586191496251791,0.235323462819564));
#8492=CARTESIAN_POINT('',(0.10072,0.000586191496251791,0.235323462819564));
#8493=CARTESIAN_POINT('',(0.10072,-0.000413808503748209,0.235323462819564));
#8494=CARTESIAN_POINT('',(0.10072,0.000586191496251795,0.24));
#8495=CARTESIAN_POINT('',(0.10072,0.000586191496251795,0.244676537180436));
#8496=CARTESIAN_POINT('',(0.10072,0.000586191496251792,0.244676537180436));
#8497=CARTESIAN_POINT('',(0.10072,-0.000413808503748209,0.244676537180436));
#8498=CARTESIAN_POINT('',(0.10072,-0.00446380850374822,0.247014805770654));
#8499=CARTESIAN_POINT('',(0.10072,-0.00851380850374823,0.249353074360872));
#8500=CARTESIAN_POINT('',(0.10072,-0.0125638085037482,0.247014805770654));
#8501=CARTESIAN_POINT('',(0.10072,-0.0166138085037482,0.244676537180436));
#8502=CARTESIAN_POINT('',(0.10072,-0.0176138085037482,0.244676537180436));
#8503=CARTESIAN_POINT('',(0.10072,-0.0176138085037482,0.244676537180436));
#8504=CARTESIAN_POINT('',(0.10072,-0.0176138085037482,0.24));
#8505=CARTESIAN_POINT('',(0.10072,-0.0176138085037482,0.235323462819564));
#8506=CARTESIAN_POINT('',(0.10072,-0.0176138085037482,0.235323462819564));
#8507=CARTESIAN_POINT('',(0.10072,-0.0166138085037482,0.235323462819564));
#8508=CARTESIAN_POINT('',(0.10072,-0.0125638085037482,0.232985194229346));
#8509=CARTESIAN_POINT('',(0.10072,-0.00851380850374819,0.230646925639128));
#8510=CARTESIAN_POINT('',(0.10072,-0.00446380850374821,0.232985194229346));
#8511=CARTESIAN_POINT('',(0.10072,0.00185698694739023,0.170574390183435));
#8512=CARTESIAN_POINT('',(0.10072,8.19869473902004E-5,0.171599186911247));
#8513=CARTESIAN_POINT('',(0.10072,0.00363198694739025,0.169549593455623));
#8514=CARTESIAN_POINT('',(0.10072,-0.00169301305260977,0.170574390183435));
#8515=CARTESIAN_POINT('',(0.10072,-0.00346801305260975,0.169549593455623));
#8516=CARTESIAN_POINT('',(0.10072,-0.00346801305260977,0.1675));
#8517=CARTESIAN_POINT('',(0.10072,-0.00346801305260974,0.165450406544377));
#8518=CARTESIAN_POINT('',(0.10072,-0.00169301305260975,0.164425609816565));
#8519=CARTESIAN_POINT('',(0.10072,8.19869473902622E-5,0.163400813088754));
#8520=CARTESIAN_POINT('',(0.10072,0.00185698694739023,0.164425609816565));
#8521=CARTESIAN_POINT('',(0.10072,0.00363198694739022,0.165450406544377));
#8522=CARTESIAN_POINT('',(0.10072,0.00363198694739023,0.1675));
#8523=CARTESIAN_POINT('',(0.10072,0.0315319869473881,0.345));
#8524=CARTESIAN_POINT('',(0.10072,0.031531986947388,0.347049593455623));
#8525=CARTESIAN_POINT('',(0.10072,0.0315319869473881,0.342950406544377));
#8526=CARTESIAN_POINT('',(0.10072,0.029756986947388,0.348074390183435));
#8527=CARTESIAN_POINT('',(0.10072,0.027981986947388,0.349099186911246));
#8528=CARTESIAN_POINT('',(0.10072,0.0262069869473881,0.348074390183435));
#8529=CARTESIAN_POINT('',(0.10072,0.0244319869473881,0.347049593455623));
#8530=CARTESIAN_POINT('',(0.10072,0.0244319869473881,0.345));
#8531=CARTESIAN_POINT('',(0.10072,0.0244319869473882,0.342950406544376));
#8532=CARTESIAN_POINT('',(0.10072,0.0262069869473881,0.341925609816565));
#8533=CARTESIAN_POINT('',(0.10072,0.0279819869473881,0.340900813088754));
#8534=CARTESIAN_POINT('',(0.10072,0.0297569869473881,0.341925609816566));
#8535=CARTESIAN_POINT('',(0.10072,0.0315319869473881,0.175));
#8536=CARTESIAN_POINT('',(0.10072,0.0315319869473881,0.177049593455623));
#8537=CARTESIAN_POINT('',(0.10072,0.0315319869473881,0.172950406544377));
#8538=CARTESIAN_POINT('',(0.10072,0.0297569869473881,0.178074390183435));
#8539=CARTESIAN_POINT('',(0.10072,0.0279819869473881,0.179099186911247));
#8540=CARTESIAN_POINT('',(0.10072,0.026206986947388,0.178074390183435));
#8541=CARTESIAN_POINT('',(0.10072,0.024431986947388,0.177049593455623));
#8542=CARTESIAN_POINT('',(0.10072,0.0244319869473881,0.175));
#8543=CARTESIAN_POINT('',(0.10072,0.0244319869473881,0.172950406544377));
#8544=CARTESIAN_POINT('',(0.10072,0.0262069869473881,0.171925609816565));
#8545=CARTESIAN_POINT('',(0.10072,0.0279819869473881,0.170900813088754));
#8546=CARTESIAN_POINT('',(0.10072,0.029756986947388,0.171925609816565));
#8547=CARTESIAN_POINT('',(0.10072,0.0315319869473882,0.2575));
#8548=CARTESIAN_POINT('',(0.10072,0.0315319869473882,0.259549593455623));
#8549=CARTESIAN_POINT('',(0.10072,0.0315319869473882,0.255450406544377));
#8550=CARTESIAN_POINT('',(0.10072,0.0297569869473881,0.260574390183435));
#8551=CARTESIAN_POINT('',(0.10072,0.0279819869473881,0.261599186911247));
#8552=CARTESIAN_POINT('',(0.10072,0.0262069869473881,0.260574390183435));
#8553=CARTESIAN_POINT('',(0.10072,0.0244319869473881,0.259549593455624));
#8554=CARTESIAN_POINT('',(0.10072,0.024431986947388,0.2575));
#8555=CARTESIAN_POINT('',(0.10072,0.024431986947388,0.255450406544377));
#8556=CARTESIAN_POINT('',(0.10072,0.026206986947388,0.254425609816565));
#8557=CARTESIAN_POINT('',(0.10072,0.0279819869473881,0.253400813088754));
#8558=CARTESIAN_POINT('',(0.10072,0.0297569869473881,0.254425609816565));
#8559=CARTESIAN_POINT('',(0.10072,0.00355,0.3359));
#8560=CARTESIAN_POINT('',(0.10072,0.00355,0.337949593455623));
#8561=CARTESIAN_POINT('',(0.10072,0.00355,0.333850406544377));
#8562=CARTESIAN_POINT('',(0.10072,0.00177500000000003,0.338974390183435));
#8563=CARTESIAN_POINT('',(0.10072,6.07153216591883E-17,0.339999186911247));
#8564=CARTESIAN_POINT('',(0.10072,-0.001775,0.338974390183435));
#8565=CARTESIAN_POINT('',(0.10072,-0.00355,0.337949593455623));
#8566=CARTESIAN_POINT('',(0.10072,-0.00355000000000006,0.3359));
#8567=CARTESIAN_POINT('',(0.10072,-0.00355000000000008,0.333850406544377));
#8568=CARTESIAN_POINT('',(0.10072,-0.00177499999999994,0.332825609816566));
#8569=CARTESIAN_POINT('',(0.10072,2.90566182226115E-17,0.331800813088754));
#8570=CARTESIAN_POINT('',(0.10072,0.001775,0.332825609816565));
#8571=CARTESIAN_POINT('',(0.10072,0.00355,0.2959));
#8572=CARTESIAN_POINT('',(0.10072,0.00355,0.297949593455623));
#8573=CARTESIAN_POINT('',(0.10072,0.00355,0.293850406544377));
#8574=CARTESIAN_POINT('',(0.10072,0.00177499999999998,0.298974390183435));
#8575=CARTESIAN_POINT('',(0.10072,-3.81639164714897E-17,0.299999186911246));
#8576=CARTESIAN_POINT('',(0.10072,-0.001775,0.298974390183435));
#8577=CARTESIAN_POINT('',(0.10072,-0.00355,0.297949593455623));
#8578=CARTESIAN_POINT('',(0.10072,-0.00355,0.2959));
#8579=CARTESIAN_POINT('',(0.10072,-0.00355,0.293850406544377));
#8580=CARTESIAN_POINT('',(0.10072,-0.001775,0.292825609816565));
#8581=CARTESIAN_POINT('',(0.10072,-3.03576608295941E-18,0.291800813088753));
#8582=CARTESIAN_POINT('',(0.10072,0.00177499999999996,0.292825609816565));
#8583=CARTESIAN_POINT('',(0.10072,-0.0241,0.36));
#8584=CARTESIAN_POINT('',(0.10072,-0.0241,0.3043));
#8585=CARTESIAN_POINT('',(0.10072,-0.0241,0.3275));
#8586=CARTESIAN_POINT('',(0.10072,-0.0216,0.3043));
#8587=CARTESIAN_POINT('',(0.10072,-0.0216,0.3018));
#8588=CARTESIAN_POINT('',(0.10072,0.,0.3018));
#8589=CARTESIAN_POINT('',(0.10072,0.0216,0.3018));
#8590=CARTESIAN_POINT('',(0.10072,0.0216,0.3043));
#8591=CARTESIAN_POINT('',(0.10072,0.0241,0.3043));
#8592=CARTESIAN_POINT('',(0.10072,0.0241,0.36));
#8593=CARTESIAN_POINT('',(0.10072,0.0241,0.3275));
#8594=CARTESIAN_POINT('',(0.10072,0.0216,0.3275));
#8595=CARTESIAN_POINT('',(0.10072,0.0216,0.33));
#8596=CARTESIAN_POINT('',(0.10072,0.,0.33));
#8597=CARTESIAN_POINT('',(0.10072,-0.0216,0.33));
#8598=CARTESIAN_POINT('',(0.10072,-0.0216,0.3275));
#8599=CARTESIAN_POINT('',(0.10072,0.0369073290115976,0.36));
#8600=CARTESIAN_POINT('',(0.1115,0.029,0.3159));
#8601=CARTESIAN_POINT('',(0.1115,0.029,0.32695));
#8602=CARTESIAN_POINT('',(0.1115,0.029,0.32695));
#8603=CARTESIAN_POINT('',(0.1115,0.029,0.3159));
#8604=CARTESIAN_POINT('',(0.1115,0.029,0.30485));
#8605=CARTESIAN_POINT('',(0.1115,0.029,0.30485));
#8606=CARTESIAN_POINT('',(0.1115,0.024,0.32695));
#8607=CARTESIAN_POINT('',(0.1115,0.0257470574775945,0.331634846867292));
#8608=CARTESIAN_POINT('',(0.1115,0.0257470574775945,0.331634846867292));
#8609=CARTESIAN_POINT('',(0.1115,0.024,0.32695));
#8610=CARTESIAN_POINT('',(0.1115,0.0137470574775945,0.336109846867293));
#8611=CARTESIAN_POINT('',(0.1115,0.00174705747759451,0.340584846867293));
#8612=CARTESIAN_POINT('',(0.1115,0.00174705747759451,0.340584846867293));
#8613=CARTESIAN_POINT('',(0.1115,0.0137470574775945,0.336109846867293));
#8614=CARTESIAN_POINT('',(0.1115,6.07546620675291E-18,0.3359));
#8615=CARTESIAN_POINT('',(0.1115,-0.00174705747759445,0.340584846867293));
#8616=CARTESIAN_POINT('',(0.1115,-0.00174705747759445,0.340584846867293));
#8617=CARTESIAN_POINT('',(0.1115,6.07546620675291E-18,0.3359));
#8618=CARTESIAN_POINT('',(0.1115,-0.0137470574775945,0.336109846867293));
#8619=CARTESIAN_POINT('',(0.1115,-0.0257470574775945,0.331634846867292));
#8620=CARTESIAN_POINT('',(0.1115,-0.0257470574775945,0.331634846867292));
#8621=CARTESIAN_POINT('',(0.1115,-0.0137470574775945,0.336109846867293));
#8622=CARTESIAN_POINT('',(0.1115,-0.024,0.32695));
#8623=CARTESIAN_POINT('',(0.1115,-0.029,0.32695));
#8624=CARTESIAN_POINT('',(0.1115,-0.029,0.32695));
#8625=CARTESIAN_POINT('',(0.1115,-0.024,0.32695));
#8626=CARTESIAN_POINT('',(0.1115,-0.029,0.3159));
#8627=CARTESIAN_POINT('',(0.1115,-0.029,0.30485));
#8628=CARTESIAN_POINT('',(0.1115,-0.029,0.30485));
#8629=CARTESIAN_POINT('',(0.1115,-0.029,0.3159));
#8630=CARTESIAN_POINT('',(0.1115,-0.024,0.30485));
#8631=CARTESIAN_POINT('',(0.1115,-0.0257470574775945,0.300165153132708));
#8632=CARTESIAN_POINT('',(0.1115,-0.0257470574775945,0.300165153132708));
#8633=CARTESIAN_POINT('',(0.1115,-0.024,0.30485));
#8634=CARTESIAN_POINT('',(0.1115,-0.0137470574775945,0.295690153132708));
#8635=CARTESIAN_POINT('',(0.1115,-0.00174705747759449,0.291215153132708));
#8636=CARTESIAN_POINT('',(0.1115,-0.00174705747759449,0.291215153132708));
#8637=CARTESIAN_POINT('',(0.1115,-0.0137470574775945,0.295690153132708));
#8638=CARTESIAN_POINT('',(0.1115,8.56913120346957E-18,0.2959));
#8639=CARTESIAN_POINT('',(0.1115,0.00174705747759452,0.291215153132708));
#8640=CARTESIAN_POINT('',(0.1115,0.00174705747759452,0.291215153132708));
#8641=CARTESIAN_POINT('',(0.1115,8.56913120346957E-18,0.2959));
#8642=CARTESIAN_POINT('',(0.1115,0.0137470574775945,0.295690153132708));
#8643=CARTESIAN_POINT('',(0.1115,0.0257470574775945,0.300165153132708));
#8644=CARTESIAN_POINT('',(0.1115,0.0257470574775945,0.300165153132708));
#8645=CARTESIAN_POINT('',(0.1115,0.0137470574775945,0.295690153132708));
#8646=CARTESIAN_POINT('',(0.1115,0.024,0.30485));
#8647=CARTESIAN_POINT('',(0.1115,0.024,0.30485));
#8648=CARTESIAN_POINT('',(0.1115,-4.8135741835825E-16,0.2575));
#8649=CARTESIAN_POINT('',(0.1115,-0.0241,0.2575));
#8650=CARTESIAN_POINT('',(0.1115,-0.0241,0.3275));
#8651=CARTESIAN_POINT('',(0.1115,-0.0241,0.3043));
#8652=CARTESIAN_POINT('',(0.1115,-0.0216,0.3275));
#8653=CARTESIAN_POINT('',(0.1115,-0.0216,0.33));
#8654=CARTESIAN_POINT('',(0.1115,-4.8135741835825E-16,0.33));
#8655=CARTESIAN_POINT('',(0.1115,0.0216,0.33));
#8656=CARTESIAN_POINT('',(0.1115,0.0216,0.3275));
#8657=CARTESIAN_POINT('',(0.1115,0.0241,0.3275));
#8658=CARTESIAN_POINT('',(0.1115,0.0241,0.2575));
#8659=CARTESIAN_POINT('',(0.1115,0.0241,0.3043));
#8660=CARTESIAN_POINT('',(0.1115,0.0216,0.3043));
#8661=CARTESIAN_POINT('',(0.1115,0.0216,0.3018));
#8662=CARTESIAN_POINT('',(0.1115,-4.8135741835825E-16,0.3018));
#8663=CARTESIAN_POINT('',(0.1115,-0.0216,0.3018));
#8664=CARTESIAN_POINT('',(0.1115,-0.0216,0.3043));
#8665=CARTESIAN_POINT('',(0.0897,-0.0241,0.3159));
#8666=CARTESIAN_POINT('',(0.0897,-0.0241,0.3275));
#8667=CARTESIAN_POINT('',(0.0897,-0.0241,0.3043));
#8668=CARTESIAN_POINT('',(0.0897,-0.0216,0.3043));
#8669=CARTESIAN_POINT('',(0.0897,-0.0216,0.3018));
#8670=CARTESIAN_POINT('',(0.0897,5.57120669705635E-19,0.3018));
#8671=CARTESIAN_POINT('',(0.0897,0.0216,0.3018));
#8672=CARTESIAN_POINT('',(0.0897,0.0216,0.3043));
#8673=CARTESIAN_POINT('',(0.0897,0.0241,0.3043));
#8674=CARTESIAN_POINT('',(0.0897,0.0241,0.3159));
#8675=CARTESIAN_POINT('',(0.0897,0.0241,0.3275));
#8676=CARTESIAN_POINT('',(0.0897,0.0216,0.3275));
#8677=CARTESIAN_POINT('',(0.0897,0.0216,0.33));
#8678=CARTESIAN_POINT('',(0.0897,2.83126962853345E-17,0.33));
#8679=CARTESIAN_POINT('',(0.0897,-0.0216,0.33));
#8680=CARTESIAN_POINT('',(0.0897,-0.0216,0.3275));
#8681=CARTESIAN_POINT('',(0.10372,0.,0.2575));
#8682=CARTESIAN_POINT('',(0.10372,0.00355,0.2959));
#8683=CARTESIAN_POINT('',(0.10372,0.00355,0.297949593455623));
#8684=CARTESIAN_POINT('',(0.10372,0.00355,0.293850406544377));
#8685=CARTESIAN_POINT('',(0.10372,0.00177499999999996,0.292825609816565));
#8686=CARTESIAN_POINT('',(0.10372,-3.03576608295941E-18,0.291800813088753));
#8687=CARTESIAN_POINT('',(0.10372,-0.001775,0.292825609816565));
#8688=CARTESIAN_POINT('',(0.10372,-0.00355,0.293850406544377));
#8689=CARTESIAN_POINT('',(0.10372,-0.00355,0.2959));
#8690=CARTESIAN_POINT('',(0.10372,-0.00355,0.297949593455623));
#8691=CARTESIAN_POINT('',(0.10372,-0.001775,0.298974390183435));
#8692=CARTESIAN_POINT('',(0.10372,-3.90312782094781E-17,0.299999186911246));
#8693=CARTESIAN_POINT('',(0.10372,0.00177499999999998,0.298974390183435));
#8694=CARTESIAN_POINT('',(0.10372,0.00355,0.2959));
#8695=CARTESIAN_POINT('',(0.10372,0.00355,0.293850406544377));
#8696=CARTESIAN_POINT('',(0.10372,0.00355,0.297949593455623));
#8697=CARTESIAN_POINT('',(0.10372,0.00177499999999996,0.292825609816565));
#8698=CARTESIAN_POINT('',(0.10372,-3.03576608295941E-18,0.291800813088753));
#8699=CARTESIAN_POINT('',(0.10372,-0.001775,0.292825609816565));
#8700=CARTESIAN_POINT('',(0.10372,-0.00355,0.293850406544377));
#8701=CARTESIAN_POINT('',(0.10372,-0.00355,0.2959));
#8702=CARTESIAN_POINT('',(0.10372,-0.00355,0.297949593455623));
#8703=CARTESIAN_POINT('',(0.10372,-0.001775,0.298974390183435));
#8704=CARTESIAN_POINT('',(0.10372,-3.90312782094781E-17,0.299999186911246));
#8705=CARTESIAN_POINT('',(0.10372,0.00177499999999998,0.298974390183435));
#8706=CARTESIAN_POINT('',(0.10372,0.,0.2575));
#8707=CARTESIAN_POINT('',(0.10372,0.00355,0.3359));
#8708=CARTESIAN_POINT('',(0.10372,0.00355,0.337949593455623));
#8709=CARTESIAN_POINT('',(0.10372,0.00355,0.333850406544377));
#8710=CARTESIAN_POINT('',(0.10372,0.001775,0.332825609816565));
#8711=CARTESIAN_POINT('',(0.10372,2.90566182226115E-17,0.331800813088754));
#8712=CARTESIAN_POINT('',(0.10372,-0.00177499999999994,0.332825609816566));
#8713=CARTESIAN_POINT('',(0.10372,-0.00355000000000008,0.333850406544377));
#8714=CARTESIAN_POINT('',(0.10372,-0.00355000000000006,0.3359));
#8715=CARTESIAN_POINT('',(0.10372,-0.00355,0.337949593455623));
#8716=CARTESIAN_POINT('',(0.10372,-0.001775,0.338974390183435));
#8717=CARTESIAN_POINT('',(0.10372,6.15826833971767E-17,0.339999186911247));
#8718=CARTESIAN_POINT('',(0.10372,0.00177500000000003,0.338974390183435));
#8719=CARTESIAN_POINT('',(0.10372,0.00355,0.3359));
#8720=CARTESIAN_POINT('',(0.10372,0.00355,0.333850406544377));
#8721=CARTESIAN_POINT('',(0.10372,0.00355,0.337949593455623));
#8722=CARTESIAN_POINT('',(0.10372,0.001775,0.332825609816565));
#8723=CARTESIAN_POINT('',(0.10372,2.90566182226115E-17,0.331800813088754));
#8724=CARTESIAN_POINT('',(0.10372,-0.00177499999999994,0.332825609816566));
#8725=CARTESIAN_POINT('',(0.10372,-0.00355000000000008,0.333850406544377));
#8726=CARTESIAN_POINT('',(0.10372,-0.00355000000000006,0.3359));
#8727=CARTESIAN_POINT('',(0.10372,-0.00355,0.337949593455623));
#8728=CARTESIAN_POINT('',(0.10372,-0.001775,0.338974390183435));
#8729=CARTESIAN_POINT('',(0.10372,6.15826833971767E-17,0.339999186911247));
#8730=CARTESIAN_POINT('',(0.10372,0.00177500000000003,0.338974390183435));
#8731=CARTESIAN_POINT('',(0.05036,0.047494383046037,-0.047));
#8732=CARTESIAN_POINT('',(-0.05375,0.0467817120139311,-0.047));
#8733=CARTESIAN_POINT('',(-0.10422,-4.49403542147211E-18,0.2575));
#8734=CARTESIAN_POINT('',(-0.10422,0.024431986947388,0.345));
#8735=CARTESIAN_POINT('',(-0.10422,0.024431986947388,0.347049593455623));
#8736=CARTESIAN_POINT('',(-0.10422,0.024431986947388,0.342950406544376));
#8737=CARTESIAN_POINT('',(-0.10422,0.026206986947388,0.341925609816566));
#8738=CARTESIAN_POINT('',(-0.10422,0.0279819869473879,0.340900813088754));
#8739=CARTESIAN_POINT('',(-0.10422,0.0297569869473879,0.341925609816566));
#8740=CARTESIAN_POINT('',(-0.10422,0.031531986947388,0.342950406544377));
#8741=CARTESIAN_POINT('',(-0.10422,0.031531986947388,0.345));
#8742=CARTESIAN_POINT('',(-0.10422,0.031531986947388,0.347049593455623));
#8743=CARTESIAN_POINT('',(-0.10422,0.0297569869473879,0.348074390183435));
#8744=CARTESIAN_POINT('',(-0.10422,0.0279819869473879,0.349099186911247));
#8745=CARTESIAN_POINT('',(-0.10422,0.026206986947388,0.348074390183435));
#8746=CARTESIAN_POINT('',(-0.10422,0.024431986947388,0.345));
#8747=CARTESIAN_POINT('',(-0.10422,0.024431986947388,0.342950406544376));
#8748=CARTESIAN_POINT('',(-0.10422,0.024431986947388,0.347049593455623));
#8749=CARTESIAN_POINT('',(-0.10422,0.026206986947388,0.341925609816566));
#8750=CARTESIAN_POINT('',(-0.10422,0.0279819869473879,0.340900813088754));
#8751=CARTESIAN_POINT('',(-0.10422,0.0297569869473879,0.341925609816566));
#8752=CARTESIAN_POINT('',(-0.10422,0.031531986947388,0.342950406544377));
#8753=CARTESIAN_POINT('',(-0.10422,0.031531986947388,0.345));
#8754=CARTESIAN_POINT('',(-0.10422,0.031531986947388,0.347049593455623));
#8755=CARTESIAN_POINT('',(-0.10422,0.0297569869473879,0.348074390183435));
#8756=CARTESIAN_POINT('',(-0.10422,0.0279819869473879,0.349099186911247));
#8757=CARTESIAN_POINT('',(-0.10422,0.026206986947388,0.348074390183435));
#8758=CARTESIAN_POINT('',(-0.10422,-4.49403542147211E-18,0.2575));
#8759=CARTESIAN_POINT('',(-0.10422,0.0315319869473881,0.175));
#8760=CARTESIAN_POINT('',(-0.10422,0.0315319869473881,0.172950406544377));
#8761=CARTESIAN_POINT('',(-0.10422,0.0315319869473881,0.177049593455623));
#8762=CARTESIAN_POINT('',(-0.10422,0.029756986947388,0.178074390183435));
#8763=CARTESIAN_POINT('',(-0.10422,0.0279819869473879,0.179099186911247));
#8764=CARTESIAN_POINT('',(-0.10422,0.026206986947388,0.178074390183435));
#8765=CARTESIAN_POINT('',(-0.10422,0.0244319869473879,0.177049593455623));
#8766=CARTESIAN_POINT('',(-0.10422,0.0244319869473879,0.175));
#8767=CARTESIAN_POINT('',(-0.10422,0.024431986947388,0.172950406544377));
#8768=CARTESIAN_POINT('',(-0.10422,0.0262069869473879,0.171925609816565));
#8769=CARTESIAN_POINT('',(-0.10422,0.027981986947388,0.170900813088754));
#8770=CARTESIAN_POINT('',(-0.10422,0.029756986947388,0.171925609816565));
#8771=CARTESIAN_POINT('',(-0.10422,0.0315319869473881,0.175));
#8772=CARTESIAN_POINT('',(-0.10422,0.0315319869473881,0.177049593455623));
#8773=CARTESIAN_POINT('',(-0.10422,0.0315319869473881,0.172950406544377));
#8774=CARTESIAN_POINT('',(-0.10422,0.029756986947388,0.178074390183435));
#8775=CARTESIAN_POINT('',(-0.10422,0.0279819869473879,0.179099186911247));
#8776=CARTESIAN_POINT('',(-0.10422,0.026206986947388,0.178074390183435));
#8777=CARTESIAN_POINT('',(-0.10422,0.0244319869473879,0.177049593455623));
#8778=CARTESIAN_POINT('',(-0.10422,0.0244319869473879,0.175));
#8779=CARTESIAN_POINT('',(-0.10422,0.024431986947388,0.172950406544377));
#8780=CARTESIAN_POINT('',(-0.10422,0.0262069869473879,0.171925609816565));
#8781=CARTESIAN_POINT('',(-0.10422,0.027981986947388,0.170900813088754));
#8782=CARTESIAN_POINT('',(-0.10422,0.029756986947388,0.171925609816565));
#8783=CARTESIAN_POINT('',(-0.10422,-4.49403542147211E-18,0.2575));
#8784=CARTESIAN_POINT('',(-0.10422,0.031531986947388,0.2575));
#8785=CARTESIAN_POINT('',(-0.10422,0.0315319869473879,0.255450406544377));
#8786=CARTESIAN_POINT('',(-0.10422,0.031531986947388,0.259549593455623));
#8787=CARTESIAN_POINT('',(-0.10422,0.029756986947388,0.260574390183435));
#8788=CARTESIAN_POINT('',(-0.10422,0.027981986947388,0.261599186911247));
#8789=CARTESIAN_POINT('',(-0.10422,0.026206986947388,0.260574390183435));
#8790=CARTESIAN_POINT('',(-0.10422,0.024431986947388,0.259549593455624));
#8791=CARTESIAN_POINT('',(-0.10422,0.024431986947388,0.2575));
#8792=CARTESIAN_POINT('',(-0.10422,0.024431986947388,0.255450406544377));
#8793=CARTESIAN_POINT('',(-0.10422,0.026206986947388,0.254425609816565));
#8794=CARTESIAN_POINT('',(-0.10422,0.0279819869473878,0.253400813088754));
#8795=CARTESIAN_POINT('',(-0.10422,0.0297569869473879,0.254425609816565));
#8796=CARTESIAN_POINT('',(-0.10422,0.031531986947388,0.2575));
#8797=CARTESIAN_POINT('',(-0.10422,0.031531986947388,0.259549593455623));
#8798=CARTESIAN_POINT('',(-0.10422,0.0315319869473879,0.255450406544377));
#8799=CARTESIAN_POINT('',(-0.10422,0.029756986947388,0.260574390183435));
#8800=CARTESIAN_POINT('',(-0.10422,0.027981986947388,0.261599186911247));
#8801=CARTESIAN_POINT('',(-0.10422,0.026206986947388,0.260574390183435));
#8802=CARTESIAN_POINT('',(-0.10422,0.024431986947388,0.259549593455624));
#8803=CARTESIAN_POINT('',(-0.10422,0.024431986947388,0.2575));
#8804=CARTESIAN_POINT('',(-0.10422,0.024431986947388,0.255450406544377));
#8805=CARTESIAN_POINT('',(-0.10422,0.026206986947388,0.254425609816565));
#8806=CARTESIAN_POINT('',(-0.10422,0.0279819869473878,0.253400813088754));
#8807=CARTESIAN_POINT('',(-0.10422,0.0297569869473879,0.254425609816565));
#8808=CARTESIAN_POINT('',(0.10422,0.,0.2575));
#8809=CARTESIAN_POINT('',(0.10422,0.0315319869473881,0.345));
#8810=CARTESIAN_POINT('',(0.10422,0.031531986947388,0.347049593455623));
#8811=CARTESIAN_POINT('',(0.10422,0.0315319869473881,0.342950406544377));
#8812=CARTESIAN_POINT('',(0.10422,0.0297569869473881,0.341925609816566));
#8813=CARTESIAN_POINT('',(0.10422,0.0279819869473881,0.340900813088754));
#8814=CARTESIAN_POINT('',(0.10422,0.0262069869473881,0.341925609816565));
#8815=CARTESIAN_POINT('',(0.10422,0.0244319869473882,0.342950406544376));
#8816=CARTESIAN_POINT('',(0.10422,0.0244319869473881,0.345));
#8817=CARTESIAN_POINT('',(0.10422,0.0244319869473881,0.347049593455623));
#8818=CARTESIAN_POINT('',(0.10422,0.0262069869473881,0.348074390183435));
#8819=CARTESIAN_POINT('',(0.10422,0.027981986947388,0.349099186911246));
#8820=CARTESIAN_POINT('',(0.10422,0.029756986947388,0.348074390183435));
#8821=CARTESIAN_POINT('',(0.10422,0.0315319869473881,0.345));
#8822=CARTESIAN_POINT('',(0.10422,0.0315319869473881,0.342950406544377));
#8823=CARTESIAN_POINT('',(0.10422,0.031531986947388,0.347049593455623));
#8824=CARTESIAN_POINT('',(0.10422,0.0297569869473881,0.341925609816566));
#8825=CARTESIAN_POINT('',(0.10422,0.0279819869473881,0.340900813088754));
#8826=CARTESIAN_POINT('',(0.10422,0.0262069869473881,0.341925609816565));
#8827=CARTESIAN_POINT('',(0.10422,0.0244319869473882,0.342950406544376));
#8828=CARTESIAN_POINT('',(0.10422,0.0244319869473881,0.345));
#8829=CARTESIAN_POINT('',(0.10422,0.0244319869473881,0.347049593455623));
#8830=CARTESIAN_POINT('',(0.10422,0.0262069869473881,0.348074390183435));
#8831=CARTESIAN_POINT('',(0.10422,0.027981986947388,0.349099186911246));
#8832=CARTESIAN_POINT('',(0.10422,0.029756986947388,0.348074390183435));
#8833=CARTESIAN_POINT('',(0.10422,0.,0.2575));
#8834=CARTESIAN_POINT('',(0.10422,0.0315319869473881,0.175));
#8835=CARTESIAN_POINT('',(0.10422,0.0315319869473881,0.177049593455623));
#8836=CARTESIAN_POINT('',(0.10422,0.0315319869473881,0.172950406544377));
#8837=CARTESIAN_POINT('',(0.10422,0.029756986947388,0.171925609816565));
#8838=CARTESIAN_POINT('',(0.10422,0.0279819869473881,0.170900813088754));
#8839=CARTESIAN_POINT('',(0.10422,0.0262069869473881,0.171925609816565));
#8840=CARTESIAN_POINT('',(0.10422,0.0244319869473881,0.172950406544377));
#8841=CARTESIAN_POINT('',(0.10422,0.0244319869473881,0.175));
#8842=CARTESIAN_POINT('',(0.10422,0.024431986947388,0.177049593455623));
#8843=CARTESIAN_POINT('',(0.10422,0.026206986947388,0.178074390183435));
#8844=CARTESIAN_POINT('',(0.10422,0.0279819869473881,0.179099186911247));
#8845=CARTESIAN_POINT('',(0.10422,0.0297569869473881,0.178074390183435));
#8846=CARTESIAN_POINT('',(0.10422,0.0315319869473881,0.175));
#8847=CARTESIAN_POINT('',(0.10422,0.0315319869473881,0.172950406544377));
#8848=CARTESIAN_POINT('',(0.10422,0.0315319869473881,0.177049593455623));
#8849=CARTESIAN_POINT('',(0.10422,0.029756986947388,0.171925609816565));
#8850=CARTESIAN_POINT('',(0.10422,0.0279819869473881,0.170900813088754));
#8851=CARTESIAN_POINT('',(0.10422,0.0262069869473881,0.171925609816565));
#8852=CARTESIAN_POINT('',(0.10422,0.0244319869473881,0.172950406544377));
#8853=CARTESIAN_POINT('',(0.10422,0.0244319869473881,0.175));
#8854=CARTESIAN_POINT('',(0.10422,0.024431986947388,0.177049593455623));
#8855=CARTESIAN_POINT('',(0.10422,0.026206986947388,0.178074390183435));
#8856=CARTESIAN_POINT('',(0.10422,0.0279819869473881,0.179099186911247));
#8857=CARTESIAN_POINT('',(0.10422,0.0297569869473881,0.178074390183435));
#8858=CARTESIAN_POINT('',(0.10422,0.,0.2575));
#8859=CARTESIAN_POINT('',(0.10422,0.0315319869473882,0.2575));
#8860=CARTESIAN_POINT('',(0.10422,0.0315319869473882,0.259549593455623));
#8861=CARTESIAN_POINT('',(0.10422,0.0315319869473882,0.255450406544377));
#8862=CARTESIAN_POINT('',(0.10422,0.0297569869473881,0.254425609816565));
#8863=CARTESIAN_POINT('',(0.10422,0.0279819869473881,0.253400813088754));
#8864=CARTESIAN_POINT('',(0.10422,0.026206986947388,0.254425609816565));
#8865=CARTESIAN_POINT('',(0.10422,0.024431986947388,0.255450406544377));
#8866=CARTESIAN_POINT('',(0.10422,0.024431986947388,0.2575));
#8867=CARTESIAN_POINT('',(0.10422,0.0244319869473881,0.259549593455624));
#8868=CARTESIAN_POINT('',(0.10422,0.0262069869473881,0.260574390183435));
#8869=CARTESIAN_POINT('',(0.10422,0.0279819869473881,0.261599186911247));
#8870=CARTESIAN_POINT('',(0.10422,0.0297569869473881,0.260574390183435));
#8871=CARTESIAN_POINT('',(0.10422,0.0315319869473882,0.2575));
#8872=CARTESIAN_POINT('',(0.10422,0.0315319869473882,0.255450406544377));
#8873=CARTESIAN_POINT('',(0.10422,0.0315319869473882,0.259549593455623));
#8874=CARTESIAN_POINT('',(0.10422,0.0297569869473881,0.254425609816565));
#8875=CARTESIAN_POINT('',(0.10422,0.0279819869473881,0.253400813088754));
#8876=CARTESIAN_POINT('',(0.10422,0.026206986947388,0.254425609816565));
#8877=CARTESIAN_POINT('',(0.10422,0.024431986947388,0.255450406544377));
#8878=CARTESIAN_POINT('',(0.10422,0.024431986947388,0.2575));
#8879=CARTESIAN_POINT('',(0.10422,0.0244319869473881,0.259549593455624));
#8880=CARTESIAN_POINT('',(0.10422,0.0262069869473881,0.260574390183435));
#8881=CARTESIAN_POINT('',(0.10422,0.0279819869473881,0.261599186911247));
#8882=CARTESIAN_POINT('',(0.10422,0.0297569869473881,0.260574390183435));
#8883=CARTESIAN_POINT('',(-0.104,-0.00346410161513887,0.2575));
#8884=CARTESIAN_POINT('',(-0.104,-0.0152499999999992,0.334648253338713));
#8885=CARTESIAN_POINT('',(-0.104,-0.0152500000000005,0.336697846794336));
#8886=CARTESIAN_POINT('',(-0.104,-0.0152499999999978,0.33259865988309));
#8887=CARTESIAN_POINT('',(-0.104,-0.0170249999999972,0.331573863155277));
#8888=CARTESIAN_POINT('',(-0.104,-0.0187999999999965,0.330549066427465));
#8889=CARTESIAN_POINT('',(-0.104,-0.0205749999999971,0.331573863155275));
#8890=CARTESIAN_POINT('',(-0.104,-0.0223499999999979,0.332598659883085));
#8891=CARTESIAN_POINT('',(-0.104,-0.0223499999999992,0.334648253338709));
#8892=CARTESIAN_POINT('',(-0.104,-0.0223500000000004,0.336697846794332));
#8893=CARTESIAN_POINT('',(-0.104,-0.0205750000000012,0.337722643522144));
#8894=CARTESIAN_POINT('',(-0.104,-0.0188000000000018,0.338747440249957));
#8895=CARTESIAN_POINT('',(-0.104,-0.0170250000000012,0.337722643522146));
#8896=CARTESIAN_POINT('',(-0.104,-0.0152499999999992,0.334648253338713));
#8897=CARTESIAN_POINT('',(-0.104,-0.0152499999999978,0.33259865988309));
#8898=CARTESIAN_POINT('',(-0.104,-0.0152500000000005,0.336697846794336));
#8899=CARTESIAN_POINT('',(-0.104,-0.0170249999999972,0.331573863155277));
#8900=CARTESIAN_POINT('',(-0.104,-0.0187999999999965,0.330549066427465));
#8901=CARTESIAN_POINT('',(-0.104,-0.0205749999999971,0.331573863155275));
#8902=CARTESIAN_POINT('',(-0.104,-0.0223499999999979,0.332598659883085));
#8903=CARTESIAN_POINT('',(-0.104,-0.0223499999999992,0.334648253338709));
#8904=CARTESIAN_POINT('',(-0.104,-0.0223500000000004,0.336697846794332));
#8905=CARTESIAN_POINT('',(-0.104,-0.0205750000000012,0.337722643522144));
#8906=CARTESIAN_POINT('',(-0.104,-0.0188000000000018,0.338747440249957));
#8907=CARTESIAN_POINT('',(-0.104,-0.0170250000000012,0.337722643522146));
#8908=CARTESIAN_POINT('',(-0.104,-0.00346410161513887,0.2575));
#8909=CARTESIAN_POINT('',(-0.104,0.03055,0.165648253338716));
#8910=CARTESIAN_POINT('',(-0.104,0.0305499999999996,0.167697846794339));
#8911=CARTESIAN_POINT('',(-0.104,0.0305500000000005,0.163598659883093));
#8912=CARTESIAN_POINT('',(-0.104,0.0287750000000007,0.162573863155281));
#8913=CARTESIAN_POINT('',(-0.104,0.0270000000000009,0.161549066427469));
#8914=CARTESIAN_POINT('',(-0.104,0.0252250000000006,0.16257386315528));
#8915=CARTESIAN_POINT('',(-0.104,0.0234500000000005,0.163598659883091));
#8916=CARTESIAN_POINT('',(-0.104,0.02345,0.165648253338714));
#8917=CARTESIAN_POINT('',(-0.104,0.0234499999999996,0.167697846794337));
#8918=CARTESIAN_POINT('',(-0.104,0.0252249999999993,0.168722643522149));
#8919=CARTESIAN_POINT('',(-0.104,0.026999999999999,0.169747440249961));
#8920=CARTESIAN_POINT('',(-0.104,0.0287749999999993,0.16872264352215));
#8921=CARTESIAN_POINT('',(-0.104,0.03055,0.165648253338716));
#8922=CARTESIAN_POINT('',(-0.104,0.0305500000000005,0.163598659883093));
#8923=CARTESIAN_POINT('',(-0.104,0.0305499999999996,0.167697846794339));
#8924=CARTESIAN_POINT('',(-0.104,0.0287750000000007,0.162573863155281));
#8925=CARTESIAN_POINT('',(-0.104,0.0270000000000009,0.161549066427469));
#8926=CARTESIAN_POINT('',(-0.104,0.0252250000000006,0.16257386315528));
#8927=CARTESIAN_POINT('',(-0.104,0.0234500000000005,0.163598659883091));
#8928=CARTESIAN_POINT('',(-0.104,0.02345,0.165648253338714));
#8929=CARTESIAN_POINT('',(-0.104,0.0234499999999996,0.167697846794337));
#8930=CARTESIAN_POINT('',(-0.104,0.0252249999999993,0.168722643522149));
#8931=CARTESIAN_POINT('',(-0.104,0.026999999999999,0.169747440249961));
#8932=CARTESIAN_POINT('',(-0.104,0.0287749999999993,0.16872264352215));
#8933=CARTESIAN_POINT('',(-0.104,-0.00346410161513887,0.2575));
#8934=CARTESIAN_POINT('',(-0.104,-0.0152499999999983,0.165648253338716));
#8935=CARTESIAN_POINT('',(-0.104,-0.015249999999999,0.167697846794339));
#8936=CARTESIAN_POINT('',(-0.104,-0.0152499999999975,0.163598659883093));
#8937=CARTESIAN_POINT('',(-0.104,-0.0170249999999972,0.162573863155281));
#8938=CARTESIAN_POINT('',(-0.104,-0.0187999999999968,0.161549066427468));
#8939=CARTESIAN_POINT('',(-0.104,-0.0205749999999971,0.162573863155279));
#8940=CARTESIAN_POINT('',(-0.104,-0.0223499999999975,0.16359865988309));
#8941=CARTESIAN_POINT('',(-0.104,-0.0223499999999982,0.165648253338713));
#8942=CARTESIAN_POINT('',(-0.104,-0.022349999999999,0.167697846794337));
#8943=CARTESIAN_POINT('',(-0.104,-0.0205749999999993,0.168722643522149));
#8944=CARTESIAN_POINT('',(-0.104,-0.0187999999999997,0.169747440249961));
#8945=CARTESIAN_POINT('',(-0.104,-0.0170249999999993,0.16872264352215));
#8946=CARTESIAN_POINT('',(-0.104,-0.0152499999999983,0.165648253338716));
#8947=CARTESIAN_POINT('',(-0.104,-0.0152499999999975,0.163598659883093));
#8948=CARTESIAN_POINT('',(-0.104,-0.015249999999999,0.167697846794339));
#8949=CARTESIAN_POINT('',(-0.104,-0.0170249999999972,0.162573863155281));
#8950=CARTESIAN_POINT('',(-0.104,-0.0187999999999968,0.161549066427468));
#8951=CARTESIAN_POINT('',(-0.104,-0.0205749999999971,0.162573863155279));
#8952=CARTESIAN_POINT('',(-0.104,-0.0223499999999975,0.16359865988309));
#8953=CARTESIAN_POINT('',(-0.104,-0.0223499999999982,0.165648253338713));
#8954=CARTESIAN_POINT('',(-0.104,-0.022349999999999,0.167697846794337));
#8955=CARTESIAN_POINT('',(-0.104,-0.0205749999999993,0.168722643522149));
#8956=CARTESIAN_POINT('',(-0.104,-0.0187999999999997,0.169747440249961));
#8957=CARTESIAN_POINT('',(-0.104,-0.0170249999999993,0.16872264352215));
#8958=CARTESIAN_POINT('',(-0.104,-0.00346410161513887,0.2575));
#8959=CARTESIAN_POINT('',(-0.104,0.0287749999999993,0.331573863155275));
#8960=CARTESIAN_POINT('',(-0.104,0.03055,0.332598659883086));
#8961=CARTESIAN_POINT('',(-0.104,0.0269999999999987,0.330549066427465));
#8962=CARTESIAN_POINT('',(-0.104,0.0252249999999992,0.331573863155277));
#8963=CARTESIAN_POINT('',(-0.104,0.0234499999999998,0.33259865988309));
#8964=CARTESIAN_POINT('',(-0.104,0.0234500000000009,0.334648253338713));
#8965=CARTESIAN_POINT('',(-0.104,0.023450000000002,0.336697846794336));
#8966=CARTESIAN_POINT('',(-0.104,0.0252250000000026,0.337722643522146));
#8967=CARTESIAN_POINT('',(-0.104,0.0270000000000031,0.338747440249957));
#8968=CARTESIAN_POINT('',(-0.104,0.0287750000000025,0.337722643522144));
#8969=CARTESIAN_POINT('',(-0.104,0.030550000000002,0.336697846794332));
#8970=CARTESIAN_POINT('',(-0.104,0.0305500000000009,0.334648253338709));
#8971=CARTESIAN_POINT('',(-0.104,0.0287749999999993,0.331573863155275));
#8972=CARTESIAN_POINT('',(-0.104,0.0269999999999987,0.330549066427465));
#8973=CARTESIAN_POINT('',(-0.104,0.03055,0.332598659883086));
#8974=CARTESIAN_POINT('',(-0.104,0.0252249999999992,0.331573863155277));
#8975=CARTESIAN_POINT('',(-0.104,0.0234499999999998,0.33259865988309));
#8976=CARTESIAN_POINT('',(-0.104,0.0234500000000009,0.334648253338713));
#8977=CARTESIAN_POINT('',(-0.104,0.023450000000002,0.336697846794336));
#8978=CARTESIAN_POINT('',(-0.104,0.0252250000000026,0.337722643522146));
#8979=CARTESIAN_POINT('',(-0.104,0.0270000000000031,0.338747440249957));
#8980=CARTESIAN_POINT('',(-0.104,0.0287750000000025,0.337722643522144));
#8981=CARTESIAN_POINT('',(-0.104,0.030550000000002,0.336697846794332));
#8982=CARTESIAN_POINT('',(-0.104,0.0305500000000009,0.334648253338709));
#8983=CARTESIAN_POINT('',(-0.0510800564214004,-0.0509195135180046,0.2575));
#8984=CARTESIAN_POINT('',(-0.0804955301893257,-0.0447355736802435,0.170574390183435));
#8985=CARTESIAN_POINT('',(-0.0822325606429663,-0.0443704022093903,0.171599186911247));
#8986=CARTESIAN_POINT('',(-0.0787584997356851,-0.0451007451510965,0.169549593455623));
#8987=CARTESIAN_POINT('',(-0.0787584997356851,-0.0451007451510965,0.1675));
#8988=CARTESIAN_POINT('',(-0.0787584997356851,-0.0451007451510965,0.165450406544377));
#8989=CARTESIAN_POINT('',(-0.0804955301893257,-0.0447355736802435,0.164425609816565));
#8990=CARTESIAN_POINT('',(-0.0822325606429664,-0.0443704022093903,0.163400813088754));
#8991=CARTESIAN_POINT('',(-0.083969591096607,-0.0440052307385373,0.164425609816565));
#8992=CARTESIAN_POINT('',(-0.0857066215502476,-0.0436400592676842,0.165450406544377));
#8993=CARTESIAN_POINT('',(-0.0857066215502476,-0.0436400592676842,0.1675));
#8994=CARTESIAN_POINT('',(-0.0857066215502476,-0.0436400592676842,0.169549593455623));
#8995=CARTESIAN_POINT('',(-0.083969591096607,-0.0440052307385373,0.170574390183435));
#8996=CARTESIAN_POINT('',(-0.0804955301893257,-0.0447355736802435,0.170574390183435));
#8997=CARTESIAN_POINT('',(-0.0787584997356851,-0.0451007451510965,0.169549593455623));
#8998=CARTESIAN_POINT('',(-0.0822325606429663,-0.0443704022093903,0.171599186911247));
#8999=CARTESIAN_POINT('',(-0.0787584997356851,-0.0451007451510965,0.1675));
#9000=CARTESIAN_POINT('',(-0.0787584997356851,-0.0451007451510965,0.165450406544377));
#9001=CARTESIAN_POINT('',(-0.0804955301893257,-0.0447355736802435,0.164425609816565));
#9002=CARTESIAN_POINT('',(-0.0822325606429664,-0.0443704022093903,0.163400813088754));
#9003=CARTESIAN_POINT('',(-0.083969591096607,-0.0440052307385373,0.164425609816565));
#9004=CARTESIAN_POINT('',(-0.0857066215502476,-0.0436400592676842,0.165450406544377));
#9005=CARTESIAN_POINT('',(-0.0857066215502476,-0.0436400592676842,0.1675));
#9006=CARTESIAN_POINT('',(-0.0857066215502476,-0.0436400592676842,0.169549593455623));
#9007=CARTESIAN_POINT('',(-0.083969591096607,-0.0440052307385373,0.170574390183435));
#9008=CARTESIAN_POINT('',(-0.0510800564214004,-0.0509195135180046,0.2575));
#9009=CARTESIAN_POINT('',(-0.0354981396286747,-0.0541952600439126,0.170574390183435));
#9010=CARTESIAN_POINT('',(-0.0372351700823153,-0.0538300885730595,0.171599186911246));
#9011=CARTESIAN_POINT('',(-0.033761109175034,-0.0545604315147656,0.169549593455623));
#9012=CARTESIAN_POINT('',(-0.033761109175034,-0.0545604315147656,0.1675));
#9013=CARTESIAN_POINT('',(-0.033761109175034,-0.0545604315147656,0.165450406544377));
#9014=CARTESIAN_POINT('',(-0.0354981396286747,-0.0541952600439126,0.164425609816566));
#9015=CARTESIAN_POINT('',(-0.0372351700823152,-0.0538300885730595,0.163400813088754));
#9016=CARTESIAN_POINT('',(-0.0389722005359559,-0.0534649171022065,0.164425609816565));
#9017=CARTESIAN_POINT('',(-0.0407092309895964,-0.0530997456313534,0.165450406544377));
#9018=CARTESIAN_POINT('',(-0.0407092309895965,-0.0530997456313534,0.1675));
#9019=CARTESIAN_POINT('',(-0.0407092309895965,-0.0530997456313534,0.169549593455623));
#9020=CARTESIAN_POINT('',(-0.0389722005359559,-0.0534649171022065,0.170574390183435));
#9021=CARTESIAN_POINT('',(-0.0354981396286747,-0.0541952600439126,0.170574390183435));
#9022=CARTESIAN_POINT('',(-0.033761109175034,-0.0545604315147656,0.169549593455623));
#9023=CARTESIAN_POINT('',(-0.0372351700823153,-0.0538300885730595,0.171599186911246));
#9024=CARTESIAN_POINT('',(-0.033761109175034,-0.0545604315147656,0.1675));
#9025=CARTESIAN_POINT('',(-0.033761109175034,-0.0545604315147656,0.165450406544377));
#9026=CARTESIAN_POINT('',(-0.0354981396286747,-0.0541952600439126,0.164425609816566));
#9027=CARTESIAN_POINT('',(-0.0372351700823152,-0.0538300885730595,0.163400813088754));
#9028=CARTESIAN_POINT('',(-0.0389722005359559,-0.0534649171022065,0.164425609816565));
#9029=CARTESIAN_POINT('',(-0.0407092309895964,-0.0530997456313534,0.165450406544377));
#9030=CARTESIAN_POINT('',(-0.0407092309895965,-0.0530997456313534,0.1675));
#9031=CARTESIAN_POINT('',(-0.0407092309895965,-0.0530997456313534,0.169549593455623));
#9032=CARTESIAN_POINT('',(-0.0389722005359559,-0.0534649171022065,0.170574390183435));
#9033=CARTESIAN_POINT('',(0.0510800564214004,-0.0509195135180045,0.2575));
#9034=CARTESIAN_POINT('',(0.0354981396286743,-0.0541952600439125,0.164425609816565));
#9035=CARTESIAN_POINT('',(0.037235170082315,-0.0538300885730595,0.163400813088754));
#9036=CARTESIAN_POINT('',(0.0337611091750337,-0.0545604315147656,0.165450406544377));
#9037=CARTESIAN_POINT('',(0.0337611091750337,-0.0545604315147656,0.1675));
#9038=CARTESIAN_POINT('',(0.0337611091750337,-0.0545604315147656,0.169549593455623));
#9039=CARTESIAN_POINT('',(0.0354981396286743,-0.0541952600439125,0.170574390183435));
#9040=CARTESIAN_POINT('',(0.037235170082315,-0.0538300885730595,0.171599186911247));
#9041=CARTESIAN_POINT('',(0.0389722005359555,-0.0534649171022064,0.170574390183435));
#9042=CARTESIAN_POINT('',(0.0407092309895962,-0.0530997456313533,0.169549593455623));
#9043=CARTESIAN_POINT('',(0.0407092309895962,-0.0530997456313533,0.1675));
#9044=CARTESIAN_POINT('',(0.0407092309895962,-0.0530997456313533,0.165450406544377));
#9045=CARTESIAN_POINT('',(0.0389722005359556,-0.0534649171022064,0.164425609816565));
#9046=CARTESIAN_POINT('',(0.0354981396286743,-0.0541952600439125,0.164425609816565));
#9047=CARTESIAN_POINT('',(0.0337611091750337,-0.0545604315147656,0.165450406544377));
#9048=CARTESIAN_POINT('',(0.037235170082315,-0.0538300885730595,0.163400813088754));
#9049=CARTESIAN_POINT('',(0.0337611091750337,-0.0545604315147656,0.1675));
#9050=CARTESIAN_POINT('',(0.0337611091750337,-0.0545604315147656,0.169549593455623));
#9051=CARTESIAN_POINT('',(0.0354981396286743,-0.0541952600439125,0.170574390183435));
#9052=CARTESIAN_POINT('',(0.037235170082315,-0.0538300885730595,0.171599186911247));
#9053=CARTESIAN_POINT('',(0.0389722005359555,-0.0534649171022064,0.170574390183435));
#9054=CARTESIAN_POINT('',(0.0407092309895962,-0.0530997456313533,0.169549593455623));
#9055=CARTESIAN_POINT('',(0.0407092309895962,-0.0530997456313533,0.1675));
#9056=CARTESIAN_POINT('',(0.0407092309895962,-0.0530997456313533,0.165450406544377));
#9057=CARTESIAN_POINT('',(0.0389722005359556,-0.0534649171022064,0.164425609816565));
#9058=CARTESIAN_POINT('',(0.0510800564214004,-0.0509195135180045,0.2575));
#9059=CARTESIAN_POINT('',(0.0839695910966066,-0.0440052307385371,0.170574390183435));
#9060=CARTESIAN_POINT('',(0.082232560642966,-0.0443704022093901,0.171599186911246));
#9061=CARTESIAN_POINT('',(0.0857066215502472,-0.0436400592676841,0.169549593455623));
#9062=CARTESIAN_POINT('',(0.0857066215502472,-0.0436400592676841,0.1675));
#9063=CARTESIAN_POINT('',(0.0857066215502472,-0.0436400592676841,0.165450406544377));
#9064=CARTESIAN_POINT('',(0.0839695910966066,-0.0440052307385371,0.164425609816566));
#9065=CARTESIAN_POINT('',(0.0822325606429661,-0.0443704022093901,0.163400813088754));
#9066=CARTESIAN_POINT('',(0.0804955301893255,-0.0447355736802432,0.164425609816566));
#9067=CARTESIAN_POINT('',(0.0787584997356849,-0.0451007451510962,0.165450406544377));
#9068=CARTESIAN_POINT('',(0.0787584997356849,-0.0451007451510962,0.1675));
#9069=CARTESIAN_POINT('',(0.0787584997356849,-0.0451007451510962,0.169549593455623));
#9070=CARTESIAN_POINT('',(0.0804955301893255,-0.0447355736802432,0.170574390183435));
#9071=CARTESIAN_POINT('',(0.0839695910966066,-0.0440052307385371,0.170574390183435));
#9072=CARTESIAN_POINT('',(0.0857066215502472,-0.0436400592676841,0.169549593455623));
#9073=CARTESIAN_POINT('',(0.082232560642966,-0.0443704022093901,0.171599186911246));
#9074=CARTESIAN_POINT('',(0.0857066215502472,-0.0436400592676841,0.1675));
#9075=CARTESIAN_POINT('',(0.0857066215502472,-0.0436400592676841,0.165450406544377));
#9076=CARTESIAN_POINT('',(0.0839695910966066,-0.0440052307385371,0.164425609816566));
#9077=CARTESIAN_POINT('',(0.0822325606429661,-0.0443704022093901,0.163400813088754));
#9078=CARTESIAN_POINT('',(0.0804955301893255,-0.0447355736802432,0.164425609816566));
#9079=CARTESIAN_POINT('',(0.0787584997356849,-0.0451007451510962,0.165450406544377));
#9080=CARTESIAN_POINT('',(0.0787584997356849,-0.0451007451510962,0.1675));
#9081=CARTESIAN_POINT('',(0.0787584997356849,-0.0451007451510962,0.169549593455623));
#9082=CARTESIAN_POINT('',(0.0804955301893255,-0.0447355736802432,0.170574390183435));
#9083=CARTESIAN_POINT('',(-0.10422,-4.49403542147211E-18,0.2575));
#9084=CARTESIAN_POINT('',(-0.10422,0.00185698694739018,0.164425609816565));
#9085=CARTESIAN_POINT('',(-0.10422,8.19869473901935E-5,0.163400813088754));
#9086=CARTESIAN_POINT('',(-0.10422,0.00363198694739017,0.165450406544377));
#9087=CARTESIAN_POINT('',(-0.10422,0.00363198694739015,0.1675));
#9088=CARTESIAN_POINT('',(-0.10422,0.00363198694739016,0.169549593455623));
#9089=CARTESIAN_POINT('',(-0.10422,0.00185698694739013,0.170574390183435));
#9090=CARTESIAN_POINT('',(-0.10422,8.19869473901091E-5,0.171599186911247));
#9091=CARTESIAN_POINT('',(-0.10422,-0.00169301305260987,0.170574390183435));
#9092=CARTESIAN_POINT('',(-0.10422,-0.00346801305260987,0.169549593455623));
#9093=CARTESIAN_POINT('',(-0.10422,-0.00346801305260985,0.1675));
#9094=CARTESIAN_POINT('',(-0.10422,-0.00346801305260991,0.165450406544377));
#9095=CARTESIAN_POINT('',(-0.10422,-0.0016930130526099,0.164425609816565));
#9096=CARTESIAN_POINT('',(-0.10422,0.00185698694739018,0.164425609816565));
#9097=CARTESIAN_POINT('',(-0.10422,0.00363198694739017,0.165450406544377));
#9098=CARTESIAN_POINT('',(-0.10422,8.19869473901935E-5,0.163400813088754));
#9099=CARTESIAN_POINT('',(-0.10422,0.00363198694739015,0.1675));
#9100=CARTESIAN_POINT('',(-0.10422,0.00363198694739016,0.169549593455623));
#9101=CARTESIAN_POINT('',(-0.10422,0.00185698694739013,0.170574390183435));
#9102=CARTESIAN_POINT('',(-0.10422,8.19869473901091E-5,0.171599186911247));
#9103=CARTESIAN_POINT('',(-0.10422,-0.00169301305260987,0.170574390183435));
#9104=CARTESIAN_POINT('',(-0.10422,-0.00346801305260987,0.169549593455623));
#9105=CARTESIAN_POINT('',(-0.10422,-0.00346801305260985,0.1675));
#9106=CARTESIAN_POINT('',(-0.10422,-0.00346801305260991,0.165450406544377));
#9107=CARTESIAN_POINT('',(-0.10422,-0.0016930130526099,0.164425609816565));
#9108=CARTESIAN_POINT('',(0.10422,0.,0.2575));
#9109=CARTESIAN_POINT('',(0.10422,0.00185698694739023,0.170574390183435));
#9110=CARTESIAN_POINT('',(0.10422,8.19869473902004E-5,0.171599186911247));
#9111=CARTESIAN_POINT('',(0.10422,0.00363198694739025,0.169549593455623));
#9112=CARTESIAN_POINT('',(0.10422,0.00363198694739023,0.1675));
#9113=CARTESIAN_POINT('',(0.10422,0.00363198694739022,0.165450406544377));
#9114=CARTESIAN_POINT('',(0.10422,0.00185698694739023,0.164425609816565));
#9115=CARTESIAN_POINT('',(0.10422,8.19869473902622E-5,0.163400813088754));
#9116=CARTESIAN_POINT('',(0.10422,-0.00169301305260975,0.164425609816565));
#9117=CARTESIAN_POINT('',(0.10422,-0.00346801305260974,0.165450406544377));
#9118=CARTESIAN_POINT('',(0.10422,-0.00346801305260977,0.1675));
#9119=CARTESIAN_POINT('',(0.10422,-0.00346801305260975,0.169549593455623));
#9120=CARTESIAN_POINT('',(0.10422,-0.00169301305260977,0.170574390183435));
#9121=CARTESIAN_POINT('',(0.10422,0.00185698694739023,0.170574390183435));
#9122=CARTESIAN_POINT('',(0.10422,0.00363198694739025,0.169549593455623));
#9123=CARTESIAN_POINT('',(0.10422,8.19869473902004E-5,0.171599186911247));
#9124=CARTESIAN_POINT('',(0.10422,0.00363198694739023,0.1675));
#9125=CARTESIAN_POINT('',(0.10422,0.00363198694739022,0.165450406544377));
#9126=CARTESIAN_POINT('',(0.10422,0.00185698694739023,0.164425609816565));
#9127=CARTESIAN_POINT('',(0.10422,8.19869473902622E-5,0.163400813088754));
#9128=CARTESIAN_POINT('',(0.10422,-0.00169301305260975,0.164425609816565));
#9129=CARTESIAN_POINT('',(0.10422,-0.00346801305260974,0.165450406544377));
#9130=CARTESIAN_POINT('',(0.10422,-0.00346801305260977,0.1675));
#9131=CARTESIAN_POINT('',(0.10422,-0.00346801305260975,0.169549593455623));
#9132=CARTESIAN_POINT('',(0.10422,-0.00169301305260977,0.170574390183435));
#9133=CARTESIAN_POINT('',(0.0549999999721212,-0.489879959257908,0.247720117775868));
#9134=CARTESIAN_POINT('',(0.0549999999721212,-0.0506614983343587,0.247720117775868));
#9135=CARTESIAN_POINT('',(2.91433543964103E-16,-0.0506614983343587,0.190720117803741));
#9136=CARTESIAN_POINT('',(-0.0352948151618912,-0.0506614983343587,0.36));
#9137=CARTESIAN_POINT('',(-0.0352948151618912,-0.0506614983343587,0.36));
#9138=CARTESIAN_POINT('',(2.91433543964103E-16,-0.0506614983343587,0.190720117803741));
#9139=CARTESIAN_POINT('',(-0.0585499999999981,-0.0506614983343587,0.190720117803741));
#9140=CARTESIAN_POINT('',(-0.0585499999999981,-0.0506614983343587,0.190720117803741));
#9141=CARTESIAN_POINT('',(-0.0585499999999981,-0.0506614983343587,0.304120117803741));
#9142=CARTESIAN_POINT('',(2.91433543964103E-16,-0.0506614983343587,0.304120117803741));
#9143=CARTESIAN_POINT('',(2.84494650060199E-16,-0.0251614983343587,0.304120117803741));
#9144=CARTESIAN_POINT('',(-0.0585499999999981,-0.0436614983343587,0.304120117803741));
#9145=CARTESIAN_POINT('',(2.84494650060198E-16,-0.0251614983343587,0.190720117803741));
#9146=CARTESIAN_POINT('',(-0.0585499999999981,-0.0436614983343587,0.190720117803741));
#9147=CARTESIAN_POINT('',(-0.0585499999999981,-0.0436614983343587,0.190720117803741));
#9148=CARTESIAN_POINT('',(2.84494650060198E-16,-0.0506614983343587,0.190720117803741));
#9149=CARTESIAN_POINT('',(0.0514500001261538,-0.0506614982093587,0.190720117803741));
#9150=CARTESIAN_POINT('',(0.0514500001261538,-0.0506614982093587,0.304120117803741));
#9151=CARTESIAN_POINT('',(0.0514500001261538,-0.0506614983343587,0.304120117803741));
#9152=CARTESIAN_POINT('',(0.0528499983826575,-0.0506614983343587,0.304120117803741));
#9153=CARTESIAN_POINT('',(0.0542499966391612,-0.0506614983343587,0.304120117803741));
#9154=CARTESIAN_POINT('',(0.0556499948956649,-0.0506614983343587,0.304120117803741));
#9155=CARTESIAN_POINT('',(0.0556499948956649,-0.0506614983343587,0.304120117803741));
#9156=CARTESIAN_POINT('',(0.0556499948956649,-0.0506614983343587,0.190720117803741));
#9157=CARTESIAN_POINT('',(0.0556499948956649,-0.0506614983343587,0.190720117803741));
#9158=CARTESIAN_POINT('',(0.0556499948956649,-0.0506614983343587,0.190720117803741));
#9159=CARTESIAN_POINT('',(0.0542499966391612,-0.0506614983343587,0.190720117803741));
#9160=CARTESIAN_POINT('',(0.0528499983826575,-0.0506614983343587,0.190720117803741));
#9161=CARTESIAN_POINT('',(0.0514500001261538,-0.0506614983343587,0.190720117803741));
#9162=CARTESIAN_POINT('',(0.0514500001261538,-0.0506614982093587,0.190720117803741));
#9163=CARTESIAN_POINT('',(0.0514500001261538,-0.0506614982093587,0.190720117803741));
#9164=CARTESIAN_POINT('',(2.91433543964103E-16,-0.0506614983343587,0.190720117803741));
#9165=CARTESIAN_POINT('',(2.91433543964103E-16,-0.0506614983343587,0.304120117803741));
#9166=CARTESIAN_POINT('',(0.0352948151618908,-0.0506614983343586,0.36));
#9167=CARTESIAN_POINT('',(2.91433543964103E-16,-0.0506614983343587,0.190720117803741));
#9168=CARTESIAN_POINT('',(2.91433543964103E-16,-0.0506614983343587,0.190720117803741));
#9169=CARTESIAN_POINT('',(0.0352948151618908,-0.0506614983343586,0.36));
#9170=CARTESIAN_POINT('',(2.91433543964103E-16,-0.0506614983343587,0.190720117803741));
#9171=CARTESIAN_POINT('',(2.91433543964103E-16,-0.0506614983343587,0.304120117803741));
#9172=CARTESIAN_POINT('',(0.0585499999999987,-0.0506614983343586,0.304120117803741));
#9173=CARTESIAN_POINT('',(0.0585499999999987,-0.0506614983343586,0.190720117803741));
#9174=CARTESIAN_POINT('',(0.0585499999999987,-0.0506614983343586,0.190720117803741));
#9175=CARTESIAN_POINT('',(2.91433543964103E-16,-0.0506614983343587,0.190720117803741));
#9176=CARTESIAN_POINT('',(0.0585499999999987,-0.0436614983343586,0.190720117803741));
#9177=CARTESIAN_POINT('',(0.0585499999999987,-0.0436614983343586,0.190720117803741));
#9178=CARTESIAN_POINT('',(0.0585499999999987,-0.0436614983343586,0.304120117803741));
#9179=CARTESIAN_POINT('',(2.84494650060198E-16,-0.0251614983343587,0.190720117803741));
#9180=CARTESIAN_POINT('',(2.84494650060199E-16,-0.0251614983343587,0.304120117803741));
#9181=CARTESIAN_POINT('',(-0.0352948151618912,-0.0650116403107519,0.36));
#9182=CARTESIAN_POINT('',(-0.0352948151618912,-0.0478614983343587,0.36));
#9183=CARTESIAN_POINT('',(-0.0116275924190537,-0.0478614983343587,0.247420117803741));
#9184=CARTESIAN_POINT('',(0.0352948151618905,-0.0650116403107519,0.297485647069828));
#9185=CARTESIAN_POINT('',(0.0352948151618905,-0.0478614983343587,0.297485647069828));
#9186=CARTESIAN_POINT('',(-0.0116275924190537,-0.0478614983343587,0.247420117803741));
#9187=CARTESIAN_POINT('',(-1.05938125716527E-16,-0.0678614983343587,0.311228647386727));
#9188=CARTESIAN_POINT('',(0.0262460028571043,-0.0678614983343587,0.311228647386727));
#9189=CARTESIAN_POINT('',(0.0262460028571042,-0.0438614983343587,0.311228647386727));
#9190=CARTESIAN_POINT('',(-1.28692483181091E-16,-0.0438614983343587,0.311228647386727));
#9191=CARTESIAN_POINT('',(-0.0262460028571046,-0.0438614983343587,0.311228647386727));
#9192=CARTESIAN_POINT('',(-0.0262460028571045,-0.0678614983343587,0.311228647386727));
#9193=CARTESIAN_POINT('',(-0.0262460028571045,-0.0678614983343587,0.307674382595234));
#9194=CARTESIAN_POINT('',(-0.0262460028571046,-0.0438614983343587,0.307674382595234));
#9195=CARTESIAN_POINT('',(0.0262460028571043,-0.0678614983343587,0.307674382595234));
#9196=CARTESIAN_POINT('',(0.0262460028571042,-0.0438614983343587,0.307674382595234));
#9197=CARTESIAN_POINT('',(-0.00452440615239341,-0.0438614983343587,0.301039911877417));
#9198=CARTESIAN_POINT('',(0.035294815161891,-0.0478614983343586,0.197654588509781));
#9199=CARTESIAN_POINT('',(0.0352948151618905,-0.0478614983343586,0.190720117803741));
#9200=CARTESIAN_POINT('',(0.0352948151618905,-0.0478614983343586,0.190720117803741));
#9201=CARTESIAN_POINT('',(0.035294815161891,-0.0478614983343586,0.197654588509781));
#9202=CARTESIAN_POINT('',(0.0232839595754314,-0.0478614983343587,0.190720117803741));
#9203=CARTESIAN_POINT('',(0.0262460028571042,-0.0448614983343586,0.190720117803741));
#9204=CARTESIAN_POINT('',(0.0232839595754314,-0.0478614983343587,0.190720117803741));
#9205=CARTESIAN_POINT('',(-0.0116275924190533,-0.0478614983343587,0.247420117803741));
#9206=CARTESIAN_POINT('',(-0.0352948151618912,-0.0478614983343587,0.36));
#9207=CARTESIAN_POINT('',(-0.0352948151618912,-0.0478614983343587,0.36));
#9208=CARTESIAN_POINT('',(-0.0352948151618907,-0.0478614983343588,0.190720117803741));
#9209=CARTESIAN_POINT('',(-0.0352948151618907,-0.0478614983343588,0.190720117803741));
#9210=CARTESIAN_POINT('',(-0.0116275924190533,-0.0478614983343587,0.247420117803741));
#9211=CARTESIAN_POINT('',(-0.0232839596033103,-0.0478614983343587,0.190720117803741));
#9212=CARTESIAN_POINT('',(-0.0232839596033103,-0.0478614983343587,0.190720117803741));
#9213=CARTESIAN_POINT('',(-0.0262460028571046,-0.0448614983343587,0.190720117803741));
#9214=CARTESIAN_POINT('',(-0.0262460028571046,-0.0448614983343587,0.187465852984375));
#9215=CARTESIAN_POINT('',(-0.0262460028571046,-0.0448614983343587,0.184211588165009));
#9216=CARTESIAN_POINT('',(-0.0262460028571046,-0.0448614983343587,0.184211588165009));
#9217=CARTESIAN_POINT('',(-0.0262460028571046,-0.0448614983343587,0.187465852984375));
#9218=CARTESIAN_POINT('',(0.0262460028571042,-0.0448614983343586,0.187465852984375));
#9219=CARTESIAN_POINT('',(0.0262460028571042,-0.0448614983343586,0.184211588165009));
#9220=CARTESIAN_POINT('',(0.0262460028571042,-0.0448614983343586,0.184211588165009));
#9221=CARTESIAN_POINT('',(0.0262460028571042,-0.0448614983343586,0.187465852984375));
#9222=CARTESIAN_POINT('',(-1.38152725809261E-16,-0.0448614983343587,0.184211588165009));
#9223=CARTESIAN_POINT('',(-1.38152725809261E-16,-0.0448614983343587,0.184211588165009));
#9224=CARTESIAN_POINT('',(0.00452440615239343,-0.0448614983343586,0.194400323690416));
#9225=CARTESIAN_POINT('',(0.0206201975697933,-0.0570982028071437,0.326794507987181));
#9226=CARTESIAN_POINT('',(0.0188831671161526,-0.0574633742779968,0.325769711259369));
#9227=CARTESIAN_POINT('',(0.0188831671161526,-0.0574633742779968,0.325769711259369));
#9228=CARTESIAN_POINT('',(0.0206201975697933,-0.0570982028071437,0.326794507987181));
#9229=CARTESIAN_POINT('',(0.0223572280234338,-0.0567330313362906,0.327819304714992));
#9230=CARTESIAN_POINT('',(0.0223572280234338,-0.0567330313362906,0.327819304714992));
#9231=CARTESIAN_POINT('',(0.0188831671161527,-0.0574633742779967,0.323720117803745));
#9232=CARTESIAN_POINT('',(0.0188831671161527,-0.0574633742779967,0.321670524348122));
#9233=CARTESIAN_POINT('',(0.0188831671161527,-0.0574633742779967,0.321670524348122));
#9234=CARTESIAN_POINT('',(0.0188831671161527,-0.0574633742779967,0.323720117803745));
#9235=CARTESIAN_POINT('',(0.0206201975697934,-0.0570982028071437,0.320645727620311));
#9236=CARTESIAN_POINT('',(0.022357228023434,-0.0567330313362906,0.319620930892499));
#9237=CARTESIAN_POINT('',(0.022357228023434,-0.0567330313362906,0.319620930892499));
#9238=CARTESIAN_POINT('',(0.0206201975697934,-0.0570982028071437,0.320645727620311));
#9239=CARTESIAN_POINT('',(0.0240942584770746,-0.0563678598654375,0.320645727620311));
#9240=CARTESIAN_POINT('',(0.0258312889307153,-0.0560026883945845,0.321670524348122));
#9241=CARTESIAN_POINT('',(0.0258312889307153,-0.0560026883945845,0.321670524348122));
#9242=CARTESIAN_POINT('',(0.0240942584770746,-0.0563678598654375,0.320645727620311));
#9243=CARTESIAN_POINT('',(0.0258312889307152,-0.0560026883945845,0.323720117803745));
#9244=CARTESIAN_POINT('',(0.0258312889307152,-0.0560026883945845,0.325769711259369));
#9245=CARTESIAN_POINT('',(0.0258312889307152,-0.0560026883945845,0.325769711259369));
#9246=CARTESIAN_POINT('',(0.0258312889307152,-0.0560026883945845,0.323720117803745));
#9247=CARTESIAN_POINT('',(0.0240942584770746,-0.0563678598654376,0.326794507987181));
#9248=CARTESIAN_POINT('',(0.0240942584770746,-0.0563678598654376,0.326794507987181));
#9249=CARTESIAN_POINT('',(0.02785781856584,-0.0555766562510289,0.2575));
#9250=CARTESIAN_POINT('',(0.0188831671161527,-0.0574633742779967,0.171720117747991));
#9251=CARTESIAN_POINT('',(0.0188831671161527,-0.0574633742779967,0.169670524292368));
#9252=CARTESIAN_POINT('',(0.0188831671161527,-0.0574633742779967,0.169670524292368));
#9253=CARTESIAN_POINT('',(0.0188831671161527,-0.0574633742779967,0.171720117747991));
#9254=CARTESIAN_POINT('',(0.0188831671161528,-0.0574633742779967,0.173769711203614));
#9255=CARTESIAN_POINT('',(0.0188831671161528,-0.0574633742779967,0.173769711203614));
#9256=CARTESIAN_POINT('',(0.0206201975697933,-0.0570982028071437,0.168645727564556));
#9257=CARTESIAN_POINT('',(0.022357228023434,-0.0567330313362906,0.167620930836745));
#9258=CARTESIAN_POINT('',(0.022357228023434,-0.0567330313362906,0.167620930836745));
#9259=CARTESIAN_POINT('',(0.0206201975697933,-0.0570982028071437,0.168645727564556));
#9260=CARTESIAN_POINT('',(0.0240942584770747,-0.0563678598654375,0.168645727564556));
#9261=CARTESIAN_POINT('',(0.0258312889307153,-0.0560026883945845,0.169670524292368));
#9262=CARTESIAN_POINT('',(0.0258312889307153,-0.0560026883945845,0.169670524292368));
#9263=CARTESIAN_POINT('',(0.0240942584770747,-0.0563678598654375,0.168645727564556));
#9264=CARTESIAN_POINT('',(0.0258312889307153,-0.0560026883945845,0.171720117747991));
#9265=CARTESIAN_POINT('',(0.0258312889307153,-0.0560026883945845,0.173769711203614));
#9266=CARTESIAN_POINT('',(0.0258312889307153,-0.0560026883945845,0.173769711203614));
#9267=CARTESIAN_POINT('',(0.0258312889307153,-0.0560026883945845,0.171720117747991));
#9268=CARTESIAN_POINT('',(0.0240942584770747,-0.0563678598654375,0.174794507931426));
#9269=CARTESIAN_POINT('',(0.0223572280234341,-0.0567330313362906,0.175819304659237));
#9270=CARTESIAN_POINT('',(0.0223572280234341,-0.0567330313362906,0.175819304659237));
#9271=CARTESIAN_POINT('',(0.0240942584770747,-0.0563678598654375,0.174794507931426));
#9272=CARTESIAN_POINT('',(0.0206201975697934,-0.0570982028071437,0.174794507931426));
#9273=CARTESIAN_POINT('',(0.0206201975697934,-0.0570982028071437,0.174794507931426));
#9274=CARTESIAN_POINT('',(0.02785781856584,-0.0555766562510289,0.2575));
#9275=CARTESIAN_POINT('',(0.0892456661040608,-0.0085138085037483,0.24));
#9276=CARTESIAN_POINT('',(0.1175,-0.00851380850374829,0.24));
#9277=CARTESIAN_POINT('',(0.1175,-0.000513808503748289,0.24));
#9278=CARTESIAN_POINT('',(0.1175,-0.00451380850374837,0.24));
#9279=CARTESIAN_POINT('',(-0.0892456661040608,-0.00851380850374836,0.24));
#9280=CARTESIAN_POINT('',(-0.1175,-0.00851380850374837,0.24));
#9281=CARTESIAN_POINT('',(-0.1175,-0.000513808503748369,0.24));
#9282=CARTESIAN_POINT('',(-0.1175,-0.00451380850374837,0.24));
#9283=CARTESIAN_POINT('',(-0.10792,-5.88529879013197E-18,0.2575));
#9284=CARTESIAN_POINT('',(-0.10792,-0.0125638085037484,0.247014805770654));
#9285=CARTESIAN_POINT('',(-0.10792,-0.00851380850374839,0.249353074360872));
#9286=CARTESIAN_POINT('',(-0.10792,-0.0166138085037484,0.244676537180436));
#9287=CARTESIAN_POINT('',(-0.10792,-0.0166138085037484,0.24));
#9288=CARTESIAN_POINT('',(-0.10792,-0.0166138085037484,0.235323462819564));
#9289=CARTESIAN_POINT('',(-0.10792,-0.0125638085037484,0.232985194229346));
#9290=CARTESIAN_POINT('',(-0.10792,-0.00851380850374843,0.230646925639128));
#9291=CARTESIAN_POINT('',(-0.10792,-0.00446380850374843,0.232985194229346));
#9292=CARTESIAN_POINT('',(-0.10792,-0.000413808503748399,0.235323462819564));
#9293=CARTESIAN_POINT('',(-0.10792,-0.000413808503748386,0.24));
#9294=CARTESIAN_POINT('',(-0.10792,-0.000413808503748391,0.244676537180436));
#9295=CARTESIAN_POINT('',(-0.10792,-0.00446380850374835,0.247014805770654));
#9296=CARTESIAN_POINT('',(-0.10792,-0.0125638085037484,0.247014805770654));
#9297=CARTESIAN_POINT('',(-0.10792,-0.0166138085037484,0.244676537180436));
#9298=CARTESIAN_POINT('',(-0.10792,-0.00851380850374839,0.249353074360872));
#9299=CARTESIAN_POINT('',(-0.10792,-0.0166138085037484,0.24));
#9300=CARTESIAN_POINT('',(-0.10792,-0.0166138085037484,0.235323462819564));
#9301=CARTESIAN_POINT('',(-0.10792,-0.0125638085037484,0.232985194229346));
#9302=CARTESIAN_POINT('',(-0.10792,-0.00851380850374843,0.230646925639128));
#9303=CARTESIAN_POINT('',(-0.10792,-0.00446380850374843,0.232985194229346));
#9304=CARTESIAN_POINT('',(-0.10792,-0.000413808503748399,0.235323462819564));
#9305=CARTESIAN_POINT('',(-0.10792,-0.000413808503748386,0.24));
#9306=CARTESIAN_POINT('',(-0.10792,-0.000413808503748391,0.244676537180436));
#9307=CARTESIAN_POINT('',(-0.10792,-0.00446380850374835,0.247014805770654));
#9308=CARTESIAN_POINT('',(0.10752,0.,0.2575));
#9309=CARTESIAN_POINT('',(0.10752,-0.00446380850374822,0.247014805770654));
#9310=CARTESIAN_POINT('',(0.10752,-0.00851380850374823,0.249353074360872));
#9311=CARTESIAN_POINT('',(0.10752,-0.000413808503748209,0.244676537180436));
#9312=CARTESIAN_POINT('',(0.10752,-0.000413808503748205,0.24));
#9313=CARTESIAN_POINT('',(0.10752,-0.000413808503748209,0.235323462819564));
#9314=CARTESIAN_POINT('',(0.10752,-0.00446380850374821,0.232985194229346));
#9315=CARTESIAN_POINT('',(0.10752,-0.00851380850374819,0.230646925639128));
#9316=CARTESIAN_POINT('',(0.10752,-0.0125638085037482,0.232985194229346));
#9317=CARTESIAN_POINT('',(0.10752,-0.0166138085037482,0.235323462819564));
#9318=CARTESIAN_POINT('',(0.10752,-0.0166138085037482,0.24));
#9319=CARTESIAN_POINT('',(0.10752,-0.0166138085037482,0.244676537180436));
#9320=CARTESIAN_POINT('',(0.10752,-0.0125638085037482,0.247014805770654));
#9321=CARTESIAN_POINT('',(0.10752,-0.00446380850374822,0.247014805770654));
#9322=CARTESIAN_POINT('',(0.10752,-0.000413808503748209,0.244676537180436));
#9323=CARTESIAN_POINT('',(0.10752,-0.00851380850374823,0.249353074360872));
#9324=CARTESIAN_POINT('',(0.10752,-0.000413808503748205,0.24));
#9325=CARTESIAN_POINT('',(0.09922,-0.000413808503748205,0.242078460969083));
#9326=CARTESIAN_POINT('',(0.09772,-0.000413808503748205,0.239480384757729));
#9327=CARTESIAN_POINT('',(0.09772,-0.000413808503748205,0.237401923788646));
#9328=CARTESIAN_POINT('',(0.09772,-0.000413808503748205,0.235323462819564));
#9329=CARTESIAN_POINT('',(0.09922,-0.000413808503748205,0.235323462819564));
#9330=CARTESIAN_POINT('',(0.10752,-0.000413808503748209,0.235323462819564));
#9331=CARTESIAN_POINT('',(0.10752,-0.00446380850374821,0.232985194229346));
#9332=CARTESIAN_POINT('',(0.10752,-0.00851380850374819,0.230646925639128));
#9333=CARTESIAN_POINT('',(0.10752,-0.0125638085037482,0.232985194229346));
#9334=CARTESIAN_POINT('',(0.10752,-0.0166138085037482,0.235323462819564));
#9335=CARTESIAN_POINT('',(0.10752,-0.0166138085037482,0.24));
#9336=CARTESIAN_POINT('',(0.09922,-0.0166138085037482,0.235323462819564));
#9337=CARTESIAN_POINT('',(0.09772,-0.0166138085037482,0.235323462819564));
#9338=CARTESIAN_POINT('',(0.09772,-0.0166138085037482,0.237401923788646));
#9339=CARTESIAN_POINT('',(0.09772,-0.0166138085037482,0.239480384757729));
#9340=CARTESIAN_POINT('',(0.09922,-0.0166138085037482,0.242078460969083));
#9341=CARTESIAN_POINT('',(0.10752,-0.0166138085037482,0.244676537180436));
#9342=CARTESIAN_POINT('',(0.10752,-0.0125638085037482,0.247014805770654));
#9343=CARTESIAN_POINT('',(0.09922,-0.0176138085037482,0.242078460969083));
#9344=CARTESIAN_POINT('',(0.09772,-0.0176138085037482,0.239480384757729));
#9345=CARTESIAN_POINT('',(0.09772,-0.0176138085037482,0.239480384757729));
#9346=CARTESIAN_POINT('',(0.09922,-0.0176138085037482,0.242078460969083));
#9347=CARTESIAN_POINT('',(0.09922,-0.0176138085037482,0.235323462819564));
#9348=CARTESIAN_POINT('',(0.09922,-0.0176138085037482,0.235323462819564));
#9349=CARTESIAN_POINT('',(0.09772,-0.0176138085037482,0.235323462819564));
#9350=CARTESIAN_POINT('',(0.09772,-0.0176138085037482,0.235323462819564));
#9351=CARTESIAN_POINT('',(0.09772,-0.0176138085037482,0.237401923788646));
#9352=CARTESIAN_POINT('',(0.09772,-0.0176138085037482,0.237401923788646));
#9353=CARTESIAN_POINT('',(0.10262,-0.0176138085037482,0.24));
#9354=CARTESIAN_POINT('',(0.09922,0.000586191496251795,0.242078460969083));
#9355=CARTESIAN_POINT('',(0.09922,0.000586191496251795,0.242078460969083));
#9356=CARTESIAN_POINT('',(0.09772,0.000586191496251795,0.239480384757729));
#9357=CARTESIAN_POINT('',(0.09772,0.000586191496251795,0.239480384757729));
#9358=CARTESIAN_POINT('',(0.09772,0.000586191496251794,0.237401923788646));
#9359=CARTESIAN_POINT('',(0.09772,0.000586191496251794,0.237401923788646));
#9360=CARTESIAN_POINT('',(0.09772,0.000586191496251794,0.235323462819564));
#9361=CARTESIAN_POINT('',(0.09772,0.000586191496251794,0.235323462819564));
#9362=CARTESIAN_POINT('',(0.09922,0.000586191496251794,0.235323462819564));
#9363=CARTESIAN_POINT('',(0.09922,0.000586191496251794,0.235323462819564));
#9364=CARTESIAN_POINT('',(0.10262,0.000586191496251795,0.24));
#9365=CARTESIAN_POINT('',(-1.99999999991573E-5,0.0102579735670232,0.349999999999979));
#9366=CARTESIAN_POINT('',(-0.0768840175580205,-0.0374978977255693,0.349999999999979));
#9367=CARTESIAN_POINT('',(-0.0768840175580205,-0.0444978977255693,0.349999999999979));
#9368=CARTESIAN_POINT('',(-0.0707487789007022,-0.0444978977255693,0.349999999999979));
#9369=CARTESIAN_POINT('',(-0.0768840175580205,-0.0374978977255693,0.349999999999979));
#9370=CARTESIAN_POINT('',(-0.0768840175580205,-0.0444978977255693,0.349999999999979));
#9371=CARTESIAN_POINT('',(-0.0707487789007022,-0.0444978977255693,0.349999999999979));
#9372=CARTESIAN_POINT('',(-0.10422,-0.010138808503749,0.348025609816558));
#9373=CARTESIAN_POINT('',(-0.10422,-0.00836380850374893,0.349050406544369));
#9374=CARTESIAN_POINT('',(-0.10422,-0.00836380850374893,0.349050406544369));
#9375=CARTESIAN_POINT('',(-0.10422,-0.010138808503749,0.348025609816558));
#9376=CARTESIAN_POINT('',(-0.10422,-0.011913808503749,0.347000813088746));
#9377=CARTESIAN_POINT('',(-0.10422,-0.011913808503749,0.347000813088746));
#9378=CARTESIAN_POINT('',(-0.10422,-0.00836380850374895,0.351099999999992));
#9379=CARTESIAN_POINT('',(-0.10422,-0.00836380850374895,0.353149593455615));
#9380=CARTESIAN_POINT('',(-0.10422,-0.00836380850374895,0.353149593455615));
#9381=CARTESIAN_POINT('',(-0.10422,-0.00836380850374895,0.351099999999992));
#9382=CARTESIAN_POINT('',(-0.10422,-0.0101388085037489,0.354174390183427));
#9383=CARTESIAN_POINT('',(-0.10422,-0.0119138085037489,0.355199186911239));
#9384=CARTESIAN_POINT('',(-0.10422,-0.0119138085037489,0.355199186911239));
#9385=CARTESIAN_POINT('',(-0.10422,-0.0101388085037489,0.354174390183427));
#9386=CARTESIAN_POINT('',(-0.10422,-0.0136888085037489,0.354174390183427));
#9387=CARTESIAN_POINT('',(-0.10422,-0.015463808503749,0.353149593455615));
#9388=CARTESIAN_POINT('',(-0.10422,-0.015463808503749,0.353149593455615));
#9389=CARTESIAN_POINT('',(-0.10422,-0.0136888085037489,0.354174390183427));
#9390=CARTESIAN_POINT('',(-0.10422,-0.015463808503749,0.351099999999992));
#9391=CARTESIAN_POINT('',(-0.10422,-0.0154638085037488,0.349050406544369));
#9392=CARTESIAN_POINT('',(-0.10422,-0.0154638085037488,0.349050406544369));
#9393=CARTESIAN_POINT('',(-0.10422,-0.015463808503749,0.351099999999992));
#9394=CARTESIAN_POINT('',(-0.10422,-0.0136888085037489,0.348025609816558));
#9395=CARTESIAN_POINT('',(-0.10422,-0.0136888085037489,0.348025609816558));
#9396=CARTESIAN_POINT('',(-0.10422,-4.49403542147211E-18,0.2575));
#9397=CARTESIAN_POINT('',(-0.10422,-0.0119138085037489,0.351099999999992));
#9398=CARTESIAN_POINT('',(-0.10422,-0.0141638085037489,0.351099999999992));
#9399=CARTESIAN_POINT('',(-0.12572,-0.011913808503749,0.351099999999992));
#9400=CARTESIAN_POINT('',(0.10422,-0.0101388085037489,0.354174390183427));
#9401=CARTESIAN_POINT('',(0.10422,-0.00836380850374894,0.353149593455615));
#9402=CARTESIAN_POINT('',(0.10422,-0.00836380850374894,0.353149593455615));
#9403=CARTESIAN_POINT('',(0.10422,-0.0101388085037489,0.354174390183427));
#9404=CARTESIAN_POINT('',(0.10422,-0.0119138085037489,0.355199186911239));
#9405=CARTESIAN_POINT('',(0.10422,-0.0119138085037489,0.355199186911239));
#9406=CARTESIAN_POINT('',(0.10422,-0.00836380850374892,0.351099999999992));
#9407=CARTESIAN_POINT('',(0.10422,-0.00836380850374894,0.349050406544369));
#9408=CARTESIAN_POINT('',(0.10422,-0.00836380850374894,0.349050406544369));
#9409=CARTESIAN_POINT('',(0.10422,-0.00836380850374892,0.351099999999992));
#9410=CARTESIAN_POINT('',(0.10422,-0.0101388085037489,0.348025609816558));
#9411=CARTESIAN_POINT('',(0.10422,-0.0119138085037489,0.347000813088746));
#9412=CARTESIAN_POINT('',(0.10422,-0.0119138085037489,0.347000813088746));
#9413=CARTESIAN_POINT('',(0.10422,-0.0101388085037489,0.348025609816558));
#9414=CARTESIAN_POINT('',(0.10422,-0.0136888085037489,0.348025609816558));
#9415=CARTESIAN_POINT('',(0.10422,-0.015463808503749,0.349050406544369));
#9416=CARTESIAN_POINT('',(0.10422,-0.015463808503749,0.349050406544369));
#9417=CARTESIAN_POINT('',(0.10422,-0.0136888085037489,0.348025609816558));
#9418=CARTESIAN_POINT('',(0.10422,-0.0154638085037489,0.351099999999992));
#9419=CARTESIAN_POINT('',(0.10422,-0.015463808503749,0.353149593455616));
#9420=CARTESIAN_POINT('',(0.10422,-0.015463808503749,0.353149593455616));
#9421=CARTESIAN_POINT('',(0.10422,-0.0154638085037489,0.351099999999992));
#9422=CARTESIAN_POINT('',(0.10422,-0.0136888085037489,0.354174390183428));
#9423=CARTESIAN_POINT('',(0.10422,-0.0136888085037489,0.354174390183428));
#9424=CARTESIAN_POINT('',(0.10422,0.,0.2575));
#9425=CARTESIAN_POINT('',(0.10422,-0.0119138085037489,0.351099999999992));
#9426=CARTESIAN_POINT('',(0.10422,-0.00966380850374894,0.351099999999992));
#9427=CARTESIAN_POINT('',(0.12572,-0.0119138085037489,0.351099999999992));
#9428=CARTESIAN_POINT('',(-0.0565928593078111,-0.0497605710628886,0.348025609816558));
#9429=CARTESIAN_POINT('',(-0.0583298897614517,-0.0493953995920356,0.349050406544369));
#9430=CARTESIAN_POINT('',(-0.0583298897614517,-0.0493953995920356,0.349050406544369));
#9431=CARTESIAN_POINT('',(-0.0565928593078111,-0.0497605710628886,0.348025609816558));
#9432=CARTESIAN_POINT('',(-0.0548558288541704,-0.0501257425337417,0.347000813088747));
#9433=CARTESIAN_POINT('',(-0.0548558288541704,-0.0501257425337417,0.347000813088747));
#9434=CARTESIAN_POINT('',(-0.0583298897614516,-0.0493953995920356,0.351099999999992));
#9435=CARTESIAN_POINT('',(-0.0583298897614516,-0.0493953995920356,0.353149593455615));
#9436=CARTESIAN_POINT('',(-0.0583298897614516,-0.0493953995920356,0.353149593455615));
#9437=CARTESIAN_POINT('',(-0.0583298897614516,-0.0493953995920356,0.351099999999992));
#9438=CARTESIAN_POINT('',(-0.056592859307811,-0.0497605710628887,0.354174390183427));
#9439=CARTESIAN_POINT('',(-0.0548558288541704,-0.0501257425337417,0.355199186911239));
#9440=CARTESIAN_POINT('',(-0.0548558288541704,-0.0501257425337417,0.355199186911239));
#9441=CARTESIAN_POINT('',(-0.056592859307811,-0.0497605710628887,0.354174390183427));
#9442=CARTESIAN_POINT('',(-0.0531187984005297,-0.0504909140045948,0.354174390183428));
#9443=CARTESIAN_POINT('',(-0.0513817679468891,-0.0508560854754478,0.353149593455616));
#9444=CARTESIAN_POINT('',(-0.0513817679468891,-0.0508560854754478,0.353149593455616));
#9445=CARTESIAN_POINT('',(-0.0531187984005297,-0.0504909140045948,0.354174390183428));
#9446=CARTESIAN_POINT('',(-0.0513817679468891,-0.0508560854754478,0.351099999999992));
#9447=CARTESIAN_POINT('',(-0.0513817679468891,-0.0508560854754478,0.349050406544369));
#9448=CARTESIAN_POINT('',(-0.0513817679468891,-0.0508560854754478,0.349050406544369));
#9449=CARTESIAN_POINT('',(-0.0513817679468891,-0.0508560854754478,0.351099999999992));
#9450=CARTESIAN_POINT('',(-0.0531187984005297,-0.0504909140045948,0.348025609816558));
#9451=CARTESIAN_POINT('',(-0.0531187984005297,-0.0504909140045948,0.348025609816558));
#9452=CARTESIAN_POINT('',(-0.0510800564214004,-0.0509195135180046,0.2575));
#9453=CARTESIAN_POINT('',(-0.0548558288541704,-0.0501257425337417,0.351099999999992));
#9454=CARTESIAN_POINT('',(-0.0526539592650485,-0.0505886359474991,0.351099999999992));
#9455=CARTESIAN_POINT('',(-0.0592790325856299,-0.0711658297186847,0.351099999999992));
#9456=CARTESIAN_POINT('',(0.0531046378776174,-0.0504938909351194,0.348025609816558));
#9457=CARTESIAN_POINT('',(0.0513676074239768,-0.0508590624059724,0.349050406544369));
#9458=CARTESIAN_POINT('',(0.0513676074239768,-0.0508590624059724,0.349050406544369));
#9459=CARTESIAN_POINT('',(0.0531046378776174,-0.0504938909351194,0.348025609816558));
#9460=CARTESIAN_POINT('',(0.0548416683312581,-0.0501287194642663,0.347000813088746));
#9461=CARTESIAN_POINT('',(0.0548416683312581,-0.0501287194642663,0.347000813088746));
#9462=CARTESIAN_POINT('',(0.0513676074239768,-0.0508590624059724,0.351099999999992));
#9463=CARTESIAN_POINT('',(0.0513676074239768,-0.0508590624059724,0.353149593455615));
#9464=CARTESIAN_POINT('',(0.0513676074239768,-0.0508590624059724,0.353149593455615));
#9465=CARTESIAN_POINT('',(0.0513676074239768,-0.0508590624059724,0.351099999999992));
#9466=CARTESIAN_POINT('',(0.0531046378776174,-0.0504938909351194,0.354174390183427));
#9467=CARTESIAN_POINT('',(0.0548416683312581,-0.0501287194642663,0.355199186911239));
#9468=CARTESIAN_POINT('',(0.0548416683312581,-0.0501287194642663,0.355199186911239));
#9469=CARTESIAN_POINT('',(0.0531046378776174,-0.0504938909351194,0.354174390183427));
#9470=CARTESIAN_POINT('',(0.0565786987848988,-0.0497635479934132,0.354174390183427));
#9471=CARTESIAN_POINT('',(0.0583157292385394,-0.0493983765225602,0.353149593455615));
#9472=CARTESIAN_POINT('',(0.0583157292385394,-0.0493983765225602,0.353149593455615));
#9473=CARTESIAN_POINT('',(0.0565786987848988,-0.0497635479934132,0.354174390183427));
#9474=CARTESIAN_POINT('',(0.0583157292385394,-0.0493983765225602,0.351099999999992));
#9475=CARTESIAN_POINT('',(0.0583157292385394,-0.0493983765225602,0.349050406544369));
#9476=CARTESIAN_POINT('',(0.0583157292385394,-0.0493983765225602,0.349050406544369));
#9477=CARTESIAN_POINT('',(0.0583157292385394,-0.0493983765225602,0.351099999999992));
#9478=CARTESIAN_POINT('',(0.0565786987848987,-0.0497635479934132,0.348025609816558));
#9479=CARTESIAN_POINT('',(0.0565786987848987,-0.0497635479934132,0.348025609816558));
#9480=CARTESIAN_POINT('',(0.0510800564214004,-0.0509195135180045,0.2575));
#9481=CARTESIAN_POINT('',(0.0548416683312581,-0.0501287194642663,0.351099999999992));
#9482=CARTESIAN_POINT('',(0.05704353792038,-0.0496658260505089,0.351099999999992));
#9483=CARTESIAN_POINT('',(0.0592648720627177,-0.0711688066492093,0.351099999999992));
#9484=MECHANICAL_DESIGN_GEOMETRIC_PRESENTATION_REPRESENTATION('',(#5925),
#9485);
#9485=(
GEOMETRIC_REPRESENTATION_CONTEXT(3)
GLOBAL_UNCERTAINTY_ASSIGNED_CONTEXT((#9486))
GLOBAL_UNIT_ASSIGNED_CONTEXT((#9489,#9488,#9487))
REPRESENTATION_CONTEXT('Part 3','TOP_LEVEL_ASSEMBLY_PART')
);
#9486=UNCERTAINTY_MEASURE_WITH_UNIT(LENGTH_MEASURE(2.E-5),#9489,
'DISTANCE_ACCURACY_VALUE','Maximum Tolerance applied to model');
#9487=(
NAMED_UNIT(*)
SI_UNIT($,.STERADIAN.)
SOLID_ANGLE_UNIT()
);
#9488=(
NAMED_UNIT(*)
PLANE_ANGLE_UNIT()
SI_UNIT($,.RADIAN.)
);
#9489=(
LENGTH_UNIT()
NAMED_UNIT(*)
SI_UNIT($,.METRE.)
);
#9490=PRODUCT_DEFINITION_SHAPE('','',#9491);
#9491=PRODUCT_DEFINITION('','',#9493,#9492);
#9492=PRODUCT_DEFINITION_CONTEXT('',#9499,'design');
#9493=PRODUCT_DEFINITION_FORMATION_WITH_SPECIFIED_SOURCE('','',#9495,
 .NOT_KNOWN.);
#9494=PRODUCT_RELATED_PRODUCT_CATEGORY('','',(#9495));
#9495=PRODUCT('Part 3','Part 3','Part 3',(#9497));
#9496=PRODUCT_CATEGORY('','');
#9497=PRODUCT_CONTEXT('',#9499,'mechanical');
#9498=APPLICATION_PROTOCOL_DEFINITION('international standard',
'ap242_managed_model_based_3d_engineering',2011,#9499);
#9499=APPLICATION_CONTEXT('managed model based 3d engineering');
ENDSEC;
END-ISO-10303-21;
