ISO-10303-21;
HEADER;
/* Generated by software containing ST-Developer
 * from STEP Tools, Inc. (www.steptools.com) 
 */
/* OPTION: using custom renumber hook */

FILE_DESCRIPTION(
/* description */ ('STEP AP242',
'CAx-IF Rec.Pracs.---Representation and Presentation of Product Manufa
cturing Information (PMI)---4.0---2014-10-13',
'CAx-IF Rec.Pracs.---3D Tessellated Geometry---0.4---2014-09-14','2;1'),

/* implementation_level */ '2;1');

FILE_NAME(
/* name */ '6883f6bf4addd603f724a42d',
/* time_stamp */ '2025-07-25T21:27:28Z',
/* author */ (''),
/* organization */ (''),
/* preprocessor_version */ 'ST-DEVELOPER v20',
/* originating_system */ 'ONSHAPE BY PTC INC, 1.201',
/* authorisation */ '  ');

FILE_SCHEMA (('AP242_MANAGED_MODEL_BASED_3D_ENGINEERING_MIM_LF { 1 0 10303 442 1 1 4 }'));
ENDSEC;

DATA;
#10=SHAPE_REPRESENTATION_RELATIONSHIP('','',#2508,#11);
#11=ADVANCED_BREP_SHAPE_REPRESENTATION('',(#2506),#8101);
#12=B_SPLINE_SURFACE_WITH_KNOTS('',3,1,((#6654,#6655),(#6656,#6657),(#6658,
#6659),(#6660,#6661),(#6662,#6663),(#6664,#6665),(#6666,#6667),(#6668,#6669),
(#6670,#6671),(#6672,#6673),(#6674,#6675),(#6676,#6677),(#6678,#6679),(#6680,
#6681),(#6682,#6683),(#6684,#6685)),.SURF_OF_LINEAR_EXTRUSION.,.F.,.F.,
 .F.,(4,1,1,1,1,1,1,1,1,1,1,1,1,4),(2,2),(0.0460055534068143,0.0750381937335832,
0.104070834060352,0.118587154223736,0.133103474387121,0.16213611471389,
0.191168755040659,0.220201395367427,0.278266676020965,0.394397237328041,
0.510527798635116,0.626658359942192,0.742788921249267,0.975050043863418),
(0.,1.),.UNSPECIFIED.);
#13=B_SPLINE_SURFACE_WITH_KNOTS('',3,1,((#6687,#6688),(#6689,#6690),(#6691,
#6692),(#6693,#6694),(#6695,#6696),(#6697,#6698),(#6699,#6700),(#6701,#6702),
(#6703,#6704),(#6705,#6706),(#6707,#6708),(#6709,#6710),(#6711,#6712),(#6713,
#6714),(#6715,#6716),(#6717,#6718)),.SURF_OF_LINEAR_EXTRUSION.,.F.,.F.,
 .F.,(4,1,1,1,1,1,1,1,1,1,1,1,1,4),(2,2),(0.0460055534068168,0.0750381937335856,
0.104070834060354,0.118587154223739,0.133103474387123,0.162136114713892,
0.191168755040661,0.22020139536743,0.278266676020967,0.394397237328042,
0.510527798635117,0.626658359942193,0.742788921249268,0.975050043863418),
(0.,1.),.UNSPECIFIED.);
#14=B_SPLINE_SURFACE_WITH_KNOTS('',3,1,((#6725,#6726),(#6727,#6728),(#6729,
#6730),(#6731,#6732),(#6733,#6734),(#6735,#6736),(#6737,#6738),(#6739,#6740),
(#6741,#6742),(#6743,#6744),(#6745,#6746),(#6747,#6748),(#6749,#6750),(#6751,
#6752),(#6753,#6754),(#6755,#6756)),.SURF_OF_LINEAR_EXTRUSION.,.F.,.F.,
 .F.,(4,1,1,1,1,1,1,1,1,1,1,1,1,4),(2,2),(0.0460055534068132,0.0750381937335821,
0.104070834060351,0.118587154223735,0.13310347438712,0.162136114713889,
0.191168755040658,0.220201395367427,0.278266676020964,0.39439723732804,
0.510527798635116,0.626658359942191,0.742788921249267,0.975050043863418),
(0.,1.),.UNSPECIFIED.);
#15=B_SPLINE_SURFACE_WITH_KNOTS('',3,1,((#6758,#6759),(#6760,#6761),(#6762,
#6763),(#6764,#6765),(#6766,#6767),(#6768,#6769),(#6770,#6771),(#6772,#6773),
(#6774,#6775),(#6776,#6777),(#6778,#6779),(#6780,#6781),(#6782,#6783),(#6784,
#6785),(#6786,#6787),(#6788,#6789)),.SURF_OF_LINEAR_EXTRUSION.,.F.,.F.,
 .F.,(4,1,1,1,1,1,1,1,1,1,1,1,1,4),(2,2),(0.0460055534068189,0.0750381937335876,
0.104070834060356,0.118587154223741,0.133103474387125,0.162136114713894,
0.191168755040662,0.220201395367431,0.278266676020969,0.394397237328044,
0.510527798635118,0.626658359942193,0.742788921249268,0.975050043863418),
(0.,1.),.UNSPECIFIED.);
#16=B_SPLINE_SURFACE_WITH_KNOTS('',3,1,((#6796,#6797),(#6798,#6799),(#6800,
#6801),(#6802,#6803),(#6804,#6805),(#6806,#6807),(#6808,#6809),(#6810,#6811),
(#6812,#6813),(#6814,#6815),(#6816,#6817),(#6818,#6819),(#6820,#6821),(#6822,
#6823),(#6824,#6825),(#6826,#6827)),.SURF_OF_LINEAR_EXTRUSION.,.F.,.F.,
 .F.,(4,1,1,1,1,1,1,1,1,1,1,1,1,4),(2,2),(0.046005553406814,0.0750381937335829,
0.104070834060352,0.118587154223736,0.133103474387121,0.16213611471389,
0.191168755040658,0.220201395367427,0.278266676020965,0.39439723732804,
0.510527798635116,0.626658359942192,0.742788921249267,0.975050043863418),
(0.,1.),.UNSPECIFIED.);
#17=B_SPLINE_SURFACE_WITH_KNOTS('',3,1,((#6829,#6830),(#6831,#6832),(#6833,
#6834),(#6835,#6836),(#6837,#6838),(#6839,#6840),(#6841,#6842),(#6843,#6844),
(#6845,#6846),(#6847,#6848),(#6849,#6850),(#6851,#6852),(#6853,#6854),(#6855,
#6856),(#6857,#6858),(#6859,#6860)),.SURF_OF_LINEAR_EXTRUSION.,.F.,.F.,
 .F.,(4,1,1,1,1,1,1,1,1,1,1,1,1,4),(2,2),(0.0460055534068182,0.075038193733587,
0.104070834060356,0.11858715422374,0.133103474387124,0.162136114713893,
0.191168755040662,0.220201395367431,0.278266676020968,0.394397237328043,
0.510527798635118,0.626658359942193,0.742788921249268,0.975050043863418),
(0.,1.),.UNSPECIFIED.);
#18=B_SPLINE_SURFACE_WITH_KNOTS('',3,1,((#6867,#6868),(#6869,#6870),(#6871,
#6872),(#6873,#6874),(#6875,#6876),(#6877,#6878),(#6879,#6880),(#6881,#6882),
(#6883,#6884),(#6885,#6886),(#6887,#6888),(#6889,#6890),(#6891,#6892),(#6893,
#6894),(#6895,#6896),(#6897,#6898)),.SURF_OF_LINEAR_EXTRUSION.,.F.,.F.,
 .F.,(4,1,1,1,1,1,1,1,1,1,1,1,1,4),(2,2),(0.0460055534068132,0.0750381937335821,
0.104070834060351,0.118587154223735,0.13310347438712,0.162136114713889,
0.191168755040658,0.220201395367427,0.278266676020964,0.39439723732804,
0.510527798635116,0.626658359942191,0.742788921249267,0.975050043863418),
(0.,1.),.UNSPECIFIED.);
#19=B_SPLINE_SURFACE_WITH_KNOTS('',3,1,((#6900,#6901),(#6902,#6903),(#6904,
#6905),(#6906,#6907),(#6908,#6909),(#6910,#6911),(#6912,#6913),(#6914,#6915),
(#6916,#6917),(#6918,#6919),(#6920,#6921),(#6922,#6923),(#6924,#6925),(#6926,
#6927),(#6928,#6929),(#6930,#6931)),.SURF_OF_LINEAR_EXTRUSION.,.F.,.F.,
 .F.,(4,1,1,1,1,1,1,1,1,1,1,1,1,4),(2,2),(0.0460055534068175,0.0750381937335863,
0.104070834060355,0.118587154223739,0.133103474387124,0.162136114713893,
0.191168755040661,0.22020139536743,0.278266676020968,0.394397237328043,
0.510527798635118,0.626658359942193,0.742788921249268,0.975050043863418),
(0.,1.),.UNSPECIFIED.);
#20=B_SPLINE_SURFACE_WITH_KNOTS('',3,1,((#6938,#6939),(#6940,#6941),(#6942,
#6943),(#6944,#6945),(#6946,#6947),(#6948,#6949),(#6950,#6951),(#6952,#6953),
(#6954,#6955),(#6956,#6957),(#6958,#6959),(#6960,#6961),(#6962,#6963),(#6964,
#6965),(#6966,#6967),(#6968,#6969)),.SURF_OF_LINEAR_EXTRUSION.,.F.,.F.,
 .F.,(4,1,1,1,1,1,1,1,1,1,1,1,1,4),(2,2),(0.0460055534068133,0.0750381937335822,
0.104070834060351,0.118587154223736,0.13310347438712,0.162136114713889,
0.191168755040658,0.220201395367427,0.278266676020964,0.39439723732804,
0.510527798635116,0.626658359942191,0.742788921249267,0.975050043863418),
(0.,1.),.UNSPECIFIED.);
#21=B_SPLINE_SURFACE_WITH_KNOTS('',3,1,((#6971,#6972),(#6973,#6974),(#6975,
#6976),(#6977,#6978),(#6979,#6980),(#6981,#6982),(#6983,#6984),(#6985,#6986),
(#6987,#6988),(#6989,#6990),(#6991,#6992),(#6993,#6994),(#6995,#6996),(#6997,
#6998),(#6999,#7000),(#7001,#7002)),.SURF_OF_LINEAR_EXTRUSION.,.F.,.F.,
 .F.,(4,1,1,1,1,1,1,1,1,1,1,1,1,4),(2,2),(0.0460055534068188,0.0750381937335876,
0.104070834060356,0.118587154223741,0.133103474387125,0.162136114713894,
0.191168755040662,0.220201395367431,0.278266676020969,0.394397237328044,
0.510527798635118,0.626658359942193,0.742788921249268,0.975050043863418),
(0.,1.),.UNSPECIFIED.);
#22=B_SPLINE_SURFACE_WITH_KNOTS('',3,1,((#7009,#7010),(#7011,#7012),(#7013,
#7014),(#7015,#7016),(#7017,#7018),(#7019,#7020),(#7021,#7022),(#7023,#7024),
(#7025,#7026),(#7027,#7028),(#7029,#7030),(#7031,#7032),(#7033,#7034),(#7035,
#7036),(#7037,#7038),(#7039,#7040)),.SURF_OF_LINEAR_EXTRUSION.,.F.,.F.,
 .F.,(4,1,1,1,1,1,1,1,1,1,1,1,1,4),(2,2),(0.0460055534068142,0.0750381937335831,
0.104070834060352,0.118587154223736,0.133103474387121,0.16213611471389,
0.191168755040659,0.220201395367427,0.278266676020965,0.394397237328041,
0.510527798635116,0.626658359942192,0.742788921249267,0.975050043863418),
(0.,1.),.UNSPECIFIED.);
#23=B_SPLINE_SURFACE_WITH_KNOTS('',3,1,((#7042,#7043),(#7044,#7045),(#7046,
#7047),(#7048,#7049),(#7050,#7051),(#7052,#7053),(#7054,#7055),(#7056,#7057),
(#7058,#7059),(#7060,#7061),(#7062,#7063),(#7064,#7065),(#7066,#7067),(#7068,
#7069),(#7070,#7071),(#7072,#7073)),.SURF_OF_LINEAR_EXTRUSION.,.F.,.F.,
 .F.,(4,1,1,1,1,1,1,1,1,1,1,1,1,4),(2,2),(0.0460055534068177,0.0750381937335864,
0.104070834060355,0.11858715422374,0.133103474387124,0.162136114713893,
0.191168755040661,0.22020139536743,0.278266676020968,0.394397237328043,
0.510527798635118,0.626658359942193,0.742788921249268,0.975050043863418),
(0.,1.),.UNSPECIFIED.);
#24=B_SPLINE_SURFACE_WITH_KNOTS('',3,1,((#7080,#7081),(#7082,#7083),(#7084,
#7085),(#7086,#7087),(#7088,#7089),(#7090,#7091),(#7092,#7093),(#7094,#7095),
(#7096,#7097),(#7098,#7099),(#7100,#7101),(#7102,#7103),(#7104,#7105),(#7106,
#7107),(#7108,#7109),(#7110,#7111)),.SURF_OF_LINEAR_EXTRUSION.,.F.,.F.,
 .F.,(4,1,1,1,1,1,1,1,1,1,1,1,1,4),(2,2),(0.046005553406814,0.0750381937335829,
0.104070834060352,0.118587154223736,0.133103474387121,0.16213611471389,
0.191168755040658,0.220201395367427,0.278266676020965,0.39439723732804,
0.510527798635116,0.626658359942192,0.742788921249267,0.975050043863418),
(0.,1.),.UNSPECIFIED.);
#25=B_SPLINE_SURFACE_WITH_KNOTS('',3,1,((#7113,#7114),(#7115,#7116),(#7117,
#7118),(#7119,#7120),(#7121,#7122),(#7123,#7124),(#7125,#7126),(#7127,#7128),
(#7129,#7130),(#7131,#7132),(#7133,#7134),(#7135,#7136),(#7137,#7138),(#7139,
#7140),(#7141,#7142),(#7143,#7144)),.SURF_OF_LINEAR_EXTRUSION.,.F.,.F.,
 .F.,(4,1,1,1,1,1,1,1,1,1,1,1,1,4),(2,2),(0.0460055534068178,0.0750381937335866,
0.104070834060355,0.11858715422374,0.133103474387124,0.162136114713893,
0.191168755040662,0.22020139536743,0.278266676020968,0.394397237328043,
0.510527798635118,0.626658359942193,0.742788921249268,0.975050043863418),
(0.,1.),.UNSPECIFIED.);
#26=B_SPLINE_SURFACE_WITH_KNOTS('',3,1,((#7151,#7152),(#7153,#7154),(#7155,
#7156),(#7157,#7158),(#7159,#7160),(#7161,#7162),(#7163,#7164),(#7165,#7166),
(#7167,#7168),(#7169,#7170),(#7171,#7172),(#7173,#7174),(#7175,#7176),(#7177,
#7178),(#7179,#7180),(#7181,#7182)),.SURF_OF_LINEAR_EXTRUSION.,.F.,.F.,
 .F.,(4,1,1,1,1,1,1,1,1,1,1,1,1,4),(2,2),(0.0460055534068139,0.0750381937335828,
0.104070834060352,0.118587154223736,0.133103474387121,0.162136114713889,
0.191168755040658,0.220201395367427,0.278266676020965,0.39439723732804,
0.510527798635116,0.626658359942191,0.742788921249267,0.975050043863418),
(0.,1.),.UNSPECIFIED.);
#27=B_SPLINE_SURFACE_WITH_KNOTS('',3,1,((#7184,#7185),(#7186,#7187),(#7188,
#7189),(#7190,#7191),(#7192,#7193),(#7194,#7195),(#7196,#7197),(#7198,#7199),
(#7200,#7201),(#7202,#7203),(#7204,#7205),(#7206,#7207),(#7208,#7209),(#7210,
#7211),(#7212,#7213),(#7214,#7215)),.SURF_OF_LINEAR_EXTRUSION.,.F.,.F.,
 .F.,(4,1,1,1,1,1,1,1,1,1,1,1,1,4),(2,2),(0.0460055534068184,0.0750381937335871,
0.104070834060356,0.11858715422374,0.133103474387125,0.162136114713893,
0.191168755040662,0.220201395367431,0.278266676020968,0.394397237328043,
0.510527798635118,0.626658359942193,0.742788921249268,0.975050043863418),
(0.,1.),.UNSPECIFIED.);
#28=B_SPLINE_SURFACE_WITH_KNOTS('',3,1,((#7222,#7223),(#7224,#7225),(#7226,
#7227),(#7228,#7229),(#7230,#7231),(#7232,#7233),(#7234,#7235),(#7236,#7237),
(#7238,#7239),(#7240,#7241),(#7242,#7243),(#7244,#7245),(#7246,#7247),(#7248,
#7249),(#7250,#7251),(#7252,#7253)),.SURF_OF_LINEAR_EXTRUSION.,.F.,.F.,
 .F.,(4,1,1,1,1,1,1,1,1,1,1,1,1,4),(2,2),(0.0460055534068143,0.0750381937335832,
0.104070834060352,0.118587154223736,0.133103474387121,0.16213611471389,
0.191168755040659,0.220201395367427,0.278266676020965,0.394397237328041,
0.510527798635116,0.626658359942192,0.742788921249267,0.975050043863418),
(0.,1.),.UNSPECIFIED.);
#29=B_SPLINE_SURFACE_WITH_KNOTS('',3,1,((#7255,#7256),(#7257,#7258),(#7259,
#7260),(#7261,#7262),(#7263,#7264),(#7265,#7266),(#7267,#7268),(#7269,#7270),
(#7271,#7272),(#7273,#7274),(#7275,#7276),(#7277,#7278),(#7279,#7280),(#7281,
#7282),(#7283,#7284),(#7285,#7286)),.SURF_OF_LINEAR_EXTRUSION.,.F.,.F.,
 .F.,(4,1,1,1,1,1,1,1,1,1,1,1,1,4),(2,2),(0.0460055534068168,0.0750381937335856,
0.104070834060354,0.118587154223739,0.133103474387123,0.162136114713892,
0.191168755040661,0.22020139536743,0.278266676020967,0.394397237328042,
0.510527798635117,0.626658359942193,0.742788921249268,0.975050043863418),
(0.,1.),.UNSPECIFIED.);
#30=B_SPLINE_SURFACE_WITH_KNOTS('',3,1,((#7293,#7294),(#7295,#7296),(#7297,
#7298),(#7299,#7300),(#7301,#7302),(#7303,#7304),(#7305,#7306),(#7307,#7308),
(#7309,#7310),(#7311,#7312),(#7313,#7314),(#7315,#7316),(#7317,#7318),(#7319,
#7320),(#7321,#7322),(#7323,#7324)),.SURF_OF_LINEAR_EXTRUSION.,.F.,.F.,
 .F.,(4,1,1,1,1,1,1,1,1,1,1,1,1,4),(2,2),(0.0460055534068139,0.0750381937335828,
0.104070834060352,0.118587154223736,0.133103474387121,0.162136114713889,
0.191168755040658,0.220201395367427,0.278266676020965,0.39439723732804,
0.510527798635116,0.626658359942191,0.742788921249267,0.975050043863418),
(0.,1.),.UNSPECIFIED.);
#31=B_SPLINE_SURFACE_WITH_KNOTS('',3,1,((#7326,#7327),(#7328,#7329),(#7330,
#7331),(#7332,#7333),(#7334,#7335),(#7336,#7337),(#7338,#7339),(#7340,#7341),
(#7342,#7343),(#7344,#7345),(#7346,#7347),(#7348,#7349),(#7350,#7351),(#7352,
#7353),(#7354,#7355),(#7356,#7357)),.SURF_OF_LINEAR_EXTRUSION.,.F.,.F.,
 .F.,(4,1,1,1,1,1,1,1,1,1,1,1,1,4),(2,2),(0.0460055534068176,0.0750381937335864,
0.104070834060355,0.11858715422374,0.133103474387124,0.162136114713893,
0.191168755040661,0.22020139536743,0.278266676020968,0.394397237328043,
0.510527798635118,0.626658359942193,0.742788921249268,0.975050043863418),
(0.,1.),.UNSPECIFIED.);
#32=B_SPLINE_SURFACE_WITH_KNOTS('',3,1,((#7364,#7365),(#7366,#7367),(#7368,
#7369),(#7370,#7371),(#7372,#7373),(#7374,#7375),(#7376,#7377),(#7378,#7379),
(#7380,#7381),(#7382,#7383),(#7384,#7385),(#7386,#7387),(#7388,#7389),(#7390,
#7391),(#7392,#7393),(#7394,#7395)),.SURF_OF_LINEAR_EXTRUSION.,.F.,.F.,
 .F.,(4,1,1,1,1,1,1,1,1,1,1,1,1,4),(2,2),(0.0460055534068132,0.0750381937335821,
0.104070834060351,0.118587154223735,0.13310347438712,0.162136114713889,
0.191168755040658,0.220201395367427,0.278266676020964,0.39439723732804,
0.510527798635116,0.626658359942191,0.742788921249267,0.975050043863418),
(0.,1.),.UNSPECIFIED.);
#33=B_SPLINE_SURFACE_WITH_KNOTS('',3,1,((#7397,#7398),(#7399,#7400),(#7401,
#7402),(#7403,#7404),(#7405,#7406),(#7407,#7408),(#7409,#7410),(#7411,#7412),
(#7413,#7414),(#7415,#7416),(#7417,#7418),(#7419,#7420),(#7421,#7422),(#7423,
#7424),(#7425,#7426),(#7427,#7428)),.SURF_OF_LINEAR_EXTRUSION.,.F.,.F.,
 .F.,(4,1,1,1,1,1,1,1,1,1,1,1,1,4),(2,2),(0.0460055534068177,0.0750381937335864,
0.104070834060355,0.11858715422374,0.133103474387124,0.162136114713893,
0.191168755040661,0.22020139536743,0.278266676020968,0.394397237328043,
0.510527798635118,0.626658359942193,0.742788921249268,0.975050043863418),
(0.,1.),.UNSPECIFIED.);
#34=B_SPLINE_SURFACE_WITH_KNOTS('',3,1,((#7435,#7436),(#7437,#7438),(#7439,
#7440),(#7441,#7442),(#7443,#7444),(#7445,#7446),(#7447,#7448),(#7449,#7450),
(#7451,#7452),(#7453,#7454),(#7455,#7456),(#7457,#7458),(#7459,#7460),(#7461,
#7462),(#7463,#7464),(#7465,#7466)),.SURF_OF_LINEAR_EXTRUSION.,.F.,.F.,
 .F.,(4,1,1,1,1,1,1,1,1,1,1,1,1,4),(2,2),(0.0460055534068136,0.0750381937335825,
0.104070834060351,0.118587154223736,0.13310347438712,0.162136114713889,
0.191168755040658,0.220201395367427,0.278266676020965,0.39439723732804,
0.510527798635116,0.626658359942191,0.742788921249267,0.975050043863418),
(0.,1.),.UNSPECIFIED.);
#35=B_SPLINE_SURFACE_WITH_KNOTS('',3,1,((#7468,#7469),(#7470,#7471),(#7472,
#7473),(#7474,#7475),(#7476,#7477),(#7478,#7479),(#7480,#7481),(#7482,#7483),
(#7484,#7485),(#7486,#7487),(#7488,#7489),(#7490,#7491),(#7492,#7493),(#7494,
#7495),(#7496,#7497),(#7498,#7499)),.SURF_OF_LINEAR_EXTRUSION.,.F.,.F.,
 .F.,(4,1,1,1,1,1,1,1,1,1,1,1,1,4),(2,2),(0.0460055534068178,0.0750381937335866,
0.104070834060355,0.11858715422374,0.133103474387124,0.162136114713893,
0.191168755040662,0.22020139536743,0.278266676020968,0.394397237328043,
0.510527798635118,0.626658359942193,0.742788921249268,0.975050043863418),
(0.,1.),.UNSPECIFIED.);
#36=B_SPLINE_SURFACE_WITH_KNOTS('',3,1,((#7506,#7507),(#7508,#7509),(#7510,
#7511),(#7512,#7513),(#7514,#7515),(#7516,#7517),(#7518,#7519),(#7520,#7521),
(#7522,#7523),(#7524,#7525),(#7526,#7527),(#7528,#7529),(#7530,#7531),(#7532,
#7533),(#7534,#7535),(#7536,#7537)),.SURF_OF_LINEAR_EXTRUSION.,.F.,.F.,
 .F.,(4,1,1,1,1,1,1,1,1,1,1,1,1,4),(2,2),(0.0460055534068139,0.0750381937335827,
0.104070834060352,0.118587154223736,0.133103474387121,0.162136114713889,
0.191168755040658,0.220201395367427,0.278266676020965,0.39439723732804,
0.510527798635116,0.626658359942191,0.742788921249267,0.975050043863418),
(0.,1.),.UNSPECIFIED.);
#37=B_SPLINE_SURFACE_WITH_KNOTS('',3,1,((#7539,#7540),(#7541,#7542),(#7543,
#7544),(#7545,#7546),(#7547,#7548),(#7549,#7550),(#7551,#7552),(#7553,#7554),
(#7555,#7556),(#7557,#7558),(#7559,#7560),(#7561,#7562),(#7563,#7564),(#7565,
#7566),(#7567,#7568),(#7569,#7570)),.SURF_OF_LINEAR_EXTRUSION.,.F.,.F.,
 .F.,(4,1,1,1,1,1,1,1,1,1,1,1,1,4),(2,2),(0.0460055534068175,0.0750381937335863,
0.104070834060355,0.118587154223739,0.133103474387124,0.162136114713893,
0.191168755040661,0.22020139536743,0.278266676020968,0.394397237328043,
0.510527798635118,0.626658359942193,0.742788921249268,0.975050043863418),
(0.,1.),.UNSPECIFIED.);
#38=B_SPLINE_SURFACE_WITH_KNOTS('',3,1,((#7577,#7578),(#7579,#7580),(#7581,
#7582),(#7583,#7584),(#7585,#7586),(#7587,#7588),(#7589,#7590),(#7591,#7592),
(#7593,#7594),(#7595,#7596),(#7597,#7598),(#7599,#7600),(#7601,#7602),(#7603,
#7604),(#7605,#7606),(#7607,#7608)),.SURF_OF_LINEAR_EXTRUSION.,.F.,.F.,
 .F.,(4,1,1,1,1,1,1,1,1,1,1,1,1,4),(2,2),(0.0460055534068143,0.0750381937335832,
0.104070834060352,0.118587154223736,0.133103474387121,0.16213611471389,
0.191168755040659,0.220201395367427,0.278266676020965,0.394397237328041,
0.510527798635116,0.626658359942192,0.742788921249267,0.975050043863418),
(0.,1.),.UNSPECIFIED.);
#39=B_SPLINE_SURFACE_WITH_KNOTS('',3,1,((#7610,#7611),(#7612,#7613),(#7614,
#7615),(#7616,#7617),(#7618,#7619),(#7620,#7621),(#7622,#7623),(#7624,#7625),
(#7626,#7627),(#7628,#7629),(#7630,#7631),(#7632,#7633),(#7634,#7635),(#7636,
#7637),(#7638,#7639),(#7640,#7641)),.SURF_OF_LINEAR_EXTRUSION.,.F.,.F.,
 .F.,(4,1,1,1,1,1,1,1,1,1,1,1,1,4),(2,2),(0.0460055534068168,0.0750381937335856,
0.104070834060354,0.118587154223739,0.133103474387123,0.162136114713892,
0.191168755040661,0.22020139536743,0.278266676020967,0.394397237328042,
0.510527798635117,0.626658359942193,0.742788921249268,0.975050043863418),
(0.,1.),.UNSPECIFIED.);
#40=B_SPLINE_SURFACE_WITH_KNOTS('',3,1,((#7648,#7649),(#7650,#7651),(#7652,
#7653),(#7654,#7655),(#7656,#7657),(#7658,#7659),(#7660,#7661),(#7662,#7663),
(#7664,#7665),(#7666,#7667),(#7668,#7669),(#7670,#7671),(#7672,#7673),(#7674,
#7675),(#7676,#7677),(#7678,#7679)),.SURF_OF_LINEAR_EXTRUSION.,.F.,.F.,
 .F.,(4,1,1,1,1,1,1,1,1,1,1,1,1,4),(2,2),(0.0460055534068132,0.0750381937335821,
0.104070834060351,0.118587154223735,0.13310347438712,0.162136114713889,
0.191168755040658,0.220201395367427,0.278266676020964,0.39439723732804,
0.510527798635116,0.626658359942191,0.742788921249267,0.975050043863418),
(0.,1.),.UNSPECIFIED.);
#41=B_SPLINE_SURFACE_WITH_KNOTS('',3,1,((#7681,#7682),(#7683,#7684),(#7685,
#7686),(#7687,#7688),(#7689,#7690),(#7691,#7692),(#7693,#7694),(#7695,#7696),
(#7697,#7698),(#7699,#7700),(#7701,#7702),(#7703,#7704),(#7705,#7706),(#7707,
#7708),(#7709,#7710),(#7711,#7712)),.SURF_OF_LINEAR_EXTRUSION.,.F.,.F.,
 .F.,(4,1,1,1,1,1,1,1,1,1,1,1,1,4),(2,2),(0.0460055534068188,0.0750381937335875,
0.104070834060356,0.118587154223741,0.133103474387125,0.162136114713894,
0.191168755040662,0.220201395367431,0.278266676020969,0.394397237328044,
0.510527798635118,0.626658359942193,0.742788921249268,0.975050043863418),
(0.,1.),.UNSPECIFIED.);
#42=B_SPLINE_SURFACE_WITH_KNOTS('',3,1,((#7719,#7720),(#7721,#7722),(#7723,
#7724),(#7725,#7726),(#7727,#7728),(#7729,#7730),(#7731,#7732),(#7733,#7734),
(#7735,#7736),(#7737,#7738),(#7739,#7740),(#7741,#7742),(#7743,#7744),(#7745,
#7746),(#7747,#7748),(#7749,#7750)),.SURF_OF_LINEAR_EXTRUSION.,.F.,.F.,
 .F.,(4,1,1,1,1,1,1,1,1,1,1,1,1,4),(2,2),(0.0460055534068132,0.0750381937335821,
0.104070834060351,0.118587154223735,0.13310347438712,0.162136114713889,
0.191168755040658,0.220201395367427,0.278266676020964,0.39439723732804,
0.510527798635116,0.626658359942191,0.742788921249267,0.975050043863418),
(0.,1.),.UNSPECIFIED.);
#43=B_SPLINE_SURFACE_WITH_KNOTS('',3,1,((#7752,#7753),(#7754,#7755),(#7756,
#7757),(#7758,#7759),(#7760,#7761),(#7762,#7763),(#7764,#7765),(#7766,#7767),
(#7768,#7769),(#7770,#7771),(#7772,#7773),(#7774,#7775),(#7776,#7777),(#7778,
#7779),(#7780,#7781),(#7782,#7783)),.SURF_OF_LINEAR_EXTRUSION.,.F.,.F.,
 .F.,(4,1,1,1,1,1,1,1,1,1,1,1,1,4),(2,2),(0.0460055534068177,0.0750381937335864,
0.104070834060355,0.11858715422374,0.133103474387124,0.162136114713893,
0.191168755040661,0.22020139536743,0.278266676020968,0.394397237328043,
0.510527798635118,0.626658359942193,0.742788921249268,0.975050043863418),
(0.,1.),.UNSPECIFIED.);
#44=B_SPLINE_SURFACE_WITH_KNOTS('',3,1,((#7790,#7791),(#7792,#7793),(#7794,
#7795),(#7796,#7797),(#7798,#7799),(#7800,#7801),(#7802,#7803),(#7804,#7805),
(#7806,#7807),(#7808,#7809),(#7810,#7811),(#7812,#7813),(#7814,#7815),(#7816,
#7817),(#7818,#7819),(#7820,#7821)),.SURF_OF_LINEAR_EXTRUSION.,.F.,.F.,
 .F.,(4,1,1,1,1,1,1,1,1,1,1,1,1,4),(2,2),(0.0460055534068136,0.0750381937335825,
0.104070834060351,0.118587154223736,0.13310347438712,0.162136114713889,
0.191168755040658,0.220201395367427,0.278266676020965,0.39439723732804,
0.510527798635116,0.626658359942191,0.742788921249267,0.975050043863418),
(0.,1.),.UNSPECIFIED.);
#45=B_SPLINE_SURFACE_WITH_KNOTS('',3,1,((#7823,#7824),(#7825,#7826),(#7827,
#7828),(#7829,#7830),(#7831,#7832),(#7833,#7834),(#7835,#7836),(#7837,#7838),
(#7839,#7840),(#7841,#7842),(#7843,#7844),(#7845,#7846),(#7847,#7848),(#7849,
#7850),(#7851,#7852),(#7853,#7854)),.SURF_OF_LINEAR_EXTRUSION.,.F.,.F.,
 .F.,(4,1,1,1,1,1,1,1,1,1,1,1,1,4),(2,2),(0.0460055534068182,0.075038193733587,
0.104070834060356,0.11858715422374,0.133103474387124,0.162136114713893,
0.191168755040662,0.220201395367431,0.278266676020968,0.394397237328043,
0.510527798635118,0.626658359942193,0.742788921249268,0.975050043863418),
(0.,1.),.UNSPECIFIED.);
#46=B_SPLINE_SURFACE_WITH_KNOTS('',3,1,((#7861,#7862),(#7863,#7864),(#7865,
#7866),(#7867,#7868),(#7869,#7870),(#7871,#7872),(#7873,#7874),(#7875,#7876),
(#7877,#7878),(#7879,#7880),(#7881,#7882),(#7883,#7884),(#7885,#7886),(#7887,
#7888),(#7889,#7890),(#7891,#7892)),.SURF_OF_LINEAR_EXTRUSION.,.F.,.F.,
 .F.,(4,1,1,1,1,1,1,1,1,1,1,1,1,4),(2,2),(0.0460055534068139,0.0750381937335828,
0.104070834060352,0.118587154223736,0.133103474387121,0.162136114713889,
0.191168755040658,0.220201395367427,0.278266676020965,0.39439723732804,
0.510527798635116,0.626658359942192,0.742788921249267,0.975050043863418),
(0.,1.),.UNSPECIFIED.);
#47=B_SPLINE_SURFACE_WITH_KNOTS('',3,1,((#7894,#7895),(#7896,#7897),(#7898,
#7899),(#7900,#7901),(#7902,#7903),(#7904,#7905),(#7906,#7907),(#7908,#7909),
(#7910,#7911),(#7912,#7913),(#7914,#7915),(#7916,#7917),(#7918,#7919),(#7920,
#7921),(#7922,#7923),(#7924,#7925)),.SURF_OF_LINEAR_EXTRUSION.,.F.,.F.,
 .F.,(4,1,1,1,1,1,1,1,1,1,1,1,1,4),(2,2),(0.0460055534068176,0.0750381937335864,
0.104070834060355,0.11858715422374,0.133103474387124,0.162136114713893,
0.191168755040661,0.22020139536743,0.278266676020968,0.394397237328043,
0.510527798635118,0.626658359942193,0.742788921249268,0.975050043863418),
(0.,1.),.UNSPECIFIED.);
#48=B_SPLINE_SURFACE_WITH_KNOTS('',3,1,((#7932,#7933),(#7934,#7935),(#7936,
#7937),(#7938,#7939),(#7940,#7941),(#7942,#7943),(#7944,#7945),(#7946,#7947),
(#7948,#7949),(#7950,#7951),(#7952,#7953),(#7954,#7955),(#7956,#7957),(#7958,
#7959),(#7960,#7961),(#7962,#7963)),.SURF_OF_LINEAR_EXTRUSION.,.F.,.F.,
 .F.,(4,1,1,1,1,1,1,1,1,1,1,1,1,4),(2,2),(0.0460055534068143,0.0750381937335832,
0.104070834060352,0.118587154223736,0.133103474387121,0.16213611471389,
0.191168755040659,0.220201395367427,0.278266676020965,0.394397237328041,
0.510527798635116,0.626658359942192,0.742788921249267,0.975050043863418),
(0.,1.),.UNSPECIFIED.);
#49=B_SPLINE_SURFACE_WITH_KNOTS('',3,1,((#7965,#7966),(#7967,#7968),(#7969,
#7970),(#7971,#7972),(#7973,#7974),(#7975,#7976),(#7977,#7978),(#7979,#7980),
(#7981,#7982),(#7983,#7984),(#7985,#7986),(#7987,#7988),(#7989,#7990),(#7991,
#7992),(#7993,#7994),(#7995,#7996)),.SURF_OF_LINEAR_EXTRUSION.,.F.,.F.,
 .F.,(4,1,1,1,1,1,1,1,1,1,1,1,1,4),(2,2),(0.0460055534068168,0.0750381937335856,
0.104070834060354,0.118587154223739,0.133103474387123,0.162136114713892,
0.191168755040661,0.22020139536743,0.278266676020967,0.394397237328042,
0.510527798635117,0.626658359942193,0.742788921249268,0.975050043863418),
(0.,1.),.UNSPECIFIED.);
#50=B_SPLINE_SURFACE_WITH_KNOTS('',3,1,((#8003,#8004),(#8005,#8006),(#8007,
#8008),(#8009,#8010),(#8011,#8012),(#8013,#8014),(#8015,#8016),(#8017,#8018),
(#8019,#8020),(#8021,#8022),(#8023,#8024),(#8025,#8026),(#8027,#8028),(#8029,
#8030),(#8031,#8032),(#8033,#8034)),.SURF_OF_LINEAR_EXTRUSION.,.F.,.F.,
 .F.,(4,1,1,1,1,1,1,1,1,1,1,1,1,4),(2,2),(0.0460055534068132,0.0750381937335821,
0.104070834060351,0.118587154223735,0.13310347438712,0.162136114713889,
0.191168755040658,0.220201395367427,0.278266676020964,0.39439723732804,
0.510527798635116,0.626658359942191,0.742788921249267,0.975050043863418),
(0.,1.),.UNSPECIFIED.);
#51=B_SPLINE_SURFACE_WITH_KNOTS('',3,1,((#8036,#8037),(#8038,#8039),(#8040,
#8041),(#8042,#8043),(#8044,#8045),(#8046,#8047),(#8048,#8049),(#8050,#8051),
(#8052,#8053),(#8054,#8055),(#8056,#8057),(#8058,#8059),(#8060,#8061),(#8062,
#8063),(#8064,#8065),(#8066,#8067)),.SURF_OF_LINEAR_EXTRUSION.,.F.,.F.,
 .F.,(4,1,1,1,1,1,1,1,1,1,1,1,1,4),(2,2),(0.0460055534068188,0.0750381937335875,
0.104070834060356,0.118587154223741,0.133103474387125,0.162136114713894,
0.191168755040662,0.220201395367431,0.278266676020969,0.394397237328044,
0.510527798635118,0.626658359942193,0.742788921249268,0.975050043863418),
(0.,1.),.UNSPECIFIED.);
#52=CYLINDRICAL_SURFACE('',#2595,0.0308);
#53=CYLINDRICAL_SURFACE('',#2597,0.0308);
#54=CYLINDRICAL_SURFACE('',#2599,0.0308);
#55=CYLINDRICAL_SURFACE('',#2601,0.0308);
#56=CYLINDRICAL_SURFACE('',#2603,0.0308);
#57=CYLINDRICAL_SURFACE('',#2605,0.0308);
#58=CYLINDRICAL_SURFACE('',#2607,0.0308);
#59=CYLINDRICAL_SURFACE('',#2609,0.0308);
#60=CYLINDRICAL_SURFACE('',#2611,0.0308);
#61=CYLINDRICAL_SURFACE('',#2613,0.0308);
#62=CYLINDRICAL_SURFACE('',#2615,0.0308);
#63=CYLINDRICAL_SURFACE('',#2617,0.0308);
#64=CYLINDRICAL_SURFACE('',#2619,0.0308);
#65=CYLINDRICAL_SURFACE('',#2621,0.0308);
#66=CYLINDRICAL_SURFACE('',#2623,0.0308);
#67=CYLINDRICAL_SURFACE('',#2625,0.0308);
#68=CYLINDRICAL_SURFACE('',#2627,0.0308);
#69=CYLINDRICAL_SURFACE('',#2629,0.0308);
#70=CYLINDRICAL_SURFACE('',#2631,0.0308);
#71=CYLINDRICAL_SURFACE('',#2633,0.0308);
#72=CYLINDRICAL_SURFACE('',#2697,0.0036);
#73=CYLINDRICAL_SURFACE('',#2701,0.0244999999999996);
#74=CYLINDRICAL_SURFACE('',#2702,0.00110880092403566);
#75=CYLINDRICAL_SURFACE('',#2703,0.00110880092403566);
#76=CYLINDRICAL_SURFACE('',#2704,0.0244999999999996);
#77=CYLINDRICAL_SURFACE('',#2705,0.00110880092403566);
#78=CYLINDRICAL_SURFACE('',#2706,0.00110880092403566);
#79=CYLINDRICAL_SURFACE('',#2707,0.0244999999999996);
#80=CYLINDRICAL_SURFACE('',#2708,0.00110880092403566);
#81=CYLINDRICAL_SURFACE('',#2709,0.00110880092403566);
#82=CYLINDRICAL_SURFACE('',#2710,0.0244999999999996);
#83=CYLINDRICAL_SURFACE('',#2711,0.00110880092403566);
#84=CYLINDRICAL_SURFACE('',#2712,0.00110880092403566);
#85=CYLINDRICAL_SURFACE('',#2713,0.0244999999999996);
#86=CYLINDRICAL_SURFACE('',#2714,0.00110880092403566);
#87=CYLINDRICAL_SURFACE('',#2715,0.00110880092403566);
#88=CYLINDRICAL_SURFACE('',#2716,0.0244999999999996);
#89=CYLINDRICAL_SURFACE('',#2717,0.00110880092403566);
#90=CYLINDRICAL_SURFACE('',#2718,0.00110880092403566);
#91=CYLINDRICAL_SURFACE('',#2719,0.0244999999999996);
#92=CYLINDRICAL_SURFACE('',#2720,0.00110880092403566);
#93=CYLINDRICAL_SURFACE('',#2721,0.00110880092403566);
#94=CYLINDRICAL_SURFACE('',#2722,0.0244999999999996);
#95=CYLINDRICAL_SURFACE('',#2723,0.00110880092403566);
#96=CYLINDRICAL_SURFACE('',#2724,0.00110880092403566);
#97=CYLINDRICAL_SURFACE('',#2725,0.0244999999999996);
#98=CYLINDRICAL_SURFACE('',#2726,0.00110880092403566);
#99=CYLINDRICAL_SURFACE('',#2727,0.00110880092403566);
#100=CYLINDRICAL_SURFACE('',#2728,0.0244999999999996);
#101=CYLINDRICAL_SURFACE('',#2729,0.00110880092403566);
#102=CYLINDRICAL_SURFACE('',#2730,0.00110880092403566);
#103=CYLINDRICAL_SURFACE('',#2731,0.0244999999999996);
#104=CYLINDRICAL_SURFACE('',#2732,0.00110880092403566);
#105=CYLINDRICAL_SURFACE('',#2733,0.00110880092403566);
#106=CYLINDRICAL_SURFACE('',#2734,0.0244999999999996);
#107=CYLINDRICAL_SURFACE('',#2735,0.00110880092403566);
#108=CYLINDRICAL_SURFACE('',#2736,0.00110880092403566);
#109=CYLINDRICAL_SURFACE('',#2737,0.0244999999999996);
#110=CYLINDRICAL_SURFACE('',#2738,0.00110880092403566);
#111=CYLINDRICAL_SURFACE('',#2739,0.00110880092403566);
#112=CYLINDRICAL_SURFACE('',#2740,0.0244999999999996);
#113=CYLINDRICAL_SURFACE('',#2741,0.00110880092403566);
#114=CYLINDRICAL_SURFACE('',#2742,0.00110880092403566);
#115=CYLINDRICAL_SURFACE('',#2743,0.0244999999999996);
#116=CYLINDRICAL_SURFACE('',#2744,0.00110880092403566);
#117=CYLINDRICAL_SURFACE('',#2745,0.00110880092403566);
#118=CYLINDRICAL_SURFACE('',#2746,0.0244999999999996);
#119=CYLINDRICAL_SURFACE('',#2747,0.00110880092403566);
#120=CYLINDRICAL_SURFACE('',#2748,0.00110880092403566);
#121=CYLINDRICAL_SURFACE('',#2749,0.0244999999999996);
#122=CYLINDRICAL_SURFACE('',#2750,0.00110880092403566);
#123=CYLINDRICAL_SURFACE('',#2751,0.00110880092403566);
#124=CYLINDRICAL_SURFACE('',#2752,0.0244999999999996);
#125=CYLINDRICAL_SURFACE('',#2753,0.00110880092403566);
#126=CYLINDRICAL_SURFACE('',#2754,0.00110880092403566);
#127=CYLINDRICAL_SURFACE('',#2755,0.0244999999999996);
#128=CYLINDRICAL_SURFACE('',#2756,0.00110880092403566);
#129=CYLINDRICAL_SURFACE('',#2757,0.00110880092403566);
#130=CYLINDRICAL_SURFACE('',#2758,0.0244999999999996);
#131=CYLINDRICAL_SURFACE('',#2759,0.00110880092403566);
#132=CYLINDRICAL_SURFACE('',#2760,0.00110880092403566);
#133=CYLINDRICAL_SURFACE('',#2765,0.0021);
#134=CYLINDRICAL_SURFACE('',#2769,0.0021);
#135=CYLINDRICAL_SURFACE('',#2771,0.0025);
#136=LINE('',#5002,#272);
#137=LINE('',#5007,#273);
#138=LINE('',#5011,#274);
#139=LINE('',#5015,#275);
#140=LINE('',#5019,#276);
#141=LINE('',#5023,#277);
#142=LINE('',#5025,#278);
#143=LINE('',#5027,#279);
#144=LINE('',#5031,#280);
#145=LINE('',#5033,#281);
#146=LINE('',#5037,#282);
#147=LINE('',#5039,#283);
#148=LINE('',#5043,#284);
#149=LINE('',#5045,#285);
#150=LINE('',#5049,#286);
#151=LINE('',#5051,#287);
#152=LINE('',#5055,#288);
#153=LINE('',#5057,#289);
#154=LINE('',#5061,#290);
#155=LINE('',#5063,#291);
#156=LINE('',#5067,#292);
#157=LINE('',#5071,#293);
#158=LINE('',#5073,#294);
#159=LINE('',#5075,#295);
#160=LINE('',#5079,#296);
#161=LINE('',#5083,#297);
#162=LINE('',#5085,#298);
#163=LINE('',#5089,#299);
#164=LINE('',#5091,#300);
#165=LINE('',#5095,#301);
#166=LINE('',#5097,#302);
#167=LINE('',#5099,#303);
#168=LINE('',#5103,#304);
#169=LINE('',#5105,#305);
#170=LINE('',#5109,#306);
#171=LINE('',#5111,#307);
#172=LINE('',#5115,#308);
#173=LINE('',#5119,#309);
#174=LINE('',#5121,#310);
#175=LINE('',#5123,#311);
#176=LINE('',#5127,#312);
#177=LINE('',#5129,#313);
#178=LINE('',#5133,#314);
#179=LINE('',#5135,#315);
#180=LINE('',#6644,#316);
#181=LINE('',#6648,#317);
#182=LINE('',#6649,#318);
#183=LINE('',#6653,#319);
#184=LINE('',#6686,#320);
#185=LINE('',#6719,#321);
#186=LINE('',#6721,#322);
#187=LINE('',#6722,#323);
#188=LINE('',#6757,#324);
#189=LINE('',#6790,#325);
#190=LINE('',#6792,#326);
#191=LINE('',#6793,#327);
#192=LINE('',#6828,#328);
#193=LINE('',#6861,#329);
#194=LINE('',#6863,#330);
#195=LINE('',#6864,#331);
#196=LINE('',#6899,#332);
#197=LINE('',#6932,#333);
#198=LINE('',#6934,#334);
#199=LINE('',#6935,#335);
#200=LINE('',#6970,#336);
#201=LINE('',#7003,#337);
#202=LINE('',#7005,#338);
#203=LINE('',#7006,#339);
#204=LINE('',#7041,#340);
#205=LINE('',#7074,#341);
#206=LINE('',#7076,#342);
#207=LINE('',#7077,#343);
#208=LINE('',#7112,#344);
#209=LINE('',#7145,#345);
#210=LINE('',#7147,#346);
#211=LINE('',#7148,#347);
#212=LINE('',#7183,#348);
#213=LINE('',#7216,#349);
#214=LINE('',#7218,#350);
#215=LINE('',#7219,#351);
#216=LINE('',#7254,#352);
#217=LINE('',#7287,#353);
#218=LINE('',#7289,#354);
#219=LINE('',#7290,#355);
#220=LINE('',#7325,#356);
#221=LINE('',#7358,#357);
#222=LINE('',#7360,#358);
#223=LINE('',#7361,#359);
#224=LINE('',#7396,#360);
#225=LINE('',#7429,#361);
#226=LINE('',#7431,#362);
#227=LINE('',#7432,#363);
#228=LINE('',#7467,#364);
#229=LINE('',#7500,#365);
#230=LINE('',#7502,#366);
#231=LINE('',#7503,#367);
#232=LINE('',#7538,#368);
#233=LINE('',#7571,#369);
#234=LINE('',#7573,#370);
#235=LINE('',#7574,#371);
#236=LINE('',#7609,#372);
#237=LINE('',#7642,#373);
#238=LINE('',#7644,#374);
#239=LINE('',#7645,#375);
#240=LINE('',#7680,#376);
#241=LINE('',#7713,#377);
#242=LINE('',#7715,#378);
#243=LINE('',#7716,#379);
#244=LINE('',#7751,#380);
#245=LINE('',#7784,#381);
#246=LINE('',#7786,#382);
#247=LINE('',#7787,#383);
#248=LINE('',#7822,#384);
#249=LINE('',#7855,#385);
#250=LINE('',#7857,#386);
#251=LINE('',#7858,#387);
#252=LINE('',#7893,#388);
#253=LINE('',#7926,#389);
#254=LINE('',#7928,#390);
#255=LINE('',#7929,#391);
#256=LINE('',#7964,#392);
#257=LINE('',#7997,#393);
#258=LINE('',#7999,#394);
#259=LINE('',#8000,#395);
#260=LINE('',#8035,#396);
#261=LINE('',#8068,#397);
#262=LINE('',#8070,#398);
#263=LINE('',#8071,#399);
#264=LINE('',#8075,#400);
#265=LINE('',#8079,#401);
#266=LINE('',#8081,#402);
#267=LINE('',#8083,#403);
#268=LINE('',#8086,#404);
#269=LINE('',#8090,#405);
#270=LINE('',#8092,#406);
#271=LINE('',#8094,#407);
#272=VECTOR('',#2938,1.);
#273=VECTOR('',#2941,1.);
#274=VECTOR('',#2944,1.);
#275=VECTOR('',#2947,1.);
#276=VECTOR('',#2952,1.);
#277=VECTOR('',#2955,1.);
#278=VECTOR('',#2958,1.);
#279=VECTOR('',#2959,1.);
#280=VECTOR('',#2964,1.);
#281=VECTOR('',#2965,1.);
#282=VECTOR('',#2970,1.);
#283=VECTOR('',#2971,1.);
#284=VECTOR('',#2976,1.);
#285=VECTOR('',#2977,1.);
#286=VECTOR('',#2982,1.);
#287=VECTOR('',#2983,1.);
#288=VECTOR('',#2988,1.);
#289=VECTOR('',#2989,1.);
#290=VECTOR('',#2994,1.);
#291=VECTOR('',#2995,1.);
#292=VECTOR('',#3000,1.);
#293=VECTOR('',#3003,1.);
#294=VECTOR('',#3006,1.);
#295=VECTOR('',#3007,1.);
#296=VECTOR('',#3012,1.);
#297=VECTOR('',#3015,1.);
#298=VECTOR('',#3018,1.);
#299=VECTOR('',#3021,1.);
#300=VECTOR('',#3024,1.);
#301=VECTOR('',#3027,1.);
#302=VECTOR('',#3030,1.);
#303=VECTOR('',#3031,1.);
#304=VECTOR('',#3036,1.);
#305=VECTOR('',#3037,1.);
#306=VECTOR('',#3042,1.);
#307=VECTOR('',#3043,1.);
#308=VECTOR('',#3048,1.);
#309=VECTOR('',#3051,1.);
#310=VECTOR('',#3054,1.);
#311=VECTOR('',#3055,1.);
#312=VECTOR('',#3060,1.);
#313=VECTOR('',#3061,1.);
#314=VECTOR('',#3066,1.);
#315=VECTOR('',#3067,1.);
#316=VECTOR('',#3198,1.);
#317=VECTOR('',#3201,1.);
#318=VECTOR('',#3202,1.);
#319=VECTOR('',#3205,1.);
#320=VECTOR('',#3206,1.);
#321=VECTOR('',#3207,1.);
#322=VECTOR('',#3210,1.);
#323=VECTOR('',#3211,1.);
#324=VECTOR('',#3216,1.);
#325=VECTOR('',#3217,1.);
#326=VECTOR('',#3220,1.);
#327=VECTOR('',#3221,1.);
#328=VECTOR('',#3226,1.);
#329=VECTOR('',#3227,1.);
#330=VECTOR('',#3230,1.);
#331=VECTOR('',#3231,1.);
#332=VECTOR('',#3236,1.);
#333=VECTOR('',#3237,1.);
#334=VECTOR('',#3240,1.);
#335=VECTOR('',#3241,1.);
#336=VECTOR('',#3246,1.);
#337=VECTOR('',#3247,1.);
#338=VECTOR('',#3250,1.);
#339=VECTOR('',#3251,1.);
#340=VECTOR('',#3256,1.);
#341=VECTOR('',#3257,1.);
#342=VECTOR('',#3260,1.);
#343=VECTOR('',#3261,1.);
#344=VECTOR('',#3266,1.);
#345=VECTOR('',#3267,1.);
#346=VECTOR('',#3270,1.);
#347=VECTOR('',#3271,1.);
#348=VECTOR('',#3276,1.);
#349=VECTOR('',#3277,1.);
#350=VECTOR('',#3280,1.);
#351=VECTOR('',#3281,1.);
#352=VECTOR('',#3286,1.);
#353=VECTOR('',#3287,1.);
#354=VECTOR('',#3290,1.);
#355=VECTOR('',#3291,1.);
#356=VECTOR('',#3296,1.);
#357=VECTOR('',#3297,1.);
#358=VECTOR('',#3300,1.);
#359=VECTOR('',#3301,1.);
#360=VECTOR('',#3306,1.);
#361=VECTOR('',#3307,1.);
#362=VECTOR('',#3310,1.);
#363=VECTOR('',#3311,1.);
#364=VECTOR('',#3316,1.);
#365=VECTOR('',#3317,1.);
#366=VECTOR('',#3320,1.);
#367=VECTOR('',#3321,1.);
#368=VECTOR('',#3326,1.);
#369=VECTOR('',#3327,1.);
#370=VECTOR('',#3330,1.);
#371=VECTOR('',#3331,1.);
#372=VECTOR('',#3336,1.);
#373=VECTOR('',#3337,1.);
#374=VECTOR('',#3340,1.);
#375=VECTOR('',#3341,1.);
#376=VECTOR('',#3346,1.);
#377=VECTOR('',#3347,1.);
#378=VECTOR('',#3350,1.);
#379=VECTOR('',#3351,1.);
#380=VECTOR('',#3356,1.);
#381=VECTOR('',#3357,1.);
#382=VECTOR('',#3360,1.);
#383=VECTOR('',#3361,1.);
#384=VECTOR('',#3366,1.);
#385=VECTOR('',#3367,1.);
#386=VECTOR('',#3370,1.);
#387=VECTOR('',#3371,1.);
#388=VECTOR('',#3376,1.);
#389=VECTOR('',#3377,1.);
#390=VECTOR('',#3380,1.);
#391=VECTOR('',#3381,1.);
#392=VECTOR('',#3386,1.);
#393=VECTOR('',#3387,1.);
#394=VECTOR('',#3390,1.);
#395=VECTOR('',#3391,1.);
#396=VECTOR('',#3396,1.);
#397=VECTOR('',#3397,1.);
#398=VECTOR('',#3400,1.);
#399=VECTOR('',#3401,1.);
#400=VECTOR('',#3408,1.);
#401=VECTOR('',#3411,1.);
#402=VECTOR('',#3414,1.);
#403=VECTOR('',#3417,1.);
#404=VECTOR('',#3422,1.);
#405=VECTOR('',#3425,1.);
#406=VECTOR('',#3428,1.);
#407=VECTOR('',#3431,1.);
#408=B_SPLINE_CURVE_WITH_KNOTS('',3,(#3445,#3446,#3447,#3448,#3449,#3450,
#3451,#3452,#3453,#3454,#3455,#3456,#3457,#3458,#3459,#3460,#3461,#3462,
#3463,#3464,#3465,#3466,#3467,#3468,#3469,#3470,#3471,#3472,#3473,#3474,
#3475,#3476,#3477,#3478),.UNSPECIFIED.,.F.,.F.,(4,1,1,1,1,1,1,1,1,1,1,1,
1,1,1,1,1,1,1,1,1,1,1,1,1,1,1,1,1,1,1,4),(0.,0.103000416310753,0.112602086818186,
0.124997787693312,0.139664577964043,0.156295154557826,0.174680948552335,
0.194668413745219,0.216138395335842,0.238994936075388,0.263158603014357,
0.288562227667102,0.315148041388081,0.342865668217028,0.371670670958546,
0.401523468631774,0.432388511559897,0.464233640246041,0.497029578518293,
0.530749526817626,0.565368831540411,0.600864713071814,0.637216039758934,
0.674403138303366,0.712407633358658,0.75121231079161,0.790801000299535,
0.831158473997035,0.872270358283008,0.91412305683221,0.956703682968573,
0.975050043863418),.UNSPECIFIED.);
#409=B_SPLINE_CURVE_WITH_KNOTS('',3,(#3482,#3483,#3484,#3485,#3486,#3487,
#3488,#3489,#3490,#3491,#3492,#3493,#3494,#3495,#3496,#3497,#3498,#3499,
#3500,#3501,#3502,#3503,#3504,#3505,#3506,#3507,#3508,#3509,#3510,#3511,
#3512,#3513,#3514,#3515),.UNSPECIFIED.,.F.,.F.,(4,1,1,1,1,1,1,1,1,1,1,1,
1,1,1,1,1,1,1,1,1,1,1,1,1,1,1,1,1,1,1,4),(0.,0.103000416310753,0.112602086818186,
0.124997787693312,0.139664577964043,0.156295154557826,0.174680948552335,
0.194668413745219,0.216138395335842,0.238994936075388,0.263158603014357,
0.288562227667102,0.315148041388081,0.342865668217028,0.371670670958546,
0.401523468631774,0.432388511559897,0.464233640246041,0.497029578518293,
0.530749526817626,0.565368831540411,0.600864713071814,0.637216039758934,
0.674403138303366,0.712407633358658,0.75121231079161,0.790801000299535,
0.831158473997035,0.872270358283008,0.91412305683221,0.956703682968573,
0.975050043863418),.UNSPECIFIED.);
#410=B_SPLINE_CURVE_WITH_KNOTS('',3,(#3523,#3524,#3525,#3526,#3527,#3528,
#3529,#3530,#3531,#3532,#3533,#3534,#3535,#3536,#3537,#3538,#3539,#3540,
#3541,#3542,#3543,#3544,#3545,#3546,#3547,#3548,#3549,#3550,#3551,#3552,
#3553,#3554,#3555,#3556),.UNSPECIFIED.,.F.,.F.,(4,1,1,1,1,1,1,1,1,1,1,1,
1,1,1,1,1,1,1,1,1,1,1,1,1,1,1,1,1,1,1,4),(0.,0.103000416310753,0.112602086818186,
0.124997787693312,0.139664577964043,0.156295154557826,0.174680948552335,
0.194668413745219,0.216138395335842,0.238994936075388,0.263158603014357,
0.288562227667102,0.315148041388081,0.342865668217028,0.371670670958546,
0.401523468631774,0.432388511559897,0.464233640246041,0.497029578518293,
0.530749526817626,0.565368831540411,0.600864713071814,0.637216039758934,
0.674403138303366,0.712407633358658,0.75121231079161,0.790801000299535,
0.831158473997035,0.872270358283008,0.91412305683221,0.956703682968573,
0.975050043863418),.UNSPECIFIED.);
#411=B_SPLINE_CURVE_WITH_KNOTS('',3,(#3560,#3561,#3562,#3563,#3564,#3565,
#3566,#3567,#3568,#3569,#3570,#3571,#3572,#3573,#3574,#3575,#3576,#3577,
#3578,#3579,#3580,#3581,#3582,#3583,#3584,#3585,#3586,#3587,#3588,#3589,
#3590,#3591,#3592,#3593),.UNSPECIFIED.,.F.,.F.,(4,1,1,1,1,1,1,1,1,1,1,1,
1,1,1,1,1,1,1,1,1,1,1,1,1,1,1,1,1,1,1,4),(0.,0.103000416310753,0.112602086818186,
0.124997787693312,0.139664577964043,0.156295154557826,0.174680948552335,
0.194668413745219,0.216138395335842,0.238994936075388,0.263158603014357,
0.288562227667102,0.315148041388081,0.342865668217028,0.371670670958546,
0.401523468631774,0.432388511559897,0.464233640246041,0.497029578518293,
0.530749526817626,0.565368831540411,0.600864713071814,0.637216039758934,
0.674403138303366,0.712407633358658,0.75121231079161,0.790801000299535,
0.831158473997035,0.872270358283008,0.91412305683221,0.956703682968573,
0.975050043863418),.UNSPECIFIED.);
#412=B_SPLINE_CURVE_WITH_KNOTS('',3,(#3601,#3602,#3603,#3604,#3605,#3606,
#3607,#3608,#3609,#3610,#3611,#3612,#3613,#3614,#3615,#3616,#3617,#3618,
#3619,#3620,#3621,#3622,#3623,#3624,#3625,#3626,#3627,#3628,#3629,#3630,
#3631,#3632,#3633,#3634),.UNSPECIFIED.,.F.,.F.,(4,1,1,1,1,1,1,1,1,1,1,1,
1,1,1,1,1,1,1,1,1,1,1,1,1,1,1,1,1,1,1,4),(0.,0.103000416310753,0.112602086818186,
0.124997787693312,0.139664577964043,0.156295154557826,0.174680948552335,
0.194668413745219,0.216138395335842,0.238994936075388,0.263158603014357,
0.288562227667102,0.315148041388081,0.342865668217028,0.371670670958546,
0.401523468631774,0.432388511559897,0.464233640246041,0.497029578518293,
0.530749526817626,0.565368831540411,0.600864713071814,0.637216039758934,
0.674403138303366,0.712407633358658,0.75121231079161,0.790801000299535,
0.831158473997035,0.872270358283008,0.91412305683221,0.956703682968573,
0.975050043863418),.UNSPECIFIED.);
#413=B_SPLINE_CURVE_WITH_KNOTS('',3,(#3638,#3639,#3640,#3641,#3642,#3643,
#3644,#3645,#3646,#3647,#3648,#3649,#3650,#3651,#3652,#3653,#3654,#3655,
#3656,#3657,#3658,#3659,#3660,#3661,#3662,#3663,#3664,#3665,#3666,#3667,
#3668,#3669,#3670,#3671),.UNSPECIFIED.,.F.,.F.,(4,1,1,1,1,1,1,1,1,1,1,1,
1,1,1,1,1,1,1,1,1,1,1,1,1,1,1,1,1,1,1,4),(0.,0.103000416310753,0.112602086818186,
0.124997787693312,0.139664577964043,0.156295154557826,0.174680948552335,
0.194668413745219,0.216138395335842,0.238994936075388,0.263158603014357,
0.288562227667102,0.315148041388081,0.342865668217028,0.371670670958546,
0.401523468631774,0.432388511559897,0.464233640246041,0.497029578518293,
0.530749526817626,0.565368831540411,0.600864713071814,0.637216039758934,
0.674403138303366,0.712407633358658,0.75121231079161,0.790801000299535,
0.831158473997035,0.872270358283008,0.91412305683221,0.956703682968573,
0.975050043863418),.UNSPECIFIED.);
#414=B_SPLINE_CURVE_WITH_KNOTS('',3,(#3679,#3680,#3681,#3682,#3683,#3684,
#3685,#3686,#3687,#3688,#3689,#3690,#3691,#3692,#3693,#3694,#3695,#3696,
#3697,#3698,#3699,#3700,#3701,#3702,#3703,#3704,#3705,#3706,#3707,#3708,
#3709,#3710,#3711,#3712),.UNSPECIFIED.,.F.,.F.,(4,1,1,1,1,1,1,1,1,1,1,1,
1,1,1,1,1,1,1,1,1,1,1,1,1,1,1,1,1,1,1,4),(0.,0.103000416310753,0.112602086818186,
0.124997787693312,0.139664577964043,0.156295154557826,0.174680948552335,
0.194668413745219,0.216138395335842,0.238994936075388,0.263158603014357,
0.288562227667102,0.315148041388081,0.342865668217028,0.371670670958546,
0.401523468631774,0.432388511559897,0.464233640246041,0.497029578518293,
0.530749526817626,0.565368831540411,0.600864713071814,0.637216039758934,
0.674403138303366,0.712407633358658,0.75121231079161,0.790801000299535,
0.831158473997035,0.872270358283008,0.91412305683221,0.956703682968573,
0.975050043863418),.UNSPECIFIED.);
#415=B_SPLINE_CURVE_WITH_KNOTS('',3,(#3716,#3717,#3718,#3719,#3720,#3721,
#3722,#3723,#3724,#3725,#3726,#3727,#3728,#3729,#3730,#3731,#3732,#3733,
#3734,#3735,#3736,#3737,#3738,#3739,#3740,#3741,#3742,#3743,#3744,#3745,
#3746,#3747,#3748,#3749),.UNSPECIFIED.,.F.,.F.,(4,1,1,1,1,1,1,1,1,1,1,1,
1,1,1,1,1,1,1,1,1,1,1,1,1,1,1,1,1,1,1,4),(0.,0.103000416310753,0.112602086818186,
0.124997787693312,0.139664577964043,0.156295154557826,0.174680948552335,
0.194668413745219,0.216138395335842,0.238994936075388,0.263158603014357,
0.288562227667102,0.315148041388081,0.342865668217028,0.371670670958546,
0.401523468631774,0.432388511559897,0.464233640246041,0.497029578518293,
0.530749526817626,0.565368831540411,0.600864713071814,0.637216039758934,
0.674403138303366,0.712407633358658,0.75121231079161,0.790801000299535,
0.831158473997035,0.872270358283008,0.91412305683221,0.956703682968573,
0.975050043863418),.UNSPECIFIED.);
#416=B_SPLINE_CURVE_WITH_KNOTS('',3,(#3757,#3758,#3759,#3760,#3761,#3762,
#3763,#3764,#3765,#3766,#3767,#3768,#3769,#3770,#3771,#3772,#3773,#3774,
#3775,#3776,#3777,#3778,#3779,#3780,#3781,#3782,#3783,#3784,#3785,#3786,
#3787,#3788,#3789,#3790),.UNSPECIFIED.,.F.,.F.,(4,1,1,1,1,1,1,1,1,1,1,1,
1,1,1,1,1,1,1,1,1,1,1,1,1,1,1,1,1,1,1,4),(0.,0.103000416310753,0.112602086818186,
0.124997787693312,0.139664577964043,0.156295154557826,0.174680948552335,
0.194668413745219,0.216138395335842,0.238994936075388,0.263158603014357,
0.288562227667102,0.315148041388081,0.342865668217028,0.371670670958546,
0.401523468631774,0.432388511559897,0.464233640246041,0.497029578518293,
0.530749526817626,0.565368831540411,0.600864713071814,0.637216039758934,
0.674403138303366,0.712407633358658,0.75121231079161,0.790801000299535,
0.831158473997035,0.872270358283008,0.91412305683221,0.956703682968573,
0.975050043863418),.UNSPECIFIED.);
#417=B_SPLINE_CURVE_WITH_KNOTS('',3,(#3794,#3795,#3796,#3797,#3798,#3799,
#3800,#3801,#3802,#3803,#3804,#3805,#3806,#3807,#3808,#3809,#3810,#3811,
#3812,#3813,#3814,#3815,#3816,#3817,#3818,#3819,#3820,#3821,#3822,#3823,
#3824,#3825,#3826,#3827),.UNSPECIFIED.,.F.,.F.,(4,1,1,1,1,1,1,1,1,1,1,1,
1,1,1,1,1,1,1,1,1,1,1,1,1,1,1,1,1,1,1,4),(0.,0.103000416310753,0.112602086818186,
0.124997787693312,0.139664577964043,0.156295154557826,0.174680948552335,
0.194668413745219,0.216138395335842,0.238994936075388,0.263158603014357,
0.288562227667102,0.315148041388081,0.342865668217028,0.371670670958546,
0.401523468631774,0.432388511559897,0.464233640246041,0.497029578518293,
0.530749526817626,0.565368831540411,0.600864713071814,0.637216039758934,
0.674403138303366,0.712407633358658,0.75121231079161,0.790801000299535,
0.831158473997035,0.872270358283008,0.91412305683221,0.956703682968573,
0.975050043863418),.UNSPECIFIED.);
#418=B_SPLINE_CURVE_WITH_KNOTS('',3,(#3835,#3836,#3837,#3838,#3839,#3840,
#3841,#3842,#3843,#3844,#3845,#3846,#3847,#3848,#3849,#3850,#3851,#3852,
#3853,#3854,#3855,#3856,#3857,#3858,#3859,#3860,#3861,#3862,#3863,#3864,
#3865,#3866,#3867,#3868),.UNSPECIFIED.,.F.,.F.,(4,1,1,1,1,1,1,1,1,1,1,1,
1,1,1,1,1,1,1,1,1,1,1,1,1,1,1,1,1,1,1,4),(0.,0.103000416310753,0.112602086818186,
0.124997787693312,0.139664577964043,0.156295154557826,0.174680948552335,
0.194668413745219,0.216138395335842,0.238994936075388,0.263158603014357,
0.288562227667102,0.315148041388081,0.342865668217028,0.371670670958546,
0.401523468631774,0.432388511559897,0.464233640246041,0.497029578518293,
0.530749526817626,0.565368831540411,0.600864713071814,0.637216039758934,
0.674403138303366,0.712407633358658,0.75121231079161,0.790801000299535,
0.831158473997035,0.872270358283008,0.91412305683221,0.956703682968573,
0.975050043863418),.UNSPECIFIED.);
#419=B_SPLINE_CURVE_WITH_KNOTS('',3,(#3872,#3873,#3874,#3875,#3876,#3877,
#3878,#3879,#3880,#3881,#3882,#3883,#3884,#3885,#3886,#3887,#3888,#3889,
#3890,#3891,#3892,#3893,#3894,#3895,#3896,#3897,#3898,#3899,#3900,#3901,
#3902,#3903,#3904,#3905),.UNSPECIFIED.,.F.,.F.,(4,1,1,1,1,1,1,1,1,1,1,1,
1,1,1,1,1,1,1,1,1,1,1,1,1,1,1,1,1,1,1,4),(0.,0.103000416310753,0.112602086818186,
0.124997787693312,0.139664577964043,0.156295154557826,0.174680948552335,
0.194668413745219,0.216138395335842,0.238994936075388,0.263158603014357,
0.288562227667102,0.315148041388081,0.342865668217028,0.371670670958546,
0.401523468631774,0.432388511559897,0.464233640246041,0.497029578518293,
0.530749526817626,0.565368831540411,0.600864713071814,0.637216039758934,
0.674403138303366,0.712407633358658,0.75121231079161,0.790801000299535,
0.831158473997035,0.872270358283008,0.91412305683221,0.956703682968573,
0.975050043863418),.UNSPECIFIED.);
#420=B_SPLINE_CURVE_WITH_KNOTS('',3,(#3913,#3914,#3915,#3916,#3917,#3918,
#3919,#3920,#3921,#3922,#3923,#3924,#3925,#3926,#3927,#3928,#3929,#3930,
#3931,#3932,#3933,#3934,#3935,#3936,#3937,#3938,#3939,#3940,#3941,#3942,
#3943,#3944,#3945,#3946),.UNSPECIFIED.,.F.,.F.,(4,1,1,1,1,1,1,1,1,1,1,1,
1,1,1,1,1,1,1,1,1,1,1,1,1,1,1,1,1,1,1,4),(0.,0.103000416310753,0.112602086818186,
0.124997787693312,0.139664577964043,0.156295154557826,0.174680948552335,
0.194668413745219,0.216138395335842,0.238994936075388,0.263158603014357,
0.288562227667102,0.315148041388081,0.342865668217028,0.371670670958546,
0.401523468631774,0.432388511559897,0.464233640246041,0.497029578518293,
0.530749526817626,0.565368831540411,0.600864713071814,0.637216039758934,
0.674403138303366,0.712407633358658,0.75121231079161,0.790801000299535,
0.831158473997035,0.872270358283008,0.91412305683221,0.956703682968573,
0.975050043863418),.UNSPECIFIED.);
#421=B_SPLINE_CURVE_WITH_KNOTS('',3,(#3950,#3951,#3952,#3953,#3954,#3955,
#3956,#3957,#3958,#3959,#3960,#3961,#3962,#3963,#3964,#3965,#3966,#3967,
#3968,#3969,#3970,#3971,#3972,#3973,#3974,#3975,#3976,#3977,#3978,#3979,
#3980,#3981,#3982,#3983),.UNSPECIFIED.,.F.,.F.,(4,1,1,1,1,1,1,1,1,1,1,1,
1,1,1,1,1,1,1,1,1,1,1,1,1,1,1,1,1,1,1,4),(0.,0.103000416310753,0.112602086818186,
0.124997787693312,0.139664577964043,0.156295154557826,0.174680948552335,
0.194668413745219,0.216138395335842,0.238994936075388,0.263158603014357,
0.288562227667102,0.315148041388081,0.342865668217028,0.371670670958546,
0.401523468631774,0.432388511559897,0.464233640246041,0.497029578518293,
0.530749526817626,0.565368831540411,0.600864713071814,0.637216039758934,
0.674403138303366,0.712407633358658,0.75121231079161,0.790801000299535,
0.831158473997035,0.872270358283008,0.91412305683221,0.956703682968573,
0.975050043863418),.UNSPECIFIED.);
#422=B_SPLINE_CURVE_WITH_KNOTS('',3,(#3991,#3992,#3993,#3994,#3995,#3996,
#3997,#3998,#3999,#4000,#4001,#4002,#4003,#4004,#4005,#4006,#4007,#4008,
#4009,#4010,#4011,#4012,#4013,#4014,#4015,#4016,#4017,#4018,#4019,#4020,
#4021,#4022,#4023,#4024),.UNSPECIFIED.,.F.,.F.,(4,1,1,1,1,1,1,1,1,1,1,1,
1,1,1,1,1,1,1,1,1,1,1,1,1,1,1,1,1,1,1,4),(0.,0.103000416310753,0.112602086818186,
0.124997787693312,0.139664577964043,0.156295154557826,0.174680948552335,
0.194668413745219,0.216138395335842,0.238994936075388,0.263158603014357,
0.288562227667102,0.315148041388081,0.342865668217028,0.371670670958546,
0.401523468631774,0.432388511559897,0.464233640246041,0.497029578518293,
0.530749526817626,0.565368831540411,0.600864713071814,0.637216039758934,
0.674403138303366,0.712407633358658,0.75121231079161,0.790801000299535,
0.831158473997035,0.872270358283008,0.91412305683221,0.956703682968573,
0.975050043863418),.UNSPECIFIED.);
#423=B_SPLINE_CURVE_WITH_KNOTS('',3,(#4028,#4029,#4030,#4031,#4032,#4033,
#4034,#4035,#4036,#4037,#4038,#4039,#4040,#4041,#4042,#4043,#4044,#4045,
#4046,#4047,#4048,#4049,#4050,#4051,#4052,#4053,#4054,#4055,#4056,#4057,
#4058,#4059,#4060,#4061),.UNSPECIFIED.,.F.,.F.,(4,1,1,1,1,1,1,1,1,1,1,1,
1,1,1,1,1,1,1,1,1,1,1,1,1,1,1,1,1,1,1,4),(0.,0.103000416310753,0.112602086818186,
0.124997787693312,0.139664577964043,0.156295154557826,0.174680948552335,
0.194668413745219,0.216138395335842,0.238994936075388,0.263158603014357,
0.288562227667102,0.315148041388081,0.342865668217028,0.371670670958546,
0.401523468631774,0.432388511559897,0.464233640246041,0.497029578518293,
0.530749526817626,0.565368831540411,0.600864713071814,0.637216039758934,
0.674403138303366,0.712407633358658,0.75121231079161,0.790801000299535,
0.831158473997035,0.872270358283008,0.91412305683221,0.956703682968573,
0.975050043863418),.UNSPECIFIED.);
#424=B_SPLINE_CURVE_WITH_KNOTS('',3,(#4069,#4070,#4071,#4072,#4073,#4074,
#4075,#4076,#4077,#4078,#4079,#4080,#4081,#4082,#4083,#4084,#4085,#4086,
#4087,#4088,#4089,#4090,#4091,#4092,#4093,#4094,#4095,#4096,#4097,#4098,
#4099,#4100,#4101,#4102),.UNSPECIFIED.,.F.,.F.,(4,1,1,1,1,1,1,1,1,1,1,1,
1,1,1,1,1,1,1,1,1,1,1,1,1,1,1,1,1,1,1,4),(0.,0.103000416310753,0.112602086818186,
0.124997787693312,0.139664577964043,0.156295154557826,0.174680948552335,
0.194668413745219,0.216138395335842,0.238994936075388,0.263158603014357,
0.288562227667102,0.315148041388081,0.342865668217028,0.371670670958546,
0.401523468631774,0.432388511559897,0.464233640246041,0.497029578518293,
0.530749526817626,0.565368831540411,0.600864713071814,0.637216039758934,
0.674403138303366,0.712407633358658,0.75121231079161,0.790801000299535,
0.831158473997035,0.872270358283008,0.91412305683221,0.956703682968573,
0.975050043863418),.UNSPECIFIED.);
#425=B_SPLINE_CURVE_WITH_KNOTS('',3,(#4106,#4107,#4108,#4109,#4110,#4111,
#4112,#4113,#4114,#4115,#4116,#4117,#4118,#4119,#4120,#4121,#4122,#4123,
#4124,#4125,#4126,#4127,#4128,#4129,#4130,#4131,#4132,#4133,#4134,#4135,
#4136,#4137,#4138,#4139),.UNSPECIFIED.,.F.,.F.,(4,1,1,1,1,1,1,1,1,1,1,1,
1,1,1,1,1,1,1,1,1,1,1,1,1,1,1,1,1,1,1,4),(0.,0.103000416310753,0.112602086818186,
0.124997787693312,0.139664577964043,0.156295154557826,0.174680948552335,
0.194668413745219,0.216138395335842,0.238994936075388,0.263158603014357,
0.288562227667102,0.315148041388081,0.342865668217028,0.371670670958546,
0.401523468631774,0.432388511559897,0.464233640246041,0.497029578518293,
0.530749526817626,0.565368831540411,0.600864713071814,0.637216039758934,
0.674403138303366,0.712407633358658,0.75121231079161,0.790801000299535,
0.831158473997035,0.872270358283008,0.91412305683221,0.956703682968573,
0.975050043863418),.UNSPECIFIED.);
#426=B_SPLINE_CURVE_WITH_KNOTS('',3,(#4147,#4148,#4149,#4150,#4151,#4152,
#4153,#4154,#4155,#4156,#4157,#4158,#4159,#4160,#4161,#4162,#4163,#4164,
#4165,#4166,#4167,#4168,#4169,#4170,#4171,#4172,#4173,#4174,#4175,#4176,
#4177,#4178,#4179,#4180),.UNSPECIFIED.,.F.,.F.,(4,1,1,1,1,1,1,1,1,1,1,1,
1,1,1,1,1,1,1,1,1,1,1,1,1,1,1,1,1,1,1,4),(0.,0.103000416310753,0.112602086818186,
0.124997787693312,0.139664577964043,0.156295154557826,0.174680948552335,
0.194668413745219,0.216138395335842,0.238994936075388,0.263158603014357,
0.288562227667102,0.315148041388081,0.342865668217028,0.371670670958546,
0.401523468631774,0.432388511559897,0.464233640246041,0.497029578518293,
0.530749526817626,0.565368831540411,0.600864713071814,0.637216039758934,
0.674403138303366,0.712407633358658,0.75121231079161,0.790801000299535,
0.831158473997035,0.872270358283008,0.91412305683221,0.956703682968573,
0.975050043863418),.UNSPECIFIED.);
#427=B_SPLINE_CURVE_WITH_KNOTS('',3,(#4184,#4185,#4186,#4187,#4188,#4189,
#4190,#4191,#4192,#4193,#4194,#4195,#4196,#4197,#4198,#4199,#4200,#4201,
#4202,#4203,#4204,#4205,#4206,#4207,#4208,#4209,#4210,#4211,#4212,#4213,
#4214,#4215,#4216,#4217),.UNSPECIFIED.,.F.,.F.,(4,1,1,1,1,1,1,1,1,1,1,1,
1,1,1,1,1,1,1,1,1,1,1,1,1,1,1,1,1,1,1,4),(0.,0.103000416310753,0.112602086818186,
0.124997787693312,0.139664577964043,0.156295154557826,0.174680948552335,
0.194668413745219,0.216138395335842,0.238994936075388,0.263158603014357,
0.288562227667102,0.315148041388081,0.342865668217028,0.371670670958546,
0.401523468631774,0.432388511559897,0.464233640246041,0.497029578518293,
0.530749526817626,0.565368831540411,0.600864713071814,0.637216039758934,
0.674403138303366,0.712407633358658,0.75121231079161,0.790801000299535,
0.831158473997035,0.872270358283008,0.91412305683221,0.956703682968573,
0.975050043863418),.UNSPECIFIED.);
#428=B_SPLINE_CURVE_WITH_KNOTS('',3,(#4225,#4226,#4227,#4228,#4229,#4230,
#4231,#4232,#4233,#4234,#4235,#4236,#4237,#4238,#4239,#4240,#4241,#4242,
#4243,#4244,#4245,#4246,#4247,#4248,#4249,#4250,#4251,#4252,#4253,#4254,
#4255,#4256,#4257,#4258),.UNSPECIFIED.,.F.,.F.,(4,1,1,1,1,1,1,1,1,1,1,1,
1,1,1,1,1,1,1,1,1,1,1,1,1,1,1,1,1,1,1,4),(0.,0.103000416310753,0.112602086818186,
0.124997787693312,0.139664577964043,0.156295154557826,0.174680948552335,
0.194668413745219,0.216138395335842,0.238994936075388,0.263158603014357,
0.288562227667102,0.315148041388081,0.342865668217028,0.371670670958546,
0.401523468631774,0.432388511559897,0.464233640246041,0.497029578518293,
0.530749526817626,0.565368831540411,0.600864713071814,0.637216039758934,
0.674403138303366,0.712407633358658,0.75121231079161,0.790801000299535,
0.831158473997035,0.872270358283008,0.91412305683221,0.956703682968573,
0.975050043863418),.UNSPECIFIED.);
#429=B_SPLINE_CURVE_WITH_KNOTS('',3,(#4262,#4263,#4264,#4265,#4266,#4267,
#4268,#4269,#4270,#4271,#4272,#4273,#4274,#4275,#4276,#4277,#4278,#4279,
#4280,#4281,#4282,#4283,#4284,#4285,#4286,#4287,#4288,#4289,#4290,#4291,
#4292,#4293,#4294,#4295),.UNSPECIFIED.,.F.,.F.,(4,1,1,1,1,1,1,1,1,1,1,1,
1,1,1,1,1,1,1,1,1,1,1,1,1,1,1,1,1,1,1,4),(0.,0.103000416310753,0.112602086818186,
0.124997787693312,0.139664577964043,0.156295154557826,0.174680948552335,
0.194668413745219,0.216138395335842,0.238994936075388,0.263158603014357,
0.288562227667102,0.315148041388081,0.342865668217028,0.371670670958546,
0.401523468631774,0.432388511559897,0.464233640246041,0.497029578518293,
0.530749526817626,0.565368831540411,0.600864713071814,0.637216039758934,
0.674403138303366,0.712407633358658,0.75121231079161,0.790801000299535,
0.831158473997035,0.872270358283008,0.91412305683221,0.956703682968573,
0.975050043863418),.UNSPECIFIED.);
#430=B_SPLINE_CURVE_WITH_KNOTS('',3,(#4303,#4304,#4305,#4306,#4307,#4308,
#4309,#4310,#4311,#4312,#4313,#4314,#4315,#4316,#4317,#4318,#4319,#4320,
#4321,#4322,#4323,#4324,#4325,#4326,#4327,#4328,#4329,#4330,#4331,#4332,
#4333,#4334,#4335,#4336),.UNSPECIFIED.,.F.,.F.,(4,1,1,1,1,1,1,1,1,1,1,1,
1,1,1,1,1,1,1,1,1,1,1,1,1,1,1,1,1,1,1,4),(0.,0.103000416310753,0.112602086818186,
0.124997787693312,0.139664577964043,0.156295154557826,0.174680948552335,
0.194668413745219,0.216138395335842,0.238994936075388,0.263158603014357,
0.288562227667102,0.315148041388081,0.342865668217028,0.371670670958546,
0.401523468631774,0.432388511559897,0.464233640246041,0.497029578518293,
0.530749526817626,0.565368831540411,0.600864713071814,0.637216039758934,
0.674403138303366,0.712407633358658,0.75121231079161,0.790801000299535,
0.831158473997035,0.872270358283008,0.91412305683221,0.956703682968573,
0.975050043863418),.UNSPECIFIED.);
#431=B_SPLINE_CURVE_WITH_KNOTS('',3,(#4340,#4341,#4342,#4343,#4344,#4345,
#4346,#4347,#4348,#4349,#4350,#4351,#4352,#4353,#4354,#4355,#4356,#4357,
#4358,#4359,#4360,#4361,#4362,#4363,#4364,#4365,#4366,#4367,#4368,#4369,
#4370,#4371,#4372,#4373),.UNSPECIFIED.,.F.,.F.,(4,1,1,1,1,1,1,1,1,1,1,1,
1,1,1,1,1,1,1,1,1,1,1,1,1,1,1,1,1,1,1,4),(0.,0.103000416310753,0.112602086818186,
0.124997787693312,0.139664577964043,0.156295154557826,0.174680948552335,
0.194668413745219,0.216138395335842,0.238994936075388,0.263158603014357,
0.288562227667102,0.315148041388081,0.342865668217028,0.371670670958546,
0.401523468631774,0.432388511559897,0.464233640246041,0.497029578518293,
0.530749526817626,0.565368831540411,0.600864713071814,0.637216039758934,
0.674403138303366,0.712407633358658,0.75121231079161,0.790801000299535,
0.831158473997035,0.872270358283008,0.91412305683221,0.956703682968573,
0.975050043863418),.UNSPECIFIED.);
#432=B_SPLINE_CURVE_WITH_KNOTS('',3,(#4381,#4382,#4383,#4384,#4385,#4386,
#4387,#4388,#4389,#4390,#4391,#4392,#4393,#4394,#4395,#4396,#4397,#4398,
#4399,#4400,#4401,#4402,#4403,#4404,#4405,#4406,#4407,#4408,#4409,#4410,
#4411,#4412,#4413,#4414),.UNSPECIFIED.,.F.,.F.,(4,1,1,1,1,1,1,1,1,1,1,1,
1,1,1,1,1,1,1,1,1,1,1,1,1,1,1,1,1,1,1,4),(0.,0.103000416310753,0.112602086818186,
0.124997787693312,0.139664577964043,0.156295154557826,0.174680948552335,
0.194668413745219,0.216138395335842,0.238994936075388,0.263158603014357,
0.288562227667102,0.315148041388081,0.342865668217028,0.371670670958546,
0.401523468631774,0.432388511559897,0.464233640246041,0.497029578518293,
0.530749526817626,0.565368831540411,0.600864713071814,0.637216039758934,
0.674403138303366,0.712407633358658,0.75121231079161,0.790801000299535,
0.831158473997035,0.872270358283008,0.91412305683221,0.956703682968573,
0.975050043863418),.UNSPECIFIED.);
#433=B_SPLINE_CURVE_WITH_KNOTS('',3,(#4418,#4419,#4420,#4421,#4422,#4423,
#4424,#4425,#4426,#4427,#4428,#4429,#4430,#4431,#4432,#4433,#4434,#4435,
#4436,#4437,#4438,#4439,#4440,#4441,#4442,#4443,#4444,#4445,#4446,#4447,
#4448,#4449,#4450,#4451),.UNSPECIFIED.,.F.,.F.,(4,1,1,1,1,1,1,1,1,1,1,1,
1,1,1,1,1,1,1,1,1,1,1,1,1,1,1,1,1,1,1,4),(0.,0.103000416310753,0.112602086818186,
0.124997787693312,0.139664577964043,0.156295154557826,0.174680948552335,
0.194668413745219,0.216138395335842,0.238994936075388,0.263158603014357,
0.288562227667102,0.315148041388081,0.342865668217028,0.371670670958546,
0.401523468631774,0.432388511559897,0.464233640246041,0.497029578518293,
0.530749526817626,0.565368831540411,0.600864713071814,0.637216039758934,
0.674403138303366,0.712407633358658,0.75121231079161,0.790801000299535,
0.831158473997035,0.872270358283008,0.91412305683221,0.956703682968573,
0.975050043863418),.UNSPECIFIED.);
#434=B_SPLINE_CURVE_WITH_KNOTS('',3,(#4459,#4460,#4461,#4462,#4463,#4464,
#4465,#4466,#4467,#4468,#4469,#4470,#4471,#4472,#4473,#4474,#4475,#4476,
#4477,#4478,#4479,#4480,#4481,#4482,#4483,#4484,#4485,#4486,#4487,#4488,
#4489,#4490,#4491,#4492),.UNSPECIFIED.,.F.,.F.,(4,1,1,1,1,1,1,1,1,1,1,1,
1,1,1,1,1,1,1,1,1,1,1,1,1,1,1,1,1,1,1,4),(0.,0.103000416310753,0.112602086818186,
0.124997787693312,0.139664577964043,0.156295154557826,0.174680948552335,
0.194668413745219,0.216138395335842,0.238994936075388,0.263158603014357,
0.288562227667102,0.315148041388081,0.342865668217028,0.371670670958546,
0.401523468631774,0.432388511559897,0.464233640246041,0.497029578518293,
0.530749526817626,0.565368831540411,0.600864713071814,0.637216039758934,
0.674403138303366,0.712407633358658,0.75121231079161,0.790801000299535,
0.831158473997035,0.872270358283008,0.91412305683221,0.956703682968573,
0.975050043863418),.UNSPECIFIED.);
#435=B_SPLINE_CURVE_WITH_KNOTS('',3,(#4496,#4497,#4498,#4499,#4500,#4501,
#4502,#4503,#4504,#4505,#4506,#4507,#4508,#4509,#4510,#4511,#4512,#4513,
#4514,#4515,#4516,#4517,#4518,#4519,#4520,#4521,#4522,#4523,#4524,#4525,
#4526,#4527,#4528,#4529),.UNSPECIFIED.,.F.,.F.,(4,1,1,1,1,1,1,1,1,1,1,1,
1,1,1,1,1,1,1,1,1,1,1,1,1,1,1,1,1,1,1,4),(0.,0.103000416310753,0.112602086818186,
0.124997787693312,0.139664577964043,0.156295154557826,0.174680948552335,
0.194668413745219,0.216138395335842,0.238994936075388,0.263158603014357,
0.288562227667102,0.315148041388081,0.342865668217028,0.371670670958546,
0.401523468631774,0.432388511559897,0.464233640246041,0.497029578518293,
0.530749526817626,0.565368831540411,0.600864713071814,0.637216039758934,
0.674403138303366,0.712407633358658,0.75121231079161,0.790801000299535,
0.831158473997035,0.872270358283008,0.91412305683221,0.956703682968573,
0.975050043863418),.UNSPECIFIED.);
#436=B_SPLINE_CURVE_WITH_KNOTS('',3,(#4537,#4538,#4539,#4540,#4541,#4542,
#4543,#4544,#4545,#4546,#4547,#4548,#4549,#4550,#4551,#4552,#4553,#4554,
#4555,#4556,#4557,#4558,#4559,#4560,#4561,#4562,#4563,#4564,#4565,#4566,
#4567,#4568,#4569,#4570),.UNSPECIFIED.,.F.,.F.,(4,1,1,1,1,1,1,1,1,1,1,1,
1,1,1,1,1,1,1,1,1,1,1,1,1,1,1,1,1,1,1,4),(0.,0.103000416310753,0.112602086818186,
0.124997787693312,0.139664577964043,0.156295154557826,0.174680948552335,
0.194668413745219,0.216138395335842,0.238994936075388,0.263158603014357,
0.288562227667102,0.315148041388081,0.342865668217028,0.371670670958546,
0.401523468631774,0.432388511559897,0.464233640246041,0.497029578518293,
0.530749526817626,0.565368831540411,0.600864713071814,0.637216039758934,
0.674403138303366,0.712407633358658,0.75121231079161,0.790801000299535,
0.831158473997035,0.872270358283008,0.91412305683221,0.956703682968573,
0.975050043863418),.UNSPECIFIED.);
#437=B_SPLINE_CURVE_WITH_KNOTS('',3,(#4574,#4575,#4576,#4577,#4578,#4579,
#4580,#4581,#4582,#4583,#4584,#4585,#4586,#4587,#4588,#4589,#4590,#4591,
#4592,#4593,#4594,#4595,#4596,#4597,#4598,#4599,#4600,#4601,#4602,#4603,
#4604,#4605,#4606,#4607),.UNSPECIFIED.,.F.,.F.,(4,1,1,1,1,1,1,1,1,1,1,1,
1,1,1,1,1,1,1,1,1,1,1,1,1,1,1,1,1,1,1,4),(0.,0.103000416310753,0.112602086818186,
0.124997787693312,0.139664577964043,0.156295154557826,0.174680948552335,
0.194668413745219,0.216138395335842,0.238994936075388,0.263158603014357,
0.288562227667102,0.315148041388081,0.342865668217028,0.371670670958546,
0.401523468631774,0.432388511559897,0.464233640246041,0.497029578518293,
0.530749526817626,0.565368831540411,0.600864713071814,0.637216039758934,
0.674403138303366,0.712407633358658,0.75121231079161,0.790801000299535,
0.831158473997035,0.872270358283008,0.91412305683221,0.956703682968573,
0.975050043863418),.UNSPECIFIED.);
#438=B_SPLINE_CURVE_WITH_KNOTS('',3,(#4615,#4616,#4617,#4618,#4619,#4620,
#4621,#4622,#4623,#4624,#4625,#4626,#4627,#4628,#4629,#4630,#4631,#4632,
#4633,#4634,#4635,#4636,#4637,#4638,#4639,#4640,#4641,#4642,#4643,#4644,
#4645,#4646,#4647,#4648),.UNSPECIFIED.,.F.,.F.,(4,1,1,1,1,1,1,1,1,1,1,1,
1,1,1,1,1,1,1,1,1,1,1,1,1,1,1,1,1,1,1,4),(0.,0.103000416310753,0.112602086818186,
0.124997787693312,0.139664577964043,0.156295154557826,0.174680948552335,
0.194668413745219,0.216138395335842,0.238994936075388,0.263158603014357,
0.288562227667102,0.315148041388081,0.342865668217028,0.371670670958546,
0.401523468631774,0.432388511559897,0.464233640246041,0.497029578518293,
0.530749526817626,0.565368831540411,0.600864713071814,0.637216039758934,
0.674403138303366,0.712407633358658,0.75121231079161,0.790801000299535,
0.831158473997035,0.872270358283008,0.91412305683221,0.956703682968573,
0.975050043863418),.UNSPECIFIED.);
#439=B_SPLINE_CURVE_WITH_KNOTS('',3,(#4652,#4653,#4654,#4655,#4656,#4657,
#4658,#4659,#4660,#4661,#4662,#4663,#4664,#4665,#4666,#4667,#4668,#4669,
#4670,#4671,#4672,#4673,#4674,#4675,#4676,#4677,#4678,#4679,#4680,#4681,
#4682,#4683,#4684,#4685),.UNSPECIFIED.,.F.,.F.,(4,1,1,1,1,1,1,1,1,1,1,1,
1,1,1,1,1,1,1,1,1,1,1,1,1,1,1,1,1,1,1,4),(0.,0.103000416310753,0.112602086818186,
0.124997787693312,0.139664577964043,0.156295154557826,0.174680948552335,
0.194668413745219,0.216138395335842,0.238994936075388,0.263158603014357,
0.288562227667102,0.315148041388081,0.342865668217028,0.371670670958546,
0.401523468631774,0.432388511559897,0.464233640246041,0.497029578518293,
0.530749526817626,0.565368831540411,0.600864713071814,0.637216039758934,
0.674403138303366,0.712407633358658,0.75121231079161,0.790801000299535,
0.831158473997035,0.872270358283008,0.91412305683221,0.956703682968573,
0.975050043863418),.UNSPECIFIED.);
#440=B_SPLINE_CURVE_WITH_KNOTS('',3,(#4693,#4694,#4695,#4696,#4697,#4698,
#4699,#4700,#4701,#4702,#4703,#4704,#4705,#4706,#4707,#4708,#4709,#4710,
#4711,#4712,#4713,#4714,#4715,#4716,#4717,#4718,#4719,#4720,#4721,#4722,
#4723,#4724,#4725,#4726),.UNSPECIFIED.,.F.,.F.,(4,1,1,1,1,1,1,1,1,1,1,1,
1,1,1,1,1,1,1,1,1,1,1,1,1,1,1,1,1,1,1,4),(0.,0.103000416310753,0.112602086818186,
0.124997787693312,0.139664577964043,0.156295154557826,0.174680948552335,
0.194668413745219,0.216138395335842,0.238994936075388,0.263158603014357,
0.288562227667102,0.315148041388081,0.342865668217028,0.371670670958546,
0.401523468631774,0.432388511559897,0.464233640246041,0.497029578518293,
0.530749526817626,0.565368831540411,0.600864713071814,0.637216039758934,
0.674403138303366,0.712407633358658,0.75121231079161,0.790801000299535,
0.831158473997035,0.872270358283008,0.91412305683221,0.956703682968573,
0.975050043863418),.UNSPECIFIED.);
#441=B_SPLINE_CURVE_WITH_KNOTS('',3,(#4730,#4731,#4732,#4733,#4734,#4735,
#4736,#4737,#4738,#4739,#4740,#4741,#4742,#4743,#4744,#4745,#4746,#4747,
#4748,#4749,#4750,#4751,#4752,#4753,#4754,#4755,#4756,#4757,#4758,#4759,
#4760,#4761,#4762,#4763),.UNSPECIFIED.,.F.,.F.,(4,1,1,1,1,1,1,1,1,1,1,1,
1,1,1,1,1,1,1,1,1,1,1,1,1,1,1,1,1,1,1,4),(0.,0.103000416310753,0.112602086818186,
0.124997787693312,0.139664577964043,0.156295154557826,0.174680948552335,
0.194668413745219,0.216138395335842,0.238994936075388,0.263158603014357,
0.288562227667102,0.315148041388081,0.342865668217028,0.371670670958546,
0.401523468631774,0.432388511559897,0.464233640246041,0.497029578518293,
0.530749526817626,0.565368831540411,0.600864713071814,0.637216039758934,
0.674403138303366,0.712407633358658,0.75121231079161,0.790801000299535,
0.831158473997035,0.872270358283008,0.91412305683221,0.956703682968573,
0.975050043863418),.UNSPECIFIED.);
#442=B_SPLINE_CURVE_WITH_KNOTS('',3,(#4771,#4772,#4773,#4774,#4775,#4776,
#4777,#4778,#4779,#4780,#4781,#4782,#4783,#4784,#4785,#4786,#4787,#4788,
#4789,#4790,#4791,#4792,#4793,#4794,#4795,#4796,#4797,#4798,#4799,#4800,
#4801,#4802,#4803,#4804),.UNSPECIFIED.,.F.,.F.,(4,1,1,1,1,1,1,1,1,1,1,1,
1,1,1,1,1,1,1,1,1,1,1,1,1,1,1,1,1,1,1,4),(0.,0.103000416310753,0.112602086818186,
0.124997787693312,0.139664577964043,0.156295154557826,0.174680948552335,
0.194668413745219,0.216138395335842,0.238994936075388,0.263158603014357,
0.288562227667102,0.315148041388081,0.342865668217028,0.371670670958546,
0.401523468631774,0.432388511559897,0.464233640246041,0.497029578518293,
0.530749526817626,0.565368831540411,0.600864713071814,0.637216039758934,
0.674403138303366,0.712407633358658,0.75121231079161,0.790801000299535,
0.831158473997035,0.872270358283008,0.91412305683221,0.956703682968573,
0.975050043863418),.UNSPECIFIED.);
#443=B_SPLINE_CURVE_WITH_KNOTS('',3,(#4808,#4809,#4810,#4811,#4812,#4813,
#4814,#4815,#4816,#4817,#4818,#4819,#4820,#4821,#4822,#4823,#4824,#4825,
#4826,#4827,#4828,#4829,#4830,#4831,#4832,#4833,#4834,#4835,#4836,#4837,
#4838,#4839,#4840,#4841),.UNSPECIFIED.,.F.,.F.,(4,1,1,1,1,1,1,1,1,1,1,1,
1,1,1,1,1,1,1,1,1,1,1,1,1,1,1,1,1,1,1,4),(0.,0.103000416310753,0.112602086818186,
0.124997787693312,0.139664577964043,0.156295154557826,0.174680948552335,
0.194668413745219,0.216138395335842,0.238994936075388,0.263158603014357,
0.288562227667102,0.315148041388081,0.342865668217028,0.371670670958546,
0.401523468631774,0.432388511559897,0.464233640246041,0.497029578518293,
0.530749526817626,0.565368831540411,0.600864713071814,0.637216039758934,
0.674403138303366,0.712407633358658,0.75121231079161,0.790801000299535,
0.831158473997035,0.872270358283008,0.91412305683221,0.956703682968573,
0.975050043863418),.UNSPECIFIED.);
#444=B_SPLINE_CURVE_WITH_KNOTS('',3,(#4849,#4850,#4851,#4852,#4853,#4854,
#4855,#4856,#4857,#4858,#4859,#4860,#4861,#4862,#4863,#4864,#4865,#4866,
#4867,#4868,#4869,#4870,#4871,#4872,#4873,#4874,#4875,#4876,#4877,#4878,
#4879,#4880,#4881,#4882),.UNSPECIFIED.,.F.,.F.,(4,1,1,1,1,1,1,1,1,1,1,1,
1,1,1,1,1,1,1,1,1,1,1,1,1,1,1,1,1,1,1,4),(0.,0.103000416310753,0.112602086818186,
0.124997787693312,0.139664577964043,0.156295154557826,0.174680948552335,
0.194668413745219,0.216138395335842,0.238994936075388,0.263158603014357,
0.288562227667102,0.315148041388081,0.342865668217028,0.371670670958546,
0.401523468631774,0.432388511559897,0.464233640246041,0.497029578518293,
0.530749526817626,0.565368831540411,0.600864713071814,0.637216039758934,
0.674403138303366,0.712407633358658,0.75121231079161,0.790801000299535,
0.831158473997035,0.872270358283008,0.91412305683221,0.956703682968573,
0.975050043863418),.UNSPECIFIED.);
#445=B_SPLINE_CURVE_WITH_KNOTS('',3,(#4886,#4887,#4888,#4889,#4890,#4891,
#4892,#4893,#4894,#4895,#4896,#4897,#4898,#4899,#4900,#4901,#4902,#4903,
#4904,#4905,#4906,#4907,#4908,#4909,#4910,#4911,#4912,#4913,#4914,#4915,
#4916,#4917,#4918,#4919),.UNSPECIFIED.,.F.,.F.,(4,1,1,1,1,1,1,1,1,1,1,1,
1,1,1,1,1,1,1,1,1,1,1,1,1,1,1,1,1,1,1,4),(0.,0.103000416310753,0.112602086818186,
0.124997787693312,0.139664577964043,0.156295154557826,0.174680948552335,
0.194668413745219,0.216138395335842,0.238994936075388,0.263158603014357,
0.288562227667102,0.315148041388081,0.342865668217028,0.371670670958546,
0.401523468631774,0.432388511559897,0.464233640246041,0.497029578518293,
0.530749526817626,0.565368831540411,0.600864713071814,0.637216039758934,
0.674403138303366,0.712407633358658,0.75121231079161,0.790801000299535,
0.831158473997035,0.872270358283008,0.91412305683221,0.956703682968573,
0.975050043863418),.UNSPECIFIED.);
#446=B_SPLINE_CURVE_WITH_KNOTS('',3,(#4927,#4928,#4929,#4930,#4931,#4932,
#4933,#4934,#4935,#4936,#4937,#4938,#4939,#4940,#4941,#4942,#4943,#4944,
#4945,#4946,#4947,#4948,#4949,#4950,#4951,#4952,#4953,#4954,#4955,#4956,
#4957,#4958,#4959,#4960),.UNSPECIFIED.,.F.,.F.,(4,1,1,1,1,1,1,1,1,1,1,1,
1,1,1,1,1,1,1,1,1,1,1,1,1,1,1,1,1,1,1,4),(0.,0.103000416310753,0.112602086818186,
0.124997787693312,0.139664577964043,0.156295154557826,0.174680948552335,
0.194668413745219,0.216138395335842,0.238994936075388,0.263158603014357,
0.288562227667102,0.315148041388081,0.342865668217028,0.371670670958546,
0.401523468631774,0.432388511559897,0.464233640246041,0.497029578518293,
0.530749526817626,0.565368831540411,0.600864713071814,0.637216039758934,
0.674403138303366,0.712407633358658,0.75121231079161,0.790801000299535,
0.831158473997035,0.872270358283008,0.91412305683221,0.956703682968573,
0.975050043863418),.UNSPECIFIED.);
#447=B_SPLINE_CURVE_WITH_KNOTS('',3,(#4964,#4965,#4966,#4967,#4968,#4969,
#4970,#4971,#4972,#4973,#4974,#4975,#4976,#4977,#4978,#4979,#4980,#4981,
#4982,#4983,#4984,#4985,#4986,#4987,#4988,#4989,#4990,#4991,#4992,#4993,
#4994,#4995,#4996,#4997),.UNSPECIFIED.,.F.,.F.,(4,1,1,1,1,1,1,1,1,1,1,1,
1,1,1,1,1,1,1,1,1,1,1,1,1,1,1,1,1,1,1,4),(0.,0.103000416310753,0.112602086818186,
0.124997787693312,0.139664577964043,0.156295154557826,0.174680948552335,
0.194668413745219,0.216138395335842,0.238994936075388,0.263158603014357,
0.288562227667102,0.315148041388081,0.342865668217028,0.371670670958546,
0.401523468631774,0.432388511559897,0.464233640246041,0.497029578518293,
0.530749526817626,0.565368831540411,0.600864713071814,0.637216039758934,
0.674403138303366,0.712407633358658,0.75121231079161,0.790801000299535,
0.831158473997035,0.872270358283008,0.91412305683221,0.956703682968573,
0.975050043863418),.UNSPECIFIED.);
#448=B_SPLINE_CURVE_WITH_KNOTS('',3,(#5142,#5143,#5144,#5145,#5146,#5147,
#5148,#5149,#5150,#5151,#5152,#5153,#5154,#5155,#5156,#5157,#5158,#5159,
#5160,#5161,#5162,#5163,#5164,#5165,#5166,#5167,#5168,#5169,#5170,#5171,
#5172,#5173,#5174,#5175),.UNSPECIFIED.,.F.,.F.,(4,1,1,1,1,1,1,1,1,1,1,1,
1,1,1,1,1,1,1,1,1,1,1,1,1,1,1,1,1,1,1,4),(0.,0.103000416310753,0.112602086818186,
0.124997787693312,0.139664577964043,0.156295154557826,0.174680948552335,
0.194668413745219,0.216138395335842,0.238994936075388,0.263158603014357,
0.288562227667102,0.315148041388081,0.342865668217028,0.371670670958546,
0.401523468631774,0.432388511559897,0.464233640246041,0.497029578518293,
0.530749526817626,0.565368831540411,0.600864713071814,0.637216039758934,
0.674403138303366,0.712407633358658,0.75121231079161,0.790801000299535,
0.831158473997035,0.872270358283008,0.91412305683221,0.956703682968573,
0.975050043863418),.UNSPECIFIED.);
#449=B_SPLINE_CURVE_WITH_KNOTS('',3,(#5176,#5177,#5178,#5179,#5180,#5181,
#5182,#5183,#5184,#5185,#5186,#5187,#5188,#5189,#5190,#5191,#5192,#5193,
#5194,#5195,#5196,#5197,#5198,#5199,#5200,#5201,#5202,#5203,#5204,#5205,
#5206,#5207,#5208,#5209),.UNSPECIFIED.,.F.,.F.,(4,1,1,1,1,1,1,1,1,1,1,1,
1,1,1,1,1,1,1,1,1,1,1,1,1,1,1,1,1,1,1,4),(0.,0.103000416310753,0.112602086818186,
0.124997787693312,0.139664577964043,0.156295154557826,0.174680948552335,
0.194668413745219,0.216138395335842,0.238994936075388,0.263158603014357,
0.288562227667102,0.315148041388081,0.342865668217028,0.371670670958546,
0.401523468631774,0.432388511559897,0.464233640246041,0.497029578518293,
0.530749526817626,0.565368831540411,0.600864713071814,0.637216039758934,
0.674403138303366,0.712407633358658,0.75121231079161,0.790801000299535,
0.831158473997035,0.872270358283008,0.91412305683221,0.956703682968573,
0.975050043863418),.UNSPECIFIED.);
#450=B_SPLINE_CURVE_WITH_KNOTS('',3,(#5217,#5218,#5219,#5220,#5221,#5222,
#5223,#5224,#5225,#5226,#5227,#5228,#5229,#5230,#5231,#5232,#5233,#5234,
#5235,#5236,#5237,#5238,#5239,#5240,#5241,#5242,#5243,#5244,#5245,#5246,
#5247,#5248,#5249,#5250),.UNSPECIFIED.,.F.,.F.,(4,1,1,1,1,1,1,1,1,1,1,1,
1,1,1,1,1,1,1,1,1,1,1,1,1,1,1,1,1,1,1,4),(0.,0.103000416310753,0.112602086818186,
0.124997787693312,0.139664577964043,0.156295154557826,0.174680948552335,
0.194668413745219,0.216138395335842,0.238994936075388,0.263158603014357,
0.288562227667102,0.315148041388081,0.342865668217028,0.371670670958546,
0.401523468631774,0.432388511559897,0.464233640246041,0.497029578518293,
0.530749526817626,0.565368831540411,0.600864713071814,0.637216039758934,
0.674403138303366,0.712407633358658,0.75121231079161,0.790801000299535,
0.831158473997035,0.872270358283008,0.91412305683221,0.956703682968573,
0.975050043863418),.UNSPECIFIED.);
#451=B_SPLINE_CURVE_WITH_KNOTS('',3,(#5251,#5252,#5253,#5254,#5255,#5256,
#5257,#5258,#5259,#5260,#5261,#5262,#5263,#5264,#5265,#5266,#5267,#5268,
#5269,#5270,#5271,#5272,#5273,#5274,#5275,#5276,#5277,#5278,#5279,#5280,
#5281,#5282,#5283,#5284),.UNSPECIFIED.,.F.,.F.,(4,1,1,1,1,1,1,1,1,1,1,1,
1,1,1,1,1,1,1,1,1,1,1,1,1,1,1,1,1,1,1,4),(0.,0.103000416310753,0.112602086818186,
0.124997787693312,0.139664577964043,0.156295154557826,0.174680948552335,
0.194668413745219,0.216138395335842,0.238994936075388,0.263158603014357,
0.288562227667102,0.315148041388081,0.342865668217028,0.371670670958546,
0.401523468631774,0.432388511559897,0.464233640246041,0.497029578518293,
0.530749526817626,0.565368831540411,0.600864713071814,0.637216039758934,
0.674403138303366,0.712407633358658,0.75121231079161,0.790801000299535,
0.831158473997035,0.872270358283008,0.91412305683221,0.956703682968573,
0.975050043863418),.UNSPECIFIED.);
#452=B_SPLINE_CURVE_WITH_KNOTS('',3,(#5292,#5293,#5294,#5295,#5296,#5297,
#5298,#5299,#5300,#5301,#5302,#5303,#5304,#5305,#5306,#5307,#5308,#5309,
#5310,#5311,#5312,#5313,#5314,#5315,#5316,#5317,#5318,#5319,#5320,#5321,
#5322,#5323,#5324,#5325),.UNSPECIFIED.,.F.,.F.,(4,1,1,1,1,1,1,1,1,1,1,1,
1,1,1,1,1,1,1,1,1,1,1,1,1,1,1,1,1,1,1,4),(0.,0.103000416310753,0.112602086818186,
0.124997787693312,0.139664577964043,0.156295154557826,0.174680948552335,
0.194668413745219,0.216138395335842,0.238994936075388,0.263158603014357,
0.288562227667102,0.315148041388081,0.342865668217028,0.371670670958546,
0.401523468631774,0.432388511559897,0.464233640246041,0.497029578518293,
0.530749526817626,0.565368831540411,0.600864713071814,0.637216039758934,
0.674403138303366,0.712407633358658,0.75121231079161,0.790801000299535,
0.831158473997035,0.872270358283008,0.91412305683221,0.956703682968573,
0.975050043863418),.UNSPECIFIED.);
#453=B_SPLINE_CURVE_WITH_KNOTS('',3,(#5326,#5327,#5328,#5329,#5330,#5331,
#5332,#5333,#5334,#5335,#5336,#5337,#5338,#5339,#5340,#5341,#5342,#5343,
#5344,#5345,#5346,#5347,#5348,#5349,#5350,#5351,#5352,#5353,#5354,#5355,
#5356,#5357,#5358,#5359),.UNSPECIFIED.,.F.,.F.,(4,1,1,1,1,1,1,1,1,1,1,1,
1,1,1,1,1,1,1,1,1,1,1,1,1,1,1,1,1,1,1,4),(0.,0.103000416310753,0.112602086818186,
0.124997787693312,0.139664577964043,0.156295154557826,0.174680948552335,
0.194668413745219,0.216138395335842,0.238994936075388,0.263158603014357,
0.288562227667102,0.315148041388081,0.342865668217028,0.371670670958546,
0.401523468631774,0.432388511559897,0.464233640246041,0.497029578518293,
0.530749526817626,0.565368831540411,0.600864713071814,0.637216039758934,
0.674403138303366,0.712407633358658,0.75121231079161,0.790801000299535,
0.831158473997035,0.872270358283008,0.91412305683221,0.956703682968573,
0.975050043863418),.UNSPECIFIED.);
#454=B_SPLINE_CURVE_WITH_KNOTS('',3,(#5367,#5368,#5369,#5370,#5371,#5372,
#5373,#5374,#5375,#5376,#5377,#5378,#5379,#5380,#5381,#5382,#5383,#5384,
#5385,#5386,#5387,#5388,#5389,#5390,#5391,#5392,#5393,#5394,#5395,#5396,
#5397,#5398,#5399,#5400),.UNSPECIFIED.,.F.,.F.,(4,1,1,1,1,1,1,1,1,1,1,1,
1,1,1,1,1,1,1,1,1,1,1,1,1,1,1,1,1,1,1,4),(0.,0.103000416310753,0.112602086818186,
0.124997787693312,0.139664577964043,0.156295154557826,0.174680948552335,
0.194668413745219,0.216138395335842,0.238994936075388,0.263158603014357,
0.288562227667102,0.315148041388081,0.342865668217028,0.371670670958546,
0.401523468631774,0.432388511559897,0.464233640246041,0.497029578518293,
0.530749526817626,0.565368831540411,0.600864713071814,0.637216039758934,
0.674403138303366,0.712407633358658,0.75121231079161,0.790801000299535,
0.831158473997035,0.872270358283008,0.91412305683221,0.956703682968573,
0.975050043863418),.UNSPECIFIED.);
#455=B_SPLINE_CURVE_WITH_KNOTS('',3,(#5401,#5402,#5403,#5404,#5405,#5406,
#5407,#5408,#5409,#5410,#5411,#5412,#5413,#5414,#5415,#5416,#5417,#5418,
#5419,#5420,#5421,#5422,#5423,#5424,#5425,#5426,#5427,#5428,#5429,#5430,
#5431,#5432,#5433,#5434),.UNSPECIFIED.,.F.,.F.,(4,1,1,1,1,1,1,1,1,1,1,1,
1,1,1,1,1,1,1,1,1,1,1,1,1,1,1,1,1,1,1,4),(0.,0.103000416310753,0.112602086818186,
0.124997787693312,0.139664577964043,0.156295154557826,0.174680948552335,
0.194668413745219,0.216138395335842,0.238994936075388,0.263158603014357,
0.288562227667102,0.315148041388081,0.342865668217028,0.371670670958546,
0.401523468631774,0.432388511559897,0.464233640246041,0.497029578518293,
0.530749526817626,0.565368831540411,0.600864713071814,0.637216039758934,
0.674403138303366,0.712407633358658,0.75121231079161,0.790801000299535,
0.831158473997035,0.872270358283008,0.91412305683221,0.956703682968573,
0.975050043863418),.UNSPECIFIED.);
#456=B_SPLINE_CURVE_WITH_KNOTS('',3,(#5442,#5443,#5444,#5445,#5446,#5447,
#5448,#5449,#5450,#5451,#5452,#5453,#5454,#5455,#5456,#5457,#5458,#5459,
#5460,#5461,#5462,#5463,#5464,#5465,#5466,#5467,#5468,#5469,#5470,#5471,
#5472,#5473,#5474,#5475),.UNSPECIFIED.,.F.,.F.,(4,1,1,1,1,1,1,1,1,1,1,1,
1,1,1,1,1,1,1,1,1,1,1,1,1,1,1,1,1,1,1,4),(0.,0.103000416310753,0.112602086818186,
0.124997787693312,0.139664577964043,0.156295154557826,0.174680948552335,
0.194668413745219,0.216138395335842,0.238994936075388,0.263158603014357,
0.288562227667102,0.315148041388081,0.342865668217028,0.371670670958546,
0.401523468631774,0.432388511559897,0.464233640246041,0.497029578518293,
0.530749526817626,0.565368831540411,0.600864713071814,0.637216039758934,
0.674403138303366,0.712407633358658,0.75121231079161,0.790801000299535,
0.831158473997035,0.872270358283008,0.91412305683221,0.956703682968573,
0.975050043863418),.UNSPECIFIED.);
#457=B_SPLINE_CURVE_WITH_KNOTS('',3,(#5476,#5477,#5478,#5479,#5480,#5481,
#5482,#5483,#5484,#5485,#5486,#5487,#5488,#5489,#5490,#5491,#5492,#5493,
#5494,#5495,#5496,#5497,#5498,#5499,#5500,#5501,#5502,#5503,#5504,#5505,
#5506,#5507,#5508,#5509),.UNSPECIFIED.,.F.,.F.,(4,1,1,1,1,1,1,1,1,1,1,1,
1,1,1,1,1,1,1,1,1,1,1,1,1,1,1,1,1,1,1,4),(0.,0.103000416310753,0.112602086818186,
0.124997787693312,0.139664577964043,0.156295154557826,0.174680948552335,
0.194668413745219,0.216138395335842,0.238994936075388,0.263158603014357,
0.288562227667102,0.315148041388081,0.342865668217028,0.371670670958546,
0.401523468631774,0.432388511559897,0.464233640246041,0.497029578518293,
0.530749526817626,0.565368831540411,0.600864713071814,0.637216039758934,
0.674403138303366,0.712407633358658,0.75121231079161,0.790801000299535,
0.831158473997035,0.872270358283008,0.91412305683221,0.956703682968573,
0.975050043863418),.UNSPECIFIED.);
#458=B_SPLINE_CURVE_WITH_KNOTS('',3,(#5517,#5518,#5519,#5520,#5521,#5522,
#5523,#5524,#5525,#5526,#5527,#5528,#5529,#5530,#5531,#5532,#5533,#5534,
#5535,#5536,#5537,#5538,#5539,#5540,#5541,#5542,#5543,#5544,#5545,#5546,
#5547,#5548,#5549,#5550),.UNSPECIFIED.,.F.,.F.,(4,1,1,1,1,1,1,1,1,1,1,1,
1,1,1,1,1,1,1,1,1,1,1,1,1,1,1,1,1,1,1,4),(0.,0.103000416310753,0.112602086818186,
0.124997787693312,0.139664577964043,0.156295154557826,0.174680948552335,
0.194668413745219,0.216138395335842,0.238994936075388,0.263158603014357,
0.288562227667102,0.315148041388081,0.342865668217028,0.371670670958546,
0.401523468631774,0.432388511559897,0.464233640246041,0.497029578518293,
0.530749526817626,0.565368831540411,0.600864713071814,0.637216039758934,
0.674403138303366,0.712407633358658,0.75121231079161,0.790801000299535,
0.831158473997035,0.872270358283008,0.91412305683221,0.956703682968573,
0.975050043863418),.UNSPECIFIED.);
#459=B_SPLINE_CURVE_WITH_KNOTS('',3,(#5551,#5552,#5553,#5554,#5555,#5556,
#5557,#5558,#5559,#5560,#5561,#5562,#5563,#5564,#5565,#5566,#5567,#5568,
#5569,#5570,#5571,#5572,#5573,#5574,#5575,#5576,#5577,#5578,#5579,#5580,
#5581,#5582,#5583,#5584),.UNSPECIFIED.,.F.,.F.,(4,1,1,1,1,1,1,1,1,1,1,1,
1,1,1,1,1,1,1,1,1,1,1,1,1,1,1,1,1,1,1,4),(0.,0.103000416310753,0.112602086818186,
0.124997787693312,0.139664577964043,0.156295154557826,0.174680948552335,
0.194668413745219,0.216138395335842,0.238994936075388,0.263158603014357,
0.288562227667102,0.315148041388081,0.342865668217028,0.371670670958546,
0.401523468631774,0.432388511559897,0.464233640246041,0.497029578518293,
0.530749526817626,0.565368831540411,0.600864713071814,0.637216039758934,
0.674403138303366,0.712407633358658,0.75121231079161,0.790801000299535,
0.831158473997035,0.872270358283008,0.91412305683221,0.956703682968573,
0.975050043863418),.UNSPECIFIED.);
#460=B_SPLINE_CURVE_WITH_KNOTS('',3,(#5592,#5593,#5594,#5595,#5596,#5597,
#5598,#5599,#5600,#5601,#5602,#5603,#5604,#5605,#5606,#5607,#5608,#5609,
#5610,#5611,#5612,#5613,#5614,#5615,#5616,#5617,#5618,#5619,#5620,#5621,
#5622,#5623,#5624,#5625),.UNSPECIFIED.,.F.,.F.,(4,1,1,1,1,1,1,1,1,1,1,1,
1,1,1,1,1,1,1,1,1,1,1,1,1,1,1,1,1,1,1,4),(0.,0.103000416310753,0.112602086818186,
0.124997787693312,0.139664577964043,0.156295154557826,0.174680948552335,
0.194668413745219,0.216138395335842,0.238994936075388,0.263158603014357,
0.288562227667102,0.315148041388081,0.342865668217028,0.371670670958546,
0.401523468631774,0.432388511559897,0.464233640246041,0.497029578518293,
0.530749526817626,0.565368831540411,0.600864713071814,0.637216039758934,
0.674403138303366,0.712407633358658,0.75121231079161,0.790801000299535,
0.831158473997035,0.872270358283008,0.91412305683221,0.956703682968573,
0.975050043863418),.UNSPECIFIED.);
#461=B_SPLINE_CURVE_WITH_KNOTS('',3,(#5626,#5627,#5628,#5629,#5630,#5631,
#5632,#5633,#5634,#5635,#5636,#5637,#5638,#5639,#5640,#5641,#5642,#5643,
#5644,#5645,#5646,#5647,#5648,#5649,#5650,#5651,#5652,#5653,#5654,#5655,
#5656,#5657,#5658,#5659),.UNSPECIFIED.,.F.,.F.,(4,1,1,1,1,1,1,1,1,1,1,1,
1,1,1,1,1,1,1,1,1,1,1,1,1,1,1,1,1,1,1,4),(0.,0.103000416310753,0.112602086818186,
0.124997787693312,0.139664577964043,0.156295154557826,0.174680948552335,
0.194668413745219,0.216138395335842,0.238994936075388,0.263158603014357,
0.288562227667102,0.315148041388081,0.342865668217028,0.371670670958546,
0.401523468631774,0.432388511559897,0.464233640246041,0.497029578518293,
0.530749526817626,0.565368831540411,0.600864713071814,0.637216039758934,
0.674403138303366,0.712407633358658,0.75121231079161,0.790801000299535,
0.831158473997035,0.872270358283008,0.91412305683221,0.956703682968573,
0.975050043863418),.UNSPECIFIED.);
#462=B_SPLINE_CURVE_WITH_KNOTS('',3,(#5667,#5668,#5669,#5670,#5671,#5672,
#5673,#5674,#5675,#5676,#5677,#5678,#5679,#5680,#5681,#5682,#5683,#5684,
#5685,#5686,#5687,#5688,#5689,#5690,#5691,#5692,#5693,#5694,#5695,#5696,
#5697,#5698,#5699,#5700),.UNSPECIFIED.,.F.,.F.,(4,1,1,1,1,1,1,1,1,1,1,1,
1,1,1,1,1,1,1,1,1,1,1,1,1,1,1,1,1,1,1,4),(0.,0.103000416310753,0.112602086818186,
0.124997787693312,0.139664577964043,0.156295154557826,0.174680948552335,
0.194668413745219,0.216138395335842,0.238994936075388,0.263158603014357,
0.288562227667102,0.315148041388081,0.342865668217028,0.371670670958546,
0.401523468631774,0.432388511559897,0.464233640246041,0.497029578518293,
0.530749526817626,0.565368831540411,0.600864713071814,0.637216039758934,
0.674403138303366,0.712407633358658,0.75121231079161,0.790801000299535,
0.831158473997035,0.872270358283008,0.91412305683221,0.956703682968573,
0.975050043863418),.UNSPECIFIED.);
#463=B_SPLINE_CURVE_WITH_KNOTS('',3,(#5701,#5702,#5703,#5704,#5705,#5706,
#5707,#5708,#5709,#5710,#5711,#5712,#5713,#5714,#5715,#5716,#5717,#5718,
#5719,#5720,#5721,#5722,#5723,#5724,#5725,#5726,#5727,#5728,#5729,#5730,
#5731,#5732,#5733,#5734),.UNSPECIFIED.,.F.,.F.,(4,1,1,1,1,1,1,1,1,1,1,1,
1,1,1,1,1,1,1,1,1,1,1,1,1,1,1,1,1,1,1,4),(0.,0.103000416310753,0.112602086818186,
0.124997787693312,0.139664577964043,0.156295154557826,0.174680948552335,
0.194668413745219,0.216138395335842,0.238994936075388,0.263158603014357,
0.288562227667102,0.315148041388081,0.342865668217028,0.371670670958546,
0.401523468631774,0.432388511559897,0.464233640246041,0.497029578518293,
0.530749526817626,0.565368831540411,0.600864713071814,0.637216039758934,
0.674403138303366,0.712407633358658,0.75121231079161,0.790801000299535,
0.831158473997035,0.872270358283008,0.91412305683221,0.956703682968573,
0.975050043863418),.UNSPECIFIED.);
#464=B_SPLINE_CURVE_WITH_KNOTS('',3,(#5742,#5743,#5744,#5745,#5746,#5747,
#5748,#5749,#5750,#5751,#5752,#5753,#5754,#5755,#5756,#5757,#5758,#5759,
#5760,#5761,#5762,#5763,#5764,#5765,#5766,#5767,#5768,#5769,#5770,#5771,
#5772,#5773,#5774,#5775),.UNSPECIFIED.,.F.,.F.,(4,1,1,1,1,1,1,1,1,1,1,1,
1,1,1,1,1,1,1,1,1,1,1,1,1,1,1,1,1,1,1,4),(0.,0.103000416310753,0.112602086818186,
0.124997787693312,0.139664577964043,0.156295154557826,0.174680948552335,
0.194668413745219,0.216138395335842,0.238994936075388,0.263158603014357,
0.288562227667102,0.315148041388081,0.342865668217028,0.371670670958546,
0.401523468631774,0.432388511559897,0.464233640246041,0.497029578518293,
0.530749526817626,0.565368831540411,0.600864713071814,0.637216039758934,
0.674403138303366,0.712407633358658,0.75121231079161,0.790801000299535,
0.831158473997035,0.872270358283008,0.91412305683221,0.956703682968573,
0.975050043863418),.UNSPECIFIED.);
#465=B_SPLINE_CURVE_WITH_KNOTS('',3,(#5776,#5777,#5778,#5779,#5780,#5781,
#5782,#5783,#5784,#5785,#5786,#5787,#5788,#5789,#5790,#5791,#5792,#5793,
#5794,#5795,#5796,#5797,#5798,#5799,#5800,#5801,#5802,#5803,#5804,#5805,
#5806,#5807,#5808,#5809),.UNSPECIFIED.,.F.,.F.,(4,1,1,1,1,1,1,1,1,1,1,1,
1,1,1,1,1,1,1,1,1,1,1,1,1,1,1,1,1,1,1,4),(0.,0.103000416310753,0.112602086818186,
0.124997787693312,0.139664577964043,0.156295154557826,0.174680948552335,
0.194668413745219,0.216138395335842,0.238994936075388,0.263158603014357,
0.288562227667102,0.315148041388081,0.342865668217028,0.371670670958546,
0.401523468631774,0.432388511559897,0.464233640246041,0.497029578518293,
0.530749526817626,0.565368831540411,0.600864713071814,0.637216039758934,
0.674403138303366,0.712407633358658,0.75121231079161,0.790801000299535,
0.831158473997035,0.872270358283008,0.91412305683221,0.956703682968573,
0.975050043863418),.UNSPECIFIED.);
#466=B_SPLINE_CURVE_WITH_KNOTS('',3,(#5817,#5818,#5819,#5820,#5821,#5822,
#5823,#5824,#5825,#5826,#5827,#5828,#5829,#5830,#5831,#5832,#5833,#5834,
#5835,#5836,#5837,#5838,#5839,#5840,#5841,#5842,#5843,#5844,#5845,#5846,
#5847,#5848,#5849,#5850),.UNSPECIFIED.,.F.,.F.,(4,1,1,1,1,1,1,1,1,1,1,1,
1,1,1,1,1,1,1,1,1,1,1,1,1,1,1,1,1,1,1,4),(0.,0.103000416310753,0.112602086818186,
0.124997787693312,0.139664577964043,0.156295154557826,0.174680948552335,
0.194668413745219,0.216138395335842,0.238994936075388,0.263158603014357,
0.288562227667102,0.315148041388081,0.342865668217028,0.371670670958546,
0.401523468631774,0.432388511559897,0.464233640246041,0.497029578518293,
0.530749526817626,0.565368831540411,0.600864713071814,0.637216039758934,
0.674403138303366,0.712407633358658,0.75121231079161,0.790801000299535,
0.831158473997035,0.872270358283008,0.91412305683221,0.956703682968573,
0.975050043863418),.UNSPECIFIED.);
#467=B_SPLINE_CURVE_WITH_KNOTS('',3,(#5851,#5852,#5853,#5854,#5855,#5856,
#5857,#5858,#5859,#5860,#5861,#5862,#5863,#5864,#5865,#5866,#5867,#5868,
#5869,#5870,#5871,#5872,#5873,#5874,#5875,#5876,#5877,#5878,#5879,#5880,
#5881,#5882,#5883,#5884),.UNSPECIFIED.,.F.,.F.,(4,1,1,1,1,1,1,1,1,1,1,1,
1,1,1,1,1,1,1,1,1,1,1,1,1,1,1,1,1,1,1,4),(0.,0.103000416310753,0.112602086818186,
0.124997787693312,0.139664577964043,0.156295154557826,0.174680948552335,
0.194668413745219,0.216138395335842,0.238994936075388,0.263158603014357,
0.288562227667102,0.315148041388081,0.342865668217028,0.371670670958546,
0.401523468631774,0.432388511559897,0.464233640246041,0.497029578518293,
0.530749526817626,0.565368831540411,0.600864713071814,0.637216039758934,
0.674403138303366,0.712407633358658,0.75121231079161,0.790801000299535,
0.831158473997035,0.872270358283008,0.91412305683221,0.956703682968573,
0.975050043863418),.UNSPECIFIED.);
#468=B_SPLINE_CURVE_WITH_KNOTS('',3,(#5892,#5893,#5894,#5895,#5896,#5897,
#5898,#5899,#5900,#5901,#5902,#5903,#5904,#5905,#5906,#5907,#5908,#5909,
#5910,#5911,#5912,#5913,#5914,#5915,#5916,#5917,#5918,#5919,#5920,#5921,
#5922,#5923,#5924,#5925),.UNSPECIFIED.,.F.,.F.,(4,1,1,1,1,1,1,1,1,1,1,1,
1,1,1,1,1,1,1,1,1,1,1,1,1,1,1,1,1,1,1,4),(0.,0.103000416310753,0.112602086818186,
0.124997787693312,0.139664577964043,0.156295154557826,0.174680948552335,
0.194668413745219,0.216138395335842,0.238994936075388,0.263158603014357,
0.288562227667102,0.315148041388081,0.342865668217028,0.371670670958546,
0.401523468631774,0.432388511559897,0.464233640246041,0.497029578518293,
0.530749526817626,0.565368831540411,0.600864713071814,0.637216039758934,
0.674403138303366,0.712407633358658,0.75121231079161,0.790801000299535,
0.831158473997035,0.872270358283008,0.91412305683221,0.956703682968573,
0.975050043863418),.UNSPECIFIED.);
#469=B_SPLINE_CURVE_WITH_KNOTS('',3,(#5926,#5927,#5928,#5929,#5930,#5931,
#5932,#5933,#5934,#5935,#5936,#5937,#5938,#5939,#5940,#5941,#5942,#5943,
#5944,#5945,#5946,#5947,#5948,#5949,#5950,#5951,#5952,#5953,#5954,#5955,
#5956,#5957,#5958,#5959),.UNSPECIFIED.,.F.,.F.,(4,1,1,1,1,1,1,1,1,1,1,1,
1,1,1,1,1,1,1,1,1,1,1,1,1,1,1,1,1,1,1,4),(0.,0.103000416310753,0.112602086818186,
0.124997787693312,0.139664577964043,0.156295154557826,0.174680948552335,
0.194668413745219,0.216138395335842,0.238994936075388,0.263158603014357,
0.288562227667102,0.315148041388081,0.342865668217028,0.371670670958546,
0.401523468631774,0.432388511559897,0.464233640246041,0.497029578518293,
0.530749526817626,0.565368831540411,0.600864713071814,0.637216039758934,
0.674403138303366,0.712407633358658,0.75121231079161,0.790801000299535,
0.831158473997035,0.872270358283008,0.91412305683221,0.956703682968573,
0.975050043863418),.UNSPECIFIED.);
#470=B_SPLINE_CURVE_WITH_KNOTS('',3,(#5967,#5968,#5969,#5970,#5971,#5972,
#5973,#5974,#5975,#5976,#5977,#5978,#5979,#5980,#5981,#5982,#5983,#5984,
#5985,#5986,#5987,#5988,#5989,#5990,#5991,#5992,#5993,#5994,#5995,#5996,
#5997,#5998,#5999,#6000),.UNSPECIFIED.,.F.,.F.,(4,1,1,1,1,1,1,1,1,1,1,1,
1,1,1,1,1,1,1,1,1,1,1,1,1,1,1,1,1,1,1,4),(0.,0.103000416310753,0.112602086818186,
0.124997787693312,0.139664577964043,0.156295154557826,0.174680948552335,
0.194668413745219,0.216138395335842,0.238994936075388,0.263158603014357,
0.288562227667102,0.315148041388081,0.342865668217028,0.371670670958546,
0.401523468631774,0.432388511559897,0.464233640246041,0.497029578518293,
0.530749526817626,0.565368831540411,0.600864713071814,0.637216039758934,
0.674403138303366,0.712407633358658,0.75121231079161,0.790801000299535,
0.831158473997035,0.872270358283008,0.91412305683221,0.956703682968573,
0.975050043863418),.UNSPECIFIED.);
#471=B_SPLINE_CURVE_WITH_KNOTS('',3,(#6001,#6002,#6003,#6004,#6005,#6006,
#6007,#6008,#6009,#6010,#6011,#6012,#6013,#6014,#6015,#6016,#6017,#6018,
#6019,#6020,#6021,#6022,#6023,#6024,#6025,#6026,#6027,#6028,#6029,#6030,
#6031,#6032,#6033,#6034),.UNSPECIFIED.,.F.,.F.,(4,1,1,1,1,1,1,1,1,1,1,1,
1,1,1,1,1,1,1,1,1,1,1,1,1,1,1,1,1,1,1,4),(0.,0.103000416310753,0.112602086818186,
0.124997787693312,0.139664577964043,0.156295154557826,0.174680948552335,
0.194668413745219,0.216138395335842,0.238994936075388,0.263158603014357,
0.288562227667102,0.315148041388081,0.342865668217028,0.371670670958546,
0.401523468631774,0.432388511559897,0.464233640246041,0.497029578518293,
0.530749526817626,0.565368831540411,0.600864713071814,0.637216039758934,
0.674403138303366,0.712407633358658,0.75121231079161,0.790801000299535,
0.831158473997035,0.872270358283008,0.91412305683221,0.956703682968573,
0.975050043863418),.UNSPECIFIED.);
#472=B_SPLINE_CURVE_WITH_KNOTS('',3,(#6042,#6043,#6044,#6045,#6046,#6047,
#6048,#6049,#6050,#6051,#6052,#6053,#6054,#6055,#6056,#6057,#6058,#6059,
#6060,#6061,#6062,#6063,#6064,#6065,#6066,#6067,#6068,#6069,#6070,#6071,
#6072,#6073,#6074,#6075),.UNSPECIFIED.,.F.,.F.,(4,1,1,1,1,1,1,1,1,1,1,1,
1,1,1,1,1,1,1,1,1,1,1,1,1,1,1,1,1,1,1,4),(0.,0.103000416310753,0.112602086818186,
0.124997787693312,0.139664577964043,0.156295154557826,0.174680948552335,
0.194668413745219,0.216138395335842,0.238994936075388,0.263158603014357,
0.288562227667102,0.315148041388081,0.342865668217028,0.371670670958546,
0.401523468631774,0.432388511559897,0.464233640246041,0.497029578518293,
0.530749526817626,0.565368831540411,0.600864713071814,0.637216039758934,
0.674403138303366,0.712407633358658,0.75121231079161,0.790801000299535,
0.831158473997035,0.872270358283008,0.91412305683221,0.956703682968573,
0.975050043863418),.UNSPECIFIED.);
#473=B_SPLINE_CURVE_WITH_KNOTS('',3,(#6076,#6077,#6078,#6079,#6080,#6081,
#6082,#6083,#6084,#6085,#6086,#6087,#6088,#6089,#6090,#6091,#6092,#6093,
#6094,#6095,#6096,#6097,#6098,#6099,#6100,#6101,#6102,#6103,#6104,#6105,
#6106,#6107,#6108,#6109),.UNSPECIFIED.,.F.,.F.,(4,1,1,1,1,1,1,1,1,1,1,1,
1,1,1,1,1,1,1,1,1,1,1,1,1,1,1,1,1,1,1,4),(0.,0.103000416310753,0.112602086818186,
0.124997787693312,0.139664577964043,0.156295154557826,0.174680948552335,
0.194668413745219,0.216138395335842,0.238994936075388,0.263158603014357,
0.288562227667102,0.315148041388081,0.342865668217028,0.371670670958546,
0.401523468631774,0.432388511559897,0.464233640246041,0.497029578518293,
0.530749526817626,0.565368831540411,0.600864713071814,0.637216039758934,
0.674403138303366,0.712407633358658,0.75121231079161,0.790801000299535,
0.831158473997035,0.872270358283008,0.91412305683221,0.956703682968573,
0.975050043863418),.UNSPECIFIED.);
#474=B_SPLINE_CURVE_WITH_KNOTS('',3,(#6117,#6118,#6119,#6120,#6121,#6122,
#6123,#6124,#6125,#6126,#6127,#6128,#6129,#6130,#6131,#6132,#6133,#6134,
#6135,#6136,#6137,#6138,#6139,#6140,#6141,#6142,#6143,#6144,#6145,#6146,
#6147,#6148,#6149,#6150),.UNSPECIFIED.,.F.,.F.,(4,1,1,1,1,1,1,1,1,1,1,1,
1,1,1,1,1,1,1,1,1,1,1,1,1,1,1,1,1,1,1,4),(0.,0.103000416310753,0.112602086818186,
0.124997787693312,0.139664577964043,0.156295154557826,0.174680948552335,
0.194668413745219,0.216138395335842,0.238994936075388,0.263158603014357,
0.288562227667102,0.315148041388081,0.342865668217028,0.371670670958546,
0.401523468631774,0.432388511559897,0.464233640246041,0.497029578518293,
0.530749526817626,0.565368831540411,0.600864713071814,0.637216039758934,
0.674403138303366,0.712407633358658,0.75121231079161,0.790801000299535,
0.831158473997035,0.872270358283008,0.91412305683221,0.956703682968573,
0.975050043863418),.UNSPECIFIED.);
#475=B_SPLINE_CURVE_WITH_KNOTS('',3,(#6151,#6152,#6153,#6154,#6155,#6156,
#6157,#6158,#6159,#6160,#6161,#6162,#6163,#6164,#6165,#6166,#6167,#6168,
#6169,#6170,#6171,#6172,#6173,#6174,#6175,#6176,#6177,#6178,#6179,#6180,
#6181,#6182,#6183,#6184),.UNSPECIFIED.,.F.,.F.,(4,1,1,1,1,1,1,1,1,1,1,1,
1,1,1,1,1,1,1,1,1,1,1,1,1,1,1,1,1,1,1,4),(0.,0.103000416310753,0.112602086818186,
0.124997787693312,0.139664577964043,0.156295154557826,0.174680948552335,
0.194668413745219,0.216138395335842,0.238994936075388,0.263158603014357,
0.288562227667102,0.315148041388081,0.342865668217028,0.371670670958546,
0.401523468631774,0.432388511559897,0.464233640246041,0.497029578518293,
0.530749526817626,0.565368831540411,0.600864713071814,0.637216039758934,
0.674403138303366,0.712407633358658,0.75121231079161,0.790801000299535,
0.831158473997035,0.872270358283008,0.91412305683221,0.956703682968573,
0.975050043863418),.UNSPECIFIED.);
#476=B_SPLINE_CURVE_WITH_KNOTS('',3,(#6192,#6193,#6194,#6195,#6196,#6197,
#6198,#6199,#6200,#6201,#6202,#6203,#6204,#6205,#6206,#6207,#6208,#6209,
#6210,#6211,#6212,#6213,#6214,#6215,#6216,#6217,#6218,#6219,#6220,#6221,
#6222,#6223,#6224,#6225),.UNSPECIFIED.,.F.,.F.,(4,1,1,1,1,1,1,1,1,1,1,1,
1,1,1,1,1,1,1,1,1,1,1,1,1,1,1,1,1,1,1,4),(0.,0.103000416310753,0.112602086818186,
0.124997787693312,0.139664577964043,0.156295154557826,0.174680948552335,
0.194668413745219,0.216138395335842,0.238994936075388,0.263158603014357,
0.288562227667102,0.315148041388081,0.342865668217028,0.371670670958546,
0.401523468631774,0.432388511559897,0.464233640246041,0.497029578518293,
0.530749526817626,0.565368831540411,0.600864713071814,0.637216039758934,
0.674403138303366,0.712407633358658,0.75121231079161,0.790801000299535,
0.831158473997035,0.872270358283008,0.91412305683221,0.956703682968573,
0.975050043863418),.UNSPECIFIED.);
#477=B_SPLINE_CURVE_WITH_KNOTS('',3,(#6226,#6227,#6228,#6229,#6230,#6231,
#6232,#6233,#6234,#6235,#6236,#6237,#6238,#6239,#6240,#6241,#6242,#6243,
#6244,#6245,#6246,#6247,#6248,#6249,#6250,#6251,#6252,#6253,#6254,#6255,
#6256,#6257,#6258,#6259),.UNSPECIFIED.,.F.,.F.,(4,1,1,1,1,1,1,1,1,1,1,1,
1,1,1,1,1,1,1,1,1,1,1,1,1,1,1,1,1,1,1,4),(0.,0.103000416310753,0.112602086818186,
0.124997787693312,0.139664577964043,0.156295154557826,0.174680948552335,
0.194668413745219,0.216138395335842,0.238994936075388,0.263158603014357,
0.288562227667102,0.315148041388081,0.342865668217028,0.371670670958546,
0.401523468631774,0.432388511559897,0.464233640246041,0.497029578518293,
0.530749526817626,0.565368831540411,0.600864713071814,0.637216039758934,
0.674403138303366,0.712407633358658,0.75121231079161,0.790801000299535,
0.831158473997035,0.872270358283008,0.91412305683221,0.956703682968573,
0.975050043863418),.UNSPECIFIED.);
#478=B_SPLINE_CURVE_WITH_KNOTS('',3,(#6267,#6268,#6269,#6270,#6271,#6272,
#6273,#6274,#6275,#6276,#6277,#6278,#6279,#6280,#6281,#6282,#6283,#6284,
#6285,#6286,#6287,#6288,#6289,#6290,#6291,#6292,#6293,#6294,#6295,#6296,
#6297,#6298,#6299,#6300),.UNSPECIFIED.,.F.,.F.,(4,1,1,1,1,1,1,1,1,1,1,1,
1,1,1,1,1,1,1,1,1,1,1,1,1,1,1,1,1,1,1,4),(0.,0.103000416310753,0.112602086818186,
0.124997787693312,0.139664577964043,0.156295154557826,0.174680948552335,
0.194668413745219,0.216138395335842,0.238994936075388,0.263158603014357,
0.288562227667102,0.315148041388081,0.342865668217028,0.371670670958546,
0.401523468631774,0.432388511559897,0.464233640246041,0.497029578518293,
0.530749526817626,0.565368831540411,0.600864713071814,0.637216039758934,
0.674403138303366,0.712407633358658,0.75121231079161,0.790801000299535,
0.831158473997035,0.872270358283008,0.91412305683221,0.956703682968573,
0.975050043863418),.UNSPECIFIED.);
#479=B_SPLINE_CURVE_WITH_KNOTS('',3,(#6301,#6302,#6303,#6304,#6305,#6306,
#6307,#6308,#6309,#6310,#6311,#6312,#6313,#6314,#6315,#6316,#6317,#6318,
#6319,#6320,#6321,#6322,#6323,#6324,#6325,#6326,#6327,#6328,#6329,#6330,
#6331,#6332,#6333,#6334),.UNSPECIFIED.,.F.,.F.,(4,1,1,1,1,1,1,1,1,1,1,1,
1,1,1,1,1,1,1,1,1,1,1,1,1,1,1,1,1,1,1,4),(0.,0.103000416310753,0.112602086818186,
0.124997787693312,0.139664577964043,0.156295154557826,0.174680948552335,
0.194668413745219,0.216138395335842,0.238994936075388,0.263158603014357,
0.288562227667102,0.315148041388081,0.342865668217028,0.371670670958546,
0.401523468631774,0.432388511559897,0.464233640246041,0.497029578518293,
0.530749526817626,0.565368831540411,0.600864713071814,0.637216039758934,
0.674403138303366,0.712407633358658,0.75121231079161,0.790801000299535,
0.831158473997035,0.872270358283008,0.91412305683221,0.956703682968573,
0.975050043863418),.UNSPECIFIED.);
#480=B_SPLINE_CURVE_WITH_KNOTS('',3,(#6342,#6343,#6344,#6345,#6346,#6347,
#6348,#6349,#6350,#6351,#6352,#6353,#6354,#6355,#6356,#6357,#6358,#6359,
#6360,#6361,#6362,#6363,#6364,#6365,#6366,#6367,#6368,#6369,#6370,#6371,
#6372,#6373,#6374,#6375),.UNSPECIFIED.,.F.,.F.,(4,1,1,1,1,1,1,1,1,1,1,1,
1,1,1,1,1,1,1,1,1,1,1,1,1,1,1,1,1,1,1,4),(0.,0.103000416310753,0.112602086818186,
0.124997787693312,0.139664577964043,0.156295154557826,0.174680948552335,
0.194668413745219,0.216138395335842,0.238994936075388,0.263158603014357,
0.288562227667102,0.315148041388081,0.342865668217028,0.371670670958546,
0.401523468631774,0.432388511559897,0.464233640246041,0.497029578518293,
0.530749526817626,0.565368831540411,0.600864713071814,0.637216039758934,
0.674403138303366,0.712407633358658,0.75121231079161,0.790801000299535,
0.831158473997035,0.872270358283008,0.91412305683221,0.956703682968573,
0.975050043863418),.UNSPECIFIED.);
#481=B_SPLINE_CURVE_WITH_KNOTS('',3,(#6376,#6377,#6378,#6379,#6380,#6381,
#6382,#6383,#6384,#6385,#6386,#6387,#6388,#6389,#6390,#6391,#6392,#6393,
#6394,#6395,#6396,#6397,#6398,#6399,#6400,#6401,#6402,#6403,#6404,#6405,
#6406,#6407,#6408,#6409),.UNSPECIFIED.,.F.,.F.,(4,1,1,1,1,1,1,1,1,1,1,1,
1,1,1,1,1,1,1,1,1,1,1,1,1,1,1,1,1,1,1,4),(0.,0.103000416310753,0.112602086818186,
0.124997787693312,0.139664577964043,0.156295154557826,0.174680948552335,
0.194668413745219,0.216138395335842,0.238994936075388,0.263158603014357,
0.288562227667102,0.315148041388081,0.342865668217028,0.371670670958546,
0.401523468631774,0.432388511559897,0.464233640246041,0.497029578518293,
0.530749526817626,0.565368831540411,0.600864713071814,0.637216039758934,
0.674403138303366,0.712407633358658,0.75121231079161,0.790801000299535,
0.831158473997035,0.872270358283008,0.91412305683221,0.956703682968573,
0.975050043863418),.UNSPECIFIED.);
#482=B_SPLINE_CURVE_WITH_KNOTS('',3,(#6417,#6418,#6419,#6420,#6421,#6422,
#6423,#6424,#6425,#6426,#6427,#6428,#6429,#6430,#6431,#6432,#6433,#6434,
#6435,#6436,#6437,#6438,#6439,#6440,#6441,#6442,#6443,#6444,#6445,#6446,
#6447,#6448,#6449,#6450),.UNSPECIFIED.,.F.,.F.,(4,1,1,1,1,1,1,1,1,1,1,1,
1,1,1,1,1,1,1,1,1,1,1,1,1,1,1,1,1,1,1,4),(0.,0.103000416310753,0.112602086818186,
0.124997787693312,0.139664577964043,0.156295154557826,0.174680948552335,
0.194668413745219,0.216138395335842,0.238994936075388,0.263158603014357,
0.288562227667102,0.315148041388081,0.342865668217028,0.371670670958546,
0.401523468631774,0.432388511559897,0.464233640246041,0.497029578518293,
0.530749526817626,0.565368831540411,0.600864713071814,0.637216039758934,
0.674403138303366,0.712407633358658,0.75121231079161,0.790801000299535,
0.831158473997035,0.872270358283008,0.91412305683221,0.956703682968573,
0.975050043863418),.UNSPECIFIED.);
#483=B_SPLINE_CURVE_WITH_KNOTS('',3,(#6451,#6452,#6453,#6454,#6455,#6456,
#6457,#6458,#6459,#6460,#6461,#6462,#6463,#6464,#6465,#6466,#6467,#6468,
#6469,#6470,#6471,#6472,#6473,#6474,#6475,#6476,#6477,#6478,#6479,#6480,
#6481,#6482,#6483,#6484),.UNSPECIFIED.,.F.,.F.,(4,1,1,1,1,1,1,1,1,1,1,1,
1,1,1,1,1,1,1,1,1,1,1,1,1,1,1,1,1,1,1,4),(0.,0.103000416310753,0.112602086818186,
0.124997787693312,0.139664577964043,0.156295154557826,0.174680948552335,
0.194668413745219,0.216138395335842,0.238994936075388,0.263158603014357,
0.288562227667102,0.315148041388081,0.342865668217028,0.371670670958546,
0.401523468631774,0.432388511559897,0.464233640246041,0.497029578518293,
0.530749526817626,0.565368831540411,0.600864713071814,0.637216039758934,
0.674403138303366,0.712407633358658,0.75121231079161,0.790801000299535,
0.831158473997035,0.872270358283008,0.91412305683221,0.956703682968573,
0.975050043863418),.UNSPECIFIED.);
#484=B_SPLINE_CURVE_WITH_KNOTS('',3,(#6492,#6493,#6494,#6495,#6496,#6497,
#6498,#6499,#6500,#6501,#6502,#6503,#6504,#6505,#6506,#6507,#6508,#6509,
#6510,#6511,#6512,#6513,#6514,#6515,#6516,#6517,#6518,#6519,#6520,#6521,
#6522,#6523,#6524,#6525),.UNSPECIFIED.,.F.,.F.,(4,1,1,1,1,1,1,1,1,1,1,1,
1,1,1,1,1,1,1,1,1,1,1,1,1,1,1,1,1,1,1,4),(0.,0.103000416310753,0.112602086818186,
0.124997787693312,0.139664577964043,0.156295154557826,0.174680948552335,
0.194668413745219,0.216138395335842,0.238994936075388,0.263158603014357,
0.288562227667102,0.315148041388081,0.342865668217028,0.371670670958546,
0.401523468631774,0.432388511559897,0.464233640246041,0.497029578518293,
0.530749526817626,0.565368831540411,0.600864713071814,0.637216039758934,
0.674403138303366,0.712407633358658,0.75121231079161,0.790801000299535,
0.831158473997035,0.872270358283008,0.91412305683221,0.956703682968573,
0.975050043863418),.UNSPECIFIED.);
#485=B_SPLINE_CURVE_WITH_KNOTS('',3,(#6526,#6527,#6528,#6529,#6530,#6531,
#6532,#6533,#6534,#6535,#6536,#6537,#6538,#6539,#6540,#6541,#6542,#6543,
#6544,#6545,#6546,#6547,#6548,#6549,#6550,#6551,#6552,#6553,#6554,#6555,
#6556,#6557,#6558,#6559),.UNSPECIFIED.,.F.,.F.,(4,1,1,1,1,1,1,1,1,1,1,1,
1,1,1,1,1,1,1,1,1,1,1,1,1,1,1,1,1,1,1,4),(0.,0.103000416310753,0.112602086818186,
0.124997787693312,0.139664577964043,0.156295154557826,0.174680948552335,
0.194668413745219,0.216138395335842,0.238994936075388,0.263158603014357,
0.288562227667102,0.315148041388081,0.342865668217028,0.371670670958546,
0.401523468631774,0.432388511559897,0.464233640246041,0.497029578518293,
0.530749526817626,0.565368831540411,0.600864713071814,0.637216039758934,
0.674403138303366,0.712407633358658,0.75121231079161,0.790801000299535,
0.831158473997035,0.872270358283008,0.91412305683221,0.956703682968573,
0.975050043863418),.UNSPECIFIED.);
#486=B_SPLINE_CURVE_WITH_KNOTS('',3,(#6567,#6568,#6569,#6570,#6571,#6572,
#6573,#6574,#6575,#6576,#6577,#6578,#6579,#6580,#6581,#6582,#6583,#6584,
#6585,#6586,#6587,#6588,#6589,#6590,#6591,#6592,#6593,#6594,#6595,#6596,
#6597,#6598,#6599,#6600),.UNSPECIFIED.,.F.,.F.,(4,1,1,1,1,1,1,1,1,1,1,1,
1,1,1,1,1,1,1,1,1,1,1,1,1,1,1,1,1,1,1,4),(0.,0.103000416310753,0.112602086818186,
0.124997787693312,0.139664577964043,0.156295154557826,0.174680948552335,
0.194668413745219,0.216138395335842,0.238994936075388,0.263158603014357,
0.288562227667102,0.315148041388081,0.342865668217028,0.371670670958546,
0.401523468631774,0.432388511559897,0.464233640246041,0.497029578518293,
0.530749526817626,0.565368831540411,0.600864713071814,0.637216039758934,
0.674403138303366,0.712407633358658,0.75121231079161,0.790801000299535,
0.831158473997035,0.872270358283008,0.91412305683221,0.956703682968573,
0.975050043863418),.UNSPECIFIED.);
#487=B_SPLINE_CURVE_WITH_KNOTS('',3,(#6601,#6602,#6603,#6604,#6605,#6606,
#6607,#6608,#6609,#6610,#6611,#6612,#6613,#6614,#6615,#6616,#6617,#6618,
#6619,#6620,#6621,#6622,#6623,#6624,#6625,#6626,#6627,#6628,#6629,#6630,
#6631,#6632,#6633,#6634),.UNSPECIFIED.,.F.,.F.,(4,1,1,1,1,1,1,1,1,1,1,1,
1,1,1,1,1,1,1,1,1,1,1,1,1,1,1,1,1,1,1,4),(0.,0.103000416310753,0.112602086818186,
0.124997787693312,0.139664577964043,0.156295154557826,0.174680948552335,
0.194668413745219,0.216138395335842,0.238994936075388,0.263158603014357,
0.288562227667102,0.315148041388081,0.342865668217028,0.371670670958546,
0.401523468631774,0.432388511559897,0.464233640246041,0.497029578518293,
0.530749526817626,0.565368831540411,0.600864713071814,0.637216039758934,
0.674403138303366,0.712407633358658,0.75121231079161,0.790801000299535,
0.831158473997035,0.872270358283008,0.91412305683221,0.956703682968573,
0.975050043863418),.UNSPECIFIED.);
#488=ORIENTED_EDGE('',*,*,#1262,.F.);
#489=ORIENTED_EDGE('',*,*,#1263,.T.);
#490=ORIENTED_EDGE('',*,*,#1264,.F.);
#491=ORIENTED_EDGE('',*,*,#1265,.F.);
#492=ORIENTED_EDGE('',*,*,#1266,.F.);
#493=ORIENTED_EDGE('',*,*,#1267,.F.);
#494=ORIENTED_EDGE('',*,*,#1268,.F.);
#495=ORIENTED_EDGE('',*,*,#1269,.T.);
#496=ORIENTED_EDGE('',*,*,#1270,.F.);
#497=ORIENTED_EDGE('',*,*,#1271,.F.);
#498=ORIENTED_EDGE('',*,*,#1272,.F.);
#499=ORIENTED_EDGE('',*,*,#1273,.F.);
#500=ORIENTED_EDGE('',*,*,#1274,.F.);
#501=ORIENTED_EDGE('',*,*,#1275,.T.);
#502=ORIENTED_EDGE('',*,*,#1276,.F.);
#503=ORIENTED_EDGE('',*,*,#1277,.F.);
#504=ORIENTED_EDGE('',*,*,#1278,.F.);
#505=ORIENTED_EDGE('',*,*,#1279,.F.);
#506=ORIENTED_EDGE('',*,*,#1280,.F.);
#507=ORIENTED_EDGE('',*,*,#1281,.T.);
#508=ORIENTED_EDGE('',*,*,#1282,.F.);
#509=ORIENTED_EDGE('',*,*,#1283,.F.);
#510=ORIENTED_EDGE('',*,*,#1284,.F.);
#511=ORIENTED_EDGE('',*,*,#1285,.F.);
#512=ORIENTED_EDGE('',*,*,#1286,.F.);
#513=ORIENTED_EDGE('',*,*,#1287,.T.);
#514=ORIENTED_EDGE('',*,*,#1288,.F.);
#515=ORIENTED_EDGE('',*,*,#1289,.F.);
#516=ORIENTED_EDGE('',*,*,#1290,.F.);
#517=ORIENTED_EDGE('',*,*,#1291,.F.);
#518=ORIENTED_EDGE('',*,*,#1292,.F.);
#519=ORIENTED_EDGE('',*,*,#1293,.T.);
#520=ORIENTED_EDGE('',*,*,#1294,.F.);
#521=ORIENTED_EDGE('',*,*,#1295,.F.);
#522=ORIENTED_EDGE('',*,*,#1296,.F.);
#523=ORIENTED_EDGE('',*,*,#1297,.F.);
#524=ORIENTED_EDGE('',*,*,#1298,.F.);
#525=ORIENTED_EDGE('',*,*,#1299,.T.);
#526=ORIENTED_EDGE('',*,*,#1300,.F.);
#527=ORIENTED_EDGE('',*,*,#1301,.F.);
#528=ORIENTED_EDGE('',*,*,#1302,.F.);
#529=ORIENTED_EDGE('',*,*,#1303,.F.);
#530=ORIENTED_EDGE('',*,*,#1304,.F.);
#531=ORIENTED_EDGE('',*,*,#1305,.T.);
#532=ORIENTED_EDGE('',*,*,#1306,.F.);
#533=ORIENTED_EDGE('',*,*,#1307,.F.);
#534=ORIENTED_EDGE('',*,*,#1308,.F.);
#535=ORIENTED_EDGE('',*,*,#1309,.F.);
#536=ORIENTED_EDGE('',*,*,#1310,.F.);
#537=ORIENTED_EDGE('',*,*,#1311,.T.);
#538=ORIENTED_EDGE('',*,*,#1312,.F.);
#539=ORIENTED_EDGE('',*,*,#1313,.F.);
#540=ORIENTED_EDGE('',*,*,#1314,.F.);
#541=ORIENTED_EDGE('',*,*,#1315,.F.);
#542=ORIENTED_EDGE('',*,*,#1316,.F.);
#543=ORIENTED_EDGE('',*,*,#1317,.T.);
#544=ORIENTED_EDGE('',*,*,#1318,.F.);
#545=ORIENTED_EDGE('',*,*,#1319,.F.);
#546=ORIENTED_EDGE('',*,*,#1320,.F.);
#547=ORIENTED_EDGE('',*,*,#1321,.F.);
#548=ORIENTED_EDGE('',*,*,#1322,.F.);
#549=ORIENTED_EDGE('',*,*,#1323,.T.);
#550=ORIENTED_EDGE('',*,*,#1324,.F.);
#551=ORIENTED_EDGE('',*,*,#1325,.F.);
#552=ORIENTED_EDGE('',*,*,#1326,.F.);
#553=ORIENTED_EDGE('',*,*,#1327,.F.);
#554=ORIENTED_EDGE('',*,*,#1328,.F.);
#555=ORIENTED_EDGE('',*,*,#1329,.T.);
#556=ORIENTED_EDGE('',*,*,#1330,.F.);
#557=ORIENTED_EDGE('',*,*,#1331,.F.);
#558=ORIENTED_EDGE('',*,*,#1332,.F.);
#559=ORIENTED_EDGE('',*,*,#1333,.F.);
#560=ORIENTED_EDGE('',*,*,#1334,.F.);
#561=ORIENTED_EDGE('',*,*,#1335,.T.);
#562=ORIENTED_EDGE('',*,*,#1336,.F.);
#563=ORIENTED_EDGE('',*,*,#1337,.F.);
#564=ORIENTED_EDGE('',*,*,#1338,.F.);
#565=ORIENTED_EDGE('',*,*,#1339,.F.);
#566=ORIENTED_EDGE('',*,*,#1340,.F.);
#567=ORIENTED_EDGE('',*,*,#1341,.T.);
#568=ORIENTED_EDGE('',*,*,#1342,.F.);
#569=ORIENTED_EDGE('',*,*,#1343,.F.);
#570=ORIENTED_EDGE('',*,*,#1344,.F.);
#571=ORIENTED_EDGE('',*,*,#1345,.F.);
#572=ORIENTED_EDGE('',*,*,#1346,.F.);
#573=ORIENTED_EDGE('',*,*,#1347,.T.);
#574=ORIENTED_EDGE('',*,*,#1348,.F.);
#575=ORIENTED_EDGE('',*,*,#1349,.F.);
#576=ORIENTED_EDGE('',*,*,#1350,.F.);
#577=ORIENTED_EDGE('',*,*,#1351,.F.);
#578=ORIENTED_EDGE('',*,*,#1352,.F.);
#579=ORIENTED_EDGE('',*,*,#1353,.T.);
#580=ORIENTED_EDGE('',*,*,#1354,.F.);
#581=ORIENTED_EDGE('',*,*,#1355,.F.);
#582=ORIENTED_EDGE('',*,*,#1356,.F.);
#583=ORIENTED_EDGE('',*,*,#1357,.F.);
#584=ORIENTED_EDGE('',*,*,#1358,.F.);
#585=ORIENTED_EDGE('',*,*,#1359,.T.);
#586=ORIENTED_EDGE('',*,*,#1360,.F.);
#587=ORIENTED_EDGE('',*,*,#1361,.F.);
#588=ORIENTED_EDGE('',*,*,#1362,.F.);
#589=ORIENTED_EDGE('',*,*,#1363,.F.);
#590=ORIENTED_EDGE('',*,*,#1364,.F.);
#591=ORIENTED_EDGE('',*,*,#1365,.T.);
#592=ORIENTED_EDGE('',*,*,#1366,.F.);
#593=ORIENTED_EDGE('',*,*,#1367,.F.);
#594=ORIENTED_EDGE('',*,*,#1368,.F.);
#595=ORIENTED_EDGE('',*,*,#1369,.F.);
#596=ORIENTED_EDGE('',*,*,#1370,.F.);
#597=ORIENTED_EDGE('',*,*,#1371,.T.);
#598=ORIENTED_EDGE('',*,*,#1372,.F.);
#599=ORIENTED_EDGE('',*,*,#1373,.F.);
#600=ORIENTED_EDGE('',*,*,#1374,.F.);
#601=ORIENTED_EDGE('',*,*,#1375,.F.);
#602=ORIENTED_EDGE('',*,*,#1376,.F.);
#603=ORIENTED_EDGE('',*,*,#1377,.T.);
#604=ORIENTED_EDGE('',*,*,#1378,.F.);
#605=ORIENTED_EDGE('',*,*,#1379,.F.);
#606=ORIENTED_EDGE('',*,*,#1380,.F.);
#607=ORIENTED_EDGE('',*,*,#1381,.F.);
#608=ORIENTED_EDGE('',*,*,#1382,.F.);
#609=ORIENTED_EDGE('',*,*,#1383,.T.);
#610=ORIENTED_EDGE('',*,*,#1384,.F.);
#611=ORIENTED_EDGE('',*,*,#1385,.F.);
#612=ORIENTED_EDGE('',*,*,#1386,.F.);
#613=ORIENTED_EDGE('',*,*,#1387,.T.);
#614=ORIENTED_EDGE('',*,*,#1388,.F.);
#615=ORIENTED_EDGE('',*,*,#1389,.F.);
#616=ORIENTED_EDGE('',*,*,#1264,.T.);
#617=ORIENTED_EDGE('',*,*,#1390,.T.);
#618=ORIENTED_EDGE('',*,*,#1391,.F.);
#619=ORIENTED_EDGE('',*,*,#1392,.F.);
#620=ORIENTED_EDGE('',*,*,#1393,.F.);
#621=ORIENTED_EDGE('',*,*,#1378,.T.);
#622=ORIENTED_EDGE('',*,*,#1394,.T.);
#623=ORIENTED_EDGE('',*,*,#1395,.F.);
#624=ORIENTED_EDGE('',*,*,#1396,.F.);
#625=ORIENTED_EDGE('',*,*,#1372,.T.);
#626=ORIENTED_EDGE('',*,*,#1397,.T.);
#627=ORIENTED_EDGE('',*,*,#1398,.F.);
#628=ORIENTED_EDGE('',*,*,#1399,.F.);
#629=ORIENTED_EDGE('',*,*,#1366,.T.);
#630=ORIENTED_EDGE('',*,*,#1400,.T.);
#631=ORIENTED_EDGE('',*,*,#1401,.F.);
#632=ORIENTED_EDGE('',*,*,#1402,.F.);
#633=ORIENTED_EDGE('',*,*,#1360,.T.);
#634=ORIENTED_EDGE('',*,*,#1403,.T.);
#635=ORIENTED_EDGE('',*,*,#1404,.F.);
#636=ORIENTED_EDGE('',*,*,#1405,.F.);
#637=ORIENTED_EDGE('',*,*,#1354,.T.);
#638=ORIENTED_EDGE('',*,*,#1406,.T.);
#639=ORIENTED_EDGE('',*,*,#1407,.F.);
#640=ORIENTED_EDGE('',*,*,#1408,.F.);
#641=ORIENTED_EDGE('',*,*,#1348,.T.);
#642=ORIENTED_EDGE('',*,*,#1409,.T.);
#643=ORIENTED_EDGE('',*,*,#1410,.F.);
#644=ORIENTED_EDGE('',*,*,#1411,.F.);
#645=ORIENTED_EDGE('',*,*,#1342,.T.);
#646=ORIENTED_EDGE('',*,*,#1412,.T.);
#647=ORIENTED_EDGE('',*,*,#1413,.F.);
#648=ORIENTED_EDGE('',*,*,#1276,.T.);
#649=ORIENTED_EDGE('',*,*,#1414,.T.);
#650=ORIENTED_EDGE('',*,*,#1415,.F.);
#651=ORIENTED_EDGE('',*,*,#1416,.F.);
#652=ORIENTED_EDGE('',*,*,#1417,.F.);
#653=ORIENTED_EDGE('',*,*,#1270,.T.);
#654=ORIENTED_EDGE('',*,*,#1418,.T.);
#655=ORIENTED_EDGE('',*,*,#1419,.F.);
#656=ORIENTED_EDGE('',*,*,#1282,.T.);
#657=ORIENTED_EDGE('',*,*,#1420,.T.);
#658=ORIENTED_EDGE('',*,*,#1421,.F.);
#659=ORIENTED_EDGE('',*,*,#1422,.F.);
#660=ORIENTED_EDGE('',*,*,#1288,.T.);
#661=ORIENTED_EDGE('',*,*,#1423,.T.);
#662=ORIENTED_EDGE('',*,*,#1424,.F.);
#663=ORIENTED_EDGE('',*,*,#1425,.F.);
#664=ORIENTED_EDGE('',*,*,#1312,.T.);
#665=ORIENTED_EDGE('',*,*,#1426,.T.);
#666=ORIENTED_EDGE('',*,*,#1427,.F.);
#667=ORIENTED_EDGE('',*,*,#1428,.F.);
#668=ORIENTED_EDGE('',*,*,#1429,.F.);
#669=ORIENTED_EDGE('',*,*,#1306,.T.);
#670=ORIENTED_EDGE('',*,*,#1430,.T.);
#671=ORIENTED_EDGE('',*,*,#1431,.F.);
#672=ORIENTED_EDGE('',*,*,#1432,.F.);
#673=ORIENTED_EDGE('',*,*,#1300,.T.);
#674=ORIENTED_EDGE('',*,*,#1433,.T.);
#675=ORIENTED_EDGE('',*,*,#1434,.F.);
#676=ORIENTED_EDGE('',*,*,#1435,.F.);
#677=ORIENTED_EDGE('',*,*,#1294,.T.);
#678=ORIENTED_EDGE('',*,*,#1436,.T.);
#679=ORIENTED_EDGE('',*,*,#1437,.F.);
#680=ORIENTED_EDGE('',*,*,#1330,.T.);
#681=ORIENTED_EDGE('',*,*,#1438,.T.);
#682=ORIENTED_EDGE('',*,*,#1439,.F.);
#683=ORIENTED_EDGE('',*,*,#1440,.F.);
#684=ORIENTED_EDGE('',*,*,#1441,.F.);
#685=ORIENTED_EDGE('',*,*,#1336,.T.);
#686=ORIENTED_EDGE('',*,*,#1442,.T.);
#687=ORIENTED_EDGE('',*,*,#1443,.F.);
#688=ORIENTED_EDGE('',*,*,#1444,.F.);
#689=ORIENTED_EDGE('',*,*,#1324,.T.);
#690=ORIENTED_EDGE('',*,*,#1445,.T.);
#691=ORIENTED_EDGE('',*,*,#1446,.F.);
#692=ORIENTED_EDGE('',*,*,#1447,.F.);
#693=ORIENTED_EDGE('',*,*,#1318,.T.);
#694=ORIENTED_EDGE('',*,*,#1448,.T.);
#695=ORIENTED_EDGE('',*,*,#1449,.F.);
#696=ORIENTED_EDGE('',*,*,#1450,.F.);
#697=ORIENTED_EDGE('',*,*,#1451,.T.);
#698=ORIENTED_EDGE('',*,*,#1395,.T.);
#699=ORIENTED_EDGE('',*,*,#1452,.F.);
#700=ORIENTED_EDGE('',*,*,#1453,.F.);
#701=ORIENTED_EDGE('',*,*,#1454,.T.);
#702=ORIENTED_EDGE('',*,*,#1455,.F.);
#703=ORIENTED_EDGE('',*,*,#1456,.T.);
#704=ORIENTED_EDGE('',*,*,#1398,.T.);
#705=ORIENTED_EDGE('',*,*,#1457,.F.);
#706=ORIENTED_EDGE('',*,*,#1458,.F.);
#707=ORIENTED_EDGE('',*,*,#1459,.T.);
#708=ORIENTED_EDGE('',*,*,#1460,.F.);
#709=ORIENTED_EDGE('',*,*,#1461,.T.);
#710=ORIENTED_EDGE('',*,*,#1401,.T.);
#711=ORIENTED_EDGE('',*,*,#1462,.F.);
#712=ORIENTED_EDGE('',*,*,#1463,.F.);
#713=ORIENTED_EDGE('',*,*,#1464,.T.);
#714=ORIENTED_EDGE('',*,*,#1465,.F.);
#715=ORIENTED_EDGE('',*,*,#1466,.T.);
#716=ORIENTED_EDGE('',*,*,#1404,.T.);
#717=ORIENTED_EDGE('',*,*,#1467,.F.);
#718=ORIENTED_EDGE('',*,*,#1468,.F.);
#719=ORIENTED_EDGE('',*,*,#1469,.T.);
#720=ORIENTED_EDGE('',*,*,#1470,.F.);
#721=ORIENTED_EDGE('',*,*,#1471,.T.);
#722=ORIENTED_EDGE('',*,*,#1407,.T.);
#723=ORIENTED_EDGE('',*,*,#1472,.F.);
#724=ORIENTED_EDGE('',*,*,#1473,.F.);
#725=ORIENTED_EDGE('',*,*,#1474,.T.);
#726=ORIENTED_EDGE('',*,*,#1475,.F.);
#727=ORIENTED_EDGE('',*,*,#1476,.T.);
#728=ORIENTED_EDGE('',*,*,#1410,.T.);
#729=ORIENTED_EDGE('',*,*,#1477,.F.);
#730=ORIENTED_EDGE('',*,*,#1478,.F.);
#731=ORIENTED_EDGE('',*,*,#1479,.T.);
#732=ORIENTED_EDGE('',*,*,#1480,.F.);
#733=ORIENTED_EDGE('',*,*,#1481,.T.);
#734=ORIENTED_EDGE('',*,*,#1413,.T.);
#735=ORIENTED_EDGE('',*,*,#1482,.F.);
#736=ORIENTED_EDGE('',*,*,#1483,.F.);
#737=ORIENTED_EDGE('',*,*,#1484,.T.);
#738=ORIENTED_EDGE('',*,*,#1485,.F.);
#739=ORIENTED_EDGE('',*,*,#1486,.T.);
#740=ORIENTED_EDGE('',*,*,#1443,.T.);
#741=ORIENTED_EDGE('',*,*,#1487,.F.);
#742=ORIENTED_EDGE('',*,*,#1488,.F.);
#743=ORIENTED_EDGE('',*,*,#1489,.T.);
#744=ORIENTED_EDGE('',*,*,#1490,.F.);
#745=ORIENTED_EDGE('',*,*,#1491,.T.);
#746=ORIENTED_EDGE('',*,*,#1439,.T.);
#747=ORIENTED_EDGE('',*,*,#1492,.F.);
#748=ORIENTED_EDGE('',*,*,#1493,.F.);
#749=ORIENTED_EDGE('',*,*,#1494,.T.);
#750=ORIENTED_EDGE('',*,*,#1495,.F.);
#751=ORIENTED_EDGE('',*,*,#1496,.T.);
#752=ORIENTED_EDGE('',*,*,#1446,.T.);
#753=ORIENTED_EDGE('',*,*,#1497,.F.);
#754=ORIENTED_EDGE('',*,*,#1498,.F.);
#755=ORIENTED_EDGE('',*,*,#1499,.T.);
#756=ORIENTED_EDGE('',*,*,#1500,.F.);
#757=ORIENTED_EDGE('',*,*,#1501,.T.);
#758=ORIENTED_EDGE('',*,*,#1449,.T.);
#759=ORIENTED_EDGE('',*,*,#1502,.F.);
#760=ORIENTED_EDGE('',*,*,#1503,.F.);
#761=ORIENTED_EDGE('',*,*,#1504,.T.);
#762=ORIENTED_EDGE('',*,*,#1505,.F.);
#763=ORIENTED_EDGE('',*,*,#1506,.T.);
#764=ORIENTED_EDGE('',*,*,#1427,.T.);
#765=ORIENTED_EDGE('',*,*,#1507,.F.);
#766=ORIENTED_EDGE('',*,*,#1508,.F.);
#767=ORIENTED_EDGE('',*,*,#1509,.T.);
#768=ORIENTED_EDGE('',*,*,#1510,.F.);
#769=ORIENTED_EDGE('',*,*,#1511,.T.);
#770=ORIENTED_EDGE('',*,*,#1431,.T.);
#771=ORIENTED_EDGE('',*,*,#1512,.F.);
#772=ORIENTED_EDGE('',*,*,#1513,.F.);
#773=ORIENTED_EDGE('',*,*,#1514,.T.);
#774=ORIENTED_EDGE('',*,*,#1515,.F.);
#775=ORIENTED_EDGE('',*,*,#1516,.T.);
#776=ORIENTED_EDGE('',*,*,#1434,.T.);
#777=ORIENTED_EDGE('',*,*,#1517,.F.);
#778=ORIENTED_EDGE('',*,*,#1518,.F.);
#779=ORIENTED_EDGE('',*,*,#1519,.T.);
#780=ORIENTED_EDGE('',*,*,#1520,.F.);
#781=ORIENTED_EDGE('',*,*,#1521,.T.);
#782=ORIENTED_EDGE('',*,*,#1437,.T.);
#783=ORIENTED_EDGE('',*,*,#1522,.F.);
#784=ORIENTED_EDGE('',*,*,#1523,.F.);
#785=ORIENTED_EDGE('',*,*,#1524,.T.);
#786=ORIENTED_EDGE('',*,*,#1525,.F.);
#787=ORIENTED_EDGE('',*,*,#1526,.T.);
#788=ORIENTED_EDGE('',*,*,#1424,.T.);
#789=ORIENTED_EDGE('',*,*,#1527,.F.);
#790=ORIENTED_EDGE('',*,*,#1528,.F.);
#791=ORIENTED_EDGE('',*,*,#1529,.T.);
#792=ORIENTED_EDGE('',*,*,#1530,.F.);
#793=ORIENTED_EDGE('',*,*,#1531,.T.);
#794=ORIENTED_EDGE('',*,*,#1421,.T.);
#795=ORIENTED_EDGE('',*,*,#1532,.F.);
#796=ORIENTED_EDGE('',*,*,#1533,.F.);
#797=ORIENTED_EDGE('',*,*,#1534,.T.);
#798=ORIENTED_EDGE('',*,*,#1535,.F.);
#799=ORIENTED_EDGE('',*,*,#1536,.T.);
#800=ORIENTED_EDGE('',*,*,#1415,.T.);
#801=ORIENTED_EDGE('',*,*,#1537,.F.);
#802=ORIENTED_EDGE('',*,*,#1538,.F.);
#803=ORIENTED_EDGE('',*,*,#1539,.T.);
#804=ORIENTED_EDGE('',*,*,#1540,.F.);
#805=ORIENTED_EDGE('',*,*,#1541,.T.);
#806=ORIENTED_EDGE('',*,*,#1419,.T.);
#807=ORIENTED_EDGE('',*,*,#1542,.F.);
#808=ORIENTED_EDGE('',*,*,#1543,.F.);
#809=ORIENTED_EDGE('',*,*,#1544,.T.);
#810=ORIENTED_EDGE('',*,*,#1545,.F.);
#811=ORIENTED_EDGE('',*,*,#1546,.T.);
#812=ORIENTED_EDGE('',*,*,#1391,.T.);
#813=ORIENTED_EDGE('',*,*,#1547,.F.);
#814=ORIENTED_EDGE('',*,*,#1548,.F.);
#815=ORIENTED_EDGE('',*,*,#1549,.T.);
#816=ORIENTED_EDGE('',*,*,#1550,.F.);
#817=ORIENTED_EDGE('',*,*,#1551,.T.);
#818=ORIENTED_EDGE('',*,*,#1383,.F.);
#819=ORIENTED_EDGE('',*,*,#1552,.F.);
#820=ORIENTED_EDGE('',*,*,#1553,.F.);
#821=ORIENTED_EDGE('',*,*,#1554,.T.);
#822=ORIENTED_EDGE('',*,*,#1387,.F.);
#823=ORIENTED_EDGE('',*,*,#1555,.F.);
#824=ORIENTED_EDGE('',*,*,#1556,.F.);
#825=ORIENTED_EDGE('',*,*,#1557,.T.);
#826=ORIENTED_EDGE('',*,*,#1502,.T.);
#827=ORIENTED_EDGE('',*,*,#1448,.F.);
#828=ORIENTED_EDGE('',*,*,#1317,.F.);
#829=ORIENTED_EDGE('',*,*,#1558,.F.);
#830=ORIENTED_EDGE('',*,*,#1313,.T.);
#831=ORIENTED_EDGE('',*,*,#1428,.T.);
#832=ORIENTED_EDGE('',*,*,#1506,.F.);
#833=ORIENTED_EDGE('',*,*,#1559,.F.);
#834=ORIENTED_EDGE('',*,*,#1315,.T.);
#835=ORIENTED_EDGE('',*,*,#1560,.F.);
#836=ORIENTED_EDGE('',*,*,#1504,.F.);
#837=ORIENTED_EDGE('',*,*,#1561,.F.);
#838=ORIENTED_EDGE('',*,*,#1316,.T.);
#839=ORIENTED_EDGE('',*,*,#1561,.T.);
#840=ORIENTED_EDGE('',*,*,#1503,.T.);
#841=ORIENTED_EDGE('',*,*,#1558,.T.);
#842=ORIENTED_EDGE('',*,*,#1314,.T.);
#843=ORIENTED_EDGE('',*,*,#1559,.T.);
#844=ORIENTED_EDGE('',*,*,#1505,.T.);
#845=ORIENTED_EDGE('',*,*,#1560,.T.);
#846=ORIENTED_EDGE('',*,*,#1497,.T.);
#847=ORIENTED_EDGE('',*,*,#1445,.F.);
#848=ORIENTED_EDGE('',*,*,#1323,.F.);
#849=ORIENTED_EDGE('',*,*,#1562,.F.);
#850=ORIENTED_EDGE('',*,*,#1319,.T.);
#851=ORIENTED_EDGE('',*,*,#1447,.T.);
#852=ORIENTED_EDGE('',*,*,#1501,.F.);
#853=ORIENTED_EDGE('',*,*,#1563,.F.);
#854=ORIENTED_EDGE('',*,*,#1321,.T.);
#855=ORIENTED_EDGE('',*,*,#1564,.F.);
#856=ORIENTED_EDGE('',*,*,#1499,.F.);
#857=ORIENTED_EDGE('',*,*,#1565,.F.);
#858=ORIENTED_EDGE('',*,*,#1322,.T.);
#859=ORIENTED_EDGE('',*,*,#1565,.T.);
#860=ORIENTED_EDGE('',*,*,#1498,.T.);
#861=ORIENTED_EDGE('',*,*,#1562,.T.);
#862=ORIENTED_EDGE('',*,*,#1320,.T.);
#863=ORIENTED_EDGE('',*,*,#1563,.T.);
#864=ORIENTED_EDGE('',*,*,#1500,.T.);
#865=ORIENTED_EDGE('',*,*,#1564,.T.);
#866=ORIENTED_EDGE('',*,*,#1487,.T.);
#867=ORIENTED_EDGE('',*,*,#1442,.F.);
#868=ORIENTED_EDGE('',*,*,#1335,.F.);
#869=ORIENTED_EDGE('',*,*,#1566,.F.);
#870=ORIENTED_EDGE('',*,*,#1331,.T.);
#871=ORIENTED_EDGE('',*,*,#1440,.T.);
#872=ORIENTED_EDGE('',*,*,#1491,.F.);
#873=ORIENTED_EDGE('',*,*,#1567,.F.);
#874=ORIENTED_EDGE('',*,*,#1333,.T.);
#875=ORIENTED_EDGE('',*,*,#1568,.F.);
#876=ORIENTED_EDGE('',*,*,#1489,.F.);
#877=ORIENTED_EDGE('',*,*,#1569,.F.);
#878=ORIENTED_EDGE('',*,*,#1334,.T.);
#879=ORIENTED_EDGE('',*,*,#1569,.T.);
#880=ORIENTED_EDGE('',*,*,#1488,.T.);
#881=ORIENTED_EDGE('',*,*,#1566,.T.);
#882=ORIENTED_EDGE('',*,*,#1332,.T.);
#883=ORIENTED_EDGE('',*,*,#1567,.T.);
#884=ORIENTED_EDGE('',*,*,#1490,.T.);
#885=ORIENTED_EDGE('',*,*,#1568,.T.);
#886=ORIENTED_EDGE('',*,*,#1492,.T.);
#887=ORIENTED_EDGE('',*,*,#1438,.F.);
#888=ORIENTED_EDGE('',*,*,#1329,.F.);
#889=ORIENTED_EDGE('',*,*,#1570,.F.);
#890=ORIENTED_EDGE('',*,*,#1325,.T.);
#891=ORIENTED_EDGE('',*,*,#1444,.T.);
#892=ORIENTED_EDGE('',*,*,#1496,.F.);
#893=ORIENTED_EDGE('',*,*,#1571,.F.);
#894=ORIENTED_EDGE('',*,*,#1327,.T.);
#895=ORIENTED_EDGE('',*,*,#1572,.F.);
#896=ORIENTED_EDGE('',*,*,#1494,.F.);
#897=ORIENTED_EDGE('',*,*,#1573,.F.);
#898=ORIENTED_EDGE('',*,*,#1328,.T.);
#899=ORIENTED_EDGE('',*,*,#1573,.T.);
#900=ORIENTED_EDGE('',*,*,#1493,.T.);
#901=ORIENTED_EDGE('',*,*,#1570,.T.);
#902=ORIENTED_EDGE('',*,*,#1326,.T.);
#903=ORIENTED_EDGE('',*,*,#1571,.T.);
#904=ORIENTED_EDGE('',*,*,#1495,.T.);
#905=ORIENTED_EDGE('',*,*,#1572,.T.);
#906=ORIENTED_EDGE('',*,*,#1522,.T.);
#907=ORIENTED_EDGE('',*,*,#1436,.F.);
#908=ORIENTED_EDGE('',*,*,#1293,.F.);
#909=ORIENTED_EDGE('',*,*,#1574,.F.);
#910=ORIENTED_EDGE('',*,*,#1289,.T.);
#911=ORIENTED_EDGE('',*,*,#1425,.T.);
#912=ORIENTED_EDGE('',*,*,#1526,.F.);
#913=ORIENTED_EDGE('',*,*,#1575,.F.);
#914=ORIENTED_EDGE('',*,*,#1291,.T.);
#915=ORIENTED_EDGE('',*,*,#1576,.F.);
#916=ORIENTED_EDGE('',*,*,#1524,.F.);
#917=ORIENTED_EDGE('',*,*,#1577,.F.);
#918=ORIENTED_EDGE('',*,*,#1292,.T.);
#919=ORIENTED_EDGE('',*,*,#1577,.T.);
#920=ORIENTED_EDGE('',*,*,#1523,.T.);
#921=ORIENTED_EDGE('',*,*,#1574,.T.);
#922=ORIENTED_EDGE('',*,*,#1290,.T.);
#923=ORIENTED_EDGE('',*,*,#1575,.T.);
#924=ORIENTED_EDGE('',*,*,#1525,.T.);
#925=ORIENTED_EDGE('',*,*,#1576,.T.);
#926=ORIENTED_EDGE('',*,*,#1517,.T.);
#927=ORIENTED_EDGE('',*,*,#1433,.F.);
#928=ORIENTED_EDGE('',*,*,#1299,.F.);
#929=ORIENTED_EDGE('',*,*,#1578,.F.);
#930=ORIENTED_EDGE('',*,*,#1295,.T.);
#931=ORIENTED_EDGE('',*,*,#1435,.T.);
#932=ORIENTED_EDGE('',*,*,#1521,.F.);
#933=ORIENTED_EDGE('',*,*,#1579,.F.);
#934=ORIENTED_EDGE('',*,*,#1297,.T.);
#935=ORIENTED_EDGE('',*,*,#1580,.F.);
#936=ORIENTED_EDGE('',*,*,#1519,.F.);
#937=ORIENTED_EDGE('',*,*,#1581,.F.);
#938=ORIENTED_EDGE('',*,*,#1298,.T.);
#939=ORIENTED_EDGE('',*,*,#1581,.T.);
#940=ORIENTED_EDGE('',*,*,#1518,.T.);
#941=ORIENTED_EDGE('',*,*,#1578,.T.);
#942=ORIENTED_EDGE('',*,*,#1296,.T.);
#943=ORIENTED_EDGE('',*,*,#1579,.T.);
#944=ORIENTED_EDGE('',*,*,#1520,.T.);
#945=ORIENTED_EDGE('',*,*,#1580,.T.);
#946=ORIENTED_EDGE('',*,*,#1512,.T.);
#947=ORIENTED_EDGE('',*,*,#1430,.F.);
#948=ORIENTED_EDGE('',*,*,#1305,.F.);
#949=ORIENTED_EDGE('',*,*,#1582,.F.);
#950=ORIENTED_EDGE('',*,*,#1301,.T.);
#951=ORIENTED_EDGE('',*,*,#1432,.T.);
#952=ORIENTED_EDGE('',*,*,#1516,.F.);
#953=ORIENTED_EDGE('',*,*,#1583,.F.);
#954=ORIENTED_EDGE('',*,*,#1303,.T.);
#955=ORIENTED_EDGE('',*,*,#1584,.F.);
#956=ORIENTED_EDGE('',*,*,#1514,.F.);
#957=ORIENTED_EDGE('',*,*,#1585,.F.);
#958=ORIENTED_EDGE('',*,*,#1304,.T.);
#959=ORIENTED_EDGE('',*,*,#1585,.T.);
#960=ORIENTED_EDGE('',*,*,#1513,.T.);
#961=ORIENTED_EDGE('',*,*,#1582,.T.);
#962=ORIENTED_EDGE('',*,*,#1302,.T.);
#963=ORIENTED_EDGE('',*,*,#1583,.T.);
#964=ORIENTED_EDGE('',*,*,#1515,.T.);
#965=ORIENTED_EDGE('',*,*,#1584,.T.);
#966=ORIENTED_EDGE('',*,*,#1507,.T.);
#967=ORIENTED_EDGE('',*,*,#1426,.F.);
#968=ORIENTED_EDGE('',*,*,#1311,.F.);
#969=ORIENTED_EDGE('',*,*,#1586,.F.);
#970=ORIENTED_EDGE('',*,*,#1307,.T.);
#971=ORIENTED_EDGE('',*,*,#1429,.T.);
#972=ORIENTED_EDGE('',*,*,#1511,.F.);
#973=ORIENTED_EDGE('',*,*,#1587,.F.);
#974=ORIENTED_EDGE('',*,*,#1309,.T.);
#975=ORIENTED_EDGE('',*,*,#1588,.F.);
#976=ORIENTED_EDGE('',*,*,#1509,.F.);
#977=ORIENTED_EDGE('',*,*,#1589,.F.);
#978=ORIENTED_EDGE('',*,*,#1310,.T.);
#979=ORIENTED_EDGE('',*,*,#1589,.T.);
#980=ORIENTED_EDGE('',*,*,#1508,.T.);
#981=ORIENTED_EDGE('',*,*,#1586,.T.);
#982=ORIENTED_EDGE('',*,*,#1308,.T.);
#983=ORIENTED_EDGE('',*,*,#1587,.T.);
#984=ORIENTED_EDGE('',*,*,#1510,.T.);
#985=ORIENTED_EDGE('',*,*,#1588,.T.);
#986=ORIENTED_EDGE('',*,*,#1527,.T.);
#987=ORIENTED_EDGE('',*,*,#1423,.F.);
#988=ORIENTED_EDGE('',*,*,#1287,.F.);
#989=ORIENTED_EDGE('',*,*,#1590,.F.);
#990=ORIENTED_EDGE('',*,*,#1283,.T.);
#991=ORIENTED_EDGE('',*,*,#1422,.T.);
#992=ORIENTED_EDGE('',*,*,#1531,.F.);
#993=ORIENTED_EDGE('',*,*,#1591,.F.);
#994=ORIENTED_EDGE('',*,*,#1285,.T.);
#995=ORIENTED_EDGE('',*,*,#1592,.F.);
#996=ORIENTED_EDGE('',*,*,#1529,.F.);
#997=ORIENTED_EDGE('',*,*,#1593,.F.);
#998=ORIENTED_EDGE('',*,*,#1286,.T.);
#999=ORIENTED_EDGE('',*,*,#1593,.T.);
#1000=ORIENTED_EDGE('',*,*,#1528,.T.);
#1001=ORIENTED_EDGE('',*,*,#1590,.T.);
#1002=ORIENTED_EDGE('',*,*,#1284,.T.);
#1003=ORIENTED_EDGE('',*,*,#1591,.T.);
#1004=ORIENTED_EDGE('',*,*,#1530,.T.);
#1005=ORIENTED_EDGE('',*,*,#1592,.T.);
#1006=ORIENTED_EDGE('',*,*,#1532,.T.);
#1007=ORIENTED_EDGE('',*,*,#1420,.F.);
#1008=ORIENTED_EDGE('',*,*,#1281,.F.);
#1009=ORIENTED_EDGE('',*,*,#1594,.F.);
#1010=ORIENTED_EDGE('',*,*,#1277,.T.);
#1011=ORIENTED_EDGE('',*,*,#1416,.T.);
#1012=ORIENTED_EDGE('',*,*,#1536,.F.);
#1013=ORIENTED_EDGE('',*,*,#1595,.F.);
#1014=ORIENTED_EDGE('',*,*,#1279,.T.);
#1015=ORIENTED_EDGE('',*,*,#1596,.F.);
#1016=ORIENTED_EDGE('',*,*,#1534,.F.);
#1017=ORIENTED_EDGE('',*,*,#1597,.F.);
#1018=ORIENTED_EDGE('',*,*,#1280,.T.);
#1019=ORIENTED_EDGE('',*,*,#1597,.T.);
#1020=ORIENTED_EDGE('',*,*,#1533,.T.);
#1021=ORIENTED_EDGE('',*,*,#1594,.T.);
#1022=ORIENTED_EDGE('',*,*,#1278,.T.);
#1023=ORIENTED_EDGE('',*,*,#1595,.T.);
#1024=ORIENTED_EDGE('',*,*,#1535,.T.);
#1025=ORIENTED_EDGE('',*,*,#1596,.T.);
#1026=ORIENTED_EDGE('',*,*,#1542,.T.);
#1027=ORIENTED_EDGE('',*,*,#1418,.F.);
#1028=ORIENTED_EDGE('',*,*,#1269,.F.);
#1029=ORIENTED_EDGE('',*,*,#1598,.F.);
#1030=ORIENTED_EDGE('',*,*,#1265,.T.);
#1031=ORIENTED_EDGE('',*,*,#1392,.T.);
#1032=ORIENTED_EDGE('',*,*,#1546,.F.);
#1033=ORIENTED_EDGE('',*,*,#1599,.F.);
#1034=ORIENTED_EDGE('',*,*,#1267,.T.);
#1035=ORIENTED_EDGE('',*,*,#1600,.F.);
#1036=ORIENTED_EDGE('',*,*,#1544,.F.);
#1037=ORIENTED_EDGE('',*,*,#1601,.F.);
#1038=ORIENTED_EDGE('',*,*,#1268,.T.);
#1039=ORIENTED_EDGE('',*,*,#1601,.T.);
#1040=ORIENTED_EDGE('',*,*,#1543,.T.);
#1041=ORIENTED_EDGE('',*,*,#1598,.T.);
#1042=ORIENTED_EDGE('',*,*,#1266,.T.);
#1043=ORIENTED_EDGE('',*,*,#1599,.T.);
#1044=ORIENTED_EDGE('',*,*,#1545,.T.);
#1045=ORIENTED_EDGE('',*,*,#1600,.T.);
#1046=ORIENTED_EDGE('',*,*,#1537,.T.);
#1047=ORIENTED_EDGE('',*,*,#1414,.F.);
#1048=ORIENTED_EDGE('',*,*,#1275,.F.);
#1049=ORIENTED_EDGE('',*,*,#1602,.F.);
#1050=ORIENTED_EDGE('',*,*,#1271,.T.);
#1051=ORIENTED_EDGE('',*,*,#1417,.T.);
#1052=ORIENTED_EDGE('',*,*,#1541,.F.);
#1053=ORIENTED_EDGE('',*,*,#1603,.F.);
#1054=ORIENTED_EDGE('',*,*,#1273,.T.);
#1055=ORIENTED_EDGE('',*,*,#1604,.F.);
#1056=ORIENTED_EDGE('',*,*,#1539,.F.);
#1057=ORIENTED_EDGE('',*,*,#1605,.F.);
#1058=ORIENTED_EDGE('',*,*,#1274,.T.);
#1059=ORIENTED_EDGE('',*,*,#1605,.T.);
#1060=ORIENTED_EDGE('',*,*,#1538,.T.);
#1061=ORIENTED_EDGE('',*,*,#1602,.T.);
#1062=ORIENTED_EDGE('',*,*,#1272,.T.);
#1063=ORIENTED_EDGE('',*,*,#1603,.T.);
#1064=ORIENTED_EDGE('',*,*,#1540,.T.);
#1065=ORIENTED_EDGE('',*,*,#1604,.T.);
#1066=ORIENTED_EDGE('',*,*,#1482,.T.);
#1067=ORIENTED_EDGE('',*,*,#1412,.F.);
#1068=ORIENTED_EDGE('',*,*,#1341,.F.);
#1069=ORIENTED_EDGE('',*,*,#1606,.F.);
#1070=ORIENTED_EDGE('',*,*,#1337,.T.);
#1071=ORIENTED_EDGE('',*,*,#1441,.T.);
#1072=ORIENTED_EDGE('',*,*,#1486,.F.);
#1073=ORIENTED_EDGE('',*,*,#1607,.F.);
#1074=ORIENTED_EDGE('',*,*,#1339,.T.);
#1075=ORIENTED_EDGE('',*,*,#1608,.F.);
#1076=ORIENTED_EDGE('',*,*,#1484,.F.);
#1077=ORIENTED_EDGE('',*,*,#1609,.F.);
#1078=ORIENTED_EDGE('',*,*,#1340,.T.);
#1079=ORIENTED_EDGE('',*,*,#1609,.T.);
#1080=ORIENTED_EDGE('',*,*,#1483,.T.);
#1081=ORIENTED_EDGE('',*,*,#1606,.T.);
#1082=ORIENTED_EDGE('',*,*,#1338,.T.);
#1083=ORIENTED_EDGE('',*,*,#1607,.T.);
#1084=ORIENTED_EDGE('',*,*,#1485,.T.);
#1085=ORIENTED_EDGE('',*,*,#1608,.T.);
#1086=ORIENTED_EDGE('',*,*,#1477,.T.);
#1087=ORIENTED_EDGE('',*,*,#1409,.F.);
#1088=ORIENTED_EDGE('',*,*,#1347,.F.);
#1089=ORIENTED_EDGE('',*,*,#1610,.F.);
#1090=ORIENTED_EDGE('',*,*,#1343,.T.);
#1091=ORIENTED_EDGE('',*,*,#1411,.T.);
#1092=ORIENTED_EDGE('',*,*,#1481,.F.);
#1093=ORIENTED_EDGE('',*,*,#1611,.F.);
#1094=ORIENTED_EDGE('',*,*,#1345,.T.);
#1095=ORIENTED_EDGE('',*,*,#1612,.F.);
#1096=ORIENTED_EDGE('',*,*,#1479,.F.);
#1097=ORIENTED_EDGE('',*,*,#1613,.F.);
#1098=ORIENTED_EDGE('',*,*,#1346,.T.);
#1099=ORIENTED_EDGE('',*,*,#1613,.T.);
#1100=ORIENTED_EDGE('',*,*,#1478,.T.);
#1101=ORIENTED_EDGE('',*,*,#1610,.T.);
#1102=ORIENTED_EDGE('',*,*,#1344,.T.);
#1103=ORIENTED_EDGE('',*,*,#1611,.T.);
#1104=ORIENTED_EDGE('',*,*,#1480,.T.);
#1105=ORIENTED_EDGE('',*,*,#1612,.T.);
#1106=ORIENTED_EDGE('',*,*,#1472,.T.);
#1107=ORIENTED_EDGE('',*,*,#1406,.F.);
#1108=ORIENTED_EDGE('',*,*,#1353,.F.);
#1109=ORIENTED_EDGE('',*,*,#1614,.F.);
#1110=ORIENTED_EDGE('',*,*,#1349,.T.);
#1111=ORIENTED_EDGE('',*,*,#1408,.T.);
#1112=ORIENTED_EDGE('',*,*,#1476,.F.);
#1113=ORIENTED_EDGE('',*,*,#1615,.F.);
#1114=ORIENTED_EDGE('',*,*,#1351,.T.);
#1115=ORIENTED_EDGE('',*,*,#1616,.F.);
#1116=ORIENTED_EDGE('',*,*,#1474,.F.);
#1117=ORIENTED_EDGE('',*,*,#1617,.F.);
#1118=ORIENTED_EDGE('',*,*,#1352,.T.);
#1119=ORIENTED_EDGE('',*,*,#1617,.T.);
#1120=ORIENTED_EDGE('',*,*,#1473,.T.);
#1121=ORIENTED_EDGE('',*,*,#1614,.T.);
#1122=ORIENTED_EDGE('',*,*,#1350,.T.);
#1123=ORIENTED_EDGE('',*,*,#1615,.T.);
#1124=ORIENTED_EDGE('',*,*,#1475,.T.);
#1125=ORIENTED_EDGE('',*,*,#1616,.T.);
#1126=ORIENTED_EDGE('',*,*,#1467,.T.);
#1127=ORIENTED_EDGE('',*,*,#1403,.F.);
#1128=ORIENTED_EDGE('',*,*,#1359,.F.);
#1129=ORIENTED_EDGE('',*,*,#1618,.F.);
#1130=ORIENTED_EDGE('',*,*,#1355,.T.);
#1131=ORIENTED_EDGE('',*,*,#1405,.T.);
#1132=ORIENTED_EDGE('',*,*,#1471,.F.);
#1133=ORIENTED_EDGE('',*,*,#1619,.F.);
#1134=ORIENTED_EDGE('',*,*,#1357,.T.);
#1135=ORIENTED_EDGE('',*,*,#1620,.F.);
#1136=ORIENTED_EDGE('',*,*,#1469,.F.);
#1137=ORIENTED_EDGE('',*,*,#1621,.F.);
#1138=ORIENTED_EDGE('',*,*,#1358,.T.);
#1139=ORIENTED_EDGE('',*,*,#1621,.T.);
#1140=ORIENTED_EDGE('',*,*,#1468,.T.);
#1141=ORIENTED_EDGE('',*,*,#1618,.T.);
#1142=ORIENTED_EDGE('',*,*,#1356,.T.);
#1143=ORIENTED_EDGE('',*,*,#1619,.T.);
#1144=ORIENTED_EDGE('',*,*,#1470,.T.);
#1145=ORIENTED_EDGE('',*,*,#1620,.T.);
#1146=ORIENTED_EDGE('',*,*,#1462,.T.);
#1147=ORIENTED_EDGE('',*,*,#1400,.F.);
#1148=ORIENTED_EDGE('',*,*,#1365,.F.);
#1149=ORIENTED_EDGE('',*,*,#1622,.F.);
#1150=ORIENTED_EDGE('',*,*,#1361,.T.);
#1151=ORIENTED_EDGE('',*,*,#1402,.T.);
#1152=ORIENTED_EDGE('',*,*,#1466,.F.);
#1153=ORIENTED_EDGE('',*,*,#1623,.F.);
#1154=ORIENTED_EDGE('',*,*,#1363,.T.);
#1155=ORIENTED_EDGE('',*,*,#1624,.F.);
#1156=ORIENTED_EDGE('',*,*,#1464,.F.);
#1157=ORIENTED_EDGE('',*,*,#1625,.F.);
#1158=ORIENTED_EDGE('',*,*,#1364,.T.);
#1159=ORIENTED_EDGE('',*,*,#1625,.T.);
#1160=ORIENTED_EDGE('',*,*,#1463,.T.);
#1161=ORIENTED_EDGE('',*,*,#1622,.T.);
#1162=ORIENTED_EDGE('',*,*,#1362,.T.);
#1163=ORIENTED_EDGE('',*,*,#1623,.T.);
#1164=ORIENTED_EDGE('',*,*,#1465,.T.);
#1165=ORIENTED_EDGE('',*,*,#1624,.T.);
#1166=ORIENTED_EDGE('',*,*,#1457,.T.);
#1167=ORIENTED_EDGE('',*,*,#1397,.F.);
#1168=ORIENTED_EDGE('',*,*,#1371,.F.);
#1169=ORIENTED_EDGE('',*,*,#1626,.F.);
#1170=ORIENTED_EDGE('',*,*,#1367,.T.);
#1171=ORIENTED_EDGE('',*,*,#1399,.T.);
#1172=ORIENTED_EDGE('',*,*,#1461,.F.);
#1173=ORIENTED_EDGE('',*,*,#1627,.F.);
#1174=ORIENTED_EDGE('',*,*,#1369,.T.);
#1175=ORIENTED_EDGE('',*,*,#1628,.F.);
#1176=ORIENTED_EDGE('',*,*,#1459,.F.);
#1177=ORIENTED_EDGE('',*,*,#1629,.F.);
#1178=ORIENTED_EDGE('',*,*,#1370,.T.);
#1179=ORIENTED_EDGE('',*,*,#1629,.T.);
#1180=ORIENTED_EDGE('',*,*,#1458,.T.);
#1181=ORIENTED_EDGE('',*,*,#1626,.T.);
#1182=ORIENTED_EDGE('',*,*,#1368,.T.);
#1183=ORIENTED_EDGE('',*,*,#1627,.T.);
#1184=ORIENTED_EDGE('',*,*,#1460,.T.);
#1185=ORIENTED_EDGE('',*,*,#1628,.T.);
#1186=ORIENTED_EDGE('',*,*,#1452,.T.);
#1187=ORIENTED_EDGE('',*,*,#1394,.F.);
#1188=ORIENTED_EDGE('',*,*,#1377,.F.);
#1189=ORIENTED_EDGE('',*,*,#1630,.F.);
#1190=ORIENTED_EDGE('',*,*,#1373,.T.);
#1191=ORIENTED_EDGE('',*,*,#1396,.T.);
#1192=ORIENTED_EDGE('',*,*,#1456,.F.);
#1193=ORIENTED_EDGE('',*,*,#1631,.F.);
#1194=ORIENTED_EDGE('',*,*,#1375,.T.);
#1195=ORIENTED_EDGE('',*,*,#1632,.F.);
#1196=ORIENTED_EDGE('',*,*,#1454,.F.);
#1197=ORIENTED_EDGE('',*,*,#1633,.F.);
#1198=ORIENTED_EDGE('',*,*,#1376,.T.);
#1199=ORIENTED_EDGE('',*,*,#1633,.T.);
#1200=ORIENTED_EDGE('',*,*,#1453,.T.);
#1201=ORIENTED_EDGE('',*,*,#1630,.T.);
#1202=ORIENTED_EDGE('',*,*,#1374,.T.);
#1203=ORIENTED_EDGE('',*,*,#1631,.T.);
#1204=ORIENTED_EDGE('',*,*,#1455,.T.);
#1205=ORIENTED_EDGE('',*,*,#1632,.T.);
#1206=ORIENTED_EDGE('',*,*,#1547,.T.);
#1207=ORIENTED_EDGE('',*,*,#1390,.F.);
#1208=ORIENTED_EDGE('',*,*,#1263,.F.);
#1209=ORIENTED_EDGE('',*,*,#1634,.F.);
#1210=ORIENTED_EDGE('',*,*,#1379,.T.);
#1211=ORIENTED_EDGE('',*,*,#1393,.T.);
#1212=ORIENTED_EDGE('',*,*,#1451,.F.);
#1213=ORIENTED_EDGE('',*,*,#1635,.F.);
#1214=ORIENTED_EDGE('',*,*,#1381,.T.);
#1215=ORIENTED_EDGE('',*,*,#1636,.F.);
#1216=ORIENTED_EDGE('',*,*,#1549,.F.);
#1217=ORIENTED_EDGE('',*,*,#1637,.F.);
#1218=ORIENTED_EDGE('',*,*,#1262,.T.);
#1219=ORIENTED_EDGE('',*,*,#1637,.T.);
#1220=ORIENTED_EDGE('',*,*,#1548,.T.);
#1221=ORIENTED_EDGE('',*,*,#1634,.T.);
#1222=ORIENTED_EDGE('',*,*,#1380,.T.);
#1223=ORIENTED_EDGE('',*,*,#1635,.T.);
#1224=ORIENTED_EDGE('',*,*,#1450,.T.);
#1225=ORIENTED_EDGE('',*,*,#1636,.T.);
#1226=ORIENTED_EDGE('',*,*,#1556,.T.);
#1227=ORIENTED_EDGE('',*,*,#1638,.T.);
#1228=ORIENTED_EDGE('',*,*,#1639,.T.);
#1229=ORIENTED_EDGE('',*,*,#1640,.T.);
#1230=ORIENTED_EDGE('',*,*,#1384,.T.);
#1231=ORIENTED_EDGE('',*,*,#1557,.F.);
#1232=ORIENTED_EDGE('',*,*,#1640,.F.);
#1233=ORIENTED_EDGE('',*,*,#1641,.T.);
#1234=ORIENTED_EDGE('',*,*,#1386,.T.);
#1235=ORIENTED_EDGE('',*,*,#1642,.F.);
#1236=ORIENTED_EDGE('',*,*,#1638,.F.);
#1237=ORIENTED_EDGE('',*,*,#1555,.T.);
#1238=ORIENTED_EDGE('',*,*,#1385,.T.);
#1239=ORIENTED_EDGE('',*,*,#1641,.F.);
#1240=ORIENTED_EDGE('',*,*,#1639,.F.);
#1241=ORIENTED_EDGE('',*,*,#1642,.T.);
#1242=ORIENTED_EDGE('',*,*,#1553,.T.);
#1243=ORIENTED_EDGE('',*,*,#1643,.T.);
#1244=ORIENTED_EDGE('',*,*,#1644,.T.);
#1245=ORIENTED_EDGE('',*,*,#1645,.T.);
#1246=ORIENTED_EDGE('',*,*,#1382,.T.);
#1247=ORIENTED_EDGE('',*,*,#1646,.F.);
#1248=ORIENTED_EDGE('',*,*,#1643,.F.);
#1249=ORIENTED_EDGE('',*,*,#1552,.T.);
#1250=ORIENTED_EDGE('',*,*,#1389,.T.);
#1251=ORIENTED_EDGE('',*,*,#1647,.F.);
#1252=ORIENTED_EDGE('',*,*,#1644,.F.);
#1253=ORIENTED_EDGE('',*,*,#1646,.T.);
#1254=ORIENTED_EDGE('',*,*,#1388,.T.);
#1255=ORIENTED_EDGE('',*,*,#1554,.F.);
#1256=ORIENTED_EDGE('',*,*,#1645,.F.);
#1257=ORIENTED_EDGE('',*,*,#1647,.T.);
#1258=ORIENTED_EDGE('',*,*,#1550,.T.);
#1259=ORIENTED_EDGE('',*,*,#1648,.F.);
#1260=ORIENTED_EDGE('',*,*,#1648,.T.);
#1261=ORIENTED_EDGE('',*,*,#1551,.F.);
#1262=EDGE_CURVE('',#1649,#1650,#1908,.F.);
#1263=EDGE_CURVE('',#1649,#1651,#408,.T.);
#1264=EDGE_CURVE('',#1652,#1651,#1909,.T.);
#1265=EDGE_CURVE('',#1653,#1652,#409,.T.);
#1266=EDGE_CURVE('',#1654,#1653,#1910,.F.);
#1267=EDGE_CURVE('',#1655,#1654,#1911,.T.);
#1268=EDGE_CURVE('',#1656,#1655,#1912,.F.);
#1269=EDGE_CURVE('',#1656,#1657,#410,.T.);
#1270=EDGE_CURVE('',#1658,#1657,#1913,.T.);
#1271=EDGE_CURVE('',#1659,#1658,#411,.T.);
#1272=EDGE_CURVE('',#1660,#1659,#1914,.F.);
#1273=EDGE_CURVE('',#1661,#1660,#1915,.T.);
#1274=EDGE_CURVE('',#1662,#1661,#1916,.F.);
#1275=EDGE_CURVE('',#1662,#1663,#412,.T.);
#1276=EDGE_CURVE('',#1664,#1663,#1917,.T.);
#1277=EDGE_CURVE('',#1665,#1664,#413,.T.);
#1278=EDGE_CURVE('',#1666,#1665,#1918,.F.);
#1279=EDGE_CURVE('',#1667,#1666,#1919,.T.);
#1280=EDGE_CURVE('',#1668,#1667,#1920,.F.);
#1281=EDGE_CURVE('',#1668,#1669,#414,.T.);
#1282=EDGE_CURVE('',#1670,#1669,#1921,.T.);
#1283=EDGE_CURVE('',#1671,#1670,#415,.T.);
#1284=EDGE_CURVE('',#1672,#1671,#1922,.F.);
#1285=EDGE_CURVE('',#1673,#1672,#1923,.T.);
#1286=EDGE_CURVE('',#1674,#1673,#1924,.F.);
#1287=EDGE_CURVE('',#1674,#1675,#416,.T.);
#1288=EDGE_CURVE('',#1676,#1675,#1925,.T.);
#1289=EDGE_CURVE('',#1677,#1676,#417,.T.);
#1290=EDGE_CURVE('',#1678,#1677,#1926,.F.);
#1291=EDGE_CURVE('',#1679,#1678,#1927,.T.);
#1292=EDGE_CURVE('',#1680,#1679,#1928,.F.);
#1293=EDGE_CURVE('',#1680,#1681,#418,.T.);
#1294=EDGE_CURVE('',#1682,#1681,#1929,.T.);
#1295=EDGE_CURVE('',#1683,#1682,#419,.T.);
#1296=EDGE_CURVE('',#1684,#1683,#1930,.F.);
#1297=EDGE_CURVE('',#1685,#1684,#1931,.T.);
#1298=EDGE_CURVE('',#1686,#1685,#1932,.F.);
#1299=EDGE_CURVE('',#1686,#1687,#420,.T.);
#1300=EDGE_CURVE('',#1688,#1687,#1933,.T.);
#1301=EDGE_CURVE('',#1689,#1688,#421,.T.);
#1302=EDGE_CURVE('',#1690,#1689,#1934,.F.);
#1303=EDGE_CURVE('',#1691,#1690,#1935,.T.);
#1304=EDGE_CURVE('',#1692,#1691,#1936,.F.);
#1305=EDGE_CURVE('',#1692,#1693,#422,.T.);
#1306=EDGE_CURVE('',#1694,#1693,#1937,.T.);
#1307=EDGE_CURVE('',#1695,#1694,#423,.T.);
#1308=EDGE_CURVE('',#1696,#1695,#1938,.F.);
#1309=EDGE_CURVE('',#1697,#1696,#1939,.T.);
#1310=EDGE_CURVE('',#1698,#1697,#1940,.F.);
#1311=EDGE_CURVE('',#1698,#1699,#424,.T.);
#1312=EDGE_CURVE('',#1700,#1699,#1941,.T.);
#1313=EDGE_CURVE('',#1701,#1700,#425,.T.);
#1314=EDGE_CURVE('',#1702,#1701,#1942,.F.);
#1315=EDGE_CURVE('',#1703,#1702,#1943,.T.);
#1316=EDGE_CURVE('',#1704,#1703,#1944,.F.);
#1317=EDGE_CURVE('',#1704,#1705,#426,.T.);
#1318=EDGE_CURVE('',#1706,#1705,#1945,.T.);
#1319=EDGE_CURVE('',#1707,#1706,#427,.T.);
#1320=EDGE_CURVE('',#1708,#1707,#1946,.F.);
#1321=EDGE_CURVE('',#1709,#1708,#1947,.T.);
#1322=EDGE_CURVE('',#1710,#1709,#1948,.F.);
#1323=EDGE_CURVE('',#1710,#1711,#428,.T.);
#1324=EDGE_CURVE('',#1712,#1711,#1949,.T.);
#1325=EDGE_CURVE('',#1713,#1712,#429,.T.);
#1326=EDGE_CURVE('',#1714,#1713,#1950,.F.);
#1327=EDGE_CURVE('',#1715,#1714,#1951,.T.);
#1328=EDGE_CURVE('',#1716,#1715,#1952,.F.);
#1329=EDGE_CURVE('',#1716,#1717,#430,.T.);
#1330=EDGE_CURVE('',#1718,#1717,#1953,.T.);
#1331=EDGE_CURVE('',#1719,#1718,#431,.T.);
#1332=EDGE_CURVE('',#1720,#1719,#1954,.F.);
#1333=EDGE_CURVE('',#1721,#1720,#1955,.T.);
#1334=EDGE_CURVE('',#1722,#1721,#1956,.F.);
#1335=EDGE_CURVE('',#1722,#1723,#432,.T.);
#1336=EDGE_CURVE('',#1724,#1723,#1957,.T.);
#1337=EDGE_CURVE('',#1725,#1724,#433,.T.);
#1338=EDGE_CURVE('',#1726,#1725,#1958,.F.);
#1339=EDGE_CURVE('',#1727,#1726,#1959,.T.);
#1340=EDGE_CURVE('',#1728,#1727,#1960,.F.);
#1341=EDGE_CURVE('',#1728,#1729,#434,.T.);
#1342=EDGE_CURVE('',#1730,#1729,#1961,.T.);
#1343=EDGE_CURVE('',#1731,#1730,#435,.T.);
#1344=EDGE_CURVE('',#1732,#1731,#1962,.F.);
#1345=EDGE_CURVE('',#1733,#1732,#1963,.T.);
#1346=EDGE_CURVE('',#1734,#1733,#1964,.F.);
#1347=EDGE_CURVE('',#1734,#1735,#436,.T.);
#1348=EDGE_CURVE('',#1736,#1735,#1965,.T.);
#1349=EDGE_CURVE('',#1737,#1736,#437,.T.);
#1350=EDGE_CURVE('',#1738,#1737,#1966,.F.);
#1351=EDGE_CURVE('',#1739,#1738,#1967,.T.);
#1352=EDGE_CURVE('',#1740,#1739,#1968,.F.);
#1353=EDGE_CURVE('',#1740,#1741,#438,.T.);
#1354=EDGE_CURVE('',#1742,#1741,#1969,.T.);
#1355=EDGE_CURVE('',#1743,#1742,#439,.T.);
#1356=EDGE_CURVE('',#1744,#1743,#1970,.F.);
#1357=EDGE_CURVE('',#1745,#1744,#1971,.T.);
#1358=EDGE_CURVE('',#1746,#1745,#1972,.F.);
#1359=EDGE_CURVE('',#1746,#1747,#440,.T.);
#1360=EDGE_CURVE('',#1748,#1747,#1973,.T.);
#1361=EDGE_CURVE('',#1749,#1748,#441,.T.);
#1362=EDGE_CURVE('',#1750,#1749,#1974,.F.);
#1363=EDGE_CURVE('',#1751,#1750,#1975,.T.);
#1364=EDGE_CURVE('',#1752,#1751,#1976,.F.);
#1365=EDGE_CURVE('',#1752,#1753,#442,.T.);
#1366=EDGE_CURVE('',#1754,#1753,#1977,.T.);
#1367=EDGE_CURVE('',#1755,#1754,#443,.T.);
#1368=EDGE_CURVE('',#1756,#1755,#1978,.F.);
#1369=EDGE_CURVE('',#1757,#1756,#1979,.T.);
#1370=EDGE_CURVE('',#1758,#1757,#1980,.F.);
#1371=EDGE_CURVE('',#1758,#1759,#444,.T.);
#1372=EDGE_CURVE('',#1760,#1759,#1981,.T.);
#1373=EDGE_CURVE('',#1761,#1760,#445,.T.);
#1374=EDGE_CURVE('',#1762,#1761,#1982,.F.);
#1375=EDGE_CURVE('',#1763,#1762,#1983,.T.);
#1376=EDGE_CURVE('',#1764,#1763,#1984,.F.);
#1377=EDGE_CURVE('',#1764,#1765,#446,.T.);
#1378=EDGE_CURVE('',#1766,#1765,#1985,.T.);
#1379=EDGE_CURVE('',#1767,#1766,#447,.T.);
#1380=EDGE_CURVE('',#1768,#1767,#1986,.F.);
#1381=EDGE_CURVE('',#1650,#1768,#1987,.T.);
#1382=EDGE_CURVE('',#1769,#1770,#136,.T.);
#1383=EDGE_CURVE('',#1769,#1771,#1988,.T.);
#1384=EDGE_CURVE('',#1772,#1771,#137,.T.);
#1385=EDGE_CURVE('',#1773,#1772,#1989,.T.);
#1386=EDGE_CURVE('',#1774,#1773,#138,.T.);
#1387=EDGE_CURVE('',#1774,#1775,#1990,.T.);
#1388=EDGE_CURVE('',#1776,#1775,#139,.T.);
#1389=EDGE_CURVE('',#1770,#1776,#1991,.T.);
#1390=EDGE_CURVE('',#1651,#1777,#140,.T.);
#1391=EDGE_CURVE('',#1778,#1777,#1992,.T.);
#1392=EDGE_CURVE('',#1652,#1778,#141,.T.);
#1393=EDGE_CURVE('',#1766,#1779,#142,.T.);
#1394=EDGE_CURVE('',#1765,#1780,#143,.T.);
#1395=EDGE_CURVE('',#1779,#1780,#1993,.T.);
#1396=EDGE_CURVE('',#1760,#1781,#144,.T.);
#1397=EDGE_CURVE('',#1759,#1782,#145,.T.);
#1398=EDGE_CURVE('',#1781,#1782,#1994,.T.);
#1399=EDGE_CURVE('',#1754,#1783,#146,.T.);
#1400=EDGE_CURVE('',#1753,#1784,#147,.T.);
#1401=EDGE_CURVE('',#1783,#1784,#1995,.T.);
#1402=EDGE_CURVE('',#1748,#1785,#148,.T.);
#1403=EDGE_CURVE('',#1747,#1786,#149,.T.);
#1404=EDGE_CURVE('',#1785,#1786,#1996,.T.);
#1405=EDGE_CURVE('',#1742,#1787,#150,.T.);
#1406=EDGE_CURVE('',#1741,#1788,#151,.T.);
#1407=EDGE_CURVE('',#1787,#1788,#1997,.T.);
#1408=EDGE_CURVE('',#1736,#1789,#152,.T.);
#1409=EDGE_CURVE('',#1735,#1790,#153,.T.);
#1410=EDGE_CURVE('',#1789,#1790,#1998,.T.);
#1411=EDGE_CURVE('',#1730,#1791,#154,.T.);
#1412=EDGE_CURVE('',#1729,#1792,#155,.T.);
#1413=EDGE_CURVE('',#1791,#1792,#1999,.T.);
#1414=EDGE_CURVE('',#1663,#1793,#156,.T.);
#1415=EDGE_CURVE('',#1794,#1793,#2000,.T.);
#1416=EDGE_CURVE('',#1664,#1794,#157,.T.);
#1417=EDGE_CURVE('',#1658,#1795,#158,.T.);
#1418=EDGE_CURVE('',#1657,#1796,#159,.T.);
#1419=EDGE_CURVE('',#1795,#1796,#2001,.T.);
#1420=EDGE_CURVE('',#1669,#1797,#160,.T.);
#1421=EDGE_CURVE('',#1798,#1797,#2002,.T.);
#1422=EDGE_CURVE('',#1670,#1798,#161,.T.);
#1423=EDGE_CURVE('',#1675,#1799,#162,.T.);
#1424=EDGE_CURVE('',#1800,#1799,#2003,.T.);
#1425=EDGE_CURVE('',#1676,#1800,#163,.T.);
#1426=EDGE_CURVE('',#1699,#1801,#164,.T.);
#1427=EDGE_CURVE('',#1802,#1801,#2004,.T.);
#1428=EDGE_CURVE('',#1700,#1802,#165,.T.);
#1429=EDGE_CURVE('',#1694,#1803,#166,.T.);
#1430=EDGE_CURVE('',#1693,#1804,#167,.T.);
#1431=EDGE_CURVE('',#1803,#1804,#2005,.T.);
#1432=EDGE_CURVE('',#1688,#1805,#168,.T.);
#1433=EDGE_CURVE('',#1687,#1806,#169,.T.);
#1434=EDGE_CURVE('',#1805,#1806,#2006,.T.);
#1435=EDGE_CURVE('',#1682,#1807,#170,.T.);
#1436=EDGE_CURVE('',#1681,#1808,#171,.T.);
#1437=EDGE_CURVE('',#1807,#1808,#2007,.T.);
#1438=EDGE_CURVE('',#1717,#1809,#172,.T.);
#1439=EDGE_CURVE('',#1810,#1809,#2008,.T.);
#1440=EDGE_CURVE('',#1718,#1810,#173,.T.);
#1441=EDGE_CURVE('',#1724,#1811,#174,.T.);
#1442=EDGE_CURVE('',#1723,#1812,#175,.T.);
#1443=EDGE_CURVE('',#1811,#1812,#2009,.T.);
#1444=EDGE_CURVE('',#1712,#1813,#176,.T.);
#1445=EDGE_CURVE('',#1711,#1814,#177,.T.);
#1446=EDGE_CURVE('',#1813,#1814,#2010,.T.);
#1447=EDGE_CURVE('',#1706,#1815,#178,.T.);
#1448=EDGE_CURVE('',#1705,#1816,#179,.T.);
#1449=EDGE_CURVE('',#1815,#1816,#2011,.T.);
#1450=EDGE_CURVE('',#1817,#1818,#2012,.T.);
#1451=EDGE_CURVE('',#1817,#1779,#448,.T.);
#1452=EDGE_CURVE('',#1819,#1780,#449,.T.);
#1453=EDGE_CURVE('',#1820,#1819,#2013,.T.);
#1454=EDGE_CURVE('',#1820,#1821,#2014,.T.);
#1455=EDGE_CURVE('',#1822,#1821,#2015,.T.);
#1456=EDGE_CURVE('',#1822,#1781,#450,.T.);
#1457=EDGE_CURVE('',#1823,#1782,#451,.T.);
#1458=EDGE_CURVE('',#1824,#1823,#2016,.T.);
#1459=EDGE_CURVE('',#1824,#1825,#2017,.T.);
#1460=EDGE_CURVE('',#1826,#1825,#2018,.T.);
#1461=EDGE_CURVE('',#1826,#1783,#452,.T.);
#1462=EDGE_CURVE('',#1827,#1784,#453,.T.);
#1463=EDGE_CURVE('',#1828,#1827,#2019,.T.);
#1464=EDGE_CURVE('',#1828,#1829,#2020,.T.);
#1465=EDGE_CURVE('',#1830,#1829,#2021,.T.);
#1466=EDGE_CURVE('',#1830,#1785,#454,.T.);
#1467=EDGE_CURVE('',#1831,#1786,#455,.T.);
#1468=EDGE_CURVE('',#1832,#1831,#2022,.T.);
#1469=EDGE_CURVE('',#1832,#1833,#2023,.T.);
#1470=EDGE_CURVE('',#1834,#1833,#2024,.T.);
#1471=EDGE_CURVE('',#1834,#1787,#456,.T.);
#1472=EDGE_CURVE('',#1835,#1788,#457,.T.);
#1473=EDGE_CURVE('',#1836,#1835,#2025,.T.);
#1474=EDGE_CURVE('',#1836,#1837,#2026,.T.);
#1475=EDGE_CURVE('',#1838,#1837,#2027,.T.);
#1476=EDGE_CURVE('',#1838,#1789,#458,.T.);
#1477=EDGE_CURVE('',#1839,#1790,#459,.T.);
#1478=EDGE_CURVE('',#1840,#1839,#2028,.T.);
#1479=EDGE_CURVE('',#1840,#1841,#2029,.T.);
#1480=EDGE_CURVE('',#1842,#1841,#2030,.T.);
#1481=EDGE_CURVE('',#1842,#1791,#460,.T.);
#1482=EDGE_CURVE('',#1843,#1792,#461,.T.);
#1483=EDGE_CURVE('',#1844,#1843,#2031,.T.);
#1484=EDGE_CURVE('',#1844,#1845,#2032,.T.);
#1485=EDGE_CURVE('',#1846,#1845,#2033,.T.);
#1486=EDGE_CURVE('',#1846,#1811,#462,.T.);
#1487=EDGE_CURVE('',#1847,#1812,#463,.T.);
#1488=EDGE_CURVE('',#1848,#1847,#2034,.T.);
#1489=EDGE_CURVE('',#1848,#1849,#2035,.T.);
#1490=EDGE_CURVE('',#1850,#1849,#2036,.T.);
#1491=EDGE_CURVE('',#1850,#1810,#464,.T.);
#1492=EDGE_CURVE('',#1851,#1809,#465,.T.);
#1493=EDGE_CURVE('',#1852,#1851,#2037,.T.);
#1494=EDGE_CURVE('',#1852,#1853,#2038,.T.);
#1495=EDGE_CURVE('',#1854,#1853,#2039,.T.);
#1496=EDGE_CURVE('',#1854,#1813,#466,.T.);
#1497=EDGE_CURVE('',#1855,#1814,#467,.T.);
#1498=EDGE_CURVE('',#1856,#1855,#2040,.T.);
#1499=EDGE_CURVE('',#1856,#1857,#2041,.T.);
#1500=EDGE_CURVE('',#1858,#1857,#2042,.T.);
#1501=EDGE_CURVE('',#1858,#1815,#468,.T.);
#1502=EDGE_CURVE('',#1859,#1816,#469,.T.);
#1503=EDGE_CURVE('',#1860,#1859,#2043,.T.);
#1504=EDGE_CURVE('',#1860,#1861,#2044,.T.);
#1505=EDGE_CURVE('',#1862,#1861,#2045,.T.);
#1506=EDGE_CURVE('',#1862,#1802,#470,.T.);
#1507=EDGE_CURVE('',#1863,#1801,#471,.T.);
#1508=EDGE_CURVE('',#1864,#1863,#2046,.T.);
#1509=EDGE_CURVE('',#1864,#1865,#2047,.T.);
#1510=EDGE_CURVE('',#1866,#1865,#2048,.T.);
#1511=EDGE_CURVE('',#1866,#1803,#472,.T.);
#1512=EDGE_CURVE('',#1867,#1804,#473,.T.);
#1513=EDGE_CURVE('',#1868,#1867,#2049,.T.);
#1514=EDGE_CURVE('',#1868,#1869,#2050,.T.);
#1515=EDGE_CURVE('',#1870,#1869,#2051,.T.);
#1516=EDGE_CURVE('',#1870,#1805,#474,.T.);
#1517=EDGE_CURVE('',#1871,#1806,#475,.T.);
#1518=EDGE_CURVE('',#1872,#1871,#2052,.T.);
#1519=EDGE_CURVE('',#1872,#1873,#2053,.T.);
#1520=EDGE_CURVE('',#1874,#1873,#2054,.T.);
#1521=EDGE_CURVE('',#1874,#1807,#476,.T.);
#1522=EDGE_CURVE('',#1875,#1808,#477,.T.);
#1523=EDGE_CURVE('',#1876,#1875,#2055,.T.);
#1524=EDGE_CURVE('',#1876,#1877,#2056,.T.);
#1525=EDGE_CURVE('',#1878,#1877,#2057,.T.);
#1526=EDGE_CURVE('',#1878,#1800,#478,.T.);
#1527=EDGE_CURVE('',#1879,#1799,#479,.T.);
#1528=EDGE_CURVE('',#1880,#1879,#2058,.T.);
#1529=EDGE_CURVE('',#1880,#1881,#2059,.T.);
#1530=EDGE_CURVE('',#1882,#1881,#2060,.T.);
#1531=EDGE_CURVE('',#1882,#1798,#480,.T.);
#1532=EDGE_CURVE('',#1883,#1797,#481,.T.);
#1533=EDGE_CURVE('',#1884,#1883,#2061,.T.);
#1534=EDGE_CURVE('',#1884,#1885,#2062,.T.);
#1535=EDGE_CURVE('',#1886,#1885,#2063,.T.);
#1536=EDGE_CURVE('',#1886,#1794,#482,.T.);
#1537=EDGE_CURVE('',#1887,#1793,#483,.T.);
#1538=EDGE_CURVE('',#1888,#1887,#2064,.T.);
#1539=EDGE_CURVE('',#1888,#1889,#2065,.T.);
#1540=EDGE_CURVE('',#1890,#1889,#2066,.T.);
#1541=EDGE_CURVE('',#1890,#1795,#484,.T.);
#1542=EDGE_CURVE('',#1891,#1796,#485,.T.);
#1543=EDGE_CURVE('',#1892,#1891,#2067,.T.);
#1544=EDGE_CURVE('',#1892,#1893,#2068,.T.);
#1545=EDGE_CURVE('',#1894,#1893,#2069,.T.);
#1546=EDGE_CURVE('',#1894,#1778,#486,.T.);
#1547=EDGE_CURVE('',#1895,#1777,#487,.T.);
#1548=EDGE_CURVE('',#1896,#1895,#2070,.T.);
#1549=EDGE_CURVE('',#1896,#1818,#2071,.T.);
#1550=EDGE_CURVE('',#1897,#1897,#2072,.T.);
#1551=EDGE_CURVE('',#1898,#1898,#2073,.T.);
#1552=EDGE_CURVE('',#1899,#1769,#180,.T.);
#1553=EDGE_CURVE('',#1900,#1899,#2074,.F.);
#1554=EDGE_CURVE('',#1900,#1775,#181,.T.);
#1555=EDGE_CURVE('',#1901,#1774,#182,.T.);
#1556=EDGE_CURVE('',#1902,#1901,#2075,.F.);
#1557=EDGE_CURVE('',#1902,#1771,#183,.T.);
#1558=EDGE_CURVE('',#1859,#1704,#184,.F.);
#1559=EDGE_CURVE('',#1701,#1862,#185,.T.);
#1560=EDGE_CURVE('',#1861,#1702,#186,.F.);
#1561=EDGE_CURVE('',#1703,#1860,#187,.T.);
#1562=EDGE_CURVE('',#1855,#1710,#188,.F.);
#1563=EDGE_CURVE('',#1707,#1858,#189,.T.);
#1564=EDGE_CURVE('',#1857,#1708,#190,.F.);
#1565=EDGE_CURVE('',#1709,#1856,#191,.T.);
#1566=EDGE_CURVE('',#1847,#1722,#192,.F.);
#1567=EDGE_CURVE('',#1719,#1850,#193,.T.);
#1568=EDGE_CURVE('',#1849,#1720,#194,.F.);
#1569=EDGE_CURVE('',#1721,#1848,#195,.T.);
#1570=EDGE_CURVE('',#1851,#1716,#196,.F.);
#1571=EDGE_CURVE('',#1713,#1854,#197,.T.);
#1572=EDGE_CURVE('',#1853,#1714,#198,.F.);
#1573=EDGE_CURVE('',#1715,#1852,#199,.T.);
#1574=EDGE_CURVE('',#1875,#1680,#200,.F.);
#1575=EDGE_CURVE('',#1677,#1878,#201,.T.);
#1576=EDGE_CURVE('',#1877,#1678,#202,.F.);
#1577=EDGE_CURVE('',#1679,#1876,#203,.T.);
#1578=EDGE_CURVE('',#1871,#1686,#204,.F.);
#1579=EDGE_CURVE('',#1683,#1874,#205,.T.);
#1580=EDGE_CURVE('',#1873,#1684,#206,.F.);
#1581=EDGE_CURVE('',#1685,#1872,#207,.T.);
#1582=EDGE_CURVE('',#1867,#1692,#208,.F.);
#1583=EDGE_CURVE('',#1689,#1870,#209,.T.);
#1584=EDGE_CURVE('',#1869,#1690,#210,.F.);
#1585=EDGE_CURVE('',#1691,#1868,#211,.T.);
#1586=EDGE_CURVE('',#1863,#1698,#212,.F.);
#1587=EDGE_CURVE('',#1695,#1866,#213,.T.);
#1588=EDGE_CURVE('',#1865,#1696,#214,.F.);
#1589=EDGE_CURVE('',#1697,#1864,#215,.T.);
#1590=EDGE_CURVE('',#1879,#1674,#216,.F.);
#1591=EDGE_CURVE('',#1671,#1882,#217,.T.);
#1592=EDGE_CURVE('',#1881,#1672,#218,.F.);
#1593=EDGE_CURVE('',#1673,#1880,#219,.T.);
#1594=EDGE_CURVE('',#1883,#1668,#220,.F.);
#1595=EDGE_CURVE('',#1665,#1886,#221,.T.);
#1596=EDGE_CURVE('',#1885,#1666,#222,.F.);
#1597=EDGE_CURVE('',#1667,#1884,#223,.T.);
#1598=EDGE_CURVE('',#1891,#1656,#224,.F.);
#1599=EDGE_CURVE('',#1653,#1894,#225,.T.);
#1600=EDGE_CURVE('',#1893,#1654,#226,.F.);
#1601=EDGE_CURVE('',#1655,#1892,#227,.T.);
#1602=EDGE_CURVE('',#1887,#1662,#228,.F.);
#1603=EDGE_CURVE('',#1659,#1890,#229,.T.);
#1604=EDGE_CURVE('',#1889,#1660,#230,.F.);
#1605=EDGE_CURVE('',#1661,#1888,#231,.T.);
#1606=EDGE_CURVE('',#1843,#1728,#232,.F.);
#1607=EDGE_CURVE('',#1725,#1846,#233,.T.);
#1608=EDGE_CURVE('',#1845,#1726,#234,.F.);
#1609=EDGE_CURVE('',#1727,#1844,#235,.T.);
#1610=EDGE_CURVE('',#1839,#1734,#236,.F.);
#1611=EDGE_CURVE('',#1731,#1842,#237,.T.);
#1612=EDGE_CURVE('',#1841,#1732,#238,.F.);
#1613=EDGE_CURVE('',#1733,#1840,#239,.T.);
#1614=EDGE_CURVE('',#1835,#1740,#240,.F.);
#1615=EDGE_CURVE('',#1737,#1838,#241,.T.);
#1616=EDGE_CURVE('',#1837,#1738,#242,.F.);
#1617=EDGE_CURVE('',#1739,#1836,#243,.T.);
#1618=EDGE_CURVE('',#1831,#1746,#244,.F.);
#1619=EDGE_CURVE('',#1743,#1834,#245,.T.);
#1620=EDGE_CURVE('',#1833,#1744,#246,.F.);
#1621=EDGE_CURVE('',#1745,#1832,#247,.T.);
#1622=EDGE_CURVE('',#1827,#1752,#248,.F.);
#1623=EDGE_CURVE('',#1749,#1830,#249,.T.);
#1624=EDGE_CURVE('',#1829,#1750,#250,.F.);
#1625=EDGE_CURVE('',#1751,#1828,#251,.T.);
#1626=EDGE_CURVE('',#1823,#1758,#252,.F.);
#1627=EDGE_CURVE('',#1755,#1826,#253,.T.);
#1628=EDGE_CURVE('',#1825,#1756,#254,.F.);
#1629=EDGE_CURVE('',#1757,#1824,#255,.T.);
#1630=EDGE_CURVE('',#1819,#1764,#256,.F.);
#1631=EDGE_CURVE('',#1761,#1822,#257,.T.);
#1632=EDGE_CURVE('',#1821,#1762,#258,.F.);
#1633=EDGE_CURVE('',#1763,#1820,#259,.T.);
#1634=EDGE_CURVE('',#1895,#1649,#260,.F.);
#1635=EDGE_CURVE('',#1767,#1817,#261,.T.);
#1636=EDGE_CURVE('',#1818,#1768,#262,.F.);
#1637=EDGE_CURVE('',#1650,#1896,#263,.T.);
#1638=EDGE_CURVE('',#1901,#1903,#264,.T.);
#1639=EDGE_CURVE('',#1903,#1904,#2076,.T.);
#1640=EDGE_CURVE('',#1904,#1902,#265,.T.);
#1641=EDGE_CURVE('',#1904,#1772,#266,.T.);
#1642=EDGE_CURVE('',#1903,#1773,#267,.T.);
#1643=EDGE_CURVE('',#1899,#1905,#268,.T.);
#1644=EDGE_CURVE('',#1905,#1906,#2077,.T.);
#1645=EDGE_CURVE('',#1906,#1900,#269,.T.);
#1646=EDGE_CURVE('',#1905,#1770,#270,.T.);
#1647=EDGE_CURVE('',#1906,#1776,#271,.T.);
#1648=EDGE_CURVE('',#1907,#1907,#2078,.T.);
#1649=VERTEX_POINT('',#3443);
#1650=VERTEX_POINT('',#3444);
#1651=VERTEX_POINT('',#3479);
#1652=VERTEX_POINT('',#3481);
#1653=VERTEX_POINT('',#3516);
#1654=VERTEX_POINT('',#3518);
#1655=VERTEX_POINT('',#3520);
#1656=VERTEX_POINT('',#3522);
#1657=VERTEX_POINT('',#3557);
#1658=VERTEX_POINT('',#3559);
#1659=VERTEX_POINT('',#3594);
#1660=VERTEX_POINT('',#3596);
#1661=VERTEX_POINT('',#3598);
#1662=VERTEX_POINT('',#3600);
#1663=VERTEX_POINT('',#3635);
#1664=VERTEX_POINT('',#3637);
#1665=VERTEX_POINT('',#3672);
#1666=VERTEX_POINT('',#3674);
#1667=VERTEX_POINT('',#3676);
#1668=VERTEX_POINT('',#3678);
#1669=VERTEX_POINT('',#3713);
#1670=VERTEX_POINT('',#3715);
#1671=VERTEX_POINT('',#3750);
#1672=VERTEX_POINT('',#3752);
#1673=VERTEX_POINT('',#3754);
#1674=VERTEX_POINT('',#3756);
#1675=VERTEX_POINT('',#3791);
#1676=VERTEX_POINT('',#3793);
#1677=VERTEX_POINT('',#3828);
#1678=VERTEX_POINT('',#3830);
#1679=VERTEX_POINT('',#3832);
#1680=VERTEX_POINT('',#3834);
#1681=VERTEX_POINT('',#3869);
#1682=VERTEX_POINT('',#3871);
#1683=VERTEX_POINT('',#3906);
#1684=VERTEX_POINT('',#3908);
#1685=VERTEX_POINT('',#3910);
#1686=VERTEX_POINT('',#3912);
#1687=VERTEX_POINT('',#3947);
#1688=VERTEX_POINT('',#3949);
#1689=VERTEX_POINT('',#3984);
#1690=VERTEX_POINT('',#3986);
#1691=VERTEX_POINT('',#3988);
#1692=VERTEX_POINT('',#3990);
#1693=VERTEX_POINT('',#4025);
#1694=VERTEX_POINT('',#4027);
#1695=VERTEX_POINT('',#4062);
#1696=VERTEX_POINT('',#4064);
#1697=VERTEX_POINT('',#4066);
#1698=VERTEX_POINT('',#4068);
#1699=VERTEX_POINT('',#4103);
#1700=VERTEX_POINT('',#4105);
#1701=VERTEX_POINT('',#4140);
#1702=VERTEX_POINT('',#4142);
#1703=VERTEX_POINT('',#4144);
#1704=VERTEX_POINT('',#4146);
#1705=VERTEX_POINT('',#4181);
#1706=VERTEX_POINT('',#4183);
#1707=VERTEX_POINT('',#4218);
#1708=VERTEX_POINT('',#4220);
#1709=VERTEX_POINT('',#4222);
#1710=VERTEX_POINT('',#4224);
#1711=VERTEX_POINT('',#4259);
#1712=VERTEX_POINT('',#4261);
#1713=VERTEX_POINT('',#4296);
#1714=VERTEX_POINT('',#4298);
#1715=VERTEX_POINT('',#4300);
#1716=VERTEX_POINT('',#4302);
#1717=VERTEX_POINT('',#4337);
#1718=VERTEX_POINT('',#4339);
#1719=VERTEX_POINT('',#4374);
#1720=VERTEX_POINT('',#4376);
#1721=VERTEX_POINT('',#4378);
#1722=VERTEX_POINT('',#4380);
#1723=VERTEX_POINT('',#4415);
#1724=VERTEX_POINT('',#4417);
#1725=VERTEX_POINT('',#4452);
#1726=VERTEX_POINT('',#4454);
#1727=VERTEX_POINT('',#4456);
#1728=VERTEX_POINT('',#4458);
#1729=VERTEX_POINT('',#4493);
#1730=VERTEX_POINT('',#4495);
#1731=VERTEX_POINT('',#4530);
#1732=VERTEX_POINT('',#4532);
#1733=VERTEX_POINT('',#4534);
#1734=VERTEX_POINT('',#4536);
#1735=VERTEX_POINT('',#4571);
#1736=VERTEX_POINT('',#4573);
#1737=VERTEX_POINT('',#4608);
#1738=VERTEX_POINT('',#4610);
#1739=VERTEX_POINT('',#4612);
#1740=VERTEX_POINT('',#4614);
#1741=VERTEX_POINT('',#4649);
#1742=VERTEX_POINT('',#4651);
#1743=VERTEX_POINT('',#4686);
#1744=VERTEX_POINT('',#4688);
#1745=VERTEX_POINT('',#4690);
#1746=VERTEX_POINT('',#4692);
#1747=VERTEX_POINT('',#4727);
#1748=VERTEX_POINT('',#4729);
#1749=VERTEX_POINT('',#4764);
#1750=VERTEX_POINT('',#4766);
#1751=VERTEX_POINT('',#4768);
#1752=VERTEX_POINT('',#4770);
#1753=VERTEX_POINT('',#4805);
#1754=VERTEX_POINT('',#4807);
#1755=VERTEX_POINT('',#4842);
#1756=VERTEX_POINT('',#4844);
#1757=VERTEX_POINT('',#4846);
#1758=VERTEX_POINT('',#4848);
#1759=VERTEX_POINT('',#4883);
#1760=VERTEX_POINT('',#4885);
#1761=VERTEX_POINT('',#4920);
#1762=VERTEX_POINT('',#4922);
#1763=VERTEX_POINT('',#4924);
#1764=VERTEX_POINT('',#4926);
#1765=VERTEX_POINT('',#4961);
#1766=VERTEX_POINT('',#4963);
#1767=VERTEX_POINT('',#4998);
#1768=VERTEX_POINT('',#5000);
#1769=VERTEX_POINT('',#5003);
#1770=VERTEX_POINT('',#5004);
#1771=VERTEX_POINT('',#5006);
#1772=VERTEX_POINT('',#5008);
#1773=VERTEX_POINT('',#5010);
#1774=VERTEX_POINT('',#5012);
#1775=VERTEX_POINT('',#5014);
#1776=VERTEX_POINT('',#5016);
#1777=VERTEX_POINT('',#5020);
#1778=VERTEX_POINT('',#5022);
#1779=VERTEX_POINT('',#5026);
#1780=VERTEX_POINT('',#5028);
#1781=VERTEX_POINT('',#5032);
#1782=VERTEX_POINT('',#5034);
#1783=VERTEX_POINT('',#5038);
#1784=VERTEX_POINT('',#5040);
#1785=VERTEX_POINT('',#5044);
#1786=VERTEX_POINT('',#5046);
#1787=VERTEX_POINT('',#5050);
#1788=VERTEX_POINT('',#5052);
#1789=VERTEX_POINT('',#5056);
#1790=VERTEX_POINT('',#5058);
#1791=VERTEX_POINT('',#5062);
#1792=VERTEX_POINT('',#5064);
#1793=VERTEX_POINT('',#5068);
#1794=VERTEX_POINT('',#5070);
#1795=VERTEX_POINT('',#5074);
#1796=VERTEX_POINT('',#5076);
#1797=VERTEX_POINT('',#5080);
#1798=VERTEX_POINT('',#5082);
#1799=VERTEX_POINT('',#5086);
#1800=VERTEX_POINT('',#5088);
#1801=VERTEX_POINT('',#5092);
#1802=VERTEX_POINT('',#5094);
#1803=VERTEX_POINT('',#5098);
#1804=VERTEX_POINT('',#5100);
#1805=VERTEX_POINT('',#5104);
#1806=VERTEX_POINT('',#5106);
#1807=VERTEX_POINT('',#5110);
#1808=VERTEX_POINT('',#5112);
#1809=VERTEX_POINT('',#5116);
#1810=VERTEX_POINT('',#5118);
#1811=VERTEX_POINT('',#5122);
#1812=VERTEX_POINT('',#5124);
#1813=VERTEX_POINT('',#5128);
#1814=VERTEX_POINT('',#5130);
#1815=VERTEX_POINT('',#5134);
#1816=VERTEX_POINT('',#5136);
#1817=VERTEX_POINT('',#5140);
#1818=VERTEX_POINT('',#5141);
#1819=VERTEX_POINT('',#5210);
#1820=VERTEX_POINT('',#5212);
#1821=VERTEX_POINT('',#5214);
#1822=VERTEX_POINT('',#5216);
#1823=VERTEX_POINT('',#5285);
#1824=VERTEX_POINT('',#5287);
#1825=VERTEX_POINT('',#5289);
#1826=VERTEX_POINT('',#5291);
#1827=VERTEX_POINT('',#5360);
#1828=VERTEX_POINT('',#5362);
#1829=VERTEX_POINT('',#5364);
#1830=VERTEX_POINT('',#5366);
#1831=VERTEX_POINT('',#5435);
#1832=VERTEX_POINT('',#5437);
#1833=VERTEX_POINT('',#5439);
#1834=VERTEX_POINT('',#5441);
#1835=VERTEX_POINT('',#5510);
#1836=VERTEX_POINT('',#5512);
#1837=VERTEX_POINT('',#5514);
#1838=VERTEX_POINT('',#5516);
#1839=VERTEX_POINT('',#5585);
#1840=VERTEX_POINT('',#5587);
#1841=VERTEX_POINT('',#5589);
#1842=VERTEX_POINT('',#5591);
#1843=VERTEX_POINT('',#5660);
#1844=VERTEX_POINT('',#5662);
#1845=VERTEX_POINT('',#5664);
#1846=VERTEX_POINT('',#5666);
#1847=VERTEX_POINT('',#5735);
#1848=VERTEX_POINT('',#5737);
#1849=VERTEX_POINT('',#5739);
#1850=VERTEX_POINT('',#5741);
#1851=VERTEX_POINT('',#5810);
#1852=VERTEX_POINT('',#5812);
#1853=VERTEX_POINT('',#5814);
#1854=VERTEX_POINT('',#5816);
#1855=VERTEX_POINT('',#5885);
#1856=VERTEX_POINT('',#5887);
#1857=VERTEX_POINT('',#5889);
#1858=VERTEX_POINT('',#5891);
#1859=VERTEX_POINT('',#5960);
#1860=VERTEX_POINT('',#5962);
#1861=VERTEX_POINT('',#5964);
#1862=VERTEX_POINT('',#5966);
#1863=VERTEX_POINT('',#6035);
#1864=VERTEX_POINT('',#6037);
#1865=VERTEX_POINT('',#6039);
#1866=VERTEX_POINT('',#6041);
#1867=VERTEX_POINT('',#6110);
#1868=VERTEX_POINT('',#6112);
#1869=VERTEX_POINT('',#6114);
#1870=VERTEX_POINT('',#6116);
#1871=VERTEX_POINT('',#6185);
#1872=VERTEX_POINT('',#6187);
#1873=VERTEX_POINT('',#6189);
#1874=VERTEX_POINT('',#6191);
#1875=VERTEX_POINT('',#6260);
#1876=VERTEX_POINT('',#6262);
#1877=VERTEX_POINT('',#6264);
#1878=VERTEX_POINT('',#6266);
#1879=VERTEX_POINT('',#6335);
#1880=VERTEX_POINT('',#6337);
#1881=VERTEX_POINT('',#6339);
#1882=VERTEX_POINT('',#6341);
#1883=VERTEX_POINT('',#6410);
#1884=VERTEX_POINT('',#6412);
#1885=VERTEX_POINT('',#6414);
#1886=VERTEX_POINT('',#6416);
#1887=VERTEX_POINT('',#6485);
#1888=VERTEX_POINT('',#6487);
#1889=VERTEX_POINT('',#6489);
#1890=VERTEX_POINT('',#6491);
#1891=VERTEX_POINT('',#6560);
#1892=VERTEX_POINT('',#6562);
#1893=VERTEX_POINT('',#6564);
#1894=VERTEX_POINT('',#6566);
#1895=VERTEX_POINT('',#6635);
#1896=VERTEX_POINT('',#6637);
#1897=VERTEX_POINT('',#6640);
#1898=VERTEX_POINT('',#6643);
#1899=VERTEX_POINT('',#6645);
#1900=VERTEX_POINT('',#6647);
#1901=VERTEX_POINT('',#6650);
#1902=VERTEX_POINT('',#6652);
#1903=VERTEX_POINT('',#8076);
#1904=VERTEX_POINT('',#8078);
#1905=VERTEX_POINT('',#8087);
#1906=VERTEX_POINT('',#8089);
#1907=VERTEX_POINT('',#8098);
#1908=CIRCLE('',#2511,0.00110880092403566);
#1909=CIRCLE('',#2512,0.0308);
#1910=CIRCLE('',#2513,0.00110880092403566);
#1911=CIRCLE('',#2514,0.0244999999999996);
#1912=CIRCLE('',#2515,0.00110880092403566);
#1913=CIRCLE('',#2516,0.0308);
#1914=CIRCLE('',#2517,0.00110880092403566);
#1915=CIRCLE('',#2518,0.0244999999999996);
#1916=CIRCLE('',#2519,0.00110880092403566);
#1917=CIRCLE('',#2520,0.0308);
#1918=CIRCLE('',#2521,0.00110880092403566);
#1919=CIRCLE('',#2522,0.0244999999999996);
#1920=CIRCLE('',#2523,0.00110880092403566);
#1921=CIRCLE('',#2524,0.0308);
#1922=CIRCLE('',#2525,0.00110880092403566);
#1923=CIRCLE('',#2526,0.0244999999999996);
#1924=CIRCLE('',#2527,0.00110880092403566);
#1925=CIRCLE('',#2528,0.0308);
#1926=CIRCLE('',#2529,0.00110880092403566);
#1927=CIRCLE('',#2530,0.0244999999999996);
#1928=CIRCLE('',#2531,0.00110880092403566);
#1929=CIRCLE('',#2532,0.0308);
#1930=CIRCLE('',#2533,0.00110880092403566);
#1931=CIRCLE('',#2534,0.0244999999999996);
#1932=CIRCLE('',#2535,0.00110880092403566);
#1933=CIRCLE('',#2536,0.0308);
#1934=CIRCLE('',#2537,0.00110880092403566);
#1935=CIRCLE('',#2538,0.0244999999999996);
#1936=CIRCLE('',#2539,0.00110880092403566);
#1937=CIRCLE('',#2540,0.0308);
#1938=CIRCLE('',#2541,0.00110880092403566);
#1939=CIRCLE('',#2542,0.0244999999999996);
#1940=CIRCLE('',#2543,0.00110880092403566);
#1941=CIRCLE('',#2544,0.0308);
#1942=CIRCLE('',#2545,0.00110880092403566);
#1943=CIRCLE('',#2546,0.0244999999999996);
#1944=CIRCLE('',#2547,0.00110880092403566);
#1945=CIRCLE('',#2548,0.0308);
#1946=CIRCLE('',#2549,0.00110880092403566);
#1947=CIRCLE('',#2550,0.0244999999999996);
#1948=CIRCLE('',#2551,0.00110880092403566);
#1949=CIRCLE('',#2552,0.0308);
#1950=CIRCLE('',#2553,0.00110880092403566);
#1951=CIRCLE('',#2554,0.0244999999999996);
#1952=CIRCLE('',#2555,0.00110880092403566);
#1953=CIRCLE('',#2556,0.0308);
#1954=CIRCLE('',#2557,0.00110880092403566);
#1955=CIRCLE('',#2558,0.0244999999999996);
#1956=CIRCLE('',#2559,0.00110880092403566);
#1957=CIRCLE('',#2560,0.0308);
#1958=CIRCLE('',#2561,0.00110880092403566);
#1959=CIRCLE('',#2562,0.0244999999999996);
#1960=CIRCLE('',#2563,0.00110880092403566);
#1961=CIRCLE('',#2564,0.0308);
#1962=CIRCLE('',#2565,0.00110880092403566);
#1963=CIRCLE('',#2566,0.0244999999999996);
#1964=CIRCLE('',#2567,0.00110880092403566);
#1965=CIRCLE('',#2568,0.0308);
#1966=CIRCLE('',#2569,0.00110880092403566);
#1967=CIRCLE('',#2570,0.0244999999999996);
#1968=CIRCLE('',#2571,0.00110880092403566);
#1969=CIRCLE('',#2572,0.0308);
#1970=CIRCLE('',#2573,0.00110880092403566);
#1971=CIRCLE('',#2574,0.0244999999999996);
#1972=CIRCLE('',#2575,0.00110880092403566);
#1973=CIRCLE('',#2576,0.0308);
#1974=CIRCLE('',#2577,0.00110880092403566);
#1975=CIRCLE('',#2578,0.0244999999999996);
#1976=CIRCLE('',#2579,0.00110880092403566);
#1977=CIRCLE('',#2580,0.0308);
#1978=CIRCLE('',#2581,0.00110880092403566);
#1979=CIRCLE('',#2582,0.0244999999999996);
#1980=CIRCLE('',#2583,0.00110880092403566);
#1981=CIRCLE('',#2584,0.0308);
#1982=CIRCLE('',#2585,0.00110880092403566);
#1983=CIRCLE('',#2586,0.0244999999999996);
#1984=CIRCLE('',#2587,0.00110880092403566);
#1985=CIRCLE('',#2588,0.0308);
#1986=CIRCLE('',#2589,0.00110880092403566);
#1987=CIRCLE('',#2590,0.0244999999999996);
#1988=CIRCLE('',#2591,0.0036);
#1989=CIRCLE('',#2592,0.0021);
#1990=CIRCLE('',#2593,0.0036);
#1991=CIRCLE('',#2594,0.0021);
#1992=CIRCLE('',#2596,0.0308);
#1993=CIRCLE('',#2598,0.0308);
#1994=CIRCLE('',#2600,0.0308);
#1995=CIRCLE('',#2602,0.0308);
#1996=CIRCLE('',#2604,0.0308);
#1997=CIRCLE('',#2606,0.0308);
#1998=CIRCLE('',#2608,0.0308);
#1999=CIRCLE('',#2610,0.0308);
#2000=CIRCLE('',#2612,0.0308);
#2001=CIRCLE('',#2614,0.0308);
#2002=CIRCLE('',#2616,0.0308);
#2003=CIRCLE('',#2618,0.0308);
#2004=CIRCLE('',#2620,0.0308);
#2005=CIRCLE('',#2622,0.0308);
#2006=CIRCLE('',#2624,0.0308);
#2007=CIRCLE('',#2626,0.0308);
#2008=CIRCLE('',#2628,0.0308);
#2009=CIRCLE('',#2630,0.0308);
#2010=CIRCLE('',#2632,0.0308);
#2011=CIRCLE('',#2634,0.0308);
#2012=CIRCLE('',#2636,0.00110880092403566);
#2013=CIRCLE('',#2637,0.00110880092403566);
#2014=CIRCLE('',#2638,0.0244999999999996);
#2015=CIRCLE('',#2639,0.00110880092403566);
#2016=CIRCLE('',#2640,0.00110880092403566);
#2017=CIRCLE('',#2641,0.0244999999999996);
#2018=CIRCLE('',#2642,0.00110880092403566);
#2019=CIRCLE('',#2643,0.00110880092403566);
#2020=CIRCLE('',#2644,0.0244999999999996);
#2021=CIRCLE('',#2645,0.00110880092403566);
#2022=CIRCLE('',#2646,0.00110880092403566);
#2023=CIRCLE('',#2647,0.0244999999999996);
#2024=CIRCLE('',#2648,0.00110880092403566);
#2025=CIRCLE('',#2649,0.00110880092403566);
#2026=CIRCLE('',#2650,0.0244999999999996);
#2027=CIRCLE('',#2651,0.00110880092403566);
#2028=CIRCLE('',#2652,0.00110880092403566);
#2029=CIRCLE('',#2653,0.0244999999999996);
#2030=CIRCLE('',#2654,0.00110880092403566);
#2031=CIRCLE('',#2655,0.00110880092403566);
#2032=CIRCLE('',#2656,0.0244999999999996);
#2033=CIRCLE('',#2657,0.00110880092403566);
#2034=CIRCLE('',#2658,0.00110880092403566);
#2035=CIRCLE('',#2659,0.0244999999999996);
#2036=CIRCLE('',#2660,0.00110880092403566);
#2037=CIRCLE('',#2661,0.00110880092403566);
#2038=CIRCLE('',#2662,0.0244999999999996);
#2039=CIRCLE('',#2663,0.00110880092403566);
#2040=CIRCLE('',#2664,0.00110880092403566);
#2041=CIRCLE('',#2665,0.0244999999999996);
#2042=CIRCLE('',#2666,0.00110880092403566);
#2043=CIRCLE('',#2667,0.00110880092403566);
#2044=CIRCLE('',#2668,0.0244999999999996);
#2045=CIRCLE('',#2669,0.00110880092403566);
#2046=CIRCLE('',#2670,0.00110880092403566);
#2047=CIRCLE('',#2671,0.0244999999999996);
#2048=CIRCLE('',#2672,0.00110880092403566);
#2049=CIRCLE('',#2673,0.00110880092403566);
#2050=CIRCLE('',#2674,0.0244999999999996);
#2051=CIRCLE('',#2675,0.00110880092403566);
#2052=CIRCLE('',#2676,0.00110880092403566);
#2053=CIRCLE('',#2677,0.0244999999999996);
#2054=CIRCLE('',#2678,0.00110880092403566);
#2055=CIRCLE('',#2679,0.00110880092403566);
#2056=CIRCLE('',#2680,0.0244999999999996);
#2057=CIRCLE('',#2681,0.00110880092403566);
#2058=CIRCLE('',#2682,0.00110880092403566);
#2059=CIRCLE('',#2683,0.0244999999999996);
#2060=CIRCLE('',#2684,0.00110880092403566);
#2061=CIRCLE('',#2685,0.00110880092403566);
#2062=CIRCLE('',#2686,0.0244999999999996);
#2063=CIRCLE('',#2687,0.00110880092403566);
#2064=CIRCLE('',#2688,0.00110880092403566);
#2065=CIRCLE('',#2689,0.0244999999999996);
#2066=CIRCLE('',#2690,0.00110880092403566);
#2067=CIRCLE('',#2691,0.00110880092403566);
#2068=CIRCLE('',#2692,0.0244999999999996);
#2069=CIRCLE('',#2693,0.00110880092403566);
#2070=CIRCLE('',#2694,0.00110880092403566);
#2071=CIRCLE('',#2695,0.0244999999999996);
#2072=CIRCLE('',#2696,0.0025);
#2073=CIRCLE('',#2698,0.0036);
#2074=CIRCLE('',#2699,0.0036);
#2075=CIRCLE('',#2700,0.0036);
#2076=CIRCLE('',#2762,0.0021);
#2077=CIRCLE('',#2767,0.0021);
#2078=CIRCLE('',#2772,0.0025);
#2079=EDGE_LOOP('',(#488,#489,#490,#491,#492,#493,#494,#495,#496,#497,#498,
#499,#500,#501,#502,#503,#504,#505,#506,#507,#508,#509,#510,#511,#512,#513,
#514,#515,#516,#517,#518,#519,#520,#521,#522,#523,#524,#525,#526,#527,#528,
#529,#530,#531,#532,#533,#534,#535,#536,#537,#538,#539,#540,#541,#542,#543,
#544,#545,#546,#547,#548,#549,#550,#551,#552,#553,#554,#555,#556,#557,#558,
#559,#560,#561,#562,#563,#564,#565,#566,#567,#568,#569,#570,#571,#572,#573,
#574,#575,#576,#577,#578,#579,#580,#581,#582,#583,#584,#585,#586,#587,#588,
#589,#590,#591,#592,#593,#594,#595,#596,#597,#598,#599,#600,#601,#602,#603,
#604,#605,#606,#607));
#2080=EDGE_LOOP('',(#608,#609,#610,#611,#612,#613,#614,#615));
#2081=EDGE_LOOP('',(#616,#617,#618,#619));
#2082=EDGE_LOOP('',(#620,#621,#622,#623));
#2083=EDGE_LOOP('',(#624,#625,#626,#627));
#2084=EDGE_LOOP('',(#628,#629,#630,#631));
#2085=EDGE_LOOP('',(#632,#633,#634,#635));
#2086=EDGE_LOOP('',(#636,#637,#638,#639));
#2087=EDGE_LOOP('',(#640,#641,#642,#643));
#2088=EDGE_LOOP('',(#644,#645,#646,#647));
#2089=EDGE_LOOP('',(#648,#649,#650,#651));
#2090=EDGE_LOOP('',(#652,#653,#654,#655));
#2091=EDGE_LOOP('',(#656,#657,#658,#659));
#2092=EDGE_LOOP('',(#660,#661,#662,#663));
#2093=EDGE_LOOP('',(#664,#665,#666,#667));
#2094=EDGE_LOOP('',(#668,#669,#670,#671));
#2095=EDGE_LOOP('',(#672,#673,#674,#675));
#2096=EDGE_LOOP('',(#676,#677,#678,#679));
#2097=EDGE_LOOP('',(#680,#681,#682,#683));
#2098=EDGE_LOOP('',(#684,#685,#686,#687));
#2099=EDGE_LOOP('',(#688,#689,#690,#691));
#2100=EDGE_LOOP('',(#692,#693,#694,#695));
#2101=EDGE_LOOP('',(#696,#697,#698,#699,#700,#701,#702,#703,#704,#705,#706,
#707,#708,#709,#710,#711,#712,#713,#714,#715,#716,#717,#718,#719,#720,#721,
#722,#723,#724,#725,#726,#727,#728,#729,#730,#731,#732,#733,#734,#735,#736,
#737,#738,#739,#740,#741,#742,#743,#744,#745,#746,#747,#748,#749,#750,#751,
#752,#753,#754,#755,#756,#757,#758,#759,#760,#761,#762,#763,#764,#765,#766,
#767,#768,#769,#770,#771,#772,#773,#774,#775,#776,#777,#778,#779,#780,#781,
#782,#783,#784,#785,#786,#787,#788,#789,#790,#791,#792,#793,#794,#795,#796,
#797,#798,#799,#800,#801,#802,#803,#804,#805,#806,#807,#808,#809,#810,#811,
#812,#813,#814,#815));
#2102=EDGE_LOOP('',(#816));
#2103=EDGE_LOOP('',(#817));
#2104=EDGE_LOOP('',(#818,#819,#820,#821,#822,#823,#824,#825));
#2105=EDGE_LOOP('',(#826,#827,#828,#829));
#2106=EDGE_LOOP('',(#830,#831,#832,#833));
#2107=EDGE_LOOP('',(#834,#835,#836,#837));
#2108=EDGE_LOOP('',(#838,#839,#840,#841));
#2109=EDGE_LOOP('',(#842,#843,#844,#845));
#2110=EDGE_LOOP('',(#846,#847,#848,#849));
#2111=EDGE_LOOP('',(#850,#851,#852,#853));
#2112=EDGE_LOOP('',(#854,#855,#856,#857));
#2113=EDGE_LOOP('',(#858,#859,#860,#861));
#2114=EDGE_LOOP('',(#862,#863,#864,#865));
#2115=EDGE_LOOP('',(#866,#867,#868,#869));
#2116=EDGE_LOOP('',(#870,#871,#872,#873));
#2117=EDGE_LOOP('',(#874,#875,#876,#877));
#2118=EDGE_LOOP('',(#878,#879,#880,#881));
#2119=EDGE_LOOP('',(#882,#883,#884,#885));
#2120=EDGE_LOOP('',(#886,#887,#888,#889));
#2121=EDGE_LOOP('',(#890,#891,#892,#893));
#2122=EDGE_LOOP('',(#894,#895,#896,#897));
#2123=EDGE_LOOP('',(#898,#899,#900,#901));
#2124=EDGE_LOOP('',(#902,#903,#904,#905));
#2125=EDGE_LOOP('',(#906,#907,#908,#909));
#2126=EDGE_LOOP('',(#910,#911,#912,#913));
#2127=EDGE_LOOP('',(#914,#915,#916,#917));
#2128=EDGE_LOOP('',(#918,#919,#920,#921));
#2129=EDGE_LOOP('',(#922,#923,#924,#925));
#2130=EDGE_LOOP('',(#926,#927,#928,#929));
#2131=EDGE_LOOP('',(#930,#931,#932,#933));
#2132=EDGE_LOOP('',(#934,#935,#936,#937));
#2133=EDGE_LOOP('',(#938,#939,#940,#941));
#2134=EDGE_LOOP('',(#942,#943,#944,#945));
#2135=EDGE_LOOP('',(#946,#947,#948,#949));
#2136=EDGE_LOOP('',(#950,#951,#952,#953));
#2137=EDGE_LOOP('',(#954,#955,#956,#957));
#2138=EDGE_LOOP('',(#958,#959,#960,#961));
#2139=EDGE_LOOP('',(#962,#963,#964,#965));
#2140=EDGE_LOOP('',(#966,#967,#968,#969));
#2141=EDGE_LOOP('',(#970,#971,#972,#973));
#2142=EDGE_LOOP('',(#974,#975,#976,#977));
#2143=EDGE_LOOP('',(#978,#979,#980,#981));
#2144=EDGE_LOOP('',(#982,#983,#984,#985));
#2145=EDGE_LOOP('',(#986,#987,#988,#989));
#2146=EDGE_LOOP('',(#990,#991,#992,#993));
#2147=EDGE_LOOP('',(#994,#995,#996,#997));
#2148=EDGE_LOOP('',(#998,#999,#1000,#1001));
#2149=EDGE_LOOP('',(#1002,#1003,#1004,#1005));
#2150=EDGE_LOOP('',(#1006,#1007,#1008,#1009));
#2151=EDGE_LOOP('',(#1010,#1011,#1012,#1013));
#2152=EDGE_LOOP('',(#1014,#1015,#1016,#1017));
#2153=EDGE_LOOP('',(#1018,#1019,#1020,#1021));
#2154=EDGE_LOOP('',(#1022,#1023,#1024,#1025));
#2155=EDGE_LOOP('',(#1026,#1027,#1028,#1029));
#2156=EDGE_LOOP('',(#1030,#1031,#1032,#1033));
#2157=EDGE_LOOP('',(#1034,#1035,#1036,#1037));
#2158=EDGE_LOOP('',(#1038,#1039,#1040,#1041));
#2159=EDGE_LOOP('',(#1042,#1043,#1044,#1045));
#2160=EDGE_LOOP('',(#1046,#1047,#1048,#1049));
#2161=EDGE_LOOP('',(#1050,#1051,#1052,#1053));
#2162=EDGE_LOOP('',(#1054,#1055,#1056,#1057));
#2163=EDGE_LOOP('',(#1058,#1059,#1060,#1061));
#2164=EDGE_LOOP('',(#1062,#1063,#1064,#1065));
#2165=EDGE_LOOP('',(#1066,#1067,#1068,#1069));
#2166=EDGE_LOOP('',(#1070,#1071,#1072,#1073));
#2167=EDGE_LOOP('',(#1074,#1075,#1076,#1077));
#2168=EDGE_LOOP('',(#1078,#1079,#1080,#1081));
#2169=EDGE_LOOP('',(#1082,#1083,#1084,#1085));
#2170=EDGE_LOOP('',(#1086,#1087,#1088,#1089));
#2171=EDGE_LOOP('',(#1090,#1091,#1092,#1093));
#2172=EDGE_LOOP('',(#1094,#1095,#1096,#1097));
#2173=EDGE_LOOP('',(#1098,#1099,#1100,#1101));
#2174=EDGE_LOOP('',(#1102,#1103,#1104,#1105));
#2175=EDGE_LOOP('',(#1106,#1107,#1108,#1109));
#2176=EDGE_LOOP('',(#1110,#1111,#1112,#1113));
#2177=EDGE_LOOP('',(#1114,#1115,#1116,#1117));
#2178=EDGE_LOOP('',(#1118,#1119,#1120,#1121));
#2179=EDGE_LOOP('',(#1122,#1123,#1124,#1125));
#2180=EDGE_LOOP('',(#1126,#1127,#1128,#1129));
#2181=EDGE_LOOP('',(#1130,#1131,#1132,#1133));
#2182=EDGE_LOOP('',(#1134,#1135,#1136,#1137));
#2183=EDGE_LOOP('',(#1138,#1139,#1140,#1141));
#2184=EDGE_LOOP('',(#1142,#1143,#1144,#1145));
#2185=EDGE_LOOP('',(#1146,#1147,#1148,#1149));
#2186=EDGE_LOOP('',(#1150,#1151,#1152,#1153));
#2187=EDGE_LOOP('',(#1154,#1155,#1156,#1157));
#2188=EDGE_LOOP('',(#1158,#1159,#1160,#1161));
#2189=EDGE_LOOP('',(#1162,#1163,#1164,#1165));
#2190=EDGE_LOOP('',(#1166,#1167,#1168,#1169));
#2191=EDGE_LOOP('',(#1170,#1171,#1172,#1173));
#2192=EDGE_LOOP('',(#1174,#1175,#1176,#1177));
#2193=EDGE_LOOP('',(#1178,#1179,#1180,#1181));
#2194=EDGE_LOOP('',(#1182,#1183,#1184,#1185));
#2195=EDGE_LOOP('',(#1186,#1187,#1188,#1189));
#2196=EDGE_LOOP('',(#1190,#1191,#1192,#1193));
#2197=EDGE_LOOP('',(#1194,#1195,#1196,#1197));
#2198=EDGE_LOOP('',(#1198,#1199,#1200,#1201));
#2199=EDGE_LOOP('',(#1202,#1203,#1204,#1205));
#2200=EDGE_LOOP('',(#1206,#1207,#1208,#1209));
#2201=EDGE_LOOP('',(#1210,#1211,#1212,#1213));
#2202=EDGE_LOOP('',(#1214,#1215,#1216,#1217));
#2203=EDGE_LOOP('',(#1218,#1219,#1220,#1221));
#2204=EDGE_LOOP('',(#1222,#1223,#1224,#1225));
#2205=EDGE_LOOP('',(#1226,#1227,#1228,#1229));
#2206=EDGE_LOOP('',(#1230,#1231,#1232,#1233));
#2207=EDGE_LOOP('',(#1234,#1235,#1236,#1237));
#2208=EDGE_LOOP('',(#1238,#1239,#1240,#1241));
#2209=EDGE_LOOP('',(#1242,#1243,#1244,#1245));
#2210=EDGE_LOOP('',(#1246,#1247,#1248,#1249));
#2211=EDGE_LOOP('',(#1250,#1251,#1252,#1253));
#2212=EDGE_LOOP('',(#1254,#1255,#1256,#1257));
#2213=EDGE_LOOP('',(#1258));
#2214=EDGE_LOOP('',(#1259));
#2215=EDGE_LOOP('',(#1260));
#2216=EDGE_LOOP('',(#1261));
#2217=FACE_BOUND('',#2079,.T.);
#2218=FACE_BOUND('',#2080,.T.);
#2219=FACE_BOUND('',#2081,.T.);
#2220=FACE_BOUND('',#2082,.T.);
#2221=FACE_BOUND('',#2083,.T.);
#2222=FACE_BOUND('',#2084,.T.);
#2223=FACE_BOUND('',#2085,.T.);
#2224=FACE_BOUND('',#2086,.T.);
#2225=FACE_BOUND('',#2087,.T.);
#2226=FACE_BOUND('',#2088,.T.);
#2227=FACE_BOUND('',#2089,.T.);
#2228=FACE_BOUND('',#2090,.T.);
#2229=FACE_BOUND('',#2091,.T.);
#2230=FACE_BOUND('',#2092,.T.);
#2231=FACE_BOUND('',#2093,.T.);
#2232=FACE_BOUND('',#2094,.T.);
#2233=FACE_BOUND('',#2095,.T.);
#2234=FACE_BOUND('',#2096,.T.);
#2235=FACE_BOUND('',#2097,.T.);
#2236=FACE_BOUND('',#2098,.T.);
#2237=FACE_BOUND('',#2099,.T.);
#2238=FACE_BOUND('',#2100,.T.);
#2239=FACE_BOUND('',#2101,.T.);
#2240=FACE_BOUND('',#2102,.T.);
#2241=FACE_BOUND('',#2103,.T.);
#2242=FACE_BOUND('',#2104,.T.);
#2243=FACE_BOUND('',#2105,.T.);
#2244=FACE_BOUND('',#2106,.T.);
#2245=FACE_BOUND('',#2107,.T.);
#2246=FACE_BOUND('',#2108,.T.);
#2247=FACE_BOUND('',#2109,.T.);
#2248=FACE_BOUND('',#2110,.T.);
#2249=FACE_BOUND('',#2111,.T.);
#2250=FACE_BOUND('',#2112,.T.);
#2251=FACE_BOUND('',#2113,.T.);
#2252=FACE_BOUND('',#2114,.T.);
#2253=FACE_BOUND('',#2115,.T.);
#2254=FACE_BOUND('',#2116,.T.);
#2255=FACE_BOUND('',#2117,.T.);
#2256=FACE_BOUND('',#2118,.T.);
#2257=FACE_BOUND('',#2119,.T.);
#2258=FACE_BOUND('',#2120,.T.);
#2259=FACE_BOUND('',#2121,.T.);
#2260=FACE_BOUND('',#2122,.T.);
#2261=FACE_BOUND('',#2123,.T.);
#2262=FACE_BOUND('',#2124,.T.);
#2263=FACE_BOUND('',#2125,.T.);
#2264=FACE_BOUND('',#2126,.T.);
#2265=FACE_BOUND('',#2127,.T.);
#2266=FACE_BOUND('',#2128,.T.);
#2267=FACE_BOUND('',#2129,.T.);
#2268=FACE_BOUND('',#2130,.T.);
#2269=FACE_BOUND('',#2131,.T.);
#2270=FACE_BOUND('',#2132,.T.);
#2271=FACE_BOUND('',#2133,.T.);
#2272=FACE_BOUND('',#2134,.T.);
#2273=FACE_BOUND('',#2135,.T.);
#2274=FACE_BOUND('',#2136,.T.);
#2275=FACE_BOUND('',#2137,.T.);
#2276=FACE_BOUND('',#2138,.T.);
#2277=FACE_BOUND('',#2139,.T.);
#2278=FACE_BOUND('',#2140,.T.);
#2279=FACE_BOUND('',#2141,.T.);
#2280=FACE_BOUND('',#2142,.T.);
#2281=FACE_BOUND('',#2143,.T.);
#2282=FACE_BOUND('',#2144,.T.);
#2283=FACE_BOUND('',#2145,.T.);
#2284=FACE_BOUND('',#2146,.T.);
#2285=FACE_BOUND('',#2147,.T.);
#2286=FACE_BOUND('',#2148,.T.);
#2287=FACE_BOUND('',#2149,.T.);
#2288=FACE_BOUND('',#2150,.T.);
#2289=FACE_BOUND('',#2151,.T.);
#2290=FACE_BOUND('',#2152,.T.);
#2291=FACE_BOUND('',#2153,.T.);
#2292=FACE_BOUND('',#2154,.T.);
#2293=FACE_BOUND('',#2155,.T.);
#2294=FACE_BOUND('',#2156,.T.);
#2295=FACE_BOUND('',#2157,.T.);
#2296=FACE_BOUND('',#2158,.T.);
#2297=FACE_BOUND('',#2159,.T.);
#2298=FACE_BOUND('',#2160,.T.);
#2299=FACE_BOUND('',#2161,.T.);
#2300=FACE_BOUND('',#2162,.T.);
#2301=FACE_BOUND('',#2163,.T.);
#2302=FACE_BOUND('',#2164,.T.);
#2303=FACE_BOUND('',#2165,.T.);
#2304=FACE_BOUND('',#2166,.T.);
#2305=FACE_BOUND('',#2167,.T.);
#2306=FACE_BOUND('',#2168,.T.);
#2307=FACE_BOUND('',#2169,.T.);
#2308=FACE_BOUND('',#2170,.T.);
#2309=FACE_BOUND('',#2171,.T.);
#2310=FACE_BOUND('',#2172,.T.);
#2311=FACE_BOUND('',#2173,.T.);
#2312=FACE_BOUND('',#2174,.T.);
#2313=FACE_BOUND('',#2175,.T.);
#2314=FACE_BOUND('',#2176,.T.);
#2315=FACE_BOUND('',#2177,.T.);
#2316=FACE_BOUND('',#2178,.T.);
#2317=FACE_BOUND('',#2179,.T.);
#2318=FACE_BOUND('',#2180,.T.);
#2319=FACE_BOUND('',#2181,.T.);
#2320=FACE_BOUND('',#2182,.T.);
#2321=FACE_BOUND('',#2183,.T.);
#2322=FACE_BOUND('',#2184,.T.);
#2323=FACE_BOUND('',#2185,.T.);
#2324=FACE_BOUND('',#2186,.T.);
#2325=FACE_BOUND('',#2187,.T.);
#2326=FACE_BOUND('',#2188,.T.);
#2327=FACE_BOUND('',#2189,.T.);
#2328=FACE_BOUND('',#2190,.T.);
#2329=FACE_BOUND('',#2191,.T.);
#2330=FACE_BOUND('',#2192,.T.);
#2331=FACE_BOUND('',#2193,.T.);
#2332=FACE_BOUND('',#2194,.T.);
#2333=FACE_BOUND('',#2195,.T.);
#2334=FACE_BOUND('',#2196,.T.);
#2335=FACE_BOUND('',#2197,.T.);
#2336=FACE_BOUND('',#2198,.T.);
#2337=FACE_BOUND('',#2199,.T.);
#2338=FACE_BOUND('',#2200,.T.);
#2339=FACE_BOUND('',#2201,.T.);
#2340=FACE_BOUND('',#2202,.T.);
#2341=FACE_BOUND('',#2203,.T.);
#2342=FACE_BOUND('',#2204,.T.);
#2343=FACE_BOUND('',#2205,.T.);
#2344=FACE_BOUND('',#2206,.T.);
#2345=FACE_BOUND('',#2207,.T.);
#2346=FACE_BOUND('',#2208,.T.);
#2347=FACE_BOUND('',#2209,.T.);
#2348=FACE_BOUND('',#2210,.T.);
#2349=FACE_BOUND('',#2211,.T.);
#2350=FACE_BOUND('',#2212,.T.);
#2351=FACE_BOUND('',#2213,.T.);
#2352=FACE_BOUND('',#2214,.T.);
#2353=FACE_BOUND('',#2215,.T.);
#2354=FACE_BOUND('',#2216,.T.);
#2355=PLANE('',#2510);
#2356=PLANE('',#2635);
#2357=PLANE('',#2761);
#2358=PLANE('',#2763);
#2359=PLANE('',#2764);
#2360=PLANE('',#2766);
#2361=PLANE('',#2768);
#2362=PLANE('',#2770);
#2363=PLANE('',#2773);
#2364=ADVANCED_FACE('',(#2217,#2218),#2355,.F.);
#2365=ADVANCED_FACE('',(#2219),#52,.T.);
#2366=ADVANCED_FACE('',(#2220),#53,.T.);
#2367=ADVANCED_FACE('',(#2221),#54,.T.);
#2368=ADVANCED_FACE('',(#2222),#55,.T.);
#2369=ADVANCED_FACE('',(#2223),#56,.T.);
#2370=ADVANCED_FACE('',(#2224),#57,.T.);
#2371=ADVANCED_FACE('',(#2225),#58,.T.);
#2372=ADVANCED_FACE('',(#2226),#59,.T.);
#2373=ADVANCED_FACE('',(#2227),#60,.T.);
#2374=ADVANCED_FACE('',(#2228),#61,.T.);
#2375=ADVANCED_FACE('',(#2229),#62,.T.);
#2376=ADVANCED_FACE('',(#2230),#63,.T.);
#2377=ADVANCED_FACE('',(#2231),#64,.T.);
#2378=ADVANCED_FACE('',(#2232),#65,.T.);
#2379=ADVANCED_FACE('',(#2233),#66,.T.);
#2380=ADVANCED_FACE('',(#2234),#67,.T.);
#2381=ADVANCED_FACE('',(#2235),#68,.T.);
#2382=ADVANCED_FACE('',(#2236),#69,.T.);
#2383=ADVANCED_FACE('',(#2237),#70,.T.);
#2384=ADVANCED_FACE('',(#2238),#71,.T.);
#2385=ADVANCED_FACE('',(#2239,#2240),#2356,.T.);
#2386=ADVANCED_FACE('',(#2241,#2242),#72,.F.);
#2387=ADVANCED_FACE('',(#2243),#12,.F.);
#2388=ADVANCED_FACE('',(#2244),#13,.T.);
#2389=ADVANCED_FACE('',(#2245),#73,.T.);
#2390=ADVANCED_FACE('',(#2246),#74,.F.);
#2391=ADVANCED_FACE('',(#2247),#75,.F.);
#2392=ADVANCED_FACE('',(#2248),#14,.F.);
#2393=ADVANCED_FACE('',(#2249),#15,.T.);
#2394=ADVANCED_FACE('',(#2250),#76,.T.);
#2395=ADVANCED_FACE('',(#2251),#77,.F.);
#2396=ADVANCED_FACE('',(#2252),#78,.F.);
#2397=ADVANCED_FACE('',(#2253),#16,.F.);
#2398=ADVANCED_FACE('',(#2254),#17,.T.);
#2399=ADVANCED_FACE('',(#2255),#79,.T.);
#2400=ADVANCED_FACE('',(#2256),#80,.F.);
#2401=ADVANCED_FACE('',(#2257),#81,.F.);
#2402=ADVANCED_FACE('',(#2258),#18,.F.);
#2403=ADVANCED_FACE('',(#2259),#19,.T.);
#2404=ADVANCED_FACE('',(#2260),#82,.T.);
#2405=ADVANCED_FACE('',(#2261),#83,.F.);
#2406=ADVANCED_FACE('',(#2262),#84,.F.);
#2407=ADVANCED_FACE('',(#2263),#20,.F.);
#2408=ADVANCED_FACE('',(#2264),#21,.T.);
#2409=ADVANCED_FACE('',(#2265),#85,.T.);
#2410=ADVANCED_FACE('',(#2266),#86,.F.);
#2411=ADVANCED_FACE('',(#2267),#87,.F.);
#2412=ADVANCED_FACE('',(#2268),#22,.F.);
#2413=ADVANCED_FACE('',(#2269),#23,.T.);
#2414=ADVANCED_FACE('',(#2270),#88,.T.);
#2415=ADVANCED_FACE('',(#2271),#89,.F.);
#2416=ADVANCED_FACE('',(#2272),#90,.F.);
#2417=ADVANCED_FACE('',(#2273),#24,.F.);
#2418=ADVANCED_FACE('',(#2274),#25,.T.);
#2419=ADVANCED_FACE('',(#2275),#91,.T.);
#2420=ADVANCED_FACE('',(#2276),#92,.F.);
#2421=ADVANCED_FACE('',(#2277),#93,.F.);
#2422=ADVANCED_FACE('',(#2278),#26,.F.);
#2423=ADVANCED_FACE('',(#2279),#27,.T.);
#2424=ADVANCED_FACE('',(#2280),#94,.T.);
#2425=ADVANCED_FACE('',(#2281),#95,.F.);
#2426=ADVANCED_FACE('',(#2282),#96,.F.);
#2427=ADVANCED_FACE('',(#2283),#28,.F.);
#2428=ADVANCED_FACE('',(#2284),#29,.T.);
#2429=ADVANCED_FACE('',(#2285),#97,.T.);
#2430=ADVANCED_FACE('',(#2286),#98,.F.);
#2431=ADVANCED_FACE('',(#2287),#99,.F.);
#2432=ADVANCED_FACE('',(#2288),#30,.F.);
#2433=ADVANCED_FACE('',(#2289),#31,.T.);
#2434=ADVANCED_FACE('',(#2290),#100,.T.);
#2435=ADVANCED_FACE('',(#2291),#101,.F.);
#2436=ADVANCED_FACE('',(#2292),#102,.F.);
#2437=ADVANCED_FACE('',(#2293),#32,.F.);
#2438=ADVANCED_FACE('',(#2294),#33,.T.);
#2439=ADVANCED_FACE('',(#2295),#103,.T.);
#2440=ADVANCED_FACE('',(#2296),#104,.F.);
#2441=ADVANCED_FACE('',(#2297),#105,.F.);
#2442=ADVANCED_FACE('',(#2298),#34,.F.);
#2443=ADVANCED_FACE('',(#2299),#35,.T.);
#2444=ADVANCED_FACE('',(#2300),#106,.T.);
#2445=ADVANCED_FACE('',(#2301),#107,.F.);
#2446=ADVANCED_FACE('',(#2302),#108,.F.);
#2447=ADVANCED_FACE('',(#2303),#36,.F.);
#2448=ADVANCED_FACE('',(#2304),#37,.T.);
#2449=ADVANCED_FACE('',(#2305),#109,.T.);
#2450=ADVANCED_FACE('',(#2306),#110,.F.);
#2451=ADVANCED_FACE('',(#2307),#111,.F.);
#2452=ADVANCED_FACE('',(#2308),#38,.F.);
#2453=ADVANCED_FACE('',(#2309),#39,.T.);
#2454=ADVANCED_FACE('',(#2310),#112,.T.);
#2455=ADVANCED_FACE('',(#2311),#113,.F.);
#2456=ADVANCED_FACE('',(#2312),#114,.F.);
#2457=ADVANCED_FACE('',(#2313),#40,.F.);
#2458=ADVANCED_FACE('',(#2314),#41,.T.);
#2459=ADVANCED_FACE('',(#2315),#115,.T.);
#2460=ADVANCED_FACE('',(#2316),#116,.F.);
#2461=ADVANCED_FACE('',(#2317),#117,.F.);
#2462=ADVANCED_FACE('',(#2318),#42,.F.);
#2463=ADVANCED_FACE('',(#2319),#43,.T.);
#2464=ADVANCED_FACE('',(#2320),#118,.T.);
#2465=ADVANCED_FACE('',(#2321),#119,.F.);
#2466=ADVANCED_FACE('',(#2322),#120,.F.);
#2467=ADVANCED_FACE('',(#2323),#44,.F.);
#2468=ADVANCED_FACE('',(#2324),#45,.T.);
#2469=ADVANCED_FACE('',(#2325),#121,.T.);
#2470=ADVANCED_FACE('',(#2326),#122,.F.);
#2471=ADVANCED_FACE('',(#2327),#123,.F.);
#2472=ADVANCED_FACE('',(#2328),#46,.F.);
#2473=ADVANCED_FACE('',(#2329),#47,.T.);
#2474=ADVANCED_FACE('',(#2330),#124,.T.);
#2475=ADVANCED_FACE('',(#2331),#125,.F.);
#2476=ADVANCED_FACE('',(#2332),#126,.F.);
#2477=ADVANCED_FACE('',(#2333),#48,.F.);
#2478=ADVANCED_FACE('',(#2334),#49,.T.);
#2479=ADVANCED_FACE('',(#2335),#127,.T.);
#2480=ADVANCED_FACE('',(#2336),#128,.F.);
#2481=ADVANCED_FACE('',(#2337),#129,.F.);
#2482=ADVANCED_FACE('',(#2338),#50,.F.);
#2483=ADVANCED_FACE('',(#2339),#51,.T.);
#2484=ADVANCED_FACE('',(#2340),#130,.T.);
#2485=ADVANCED_FACE('',(#2341),#131,.F.);
#2486=ADVANCED_FACE('',(#2342),#132,.F.);
#2487=ADVANCED_FACE('',(#2343),#2357,.T.);
#2488=ADVANCED_FACE('',(#2344),#2358,.F.);
#2489=ADVANCED_FACE('',(#2345),#2359,.F.);
#2490=ADVANCED_FACE('',(#2346),#133,.F.);
#2491=ADVANCED_FACE('',(#2347),#2360,.T.);
#2492=ADVANCED_FACE('',(#2348),#2361,.F.);
#2493=ADVANCED_FACE('',(#2349),#134,.F.);
#2494=ADVANCED_FACE('',(#2350),#2362,.F.);
#2495=ADVANCED_FACE('',(#2351,#2352),#135,.F.);
#2496=ADVANCED_FACE('',(#2353,#2354),#2363,.T.);
#2497=CLOSED_SHELL('',(#2364,#2365,#2366,#2367,#2368,#2369,#2370,#2371,
#2372,#2373,#2374,#2375,#2376,#2377,#2378,#2379,#2380,#2381,#2382,#2383,
#2384,#2385,#2386,#2387,#2388,#2389,#2390,#2391,#2392,#2393,#2394,#2395,
#2396,#2397,#2398,#2399,#2400,#2401,#2402,#2403,#2404,#2405,#2406,#2407,
#2408,#2409,#2410,#2411,#2412,#2413,#2414,#2415,#2416,#2417,#2418,#2419,
#2420,#2421,#2422,#2423,#2424,#2425,#2426,#2427,#2428,#2429,#2430,#2431,
#2432,#2433,#2434,#2435,#2436,#2437,#2438,#2439,#2440,#2441,#2442,#2443,
#2444,#2445,#2446,#2447,#2448,#2449,#2450,#2451,#2452,#2453,#2454,#2455,
#2456,#2457,#2458,#2459,#2460,#2461,#2462,#2463,#2464,#2465,#2466,#2467,
#2468,#2469,#2470,#2471,#2472,#2473,#2474,#2475,#2476,#2477,#2478,#2479,
#2480,#2481,#2482,#2483,#2484,#2485,#2486,#2487,#2488,#2489,#2490,#2491,
#2492,#2493,#2494,#2495,#2496));
#2498=STYLED_ITEM('',(#2499),#2506);
#2499=PRESENTATION_STYLE_ASSIGNMENT((#2500));
#2500=SURFACE_STYLE_USAGE(.BOTH.,#2501);
#2501=SURFACE_SIDE_STYLE('',(#2502));
#2502=SURFACE_STYLE_FILL_AREA(#2503);
#2503=FILL_AREA_STYLE('',(#2504));
#2504=FILL_AREA_STYLE_COLOUR('',#2505);
#2505=COLOUR_RGB('',0.231372549019608,0.380392156862745,0.705882352941177);
#2506=MANIFOLD_SOLID_BREP('Spur gear (20 teeth)',#2497);
#2507=SHAPE_DEFINITION_REPRESENTATION(#8106,#2508);
#2508=SHAPE_REPRESENTATION('Spur gear (20 teeth)',(#2509),#8101);
#2509=AXIS2_PLACEMENT_3D('',#3440,#2774,#2775);
#2510=AXIS2_PLACEMENT_3D('',#3441,#2776,#2777);
#2511=AXIS2_PLACEMENT_3D('',#3442,#2778,#2779);
#2512=AXIS2_PLACEMENT_3D('',#3480,#2780,#2781);
#2513=AXIS2_PLACEMENT_3D('',#3517,#2782,#2783);
#2514=AXIS2_PLACEMENT_3D('',#3519,#2784,#2785);
#2515=AXIS2_PLACEMENT_3D('',#3521,#2786,#2787);
#2516=AXIS2_PLACEMENT_3D('',#3558,#2788,#2789);
#2517=AXIS2_PLACEMENT_3D('',#3595,#2790,#2791);
#2518=AXIS2_PLACEMENT_3D('',#3597,#2792,#2793);
#2519=AXIS2_PLACEMENT_3D('',#3599,#2794,#2795);
#2520=AXIS2_PLACEMENT_3D('',#3636,#2796,#2797);
#2521=AXIS2_PLACEMENT_3D('',#3673,#2798,#2799);
#2522=AXIS2_PLACEMENT_3D('',#3675,#2800,#2801);
#2523=AXIS2_PLACEMENT_3D('',#3677,#2802,#2803);
#2524=AXIS2_PLACEMENT_3D('',#3714,#2804,#2805);
#2525=AXIS2_PLACEMENT_3D('',#3751,#2806,#2807);
#2526=AXIS2_PLACEMENT_3D('',#3753,#2808,#2809);
#2527=AXIS2_PLACEMENT_3D('',#3755,#2810,#2811);
#2528=AXIS2_PLACEMENT_3D('',#3792,#2812,#2813);
#2529=AXIS2_PLACEMENT_3D('',#3829,#2814,#2815);
#2530=AXIS2_PLACEMENT_3D('',#3831,#2816,#2817);
#2531=AXIS2_PLACEMENT_3D('',#3833,#2818,#2819);
#2532=AXIS2_PLACEMENT_3D('',#3870,#2820,#2821);
#2533=AXIS2_PLACEMENT_3D('',#3907,#2822,#2823);
#2534=AXIS2_PLACEMENT_3D('',#3909,#2824,#2825);
#2535=AXIS2_PLACEMENT_3D('',#3911,#2826,#2827);
#2536=AXIS2_PLACEMENT_3D('',#3948,#2828,#2829);
#2537=AXIS2_PLACEMENT_3D('',#3985,#2830,#2831);
#2538=AXIS2_PLACEMENT_3D('',#3987,#2832,#2833);
#2539=AXIS2_PLACEMENT_3D('',#3989,#2834,#2835);
#2540=AXIS2_PLACEMENT_3D('',#4026,#2836,#2837);
#2541=AXIS2_PLACEMENT_3D('',#4063,#2838,#2839);
#2542=AXIS2_PLACEMENT_3D('',#4065,#2840,#2841);
#2543=AXIS2_PLACEMENT_3D('',#4067,#2842,#2843);
#2544=AXIS2_PLACEMENT_3D('',#4104,#2844,#2845);
#2545=AXIS2_PLACEMENT_3D('',#4141,#2846,#2847);
#2546=AXIS2_PLACEMENT_3D('',#4143,#2848,#2849);
#2547=AXIS2_PLACEMENT_3D('',#4145,#2850,#2851);
#2548=AXIS2_PLACEMENT_3D('',#4182,#2852,#2853);
#2549=AXIS2_PLACEMENT_3D('',#4219,#2854,#2855);
#2550=AXIS2_PLACEMENT_3D('',#4221,#2856,#2857);
#2551=AXIS2_PLACEMENT_3D('',#4223,#2858,#2859);
#2552=AXIS2_PLACEMENT_3D('',#4260,#2860,#2861);
#2553=AXIS2_PLACEMENT_3D('',#4297,#2862,#2863);
#2554=AXIS2_PLACEMENT_3D('',#4299,#2864,#2865);
#2555=AXIS2_PLACEMENT_3D('',#4301,#2866,#2867);
#2556=AXIS2_PLACEMENT_3D('',#4338,#2868,#2869);
#2557=AXIS2_PLACEMENT_3D('',#4375,#2870,#2871);
#2558=AXIS2_PLACEMENT_3D('',#4377,#2872,#2873);
#2559=AXIS2_PLACEMENT_3D('',#4379,#2874,#2875);
#2560=AXIS2_PLACEMENT_3D('',#4416,#2876,#2877);
#2561=AXIS2_PLACEMENT_3D('',#4453,#2878,#2879);
#2562=AXIS2_PLACEMENT_3D('',#4455,#2880,#2881);
#2563=AXIS2_PLACEMENT_3D('',#4457,#2882,#2883);
#2564=AXIS2_PLACEMENT_3D('',#4494,#2884,#2885);
#2565=AXIS2_PLACEMENT_3D('',#4531,#2886,#2887);
#2566=AXIS2_PLACEMENT_3D('',#4533,#2888,#2889);
#2567=AXIS2_PLACEMENT_3D('',#4535,#2890,#2891);
#2568=AXIS2_PLACEMENT_3D('',#4572,#2892,#2893);
#2569=AXIS2_PLACEMENT_3D('',#4609,#2894,#2895);
#2570=AXIS2_PLACEMENT_3D('',#4611,#2896,#2897);
#2571=AXIS2_PLACEMENT_3D('',#4613,#2898,#2899);
#2572=AXIS2_PLACEMENT_3D('',#4650,#2900,#2901);
#2573=AXIS2_PLACEMENT_3D('',#4687,#2902,#2903);
#2574=AXIS2_PLACEMENT_3D('',#4689,#2904,#2905);
#2575=AXIS2_PLACEMENT_3D('',#4691,#2906,#2907);
#2576=AXIS2_PLACEMENT_3D('',#4728,#2908,#2909);
#2577=AXIS2_PLACEMENT_3D('',#4765,#2910,#2911);
#2578=AXIS2_PLACEMENT_3D('',#4767,#2912,#2913);
#2579=AXIS2_PLACEMENT_3D('',#4769,#2914,#2915);
#2580=AXIS2_PLACEMENT_3D('',#4806,#2916,#2917);
#2581=AXIS2_PLACEMENT_3D('',#4843,#2918,#2919);
#2582=AXIS2_PLACEMENT_3D('',#4845,#2920,#2921);
#2583=AXIS2_PLACEMENT_3D('',#4847,#2922,#2923);
#2584=AXIS2_PLACEMENT_3D('',#4884,#2924,#2925);
#2585=AXIS2_PLACEMENT_3D('',#4921,#2926,#2927);
#2586=AXIS2_PLACEMENT_3D('',#4923,#2928,#2929);
#2587=AXIS2_PLACEMENT_3D('',#4925,#2930,#2931);
#2588=AXIS2_PLACEMENT_3D('',#4962,#2932,#2933);
#2589=AXIS2_PLACEMENT_3D('',#4999,#2934,#2935);
#2590=AXIS2_PLACEMENT_3D('',#5001,#2936,#2937);
#2591=AXIS2_PLACEMENT_3D('',#5005,#2939,#2940);
#2592=AXIS2_PLACEMENT_3D('',#5009,#2942,#2943);
#2593=AXIS2_PLACEMENT_3D('',#5013,#2945,#2946);
#2594=AXIS2_PLACEMENT_3D('',#5017,#2948,#2949);
#2595=AXIS2_PLACEMENT_3D('',#5018,#2950,#2951);
#2596=AXIS2_PLACEMENT_3D('',#5021,#2953,#2954);
#2597=AXIS2_PLACEMENT_3D('',#5024,#2956,#2957);
#2598=AXIS2_PLACEMENT_3D('',#5029,#2960,#2961);
#2599=AXIS2_PLACEMENT_3D('',#5030,#2962,#2963);
#2600=AXIS2_PLACEMENT_3D('',#5035,#2966,#2967);
#2601=AXIS2_PLACEMENT_3D('',#5036,#2968,#2969);
#2602=AXIS2_PLACEMENT_3D('',#5041,#2972,#2973);
#2603=AXIS2_PLACEMENT_3D('',#5042,#2974,#2975);
#2604=AXIS2_PLACEMENT_3D('',#5047,#2978,#2979);
#2605=AXIS2_PLACEMENT_3D('',#5048,#2980,#2981);
#2606=AXIS2_PLACEMENT_3D('',#5053,#2984,#2985);
#2607=AXIS2_PLACEMENT_3D('',#5054,#2986,#2987);
#2608=AXIS2_PLACEMENT_3D('',#5059,#2990,#2991);
#2609=AXIS2_PLACEMENT_3D('',#5060,#2992,#2993);
#2610=AXIS2_PLACEMENT_3D('',#5065,#2996,#2997);
#2611=AXIS2_PLACEMENT_3D('',#5066,#2998,#2999);
#2612=AXIS2_PLACEMENT_3D('',#5069,#3001,#3002);
#2613=AXIS2_PLACEMENT_3D('',#5072,#3004,#3005);
#2614=AXIS2_PLACEMENT_3D('',#5077,#3008,#3009);
#2615=AXIS2_PLACEMENT_3D('',#5078,#3010,#3011);
#2616=AXIS2_PLACEMENT_3D('',#5081,#3013,#3014);
#2617=AXIS2_PLACEMENT_3D('',#5084,#3016,#3017);
#2618=AXIS2_PLACEMENT_3D('',#5087,#3019,#3020);
#2619=AXIS2_PLACEMENT_3D('',#5090,#3022,#3023);
#2620=AXIS2_PLACEMENT_3D('',#5093,#3025,#3026);
#2621=AXIS2_PLACEMENT_3D('',#5096,#3028,#3029);
#2622=AXIS2_PLACEMENT_3D('',#5101,#3032,#3033);
#2623=AXIS2_PLACEMENT_3D('',#5102,#3034,#3035);
#2624=AXIS2_PLACEMENT_3D('',#5107,#3038,#3039);
#2625=AXIS2_PLACEMENT_3D('',#5108,#3040,#3041);
#2626=AXIS2_PLACEMENT_3D('',#5113,#3044,#3045);
#2627=AXIS2_PLACEMENT_3D('',#5114,#3046,#3047);
#2628=AXIS2_PLACEMENT_3D('',#5117,#3049,#3050);
#2629=AXIS2_PLACEMENT_3D('',#5120,#3052,#3053);
#2630=AXIS2_PLACEMENT_3D('',#5125,#3056,#3057);
#2631=AXIS2_PLACEMENT_3D('',#5126,#3058,#3059);
#2632=AXIS2_PLACEMENT_3D('',#5131,#3062,#3063);
#2633=AXIS2_PLACEMENT_3D('',#5132,#3064,#3065);
#2634=AXIS2_PLACEMENT_3D('',#5137,#3068,#3069);
#2635=AXIS2_PLACEMENT_3D('',#5138,#3070,#3071);
#2636=AXIS2_PLACEMENT_3D('',#5139,#3072,#3073);
#2637=AXIS2_PLACEMENT_3D('',#5211,#3074,#3075);
#2638=AXIS2_PLACEMENT_3D('',#5213,#3076,#3077);
#2639=AXIS2_PLACEMENT_3D('',#5215,#3078,#3079);
#2640=AXIS2_PLACEMENT_3D('',#5286,#3080,#3081);
#2641=AXIS2_PLACEMENT_3D('',#5288,#3082,#3083);
#2642=AXIS2_PLACEMENT_3D('',#5290,#3084,#3085);
#2643=AXIS2_PLACEMENT_3D('',#5361,#3086,#3087);
#2644=AXIS2_PLACEMENT_3D('',#5363,#3088,#3089);
#2645=AXIS2_PLACEMENT_3D('',#5365,#3090,#3091);
#2646=AXIS2_PLACEMENT_3D('',#5436,#3092,#3093);
#2647=AXIS2_PLACEMENT_3D('',#5438,#3094,#3095);
#2648=AXIS2_PLACEMENT_3D('',#5440,#3096,#3097);
#2649=AXIS2_PLACEMENT_3D('',#5511,#3098,#3099);
#2650=AXIS2_PLACEMENT_3D('',#5513,#3100,#3101);
#2651=AXIS2_PLACEMENT_3D('',#5515,#3102,#3103);
#2652=AXIS2_PLACEMENT_3D('',#5586,#3104,#3105);
#2653=AXIS2_PLACEMENT_3D('',#5588,#3106,#3107);
#2654=AXIS2_PLACEMENT_3D('',#5590,#3108,#3109);
#2655=AXIS2_PLACEMENT_3D('',#5661,#3110,#3111);
#2656=AXIS2_PLACEMENT_3D('',#5663,#3112,#3113);
#2657=AXIS2_PLACEMENT_3D('',#5665,#3114,#3115);
#2658=AXIS2_PLACEMENT_3D('',#5736,#3116,#3117);
#2659=AXIS2_PLACEMENT_3D('',#5738,#3118,#3119);
#2660=AXIS2_PLACEMENT_3D('',#5740,#3120,#3121);
#2661=AXIS2_PLACEMENT_3D('',#5811,#3122,#3123);
#2662=AXIS2_PLACEMENT_3D('',#5813,#3124,#3125);
#2663=AXIS2_PLACEMENT_3D('',#5815,#3126,#3127);
#2664=AXIS2_PLACEMENT_3D('',#5886,#3128,#3129);
#2665=AXIS2_PLACEMENT_3D('',#5888,#3130,#3131);
#2666=AXIS2_PLACEMENT_3D('',#5890,#3132,#3133);
#2667=AXIS2_PLACEMENT_3D('',#5961,#3134,#3135);
#2668=AXIS2_PLACEMENT_3D('',#5963,#3136,#3137);
#2669=AXIS2_PLACEMENT_3D('',#5965,#3138,#3139);
#2670=AXIS2_PLACEMENT_3D('',#6036,#3140,#3141);
#2671=AXIS2_PLACEMENT_3D('',#6038,#3142,#3143);
#2672=AXIS2_PLACEMENT_3D('',#6040,#3144,#3145);
#2673=AXIS2_PLACEMENT_3D('',#6111,#3146,#3147);
#2674=AXIS2_PLACEMENT_3D('',#6113,#3148,#3149);
#2675=AXIS2_PLACEMENT_3D('',#6115,#3150,#3151);
#2676=AXIS2_PLACEMENT_3D('',#6186,#3152,#3153);
#2677=AXIS2_PLACEMENT_3D('',#6188,#3154,#3155);
#2678=AXIS2_PLACEMENT_3D('',#6190,#3156,#3157);
#2679=AXIS2_PLACEMENT_3D('',#6261,#3158,#3159);
#2680=AXIS2_PLACEMENT_3D('',#6263,#3160,#3161);
#2681=AXIS2_PLACEMENT_3D('',#6265,#3162,#3163);
#2682=AXIS2_PLACEMENT_3D('',#6336,#3164,#3165);
#2683=AXIS2_PLACEMENT_3D('',#6338,#3166,#3167);
#2684=AXIS2_PLACEMENT_3D('',#6340,#3168,#3169);
#2685=AXIS2_PLACEMENT_3D('',#6411,#3170,#3171);
#2686=AXIS2_PLACEMENT_3D('',#6413,#3172,#3173);
#2687=AXIS2_PLACEMENT_3D('',#6415,#3174,#3175);
#2688=AXIS2_PLACEMENT_3D('',#6486,#3176,#3177);
#2689=AXIS2_PLACEMENT_3D('',#6488,#3178,#3179);
#2690=AXIS2_PLACEMENT_3D('',#6490,#3180,#3181);
#2691=AXIS2_PLACEMENT_3D('',#6561,#3182,#3183);
#2692=AXIS2_PLACEMENT_3D('',#6563,#3184,#3185);
#2693=AXIS2_PLACEMENT_3D('',#6565,#3186,#3187);
#2694=AXIS2_PLACEMENT_3D('',#6636,#3188,#3189);
#2695=AXIS2_PLACEMENT_3D('',#6638,#3190,#3191);
#2696=AXIS2_PLACEMENT_3D('',#6639,#3192,#3193);
#2697=AXIS2_PLACEMENT_3D('',#6641,#3194,#3195);
#2698=AXIS2_PLACEMENT_3D('',#6642,#3196,#3197);
#2699=AXIS2_PLACEMENT_3D('',#6646,#3199,#3200);
#2700=AXIS2_PLACEMENT_3D('',#6651,#3203,#3204);
#2701=AXIS2_PLACEMENT_3D('',#6720,#3208,#3209);
#2702=AXIS2_PLACEMENT_3D('',#6723,#3212,#3213);
#2703=AXIS2_PLACEMENT_3D('',#6724,#3214,#3215);
#2704=AXIS2_PLACEMENT_3D('',#6791,#3218,#3219);
#2705=AXIS2_PLACEMENT_3D('',#6794,#3222,#3223);
#2706=AXIS2_PLACEMENT_3D('',#6795,#3224,#3225);
#2707=AXIS2_PLACEMENT_3D('',#6862,#3228,#3229);
#2708=AXIS2_PLACEMENT_3D('',#6865,#3232,#3233);
#2709=AXIS2_PLACEMENT_3D('',#6866,#3234,#3235);
#2710=AXIS2_PLACEMENT_3D('',#6933,#3238,#3239);
#2711=AXIS2_PLACEMENT_3D('',#6936,#3242,#3243);
#2712=AXIS2_PLACEMENT_3D('',#6937,#3244,#3245);
#2713=AXIS2_PLACEMENT_3D('',#7004,#3248,#3249);
#2714=AXIS2_PLACEMENT_3D('',#7007,#3252,#3253);
#2715=AXIS2_PLACEMENT_3D('',#7008,#3254,#3255);
#2716=AXIS2_PLACEMENT_3D('',#7075,#3258,#3259);
#2717=AXIS2_PLACEMENT_3D('',#7078,#3262,#3263);
#2718=AXIS2_PLACEMENT_3D('',#7079,#3264,#3265);
#2719=AXIS2_PLACEMENT_3D('',#7146,#3268,#3269);
#2720=AXIS2_PLACEMENT_3D('',#7149,#3272,#3273);
#2721=AXIS2_PLACEMENT_3D('',#7150,#3274,#3275);
#2722=AXIS2_PLACEMENT_3D('',#7217,#3278,#3279);
#2723=AXIS2_PLACEMENT_3D('',#7220,#3282,#3283);
#2724=AXIS2_PLACEMENT_3D('',#7221,#3284,#3285);
#2725=AXIS2_PLACEMENT_3D('',#7288,#3288,#3289);
#2726=AXIS2_PLACEMENT_3D('',#7291,#3292,#3293);
#2727=AXIS2_PLACEMENT_3D('',#7292,#3294,#3295);
#2728=AXIS2_PLACEMENT_3D('',#7359,#3298,#3299);
#2729=AXIS2_PLACEMENT_3D('',#7362,#3302,#3303);
#2730=AXIS2_PLACEMENT_3D('',#7363,#3304,#3305);
#2731=AXIS2_PLACEMENT_3D('',#7430,#3308,#3309);
#2732=AXIS2_PLACEMENT_3D('',#7433,#3312,#3313);
#2733=AXIS2_PLACEMENT_3D('',#7434,#3314,#3315);
#2734=AXIS2_PLACEMENT_3D('',#7501,#3318,#3319);
#2735=AXIS2_PLACEMENT_3D('',#7504,#3322,#3323);
#2736=AXIS2_PLACEMENT_3D('',#7505,#3324,#3325);
#2737=AXIS2_PLACEMENT_3D('',#7572,#3328,#3329);
#2738=AXIS2_PLACEMENT_3D('',#7575,#3332,#3333);
#2739=AXIS2_PLACEMENT_3D('',#7576,#3334,#3335);
#2740=AXIS2_PLACEMENT_3D('',#7643,#3338,#3339);
#2741=AXIS2_PLACEMENT_3D('',#7646,#3342,#3343);
#2742=AXIS2_PLACEMENT_3D('',#7647,#3344,#3345);
#2743=AXIS2_PLACEMENT_3D('',#7714,#3348,#3349);
#2744=AXIS2_PLACEMENT_3D('',#7717,#3352,#3353);
#2745=AXIS2_PLACEMENT_3D('',#7718,#3354,#3355);
#2746=AXIS2_PLACEMENT_3D('',#7785,#3358,#3359);
#2747=AXIS2_PLACEMENT_3D('',#7788,#3362,#3363);
#2748=AXIS2_PLACEMENT_3D('',#7789,#3364,#3365);
#2749=AXIS2_PLACEMENT_3D('',#7856,#3368,#3369);
#2750=AXIS2_PLACEMENT_3D('',#7859,#3372,#3373);
#2751=AXIS2_PLACEMENT_3D('',#7860,#3374,#3375);
#2752=AXIS2_PLACEMENT_3D('',#7927,#3378,#3379);
#2753=AXIS2_PLACEMENT_3D('',#7930,#3382,#3383);
#2754=AXIS2_PLACEMENT_3D('',#7931,#3384,#3385);
#2755=AXIS2_PLACEMENT_3D('',#7998,#3388,#3389);
#2756=AXIS2_PLACEMENT_3D('',#8001,#3392,#3393);
#2757=AXIS2_PLACEMENT_3D('',#8002,#3394,#3395);
#2758=AXIS2_PLACEMENT_3D('',#8069,#3398,#3399);
#2759=AXIS2_PLACEMENT_3D('',#8072,#3402,#3403);
#2760=AXIS2_PLACEMENT_3D('',#8073,#3404,#3405);
#2761=AXIS2_PLACEMENT_3D('',#8074,#3406,#3407);
#2762=AXIS2_PLACEMENT_3D('',#8077,#3409,#3410);
#2763=AXIS2_PLACEMENT_3D('',#8080,#3412,#3413);
#2764=AXIS2_PLACEMENT_3D('',#8082,#3415,#3416);
#2765=AXIS2_PLACEMENT_3D('',#8084,#3418,#3419);
#2766=AXIS2_PLACEMENT_3D('',#8085,#3420,#3421);
#2767=AXIS2_PLACEMENT_3D('',#8088,#3423,#3424);
#2768=AXIS2_PLACEMENT_3D('',#8091,#3426,#3427);
#2769=AXIS2_PLACEMENT_3D('',#8093,#3429,#3430);
#2770=AXIS2_PLACEMENT_3D('',#8095,#3432,#3433);
#2771=AXIS2_PLACEMENT_3D('',#8096,#3434,#3435);
#2772=AXIS2_PLACEMENT_3D('',#8097,#3436,#3437);
#2773=AXIS2_PLACEMENT_3D('',#8099,#3438,#3439);
#2774=DIRECTION('',(0.,0.,1.));
#2775=DIRECTION('',(1.,0.,0.));
#2776=DIRECTION('',(0.,-1.,0.));
#2777=DIRECTION('',(1.,0.,0.));
#2778=DIRECTION('',(0.,-1.,0.));
#2779=DIRECTION('',(0.951056516295154,0.,-0.309016994374948));
#2780=DIRECTION('',(0.,-1.,0.));
#2781=DIRECTION('',(-1.,0.,0.));
#2782=DIRECTION('',(0.,-1.,0.));
#2783=DIRECTION('',(0.809016994374947,0.,-0.587785252292473));
#2784=DIRECTION('',(0.,-1.,0.));
#2785=DIRECTION('',(0.809016994374947,0.,-0.587785252292473));
#2786=DIRECTION('',(0.,-1.,0.));
#2787=DIRECTION('',(0.809016994374947,0.,-0.587785252292473));
#2788=DIRECTION('',(0.,-1.,0.));
#2789=DIRECTION('',(-1.,0.,0.));
#2790=DIRECTION('',(0.,-1.,0.));
#2791=DIRECTION('',(0.587785252292473,0.,-0.809016994374948));
#2792=DIRECTION('',(0.,-1.,0.));
#2793=DIRECTION('',(0.587785252292473,0.,-0.809016994374948));
#2794=DIRECTION('',(0.,-1.,0.));
#2795=DIRECTION('',(0.587785252292473,0.,-0.809016994374948));
#2796=DIRECTION('',(0.,-1.,0.));
#2797=DIRECTION('',(-1.,0.,0.));
#2798=DIRECTION('',(0.,-1.,0.));
#2799=DIRECTION('',(0.309016994374948,0.,-0.951056516295154));
#2800=DIRECTION('',(0.,-1.,0.));
#2801=DIRECTION('',(0.309016994374948,0.,-0.951056516295154));
#2802=DIRECTION('',(0.,-1.,0.));
#2803=DIRECTION('',(0.309016994374948,0.,-0.951056516295154));
#2804=DIRECTION('',(0.,-1.,0.));
#2805=DIRECTION('',(-1.,0.,0.));
#2806=DIRECTION('',(0.,-1.,0.));
#2807=DIRECTION('',(-6.12323399573677E-17,0.,-1.));
#2808=DIRECTION('',(0.,-1.,0.));
#2809=DIRECTION('',(-6.12323399573677E-17,0.,-1.));
#2810=DIRECTION('',(0.,-1.,0.));
#2811=DIRECTION('',(-6.12323399573677E-17,0.,-1.));
#2812=DIRECTION('',(0.,-1.,0.));
#2813=DIRECTION('',(-1.,0.,0.));
#2814=DIRECTION('',(0.,-1.,0.));
#2815=DIRECTION('',(-0.309016994374948,0.,-0.951056516295154));
#2816=DIRECTION('',(0.,-1.,0.));
#2817=DIRECTION('',(-0.309016994374948,0.,-0.951056516295154));
#2818=DIRECTION('',(0.,-1.,0.));
#2819=DIRECTION('',(-0.309016994374948,0.,-0.951056516295154));
#2820=DIRECTION('',(0.,-1.,0.));
#2821=DIRECTION('',(-1.,0.,0.));
#2822=DIRECTION('',(0.,-1.,0.));
#2823=DIRECTION('',(-0.587785252292473,0.,-0.809016994374948));
#2824=DIRECTION('',(0.,-1.,0.));
#2825=DIRECTION('',(-0.587785252292473,0.,-0.809016994374948));
#2826=DIRECTION('',(0.,-1.,0.));
#2827=DIRECTION('',(-0.587785252292473,0.,-0.809016994374948));
#2828=DIRECTION('',(0.,-1.,0.));
#2829=DIRECTION('',(-1.,0.,0.));
#2830=DIRECTION('',(0.,-1.,0.));
#2831=DIRECTION('',(-0.809016994374948,0.,-0.587785252292473));
#2832=DIRECTION('',(0.,-1.,0.));
#2833=DIRECTION('',(-0.809016994374948,0.,-0.587785252292473));
#2834=DIRECTION('',(0.,-1.,0.));
#2835=DIRECTION('',(-0.809016994374948,0.,-0.587785252292473));
#2836=DIRECTION('',(0.,-1.,0.));
#2837=DIRECTION('',(-1.,0.,0.));
#2838=DIRECTION('',(0.,-1.,0.));
#2839=DIRECTION('',(-0.951056516295154,0.,-0.309016994374948));
#2840=DIRECTION('',(0.,-1.,0.));
#2841=DIRECTION('',(-0.951056516295154,0.,-0.309016994374948));
#2842=DIRECTION('',(0.,-1.,0.));
#2843=DIRECTION('',(-0.951056516295154,0.,-0.309016994374948));
#2844=DIRECTION('',(0.,-1.,0.));
#2845=DIRECTION('',(-1.,0.,0.));
#2846=DIRECTION('',(0.,-1.,0.));
#2847=DIRECTION('',(-1.,0.,0.));
#2848=DIRECTION('',(0.,-1.,0.));
#2849=DIRECTION('',(-1.,0.,0.));
#2850=DIRECTION('',(0.,-1.,0.));
#2851=DIRECTION('',(-1.,0.,0.));
#2852=DIRECTION('',(0.,-1.,0.));
#2853=DIRECTION('',(-1.,0.,0.));
#2854=DIRECTION('',(0.,-1.,0.));
#2855=DIRECTION('',(-0.951056516295154,0.,0.309016994374948));
#2856=DIRECTION('',(0.,-1.,0.));
#2857=DIRECTION('',(-0.951056516295154,0.,0.309016994374948));
#2858=DIRECTION('',(0.,-1.,0.));
#2859=DIRECTION('',(-0.951056516295154,0.,0.309016994374948));
#2860=DIRECTION('',(0.,-1.,0.));
#2861=DIRECTION('',(-1.,0.,0.));
#2862=DIRECTION('',(0.,-1.,0.));
#2863=DIRECTION('',(-0.809016994374947,0.,0.587785252292473));
#2864=DIRECTION('',(0.,-1.,0.));
#2865=DIRECTION('',(-0.809016994374947,0.,0.587785252292473));
#2866=DIRECTION('',(0.,-1.,0.));
#2867=DIRECTION('',(-0.809016994374947,0.,0.587785252292473));
#2868=DIRECTION('',(0.,-1.,0.));
#2869=DIRECTION('',(-1.,0.,0.));
#2870=DIRECTION('',(0.,-1.,0.));
#2871=DIRECTION('',(-0.587785252292473,0.,0.809016994374948));
#2872=DIRECTION('',(0.,-1.,0.));
#2873=DIRECTION('',(-0.587785252292473,0.,0.809016994374948));
#2874=DIRECTION('',(0.,-1.,0.));
#2875=DIRECTION('',(-0.587785252292473,0.,0.809016994374948));
#2876=DIRECTION('',(0.,-1.,0.));
#2877=DIRECTION('',(-1.,0.,0.));
#2878=DIRECTION('',(0.,-1.,0.));
#2879=DIRECTION('',(-0.309016994374948,0.,0.951056516295154));
#2880=DIRECTION('',(0.,-1.,0.));
#2881=DIRECTION('',(-0.309016994374948,0.,0.951056516295154));
#2882=DIRECTION('',(0.,-1.,0.));
#2883=DIRECTION('',(-0.309016994374948,0.,0.951056516295154));
#2884=DIRECTION('',(0.,-1.,0.));
#2885=DIRECTION('',(-1.,0.,0.));
#2886=DIRECTION('',(0.,-1.,0.));
#2887=DIRECTION('',(1.83697019872103E-16,0.,1.));
#2888=DIRECTION('',(0.,-1.,0.));
#2889=DIRECTION('',(1.83697019872103E-16,0.,1.));
#2890=DIRECTION('',(0.,-1.,0.));
#2891=DIRECTION('',(1.83697019872103E-16,0.,1.));
#2892=DIRECTION('',(0.,-1.,0.));
#2893=DIRECTION('',(-1.,0.,0.));
#2894=DIRECTION('',(0.,-1.,0.));
#2895=DIRECTION('',(0.309016994374948,0.,0.951056516295154));
#2896=DIRECTION('',(0.,-1.,0.));
#2897=DIRECTION('',(0.309016994374948,0.,0.951056516295154));
#2898=DIRECTION('',(0.,-1.,0.));
#2899=DIRECTION('',(0.309016994374948,0.,0.951056516295154));
#2900=DIRECTION('',(0.,-1.,0.));
#2901=DIRECTION('',(-1.,0.,0.));
#2902=DIRECTION('',(0.,-1.,0.));
#2903=DIRECTION('',(0.587785252292473,0.,0.809016994374947));
#2904=DIRECTION('',(0.,-1.,0.));
#2905=DIRECTION('',(0.587785252292473,0.,0.809016994374947));
#2906=DIRECTION('',(0.,-1.,0.));
#2907=DIRECTION('',(0.587785252292473,0.,0.809016994374947));
#2908=DIRECTION('',(0.,-1.,0.));
#2909=DIRECTION('',(-1.,0.,0.));
#2910=DIRECTION('',(0.,-1.,0.));
#2911=DIRECTION('',(0.809016994374948,0.,0.587785252292473));
#2912=DIRECTION('',(0.,-1.,0.));
#2913=DIRECTION('',(0.809016994374948,0.,0.587785252292473));
#2914=DIRECTION('',(0.,-1.,0.));
#2915=DIRECTION('',(0.809016994374948,0.,0.587785252292473));
#2916=DIRECTION('',(0.,-1.,0.));
#2917=DIRECTION('',(-1.,0.,0.));
#2918=DIRECTION('',(0.,-1.,0.));
#2919=DIRECTION('',(0.951056516295154,0.,0.309016994374948));
#2920=DIRECTION('',(0.,-1.,0.));
#2921=DIRECTION('',(0.951056516295154,0.,0.309016994374948));
#2922=DIRECTION('',(0.,-1.,0.));
#2923=DIRECTION('',(0.951056516295154,0.,0.309016994374948));
#2924=DIRECTION('',(0.,-1.,0.));
#2925=DIRECTION('',(-1.,0.,0.));
#2926=DIRECTION('',(0.,-1.,0.));
#2927=DIRECTION('',(1.,0.,-1.22464679914735E-16));
#2928=DIRECTION('',(0.,-1.,0.));
#2929=DIRECTION('',(1.,0.,-1.22464679914735E-16));
#2930=DIRECTION('',(0.,-1.,0.));
#2931=DIRECTION('',(1.,0.,-1.22464679914735E-16));
#2932=DIRECTION('',(0.,-1.,0.));
#2933=DIRECTION('',(-1.,0.,0.));
#2934=DIRECTION('',(0.,-1.,0.));
#2935=DIRECTION('',(0.951056516295154,0.,-0.309016994374948));
#2936=DIRECTION('',(0.,-1.,0.));
#2937=DIRECTION('',(0.951056516295154,0.,-0.309016994374948));
#2938=DIRECTION('',(0.998510440144325,0.,-0.0545609835210729));
#2939=DIRECTION('',(0.,-1.,0.));
#2940=DIRECTION('',(-1.,0.,0.));
#2941=DIRECTION('',(0.998510440144325,0.,0.0545609835210727));
#2942=DIRECTION('',(0.,1.,0.));
#2943=DIRECTION('',(1.,0.,0.));
#2944=DIRECTION('',(-0.998510440144325,0.,0.0545609835210729));
#2945=DIRECTION('',(0.,-1.,0.));
#2946=DIRECTION('',(-1.,0.,0.));
#2947=DIRECTION('',(-0.998510440144325,0.,-0.0545609835210727));
#2948=DIRECTION('',(0.,1.,0.));
#2949=DIRECTION('',(1.,0.,0.));
#2950=DIRECTION('',(0.,-1.,0.));
#2951=DIRECTION('',(-1.,0.,0.));
#2952=DIRECTION('',(0.,-1.,0.));
#2953=DIRECTION('',(0.,-1.,0.));
#2954=DIRECTION('',(-1.,0.,0.));
#2955=DIRECTION('',(0.,-1.,0.));
#2956=DIRECTION('',(0.,-1.,0.));
#2957=DIRECTION('',(-1.,0.,0.));
#2958=DIRECTION('',(0.,-1.,0.));
#2959=DIRECTION('',(0.,-1.,0.));
#2960=DIRECTION('',(0.,-1.,0.));
#2961=DIRECTION('',(-1.,0.,0.));
#2962=DIRECTION('',(0.,-1.,0.));
#2963=DIRECTION('',(-1.,0.,0.));
#2964=DIRECTION('',(0.,-1.,0.));
#2965=DIRECTION('',(0.,-1.,0.));
#2966=DIRECTION('',(0.,-1.,0.));
#2967=DIRECTION('',(-1.,0.,0.));
#2968=DIRECTION('',(0.,-1.,0.));
#2969=DIRECTION('',(-1.,0.,0.));
#2970=DIRECTION('',(0.,-1.,0.));
#2971=DIRECTION('',(0.,-1.,0.));
#2972=DIRECTION('',(0.,-1.,0.));
#2973=DIRECTION('',(-1.,0.,0.));
#2974=DIRECTION('',(0.,-1.,0.));
#2975=DIRECTION('',(-1.,0.,0.));
#2976=DIRECTION('',(0.,-1.,0.));
#2977=DIRECTION('',(0.,-1.,0.));
#2978=DIRECTION('',(0.,-1.,0.));
#2979=DIRECTION('',(-1.,0.,0.));
#2980=DIRECTION('',(0.,-1.,0.));
#2981=DIRECTION('',(-1.,0.,0.));
#2982=DIRECTION('',(0.,-1.,0.));
#2983=DIRECTION('',(0.,-1.,0.));
#2984=DIRECTION('',(0.,-1.,0.));
#2985=DIRECTION('',(-1.,0.,0.));
#2986=DIRECTION('',(0.,-1.,0.));
#2987=DIRECTION('',(-1.,0.,0.));
#2988=DIRECTION('',(0.,-1.,0.));
#2989=DIRECTION('',(0.,-1.,0.));
#2990=DIRECTION('',(0.,-1.,0.));
#2991=DIRECTION('',(-1.,0.,0.));
#2992=DIRECTION('',(0.,-1.,0.));
#2993=DIRECTION('',(-1.,0.,0.));
#2994=DIRECTION('',(0.,-1.,0.));
#2995=DIRECTION('',(0.,-1.,0.));
#2996=DIRECTION('',(0.,-1.,0.));
#2997=DIRECTION('',(-1.,0.,0.));
#2998=DIRECTION('',(0.,-1.,0.));
#2999=DIRECTION('',(-1.,0.,0.));
#3000=DIRECTION('',(0.,-1.,0.));
#3001=DIRECTION('',(0.,-1.,0.));
#3002=DIRECTION('',(-1.,0.,0.));
#3003=DIRECTION('',(0.,-1.,0.));
#3004=DIRECTION('',(0.,-1.,0.));
#3005=DIRECTION('',(-1.,0.,0.));
#3006=DIRECTION('',(0.,-1.,0.));
#3007=DIRECTION('',(0.,-1.,0.));
#3008=DIRECTION('',(0.,-1.,0.));
#3009=DIRECTION('',(-1.,0.,0.));
#3010=DIRECTION('',(0.,-1.,0.));
#3011=DIRECTION('',(-1.,0.,0.));
#3012=DIRECTION('',(0.,-1.,0.));
#3013=DIRECTION('',(0.,-1.,0.));
#3014=DIRECTION('',(-1.,0.,0.));
#3015=DIRECTION('',(0.,-1.,0.));
#3016=DIRECTION('',(0.,-1.,0.));
#3017=DIRECTION('',(-1.,0.,0.));
#3018=DIRECTION('',(0.,-1.,0.));
#3019=DIRECTION('',(0.,-1.,0.));
#3020=DIRECTION('',(-1.,0.,0.));
#3021=DIRECTION('',(0.,-1.,0.));
#3022=DIRECTION('',(0.,-1.,0.));
#3023=DIRECTION('',(-1.,0.,0.));
#3024=DIRECTION('',(0.,-1.,0.));
#3025=DIRECTION('',(0.,-1.,0.));
#3026=DIRECTION('',(-1.,0.,0.));
#3027=DIRECTION('',(0.,-1.,0.));
#3028=DIRECTION('',(0.,-1.,0.));
#3029=DIRECTION('',(-1.,0.,0.));
#3030=DIRECTION('',(0.,-1.,0.));
#3031=DIRECTION('',(0.,-1.,0.));
#3032=DIRECTION('',(0.,-1.,0.));
#3033=DIRECTION('',(-1.,0.,0.));
#3034=DIRECTION('',(0.,-1.,0.));
#3035=DIRECTION('',(-1.,0.,0.));
#3036=DIRECTION('',(0.,-1.,0.));
#3037=DIRECTION('',(0.,-1.,0.));
#3038=DIRECTION('',(0.,-1.,0.));
#3039=DIRECTION('',(-1.,0.,0.));
#3040=DIRECTION('',(0.,-1.,0.));
#3041=DIRECTION('',(-1.,0.,0.));
#3042=DIRECTION('',(0.,-1.,0.));
#3043=DIRECTION('',(0.,-1.,0.));
#3044=DIRECTION('',(0.,-1.,0.));
#3045=DIRECTION('',(-1.,0.,0.));
#3046=DIRECTION('',(0.,-1.,0.));
#3047=DIRECTION('',(-1.,0.,0.));
#3048=DIRECTION('',(0.,-1.,0.));
#3049=DIRECTION('',(0.,-1.,0.));
#3050=DIRECTION('',(-1.,0.,0.));
#3051=DIRECTION('',(0.,-1.,0.));
#3052=DIRECTION('',(0.,-1.,0.));
#3053=DIRECTION('',(-1.,0.,0.));
#3054=DIRECTION('',(0.,-1.,0.));
#3055=DIRECTION('',(0.,-1.,0.));
#3056=DIRECTION('',(0.,-1.,0.));
#3057=DIRECTION('',(-1.,0.,0.));
#3058=DIRECTION('',(0.,-1.,0.));
#3059=DIRECTION('',(-1.,0.,0.));
#3060=DIRECTION('',(0.,-1.,0.));
#3061=DIRECTION('',(0.,-1.,0.));
#3062=DIRECTION('',(0.,-1.,0.));
#3063=DIRECTION('',(-1.,0.,0.));
#3064=DIRECTION('',(0.,-1.,0.));
#3065=DIRECTION('',(-1.,0.,0.));
#3066=DIRECTION('',(0.,-1.,0.));
#3067=DIRECTION('',(0.,-1.,0.));
#3068=DIRECTION('',(0.,-1.,0.));
#3069=DIRECTION('',(-1.,0.,0.));
#3070=DIRECTION('',(0.,-1.,0.));
#3071=DIRECTION('',(1.,0.,0.));
#3072=DIRECTION('',(0.,-1.,0.));
#3073=DIRECTION('',(0.951056516295154,0.,-0.309016994374948));
#3074=DIRECTION('',(0.,-1.,0.));
#3075=DIRECTION('',(1.,0.,-1.22464679914735E-16));
#3076=DIRECTION('',(0.,-1.,0.));
#3077=DIRECTION('',(1.,0.,-1.22464679914735E-16));
#3078=DIRECTION('',(0.,-1.,0.));
#3079=DIRECTION('',(1.,0.,-1.22464679914735E-16));
#3080=DIRECTION('',(0.,-1.,0.));
#3081=DIRECTION('',(0.951056516295154,0.,0.309016994374948));
#3082=DIRECTION('',(0.,-1.,0.));
#3083=DIRECTION('',(0.951056516295154,0.,0.309016994374948));
#3084=DIRECTION('',(0.,-1.,0.));
#3085=DIRECTION('',(0.951056516295154,0.,0.309016994374948));
#3086=DIRECTION('',(0.,-1.,0.));
#3087=DIRECTION('',(0.809016994374948,0.,0.587785252292473));
#3088=DIRECTION('',(0.,-1.,0.));
#3089=DIRECTION('',(0.809016994374948,0.,0.587785252292473));
#3090=DIRECTION('',(0.,-1.,0.));
#3091=DIRECTION('',(0.809016994374948,0.,0.587785252292473));
#3092=DIRECTION('',(0.,-1.,0.));
#3093=DIRECTION('',(0.587785252292473,0.,0.809016994374947));
#3094=DIRECTION('',(0.,-1.,0.));
#3095=DIRECTION('',(0.587785252292473,0.,0.809016994374947));
#3096=DIRECTION('',(0.,-1.,0.));
#3097=DIRECTION('',(0.587785252292473,0.,0.809016994374947));
#3098=DIRECTION('',(0.,-1.,0.));
#3099=DIRECTION('',(0.309016994374948,0.,0.951056516295154));
#3100=DIRECTION('',(0.,-1.,0.));
#3101=DIRECTION('',(0.309016994374948,0.,0.951056516295154));
#3102=DIRECTION('',(0.,-1.,0.));
#3103=DIRECTION('',(0.309016994374948,0.,0.951056516295154));
#3104=DIRECTION('',(0.,-1.,0.));
#3105=DIRECTION('',(1.83697019872103E-16,0.,1.));
#3106=DIRECTION('',(0.,-1.,0.));
#3107=DIRECTION('',(1.83697019872103E-16,0.,1.));
#3108=DIRECTION('',(0.,-1.,0.));
#3109=DIRECTION('',(1.83697019872103E-16,0.,1.));
#3110=DIRECTION('',(0.,-1.,0.));
#3111=DIRECTION('',(-0.309016994374948,0.,0.951056516295154));
#3112=DIRECTION('',(0.,-1.,0.));
#3113=DIRECTION('',(-0.309016994374948,0.,0.951056516295154));
#3114=DIRECTION('',(0.,-1.,0.));
#3115=DIRECTION('',(-0.309016994374948,0.,0.951056516295154));
#3116=DIRECTION('',(0.,-1.,0.));
#3117=DIRECTION('',(-0.587785252292473,0.,0.809016994374948));
#3118=DIRECTION('',(0.,-1.,0.));
#3119=DIRECTION('',(-0.587785252292473,0.,0.809016994374948));
#3120=DIRECTION('',(0.,-1.,0.));
#3121=DIRECTION('',(-0.587785252292473,0.,0.809016994374948));
#3122=DIRECTION('',(0.,-1.,0.));
#3123=DIRECTION('',(-0.809016994374947,0.,0.587785252292473));
#3124=DIRECTION('',(0.,-1.,0.));
#3125=DIRECTION('',(-0.809016994374947,0.,0.587785252292473));
#3126=DIRECTION('',(0.,-1.,0.));
#3127=DIRECTION('',(-0.809016994374947,0.,0.587785252292473));
#3128=DIRECTION('',(0.,-1.,0.));
#3129=DIRECTION('',(-0.951056516295154,0.,0.309016994374948));
#3130=DIRECTION('',(0.,-1.,0.));
#3131=DIRECTION('',(-0.951056516295154,0.,0.309016994374948));
#3132=DIRECTION('',(0.,-1.,0.));
#3133=DIRECTION('',(-0.951056516295154,0.,0.309016994374948));
#3134=DIRECTION('',(0.,-1.,0.));
#3135=DIRECTION('',(-1.,0.,0.));
#3136=DIRECTION('',(0.,-1.,0.));
#3137=DIRECTION('',(-1.,0.,0.));
#3138=DIRECTION('',(0.,-1.,0.));
#3139=DIRECTION('',(-1.,0.,0.));
#3140=DIRECTION('',(0.,-1.,0.));
#3141=DIRECTION('',(-0.951056516295154,0.,-0.309016994374948));
#3142=DIRECTION('',(0.,-1.,0.));
#3143=DIRECTION('',(-0.951056516295154,0.,-0.309016994374948));
#3144=DIRECTION('',(0.,-1.,0.));
#3145=DIRECTION('',(-0.951056516295154,0.,-0.309016994374948));
#3146=DIRECTION('',(0.,-1.,0.));
#3147=DIRECTION('',(-0.809016994374948,0.,-0.587785252292473));
#3148=DIRECTION('',(0.,-1.,0.));
#3149=DIRECTION('',(-0.809016994374948,0.,-0.587785252292473));
#3150=DIRECTION('',(0.,-1.,0.));
#3151=DIRECTION('',(-0.809016994374948,0.,-0.587785252292473));
#3152=DIRECTION('',(0.,-1.,0.));
#3153=DIRECTION('',(-0.587785252292473,0.,-0.809016994374948));
#3154=DIRECTION('',(0.,-1.,0.));
#3155=DIRECTION('',(-0.587785252292473,0.,-0.809016994374948));
#3156=DIRECTION('',(0.,-1.,0.));
#3157=DIRECTION('',(-0.587785252292473,0.,-0.809016994374948));
#3158=DIRECTION('',(0.,-1.,0.));
#3159=DIRECTION('',(-0.309016994374948,0.,-0.951056516295154));
#3160=DIRECTION('',(0.,-1.,0.));
#3161=DIRECTION('',(-0.309016994374948,0.,-0.951056516295154));
#3162=DIRECTION('',(0.,-1.,0.));
#3163=DIRECTION('',(-0.309016994374948,0.,-0.951056516295154));
#3164=DIRECTION('',(0.,-1.,0.));
#3165=DIRECTION('',(-6.12323399573677E-17,0.,-1.));
#3166=DIRECTION('',(0.,-1.,0.));
#3167=DIRECTION('',(-6.12323399573677E-17,0.,-1.));
#3168=DIRECTION('',(0.,-1.,0.));
#3169=DIRECTION('',(-6.12323399573677E-17,0.,-1.));
#3170=DIRECTION('',(0.,-1.,0.));
#3171=DIRECTION('',(0.309016994374948,0.,-0.951056516295154));
#3172=DIRECTION('',(0.,-1.,0.));
#3173=DIRECTION('',(0.309016994374948,0.,-0.951056516295154));
#3174=DIRECTION('',(0.,-1.,0.));
#3175=DIRECTION('',(0.309016994374948,0.,-0.951056516295154));
#3176=DIRECTION('',(0.,-1.,0.));
#3177=DIRECTION('',(0.587785252292473,0.,-0.809016994374948));
#3178=DIRECTION('',(0.,-1.,0.));
#3179=DIRECTION('',(0.587785252292473,0.,-0.809016994374948));
#3180=DIRECTION('',(0.,-1.,0.));
#3181=DIRECTION('',(0.587785252292473,0.,-0.809016994374948));
#3182=DIRECTION('',(0.,-1.,0.));
#3183=DIRECTION('',(0.809016994374947,0.,-0.587785252292473));
#3184=DIRECTION('',(0.,-1.,0.));
#3185=DIRECTION('',(0.809016994374947,0.,-0.587785252292473));
#3186=DIRECTION('',(0.,-1.,0.));
#3187=DIRECTION('',(0.809016994374947,0.,-0.587785252292473));
#3188=DIRECTION('',(0.,-1.,0.));
#3189=DIRECTION('',(0.951056516295154,0.,-0.309016994374948));
#3190=DIRECTION('',(0.,-1.,0.));
#3191=DIRECTION('',(0.951056516295154,0.,-0.309016994374948));
#3192=DIRECTION('',(0.,-1.,0.));
#3193=DIRECTION('',(-1.,0.,0.));
#3194=DIRECTION('',(0.,-1.,0.));
#3195=DIRECTION('',(-1.,0.,0.));
#3196=DIRECTION('',(0.,-1.,0.));
#3197=DIRECTION('',(-1.,0.,0.));
#3198=DIRECTION('',(0.,1.,0.));
#3199=DIRECTION('',(0.,1.,0.));
#3200=DIRECTION('',(1.,0.,0.));
#3201=DIRECTION('',(0.,1.,0.));
#3202=DIRECTION('',(0.,1.,0.));
#3203=DIRECTION('',(0.,1.,0.));
#3204=DIRECTION('',(1.,0.,0.));
#3205=DIRECTION('',(0.,1.,0.));
#3206=DIRECTION('',(0.,-1.,0.));
#3207=DIRECTION('',(0.,-1.,0.));
#3208=DIRECTION('',(0.,-1.,0.));
#3209=DIRECTION('',(-1.,0.,0.));
#3210=DIRECTION('',(0.,-1.,0.));
#3211=DIRECTION('',(0.,-1.,0.));
#3212=DIRECTION('',(0.,-1.,0.));
#3213=DIRECTION('',(-1.,0.,0.));
#3214=DIRECTION('',(0.,-1.,0.));
#3215=DIRECTION('',(-1.,0.,0.));
#3216=DIRECTION('',(0.,-1.,0.));
#3217=DIRECTION('',(0.,-1.,0.));
#3218=DIRECTION('',(0.,-1.,0.));
#3219=DIRECTION('',(-0.951056516295154,0.,0.309016994374948));
#3220=DIRECTION('',(0.,-1.,0.));
#3221=DIRECTION('',(0.,-1.,0.));
#3222=DIRECTION('',(0.,-1.,0.));
#3223=DIRECTION('',(-0.951056516295154,0.,0.309016994374948));
#3224=DIRECTION('',(0.,-1.,0.));
#3225=DIRECTION('',(-0.951056516295154,0.,0.309016994374948));
#3226=DIRECTION('',(0.,-1.,0.));
#3227=DIRECTION('',(0.,-1.,0.));
#3228=DIRECTION('',(0.,-1.,0.));
#3229=DIRECTION('',(-0.587785252292473,0.,0.809016994374948));
#3230=DIRECTION('',(0.,-1.,0.));
#3231=DIRECTION('',(0.,-1.,0.));
#3232=DIRECTION('',(0.,-1.,0.));
#3233=DIRECTION('',(-0.587785252292473,0.,0.809016994374948));
#3234=DIRECTION('',(0.,-1.,0.));
#3235=DIRECTION('',(-0.587785252292473,0.,0.809016994374948));
#3236=DIRECTION('',(0.,-1.,0.));
#3237=DIRECTION('',(0.,-1.,0.));
#3238=DIRECTION('',(0.,-1.,0.));
#3239=DIRECTION('',(-0.809016994374947,0.,0.587785252292473));
#3240=DIRECTION('',(0.,-1.,0.));
#3241=DIRECTION('',(0.,-1.,0.));
#3242=DIRECTION('',(0.,-1.,0.));
#3243=DIRECTION('',(-0.809016994374947,0.,0.587785252292473));
#3244=DIRECTION('',(0.,-1.,0.));
#3245=DIRECTION('',(-0.809016994374947,0.,0.587785252292473));
#3246=DIRECTION('',(0.,-1.,0.));
#3247=DIRECTION('',(0.,-1.,0.));
#3248=DIRECTION('',(0.,-1.,0.));
#3249=DIRECTION('',(-0.309016994374948,0.,-0.951056516295154));
#3250=DIRECTION('',(0.,-1.,0.));
#3251=DIRECTION('',(0.,-1.,0.));
#3252=DIRECTION('',(0.,-1.,0.));
#3253=DIRECTION('',(-0.309016994374948,0.,-0.951056516295154));
#3254=DIRECTION('',(0.,-1.,0.));
#3255=DIRECTION('',(-0.309016994374948,0.,-0.951056516295154));
#3256=DIRECTION('',(0.,-1.,0.));
#3257=DIRECTION('',(0.,-1.,0.));
#3258=DIRECTION('',(0.,-1.,0.));
#3259=DIRECTION('',(-0.587785252292473,0.,-0.809016994374948));
#3260=DIRECTION('',(0.,-1.,0.));
#3261=DIRECTION('',(0.,-1.,0.));
#3262=DIRECTION('',(0.,-1.,0.));
#3263=DIRECTION('',(-0.587785252292473,0.,-0.809016994374948));
#3264=DIRECTION('',(0.,-1.,0.));
#3265=DIRECTION('',(-0.587785252292473,0.,-0.809016994374948));
#3266=DIRECTION('',(0.,-1.,0.));
#3267=DIRECTION('',(0.,-1.,0.));
#3268=DIRECTION('',(0.,-1.,0.));
#3269=DIRECTION('',(-0.809016994374948,0.,-0.587785252292473));
#3270=DIRECTION('',(0.,-1.,0.));
#3271=DIRECTION('',(0.,-1.,0.));
#3272=DIRECTION('',(0.,-1.,0.));
#3273=DIRECTION('',(-0.809016994374948,0.,-0.587785252292473));
#3274=DIRECTION('',(0.,-1.,0.));
#3275=DIRECTION('',(-0.809016994374948,0.,-0.587785252292473));
#3276=DIRECTION('',(0.,-1.,0.));
#3277=DIRECTION('',(0.,-1.,0.));
#3278=DIRECTION('',(0.,-1.,0.));
#3279=DIRECTION('',(-0.951056516295154,0.,-0.309016994374948));
#3280=DIRECTION('',(0.,-1.,0.));
#3281=DIRECTION('',(0.,-1.,0.));
#3282=DIRECTION('',(0.,-1.,0.));
#3283=DIRECTION('',(-0.951056516295154,0.,-0.309016994374948));
#3284=DIRECTION('',(0.,-1.,0.));
#3285=DIRECTION('',(-0.951056516295154,0.,-0.309016994374948));
#3286=DIRECTION('',(0.,-1.,0.));
#3287=DIRECTION('',(0.,-1.,0.));
#3288=DIRECTION('',(0.,-1.,0.));
#3289=DIRECTION('',(-6.12323399573677E-17,0.,-1.));
#3290=DIRECTION('',(0.,-1.,0.));
#3291=DIRECTION('',(0.,-1.,0.));
#3292=DIRECTION('',(0.,-1.,0.));
#3293=DIRECTION('',(-6.12323399573677E-17,0.,-1.));
#3294=DIRECTION('',(0.,-1.,0.));
#3295=DIRECTION('',(-6.12323399573677E-17,0.,-1.));
#3296=DIRECTION('',(0.,-1.,0.));
#3297=DIRECTION('',(0.,-1.,0.));
#3298=DIRECTION('',(0.,-1.,0.));
#3299=DIRECTION('',(0.309016994374948,0.,-0.951056516295154));
#3300=DIRECTION('',(0.,-1.,0.));
#3301=DIRECTION('',(0.,-1.,0.));
#3302=DIRECTION('',(0.,-1.,0.));
#3303=DIRECTION('',(0.309016994374948,0.,-0.951056516295154));
#3304=DIRECTION('',(0.,-1.,0.));
#3305=DIRECTION('',(0.309016994374948,0.,-0.951056516295154));
#3306=DIRECTION('',(0.,-1.,0.));
#3307=DIRECTION('',(0.,-1.,0.));
#3308=DIRECTION('',(0.,-1.,0.));
#3309=DIRECTION('',(0.809016994374947,0.,-0.587785252292473));
#3310=DIRECTION('',(0.,-1.,0.));
#3311=DIRECTION('',(0.,-1.,0.));
#3312=DIRECTION('',(0.,-1.,0.));
#3313=DIRECTION('',(0.809016994374947,0.,-0.587785252292473));
#3314=DIRECTION('',(0.,-1.,0.));
#3315=DIRECTION('',(0.809016994374947,0.,-0.587785252292473));
#3316=DIRECTION('',(0.,-1.,0.));
#3317=DIRECTION('',(0.,-1.,0.));
#3318=DIRECTION('',(0.,-1.,0.));
#3319=DIRECTION('',(0.587785252292473,0.,-0.809016994374948));
#3320=DIRECTION('',(0.,-1.,0.));
#3321=DIRECTION('',(0.,-1.,0.));
#3322=DIRECTION('',(0.,-1.,0.));
#3323=DIRECTION('',(0.587785252292473,0.,-0.809016994374948));
#3324=DIRECTION('',(0.,-1.,0.));
#3325=DIRECTION('',(0.587785252292473,0.,-0.809016994374948));
#3326=DIRECTION('',(0.,-1.,0.));
#3327=DIRECTION('',(0.,-1.,0.));
#3328=DIRECTION('',(0.,-1.,0.));
#3329=DIRECTION('',(-0.309016994374948,0.,0.951056516295154));
#3330=DIRECTION('',(0.,-1.,0.));
#3331=DIRECTION('',(0.,-1.,0.));
#3332=DIRECTION('',(0.,-1.,0.));
#3333=DIRECTION('',(-0.309016994374948,0.,0.951056516295154));
#3334=DIRECTION('',(0.,-1.,0.));
#3335=DIRECTION('',(-0.309016994374948,0.,0.951056516295154));
#3336=DIRECTION('',(0.,-1.,0.));
#3337=DIRECTION('',(0.,-1.,0.));
#3338=DIRECTION('',(0.,-1.,0.));
#3339=DIRECTION('',(1.83697019872103E-16,0.,1.));
#3340=DIRECTION('',(0.,-1.,0.));
#3341=DIRECTION('',(0.,-1.,0.));
#3342=DIRECTION('',(0.,-1.,0.));
#3343=DIRECTION('',(1.83697019872103E-16,0.,1.));
#3344=DIRECTION('',(0.,-1.,0.));
#3345=DIRECTION('',(1.83697019872103E-16,0.,1.));
#3346=DIRECTION('',(0.,-1.,0.));
#3347=DIRECTION('',(0.,-1.,0.));
#3348=DIRECTION('',(0.,-1.,0.));
#3349=DIRECTION('',(0.309016994374948,0.,0.951056516295154));
#3350=DIRECTION('',(0.,-1.,0.));
#3351=DIRECTION('',(0.,-1.,0.));
#3352=DIRECTION('',(0.,-1.,0.));
#3353=DIRECTION('',(0.309016994374948,0.,0.951056516295154));
#3354=DIRECTION('',(0.,-1.,0.));
#3355=DIRECTION('',(0.309016994374948,0.,0.951056516295154));
#3356=DIRECTION('',(0.,-1.,0.));
#3357=DIRECTION('',(0.,-1.,0.));
#3358=DIRECTION('',(0.,-1.,0.));
#3359=DIRECTION('',(0.587785252292473,0.,0.809016994374947));
#3360=DIRECTION('',(0.,-1.,0.));
#3361=DIRECTION('',(0.,-1.,0.));
#3362=DIRECTION('',(0.,-1.,0.));
#3363=DIRECTION('',(0.587785252292473,0.,0.809016994374947));
#3364=DIRECTION('',(0.,-1.,0.));
#3365=DIRECTION('',(0.587785252292473,0.,0.809016994374947));
#3366=DIRECTION('',(0.,-1.,0.));
#3367=DIRECTION('',(0.,-1.,0.));
#3368=DIRECTION('',(0.,-1.,0.));
#3369=DIRECTION('',(0.809016994374948,0.,0.587785252292473));
#3370=DIRECTION('',(0.,-1.,0.));
#3371=DIRECTION('',(0.,-1.,0.));
#3372=DIRECTION('',(0.,-1.,0.));
#3373=DIRECTION('',(0.809016994374948,0.,0.587785252292473));
#3374=DIRECTION('',(0.,-1.,0.));
#3375=DIRECTION('',(0.809016994374948,0.,0.587785252292473));
#3376=DIRECTION('',(0.,-1.,0.));
#3377=DIRECTION('',(0.,-1.,0.));
#3378=DIRECTION('',(0.,-1.,0.));
#3379=DIRECTION('',(0.951056516295154,0.,0.309016994374948));
#3380=DIRECTION('',(0.,-1.,0.));
#3381=DIRECTION('',(0.,-1.,0.));
#3382=DIRECTION('',(0.,-1.,0.));
#3383=DIRECTION('',(0.951056516295154,0.,0.309016994374948));
#3384=DIRECTION('',(0.,-1.,0.));
#3385=DIRECTION('',(0.951056516295154,0.,0.309016994374948));
#3386=DIRECTION('',(0.,-1.,0.));
#3387=DIRECTION('',(0.,-1.,0.));
#3388=DIRECTION('',(0.,-1.,0.));
#3389=DIRECTION('',(1.,0.,-1.22464679914735E-16));
#3390=DIRECTION('',(0.,-1.,0.));
#3391=DIRECTION('',(0.,-1.,0.));
#3392=DIRECTION('',(0.,-1.,0.));
#3393=DIRECTION('',(1.,0.,-1.22464679914735E-16));
#3394=DIRECTION('',(0.,-1.,0.));
#3395=DIRECTION('',(1.,0.,-1.22464679914735E-16));
#3396=DIRECTION('',(0.,-1.,0.));
#3397=DIRECTION('',(0.,-1.,0.));
#3398=DIRECTION('',(0.,-1.,0.));
#3399=DIRECTION('',(0.951056516295154,0.,-0.309016994374948));
#3400=DIRECTION('',(0.,-1.,0.));
#3401=DIRECTION('',(0.,-1.,0.));
#3402=DIRECTION('',(0.,-1.,0.));
#3403=DIRECTION('',(0.951056516295154,0.,-0.309016994374948));
#3404=DIRECTION('',(0.,-1.,0.));
#3405=DIRECTION('',(0.951056516295154,0.,-0.309016994374948));
#3406=DIRECTION('',(0.,1.,0.));
#3407=DIRECTION('',(1.,0.,0.));
#3408=DIRECTION('',(-0.998510440144325,0.,0.0545609835210729));
#3409=DIRECTION('',(0.,1.,0.));
#3410=DIRECTION('',(1.,0.,0.));
#3411=DIRECTION('',(0.998510440144325,0.,0.0545609835210727));
#3412=DIRECTION('',(-0.0545609835210727,0.,0.998510440144325));
#3413=DIRECTION('',(0.998510440144325,0.,0.0545609835210727));
#3414=DIRECTION('',(0.,1.,0.));
#3415=DIRECTION('',(-0.0545609835210729,0.,-0.998510440144325));
#3416=DIRECTION('',(-0.998510440144325,0.,0.0545609835210729));
#3417=DIRECTION('',(0.,1.,0.));
#3418=DIRECTION('',(0.,1.,0.));
#3419=DIRECTION('',(1.,0.,0.));
#3420=DIRECTION('',(0.,1.,0.));
#3421=DIRECTION('',(1.,0.,0.));
#3422=DIRECTION('',(0.998510440144325,0.,-0.0545609835210729));
#3423=DIRECTION('',(0.,1.,0.));
#3424=DIRECTION('',(1.,0.,0.));
#3425=DIRECTION('',(-0.998510440144325,0.,-0.0545609835210727));
#3426=DIRECTION('',(0.0545609835210729,0.,0.998510440144325));
#3427=DIRECTION('',(0.998510440144325,0.,-0.0545609835210729));
#3428=DIRECTION('',(0.,1.,0.));
#3429=DIRECTION('',(0.,1.,0.));
#3430=DIRECTION('',(1.,0.,0.));
#3431=DIRECTION('',(0.,1.,0.));
#3432=DIRECTION('',(0.0545609835210727,0.,-0.998510440144325));
#3433=DIRECTION('',(-0.998510440144325,0.,-0.0545609835210727));
#3434=DIRECTION('',(0.,1.,0.));
#3435=DIRECTION('',(1.,0.,0.));
#3436=DIRECTION('',(0.,-1.,0.));
#3437=DIRECTION('',(-1.,0.,0.));
#3438=DIRECTION('',(0.,1.,0.));
#3439=DIRECTION('',(1.,0.,0.));
#3440=CARTESIAN_POINT('',(0.,0.,0.));
#3441=CARTESIAN_POINT('',(0.,0.0002,2.83174477081531E-19));
#3442=CARTESIAN_POINT('',(-0.0241897761381902,0.0002,0.00840627236955398));
#3443=CARTESIAN_POINT('',(-0.0237811109351815,0.0002,0.00943701590748775));
#3444=CARTESIAN_POINT('',(-0.0231424156540426,0.0002,0.00804230052258213));
#3445=CARTESIAN_POINT('',(-0.0227722690261881,0.0002,0.00903735378298943));
#3446=CARTESIAN_POINT('',(-0.0235725210493213,0.0002,0.00935427682604418));
#3447=CARTESIAN_POINT('',(-0.0244473723461685,0.0002,0.0097007433480927));
#3448=CARTESIAN_POINT('',(-0.0244736106722351,0.0002,0.009713091287622));
#3449=CARTESIAN_POINT('',(-0.0245009844881634,0.0002,0.00972540018901731));
#3450=CARTESIAN_POINT('',(-0.024532969339414,0.0002,0.00974085383638786));
#3451=CARTESIAN_POINT('',(-0.0245756298822119,0.0002,0.00976236708111951));
#3452=CARTESIAN_POINT('',(-0.0246266404083196,0.0002,0.00978944658759068));
#3453=CARTESIAN_POINT('',(-0.0246864562407137,0.0002,0.00982272664703245));
#3454=CARTESIAN_POINT('',(-0.0247546400062909,0.0002,0.00986247701497917));
#3455=CARTESIAN_POINT('',(-0.0248310148991766,0.0002,0.00990907083868084));
#3456=CARTESIAN_POINT('',(-0.0249153123301234,0.0002,0.0099628412173531));
#3457=CARTESIAN_POINT('',(-0.0250072775641907,0.0002,0.0100241237392675));
#3458=CARTESIAN_POINT('',(-0.0251066387336342,0.0002,0.0100932435434577));
#3459=CARTESIAN_POINT('',(-0.0252131161164176,0.0002,0.010170518734476));
#3460=CARTESIAN_POINT('',(-0.0253264197050504,0.0002,0.0102562590448553));
#3461=CARTESIAN_POINT('',(-0.0254462501727571,0.0002,0.010350765879771));
#3462=CARTESIAN_POINT('',(-0.0255722988763236,0.0002,0.0104543319733338));
#3463=CARTESIAN_POINT('',(-0.0257042481435687,0.0002,0.0105672411634774));
#3464=CARTESIAN_POINT('',(-0.0258417714889962,0.0002,0.0106897681407126));
#3465=CARTESIAN_POINT('',(-0.0259845338579931,0.0002,0.0108221782123903));
#3466=CARTESIAN_POINT('',(-0.02613219187157,0.0002,0.0109647270685838));
#3467=CARTESIAN_POINT('',(-0.0262843940763728,0.0002,0.0111176605622591));
#3468=CARTESIAN_POINT('',(-0.0264407812094409,0.0002,0.0112812144668756));
#3469=CARTESIAN_POINT('',(-0.0266009864320346,0.0002,0.0114556143513175));
#3470=CARTESIAN_POINT('',(-0.0267646357103653,0.0002,0.0116410750332526));
#3471=CARTESIAN_POINT('',(-0.026931347655861,0.0002,0.0118378016898547));
#3472=CARTESIAN_POINT('',(-0.0271007354718695,0.0002,0.0120459846190519));
#3473=CARTESIAN_POINT('',(-0.027272400823798,0.0002,0.0122658184527346));
#3474=CARTESIAN_POINT('',(-0.0274459587579804,0.0002,0.0124974274742746));
#3475=CARTESIAN_POINT('',(-0.02762094350107,0.0002,0.0127411512728861));
#3476=CARTESIAN_POINT('',(-0.0277627476938082,0.0002,0.0129465807242708));
#3477=CARTESIAN_POINT('',(-0.0278458065043387,0.0002,0.0130717041723668));
#3478=CARTESIAN_POINT('',(-0.0278707648745864,0.0002,0.0131095562589098));
#3479=CARTESIAN_POINT('',(-0.0278707648745864,0.0002,0.0131095562589098));
#3480=CARTESIAN_POINT('',(0.,0.0002,2.16913054776845E-18));
#3481=CARTESIAN_POINT('',(-0.0269878783655654,0.0002,0.0148423185966831));
#3482=CARTESIAN_POINT('',(-0.0206965766894472,0.0002,0.0131111293692736));
#3483=CARTESIAN_POINT('',(-0.0214233491545025,0.0002,0.0135722641649521));
#3484=CARTESIAN_POINT('',(-0.0222178711490574,0.0002,0.0140763858195793));
#3485=CARTESIAN_POINT('',(-0.0222432833430889,0.0002,0.0140903551345195));
#3486=CARTESIAN_POINT('',(-0.0222693313788015,0.0002,0.0141052660260944));
#3487=CARTESIAN_POINT('',(-0.0223006338660112,0.0002,0.0141220588883001));
#3488=CARTESIAN_POINT('',(-0.0223431136845146,0.0002,0.0141439268244307));
#3489=CARTESIAN_POINT('',(-0.0223950047004069,0.0002,0.0141692782724007));
#3490=CARTESIAN_POINT('',(-0.0224570876982039,0.0002,0.0141981087692049));
#3491=CARTESIAN_POINT('',(-0.0225293238332574,0.0002,0.014229905914245));
#3492=CARTESIAN_POINT('',(-0.0226119110641487,0.0002,0.0142643073381134));
#3493=CARTESIAN_POINT('',(-0.0227049610010052,0.0002,0.0143008999567378));
#3494=CARTESIAN_POINT('',(-0.0228085954110005,0.0002,0.0143392804313852));
#3495=CARTESIAN_POINT('',(-0.0229229175372876,0.0002,0.0143790377045017));
#3496=CARTESIAN_POINT('',(-0.0230480203153678,0.0002,0.0144197584990414));
#3497=CARTESIAN_POINT('',(-0.0231839838619978,0.0002,0.014461026137801));
#3498=CARTESIAN_POINT('',(-0.0233308760792225,0.0002,0.0145024212988153));
#3499=CARTESIAN_POINT('',(-0.0234887523779828,0.0002,0.0145435222196859));
#3500=CARTESIAN_POINT('',(-0.0236576556649676,0.0002,0.0145839050624678));
#3501=CARTESIAN_POINT('',(-0.0238376162661085,0.0002,0.0146231442358151));
#3502=CARTESIAN_POINT('',(-0.0240286518794008,0.0002,0.0146608127311038));
#3503=CARTESIAN_POINT('',(-0.0242307675293534,0.0002,0.0146964824580413));
#3504=CARTESIAN_POINT('',(-0.0244439555360953,0.0002,0.0147297245761443));
#3505=CARTESIAN_POINT('',(-0.0246681954748922,0.0002,0.0147601098514095));
#3506=CARTESIAN_POINT('',(-0.0249034542124036,0.0002,0.0147872089189989));
#3507=CARTESIAN_POINT('',(-0.0251496856882284,0.0002,0.0148105929125641));
#3508=CARTESIAN_POINT('',(-0.0254068317196095,0.0002,0.014829832682152));
#3509=CARTESIAN_POINT('',(-0.0256748189074366,0.0002,0.0148445034483817));
#3510=CARTESIAN_POINT('',(-0.0259535705770177,0.0002,0.0148541685500436));
#3511=CARTESIAN_POINT('',(-0.0262429610056248,0.0002,0.0148584435011467));
#3512=CARTESIAN_POINT('',(-0.0265429911519994,0.0002,0.014856751877606));
#3513=CARTESIAN_POINT('',(-0.0267925374825195,0.0002,0.0148507254774943));
#3514=CARTESIAN_POINT('',(-0.0269425852223268,0.0002,0.0148443757492393));
#3515=CARTESIAN_POINT('',(-0.0269878783655654,0.0002,0.0148423185966831));
#3516=CARTESIAN_POINT('',(-0.0216128925361754,0.0002,0.0136923841156071));
#3517=CARTESIAN_POINT('',(-0.0210192108765983,0.0002,0.014628857060344));
#3518=CARTESIAN_POINT('',(-0.0201091284205081,0.0002,0.0139954619133314));
#3519=CARTESIAN_POINT('',(-3.24064151930712E-16,0.0002,2.38662742387361E-16));
#3520=CARTESIAN_POINT('',(-0.0195245376752398,0.0002,0.0148000820459936));
#3521=CARTESIAN_POINT('',(-0.0204081632024101,0.0002,0.0154698920316426));
#3522=CARTESIAN_POINT('',(-0.0197009822280419,0.0002,0.0163239028972842));
#3523=CARTESIAN_POINT('',(-0.01886501894506,0.0002,0.0156320523349471));
#3524=CARTESIAN_POINT('',(-0.0195281692401263,0.0002,0.0161807555351395));
#3525=CARTESIAN_POINT('',(-0.0202531382234872,0.0002,0.0167806086968886));
#3526=CARTESIAN_POINT('',(-0.0202742766313093,0.0002,0.0168004603738993));
#3527=CARTESIAN_POINT('',(-0.0202965070176107,0.0002,0.0168206258091025));
#3528=CARTESIAN_POINT('',(-0.0203221509791527,0.0002,0.0168452069637338));
#3529=CARTESIAN_POINT('',(-0.020356075608143,0.0002,0.0168788501080363));
#3530=CARTESIAN_POINT('',(-0.0203962214736985,0.0002,0.016920367368583));
#3531=CARTESIAN_POINT('',(-0.0204428256069332,0.0002,0.0169705026947202));
#3532=CARTESIAN_POINT('',(-0.0204953886822627,0.0002,0.0170293774834849));
#3533=CARTESIAN_POINT('',(-0.0205536272384663,0.0002,0.0170972919829808));
#3534=CARTESIAN_POINT('',(-0.0206171828986715,0.0002,0.0171744799907454));
#3535=CARTESIAN_POINT('',(-0.0206857096930741,0.0002,0.0172611819527656));
#3536=CARTESIAN_POINT('',(-0.0207588485865975,0.0002,0.0173576230828846));
#3537=CARTESIAN_POINT('',(-0.0208362352480634,0.0002,0.0174640194776473));
#3538=CARTESIAN_POINT('',(-0.0209174981513421,0.0002,0.0175805760929539));
#3539=CARTESIAN_POINT('',(-0.0210022594804317,0.0002,0.0177074870851002));
#3540=CARTESIAN_POINT('',(-0.0210901352383773,0.0002,0.0178449354847712));
#3541=CARTESIAN_POINT('',(-0.0211807355902356,0.0002,0.017993093071781));
#3542=CARTESIAN_POINT('',(-0.021273665145812,0.0002,0.0181521202027629));
#3543=CARTESIAN_POINT('',(-0.0213685232647536,0.0002,0.0183221656624323));
#3544=CARTESIAN_POINT('',(-0.0214649043616564,0.0002,0.0185033665165565));
#3545=CARTESIAN_POINT('',(-0.0215623982117739,0.0002,0.0186958479801416));
#3546=CARTESIAN_POINT('',(-0.0216605902777201,0.0002,0.0188997232687121));
#3547=CARTESIAN_POINT('',(-0.0217590619705029,0.0002,0.0191150935516209));
#3548=CARTESIAN_POINT('',(-0.0218573911805399,0.0002,0.0193420475498132));
#3549=CARTESIAN_POINT('',(-0.0219551517825113,0.0002,0.0195806625428271));
#3550=CARTESIAN_POINT('',(-0.0220519171056464,0.0002,0.0198309999880081));
#3551=CARTESIAN_POINT('',(-0.0221472481666736,0.0002,0.0200931218991255));
#3552=CARTESIAN_POINT('',(-0.0222407404472261,0.0002,0.0203670275194648));
#3553=CARTESIAN_POINT('',(-0.0223318460316891,0.0002,0.0206528958856814));
#3554=CARTESIAN_POINT('',(-0.0224032286416077,0.0002,0.0208920908094896));
#3555=CARTESIAN_POINT('',(-0.0224435569927421,0.0002,0.0210367568641291));
#3556=CARTESIAN_POINT('',(-0.0224555968753879,0.0002,0.0210804688982496));
#3557=CARTESIAN_POINT('',(-0.0224555968753879,0.0002,0.0210804688982496));
#3558=CARTESIAN_POINT('',(0.,0.0002,2.16913054776845E-18));
#3559=CARTESIAN_POINT('',(-0.0210804688982496,0.0002,0.0224555968753879));
#3560=CARTESIAN_POINT('',(-0.0156320523349471,0.0002,0.01886501894506));
#3561=CARTESIAN_POINT('',(-0.0161807555351395,0.0002,0.0195281692401263));
#3562=CARTESIAN_POINT('',(-0.0167806086968886,0.0002,0.0202531382234872));
#3563=CARTESIAN_POINT('',(-0.0168004603738993,0.0002,0.0202742766313093));
#3564=CARTESIAN_POINT('',(-0.0168206258091025,0.0002,0.0202965070176107));
#3565=CARTESIAN_POINT('',(-0.0168452069637338,0.0002,0.0203221509791527));
#3566=CARTESIAN_POINT('',(-0.0168788501080363,0.0002,0.020356075608143));
#3567=CARTESIAN_POINT('',(-0.016920367368583,0.0002,0.0203962214736985));
#3568=CARTESIAN_POINT('',(-0.0169705026947202,0.0002,0.0204428256069332));
#3569=CARTESIAN_POINT('',(-0.0170293774834849,0.0002,0.0204953886822627));
#3570=CARTESIAN_POINT('',(-0.0170972919829808,0.0002,0.0205536272384663));
#3571=CARTESIAN_POINT('',(-0.0171744799907454,0.0002,0.0206171828986715));
#3572=CARTESIAN_POINT('',(-0.0172611819527656,0.0002,0.0206857096930741));
#3573=CARTESIAN_POINT('',(-0.0173576230828846,0.0002,0.0207588485865975));
#3574=CARTESIAN_POINT('',(-0.0174640194776473,0.0002,0.0208362352480634));
#3575=CARTESIAN_POINT('',(-0.0175805760929539,0.0002,0.0209174981513421));
#3576=CARTESIAN_POINT('',(-0.0177074870851002,0.0002,0.0210022594804317));
#3577=CARTESIAN_POINT('',(-0.0178449354847712,0.0002,0.0210901352383773));
#3578=CARTESIAN_POINT('',(-0.017993093071781,0.0002,0.0211807355902356));
#3579=CARTESIAN_POINT('',(-0.0181521202027629,0.0002,0.0212736651458121));
#3580=CARTESIAN_POINT('',(-0.0183221656624323,0.0002,0.0213685232647536));
#3581=CARTESIAN_POINT('',(-0.0185033665165565,0.0002,0.0214649043616565));
#3582=CARTESIAN_POINT('',(-0.0186958479801416,0.0002,0.0215623982117739));
#3583=CARTESIAN_POINT('',(-0.0188997232687121,0.0002,0.0216605902777201));
#3584=CARTESIAN_POINT('',(-0.0191150935516209,0.0002,0.0217590619705029));
#3585=CARTESIAN_POINT('',(-0.0193420475498132,0.0002,0.0218573911805399));
#3586=CARTESIAN_POINT('',(-0.0195806625428271,0.0002,0.0219551517825113));
#3587=CARTESIAN_POINT('',(-0.0198309999880081,0.0002,0.0220519171056464));
#3588=CARTESIAN_POINT('',(-0.0200931218991255,0.0002,0.0221472481666736));
#3589=CARTESIAN_POINT('',(-0.0203670275194648,0.0002,0.0222407404472262));
#3590=CARTESIAN_POINT('',(-0.0206528958856814,0.0002,0.0223318460316891));
#3591=CARTESIAN_POINT('',(-0.0208920908094896,0.0002,0.0224032286416077));
#3592=CARTESIAN_POINT('',(-0.0210367568641291,0.0002,0.0224435569927421));
#3593=CARTESIAN_POINT('',(-0.0210804688982496,0.0002,0.0224555968753879));
#3594=CARTESIAN_POINT('',(-0.0163239028972843,0.0002,0.019700982228042));
#3595=CARTESIAN_POINT('',(-0.0154698920316426,0.0002,0.0204081632024101));
#3596=CARTESIAN_POINT('',(-0.0148000820459936,0.0002,0.0195245376752398));
#3597=CARTESIAN_POINT('',(-2.34452480069541E-16,0.0002,3.27123086558666E-16));
#3598=CARTESIAN_POINT('',(-0.0139954619133314,0.0002,0.0201091284205081));
#3599=CARTESIAN_POINT('',(-0.0146288570603439,0.0002,0.0210192108765983));
#3600=CARTESIAN_POINT('',(-0.013692384115607,0.0002,0.0216128925361753));
#3601=CARTESIAN_POINT('',(-0.0131111293692736,0.0002,0.0206965766894472));
#3602=CARTESIAN_POINT('',(-0.0135722641649521,0.0002,0.0214233491545025));
#3603=CARTESIAN_POINT('',(-0.0140763858195793,0.0002,0.0222178711490574));
#3604=CARTESIAN_POINT('',(-0.0140903551345195,0.0002,0.0222432833430889));
#3605=CARTESIAN_POINT('',(-0.0141052660260944,0.0002,0.0222693313788015));
#3606=CARTESIAN_POINT('',(-0.0141220588883001,0.0002,0.0223006338660112));
#3607=CARTESIAN_POINT('',(-0.0141439268244307,0.0002,0.0223431136845146));
#3608=CARTESIAN_POINT('',(-0.0141692782724007,0.0002,0.0223950047004069));
#3609=CARTESIAN_POINT('',(-0.0141981087692049,0.0002,0.0224570876982039));
#3610=CARTESIAN_POINT('',(-0.014229905914245,0.0002,0.0225293238332575));
#3611=CARTESIAN_POINT('',(-0.0142643073381134,0.0002,0.0226119110641487));
#3612=CARTESIAN_POINT('',(-0.0143008999567378,0.0002,0.0227049610010052));
#3613=CARTESIAN_POINT('',(-0.0143392804313852,0.0002,0.0228085954110005));
#3614=CARTESIAN_POINT('',(-0.0143790377045017,0.0002,0.0229229175372876));
#3615=CARTESIAN_POINT('',(-0.0144197584990414,0.0002,0.0230480203153678));
#3616=CARTESIAN_POINT('',(-0.014461026137801,0.0002,0.0231839838619978));
#3617=CARTESIAN_POINT('',(-0.0145024212988153,0.0002,0.0233308760792225));
#3618=CARTESIAN_POINT('',(-0.0145435222196859,0.0002,0.0234887523779828));
#3619=CARTESIAN_POINT('',(-0.0145839050624678,0.0002,0.0236576556649676));
#3620=CARTESIAN_POINT('',(-0.0146231442358151,0.0002,0.0238376162661085));
#3621=CARTESIAN_POINT('',(-0.0146608127311038,0.0002,0.0240286518794008));
#3622=CARTESIAN_POINT('',(-0.0146964824580413,0.0002,0.0242307675293534));
#3623=CARTESIAN_POINT('',(-0.0147297245761443,0.0002,0.0244439555360953));
#3624=CARTESIAN_POINT('',(-0.0147601098514095,0.0002,0.0246681954748922));
#3625=CARTESIAN_POINT('',(-0.0147872089189989,0.0002,0.0249034542124036));
#3626=CARTESIAN_POINT('',(-0.0148105929125641,0.0002,0.0251496856882284));
#3627=CARTESIAN_POINT('',(-0.014829832682152,0.0002,0.0254068317196095));
#3628=CARTESIAN_POINT('',(-0.0148445034483817,0.0002,0.0256748189074366));
#3629=CARTESIAN_POINT('',(-0.0148541685500436,0.0002,0.0259535705770177));
#3630=CARTESIAN_POINT('',(-0.0148584435011467,0.0002,0.0262429610056248));
#3631=CARTESIAN_POINT('',(-0.014856751877606,0.0002,0.0265429911519994));
#3632=CARTESIAN_POINT('',(-0.0148507254774943,0.0002,0.0267925374825196));
#3633=CARTESIAN_POINT('',(-0.0148443757492393,0.0002,0.0269425852223268));
#3634=CARTESIAN_POINT('',(-0.0148423185966831,0.0002,0.0269878783655654));
#3635=CARTESIAN_POINT('',(-0.0148423185966831,0.0002,0.0269878783655654));
#3636=CARTESIAN_POINT('',(0.,0.0002,2.16913054776845E-18));
#3637=CARTESIAN_POINT('',(-0.0131095562589098,0.0002,0.0278707648745864));
#3638=CARTESIAN_POINT('',(-0.00903735378298942,0.0002,0.0227722690261881));
#3639=CARTESIAN_POINT('',(-0.00935427682604418,0.0002,0.0235725210493213));
#3640=CARTESIAN_POINT('',(-0.00970074334809269,0.0002,0.0244473723461686));
#3641=CARTESIAN_POINT('',(-0.00971309128762199,0.0002,0.0244736106722351));
#3642=CARTESIAN_POINT('',(-0.0097254001890173,0.0002,0.0245009844881634));
#3643=CARTESIAN_POINT('',(-0.00974085383638786,0.0002,0.024532969339414));
#3644=CARTESIAN_POINT('',(-0.00976236708111951,0.0002,0.0245756298822119));
#3645=CARTESIAN_POINT('',(-0.00978944658759067,0.0002,0.0246266404083196));
#3646=CARTESIAN_POINT('',(-0.00982272664703244,0.0002,0.0246864562407137));
#3647=CARTESIAN_POINT('',(-0.00986247701497916,0.0002,0.0247546400062909));
#3648=CARTESIAN_POINT('',(-0.00990907083868084,0.0002,0.0248310148991766));
#3649=CARTESIAN_POINT('',(-0.00996284121735309,0.0002,0.0249153123301234));
#3650=CARTESIAN_POINT('',(-0.0100241237392675,0.0002,0.0250072775641907));
#3651=CARTESIAN_POINT('',(-0.0100932435434577,0.0002,0.0251066387336342));
#3652=CARTESIAN_POINT('',(-0.010170518734476,0.0002,0.0252131161164176));
#3653=CARTESIAN_POINT('',(-0.0102562590448553,0.0002,0.0253264197050504));
#3654=CARTESIAN_POINT('',(-0.010350765879771,0.0002,0.0254462501727571));
#3655=CARTESIAN_POINT('',(-0.0104543319733337,0.0002,0.0255722988763236));
#3656=CARTESIAN_POINT('',(-0.0105672411634774,0.0002,0.0257042481435687));
#3657=CARTESIAN_POINT('',(-0.0106897681407126,0.0002,0.0258417714889962));
#3658=CARTESIAN_POINT('',(-0.0108221782123903,0.0002,0.0259845338579931));
#3659=CARTESIAN_POINT('',(-0.0109647270685838,0.0002,0.02613219187157));
#3660=CARTESIAN_POINT('',(-0.0111176605622591,0.0002,0.0262843940763728));
#3661=CARTESIAN_POINT('',(-0.0112812144668756,0.0002,0.0264407812094409));
#3662=CARTESIAN_POINT('',(-0.0114556143513175,0.0002,0.0266009864320346));
#3663=CARTESIAN_POINT('',(-0.0116410750332526,0.0002,0.0267646357103653));
#3664=CARTESIAN_POINT('',(-0.0118378016898547,0.0002,0.026931347655861));
#3665=CARTESIAN_POINT('',(-0.0120459846190519,0.0002,0.0271007354718695));
#3666=CARTESIAN_POINT('',(-0.0122658184527346,0.0002,0.027272400823798));
#3667=CARTESIAN_POINT('',(-0.0124974274742746,0.0002,0.0274459587579804));
#3668=CARTESIAN_POINT('',(-0.0127411512728861,0.0002,0.02762094350107));
#3669=CARTESIAN_POINT('',(-0.0129465807242708,0.0002,0.0277627476938082));
#3670=CARTESIAN_POINT('',(-0.0130717041723668,0.0002,0.0278458065043387));
#3671=CARTESIAN_POINT('',(-0.0131095562589098,0.0002,0.0278707648745864));
#3672=CARTESIAN_POINT('',(-0.00943701590748778,0.0002,0.0237811109351816));
#3673=CARTESIAN_POINT('',(-0.00840627236955401,0.0002,0.0241897761381903));
#3674=CARTESIAN_POINT('',(-0.00804230052258213,0.0002,0.0231424156540426));
#3675=CARTESIAN_POINT('',(-1.21890965932682E-16,0.0002,3.83562343817045E-16));
#3676=CARTESIAN_POINT('',(-0.00709641282722924,0.0002,0.0234497531966871));
#3677=CARTESIAN_POINT('',(-0.00741757646397084,0.0002,0.024511022911499));
#3678=CARTESIAN_POINT('',(-0.00634348004548668,0.0002,0.0247862616677486));
#3679=CARTESIAN_POINT('',(-0.00607383110021289,0.0002,0.0237351759160552));
#3680=CARTESIAN_POINT('',(-0.00628781130978745,0.0002,0.0245688760933721));
#3681=CARTESIAN_POINT('',(-0.00652173869570398,0.0002,0.0254802935721457));
#3682=CARTESIAN_POINT('',(-0.00652717150388602,0.0002,0.025508778760589));
#3683=CARTESIAN_POINT('',(-0.00653330331877679,0.0002,0.025538159633588));
#3684=CARTESIAN_POINT('',(-0.00653960127929081,0.0002,0.0255731193478308));
#3685=CARTESIAN_POINT('',(-0.00654727193661014,0.0002,0.0256202776199258));
#3686=CARTESIAN_POINT('',(-0.00655534739063344,0.0002,0.025677462936982));
#3687=CARTESIAN_POINT('',(-0.0065635821211061,0.0002,0.0257454164900568));
#3688=CARTESIAN_POINT('',(-0.00657150080975658,0.0002,0.0258239429952015));
#3689=CARTESIAN_POINT('',(-0.00657869765023267,0.0002,0.0259131187439094));
#3690=CARTESIAN_POINT('',(-0.0065847452868095,0.0002,0.0260129222337213));
#3691=CARTESIAN_POINT('',(-0.00658922249343092,0.0002,0.0261233446335779));
#3692=CARTESIAN_POINT('',(-0.0065917064272427,0.0002,0.026244357109783));
#3693=CARTESIAN_POINT('',(-0.00659177531976808,0.0002,0.02637592033962));
#3694=CARTESIAN_POINT('',(-0.00658900812999837,0.0002,0.0265179817583155));
#3695=CARTESIAN_POINT('',(-0.00658298507616025,0.0002,0.0266704763669385));
#3696=CARTESIAN_POINT('',(-0.00657328791545403,0.0002,0.0268333265326764));
#3697=CARTESIAN_POINT('',(-0.00655950029514417,0.0002,0.0270064420890877));
#3698=CARTESIAN_POINT('',(-0.00654120808257967,0.0002,0.0271897203628888));
#3699=CARTESIAN_POINT('',(-0.00651799969944479,0.0002,0.0273830462329516));
#3700=CARTESIAN_POINT('',(-0.00648946645501876,0.0002,0.0275862921906927));
#3701=CARTESIAN_POINT('',(-0.00645520287097583,0.0002,0.0277993184131234));
#3702=CARTESIAN_POINT('',(-0.00641480703311044,0.0002,0.0280219728345654));
#3703=CARTESIAN_POINT('',(-0.00636788082996068,0.0002,0.0282540912623079));
#3704=CARTESIAN_POINT('',(-0.00631403061883792,0.0002,0.028495497363316));
#3705=CARTESIAN_POINT('',(-0.00625286623334364,0.0002,0.028746003187871));
#3706=CARTESIAN_POINT('',(-0.00618400636585217,0.0002,0.0290054076652231));
#3707=CARTESIAN_POINT('',(-0.00610705942065742,0.0002,0.0292735029376722));
#3708=CARTESIAN_POINT('',(-0.00602169858031184,0.0002,0.0295500506230935));
#3709=CARTESIAN_POINT('',(-0.00592737533666574,0.0002,0.0298348735084658));
#3710=CARTESIAN_POINT('',(-0.00584452983255514,0.0002,0.0300703439121751));
#3711=CARTESIAN_POINT('',(-0.00579212358055344,0.0002,0.0302110856189337));
#3712=CARTESIAN_POINT('',(-0.00577617076122047,0.0002,0.0302535262628544));
#3713=CARTESIAN_POINT('',(-0.00577617076122047,0.0002,0.0302535262628544));
#3714=CARTESIAN_POINT('',(0.,0.0002,2.16913054776845E-18));
#3715=CARTESIAN_POINT('',(-0.00385538891329854,0.0002,0.030557748220823));
#3716=CARTESIAN_POINT('',(-0.00155801607580638,0.0002,0.024450410751305));
#3717=CARTESIAN_POINT('',(-0.00161213632613662,0.0002,0.0253094302587971));
#3718=CARTESIAN_POINT('',(-0.00167130165133222,0.0002,0.0262485273287479));
#3719=CARTESIAN_POINT('',(-0.00167493715102586,0.0002,0.0262772971828902));
#3720=CARTESIAN_POINT('',(-0.00167818463758355,0.0002,0.026307134888618));
#3721=CARTESIAN_POINT('',(-0.00168299806701685,0.0002,0.0263423297294852));
#3722=CARTESIAN_POINT('',(-0.00169027554589174,0.0002,0.0263895502749281));
#3723=CARTESIAN_POINT('',(-0.00170026656751993,0.0002,0.0264464321958813));
#3724=CARTESIAN_POINT('',(-0.00171343367617224,0.0002,0.0265136045369986));
#3725=CARTESIAN_POINT('',(-0.00173016858032928,0.0002,0.0265907346907845));
#3726=CARTESIAN_POINT('',(-0.0017508808001346,0.0002,0.0266777698137016));
#3727=CARTESIAN_POINT('',(-0.0017759701304098,0.0002,0.0267745573955142));
#3728=CARTESIAN_POINT('',(-0.00180583445199308,0.0002,0.0268809588713762));
#3729=CARTESIAN_POINT('',(-0.00184086700223411,0.0002,0.0269968161531847));
#3730=CARTESIAN_POINT('',(-0.00188145675540341,0.0002,0.0271219615091872));
#3731=CARTESIAN_POINT('',(-0.00192798790188765,0.0002,0.0272562148384861));
#3732=CARTESIAN_POINT('',(-0.00198083959210343,0.0002,0.0273993846037228));
#3733=CARTESIAN_POINT('',(-0.00204038560873246,0.0002,0.0275512677275724));
#3734=CARTESIAN_POINT('',(-0.00210699406379413,0.0002,0.0277116497965816));
#3735=CARTESIAN_POINT('',(-0.00218102709305526,0.0002,0.0278803051886282));
#3736=CARTESIAN_POINT('',(-0.0022628405563701,0.0002,0.0280569972323193));
#3737=CARTESIAN_POINT('',(-0.00235278373939252,0.0002,0.0282414783674073));
#3738=CARTESIAN_POINT('',(-0.00245119906724677,0.0002,0.0284334903146343));
#3739=CARTESIAN_POINT('',(-0.00255842179217815,0.0002,0.0286327642526263));
#3740=CARTESIAN_POINT('',(-0.00267477980234874,0.0002,0.0288390210016281));
#3741=CARTESIAN_POINT('',(-0.00280059298429824,0.0002,0.0290519712166778));
#3742=CARTESIAN_POINT('',(-0.00293617432866515,0.0002,0.0292713155789224));
#3743=CARTESIAN_POINT('',(-0.00308182434627288,0.0002,0.029496745028179));
#3744=CARTESIAN_POINT('',(-0.00323785123520771,0.0002,0.0297279408702993));
#3745=CARTESIAN_POINT('',(-0.00340449215320504,0.0002,0.0299645753982646));
#3746=CARTESIAN_POINT('',(-0.0035822140006797,0.0002,0.0302063105741367));
#3747=CARTESIAN_POINT('',(-0.00373376911362836,0.0002,0.0304046555673013));
#3748=CARTESIAN_POINT('',(-0.00382710200029492,0.0002,0.0305223144621486));
#3749=CARTESIAN_POINT('',(-0.00385538891329854,0.0002,0.030557748220823));
#3750=CARTESIAN_POINT('',(-0.00162636804911025,0.0002,0.0255333788112428));
#3751=CARTESIAN_POINT('',(-0.000519788197989857,0.0002,0.0256035252454837));
#3752=CARTESIAN_POINT('',(-0.000497282590017676,0.0002,0.0244949527459365));
#3753=CARTESIAN_POINT('',(2.60208521396523E-18,0.0002,4.02455846426619E-16));
#3754=CARTESIAN_POINT('',(0.000497282590017678,0.0002,0.0244949527459365));
#3755=CARTESIAN_POINT('',(0.000519788197989857,0.0002,0.0256035252454836));
#3756=CARTESIAN_POINT('',(0.00162636804911024,0.0002,0.0255333788112428));
#3757=CARTESIAN_POINT('',(0.00155801607580639,0.0002,0.024450410751305));
#3758=CARTESIAN_POINT('',(0.00161213632613662,0.0002,0.0253094302587971));
#3759=CARTESIAN_POINT('',(0.00167130165133222,0.0002,0.0262485273287479));
#3760=CARTESIAN_POINT('',(0.00167493715102586,0.0002,0.0262772971828902));
#3761=CARTESIAN_POINT('',(0.00167818463758355,0.0002,0.026307134888618));
#3762=CARTESIAN_POINT('',(0.00168299806701685,0.0002,0.0263423297294852));
#3763=CARTESIAN_POINT('',(0.00169027554589174,0.0002,0.0263895502749281));
#3764=CARTESIAN_POINT('',(0.00170026656751993,0.0002,0.0264464321958813));
#3765=CARTESIAN_POINT('',(0.00171343367617225,0.0002,0.0265136045369986));
#3766=CARTESIAN_POINT('',(0.00173016858032928,0.0002,0.0265907346907845));
#3767=CARTESIAN_POINT('',(0.0017508808001346,0.0002,0.0266777698137016));
#3768=CARTESIAN_POINT('',(0.0017759701304098,0.0002,0.0267745573955142));
#3769=CARTESIAN_POINT('',(0.00180583445199308,0.0002,0.0268809588713762));
#3770=CARTESIAN_POINT('',(0.00184086700223411,0.0002,0.0269968161531847));
#3771=CARTESIAN_POINT('',(0.00188145675540341,0.0002,0.0271219615091872));
#3772=CARTESIAN_POINT('',(0.00192798790188765,0.0002,0.0272562148384861));
#3773=CARTESIAN_POINT('',(0.00198083959210343,0.0002,0.0273993846037228));
#3774=CARTESIAN_POINT('',(0.00204038560873247,0.0002,0.0275512677275724));
#3775=CARTESIAN_POINT('',(0.00210699406379413,0.0002,0.0277116497965816));
#3776=CARTESIAN_POINT('',(0.00218102709305526,0.0002,0.0278803051886282));
#3777=CARTESIAN_POINT('',(0.00226284055637011,0.0002,0.0280569972323193));
#3778=CARTESIAN_POINT('',(0.00235278373939252,0.0002,0.0282414783674073));
#3779=CARTESIAN_POINT('',(0.00245119906724678,0.0002,0.0284334903146343));
#3780=CARTESIAN_POINT('',(0.00255842179217815,0.0002,0.0286327642526263));
#3781=CARTESIAN_POINT('',(0.00267477980234874,0.0002,0.0288390210016281));
#3782=CARTESIAN_POINT('',(0.00280059298429824,0.0002,0.0290519712166778));
#3783=CARTESIAN_POINT('',(0.00293617432866515,0.0002,0.0292713155789224));
#3784=CARTESIAN_POINT('',(0.00308182434627288,0.0002,0.029496745028179));
#3785=CARTESIAN_POINT('',(0.00323785123520771,0.0002,0.0297279408702993));
#3786=CARTESIAN_POINT('',(0.00340449215320504,0.0002,0.0299645753982646));
#3787=CARTESIAN_POINT('',(0.0035822140006797,0.0002,0.0302063105741367));
#3788=CARTESIAN_POINT('',(0.00373376911362836,0.0002,0.0304046555673013));
#3789=CARTESIAN_POINT('',(0.00382710200029492,0.0002,0.0305223144621486));
#3790=CARTESIAN_POINT('',(0.00385538891329854,0.0002,0.030557748220823));
#3791=CARTESIAN_POINT('',(0.00385538891329854,0.0002,0.030557748220823));
#3792=CARTESIAN_POINT('',(0.,0.0002,2.16913054776845E-18));
#3793=CARTESIAN_POINT('',(0.00577617076122047,0.0002,0.0302535262628544));
#3794=CARTESIAN_POINT('',(0.00607383110021289,0.0002,0.0237351759160552));
#3795=CARTESIAN_POINT('',(0.00628781130978745,0.0002,0.0245688760933721));
#3796=CARTESIAN_POINT('',(0.00652173869570398,0.0002,0.0254802935721457));
#3797=CARTESIAN_POINT('',(0.00652717150388603,0.0002,0.025508778760589));
#3798=CARTESIAN_POINT('',(0.00653330331877679,0.0002,0.025538159633588));
#3799=CARTESIAN_POINT('',(0.00653960127929081,0.0002,0.0255731193478308));
#3800=CARTESIAN_POINT('',(0.00654727193661014,0.0002,0.0256202776199258));
#3801=CARTESIAN_POINT('',(0.00655534739063344,0.0002,0.025677462936982));
#3802=CARTESIAN_POINT('',(0.0065635821211061,0.0002,0.0257454164900568));
#3803=CARTESIAN_POINT('',(0.00657150080975658,0.0002,0.0258239429952015));
#3804=CARTESIAN_POINT('',(0.00657869765023267,0.0002,0.0259131187439094));
#3805=CARTESIAN_POINT('',(0.00658474528680951,0.0002,0.0260129222337213));
#3806=CARTESIAN_POINT('',(0.00658922249343093,0.0002,0.0261233446335779));
#3807=CARTESIAN_POINT('',(0.0065917064272427,0.0002,0.026244357109783));
#3808=CARTESIAN_POINT('',(0.00659177531976808,0.0002,0.02637592033962));
#3809=CARTESIAN_POINT('',(0.00658900812999837,0.0002,0.0265179817583155));
#3810=CARTESIAN_POINT('',(0.00658298507616025,0.0002,0.0266704763669385));
#3811=CARTESIAN_POINT('',(0.00657328791545403,0.0002,0.0268333265326764));
#3812=CARTESIAN_POINT('',(0.00655950029514417,0.0002,0.0270064420890877));
#3813=CARTESIAN_POINT('',(0.00654120808257967,0.0002,0.0271897203628888));
#3814=CARTESIAN_POINT('',(0.0065179996994448,0.0002,0.0273830462329516));
#3815=CARTESIAN_POINT('',(0.00648946645501876,0.0002,0.0275862921906927));
#3816=CARTESIAN_POINT('',(0.00645520287097583,0.0002,0.0277993184131234));
#3817=CARTESIAN_POINT('',(0.00641480703311045,0.0002,0.0280219728345654));
#3818=CARTESIAN_POINT('',(0.00636788082996069,0.0002,0.0282540912623079));
#3819=CARTESIAN_POINT('',(0.00631403061883792,0.0002,0.028495497363316));
#3820=CARTESIAN_POINT('',(0.00625286623334364,0.0002,0.028746003187871));
#3821=CARTESIAN_POINT('',(0.00618400636585217,0.0002,0.0290054076652231));
#3822=CARTESIAN_POINT('',(0.00610705942065742,0.0002,0.0292735029376722));
#3823=CARTESIAN_POINT('',(0.00602169858031184,0.0002,0.0295500506230935));
#3824=CARTESIAN_POINT('',(0.00592737533666575,0.0002,0.0298348735084658));
#3825=CARTESIAN_POINT('',(0.00584452983255514,0.0002,0.0300703439121751));
#3826=CARTESIAN_POINT('',(0.00579212358055345,0.0002,0.0302110856189337));
#3827=CARTESIAN_POINT('',(0.00577617076122047,0.0002,0.0302535262628544));
#3828=CARTESIAN_POINT('',(0.0063434800454867,0.0002,0.0247862616677487));
#3829=CARTESIAN_POINT('',(0.00741757646397087,0.0002,0.0245110229114991));
#3830=CARTESIAN_POINT('',(0.00709641282722924,0.0002,0.0234497531966871));
#3831=CARTESIAN_POINT('',(1.26840426130076E-16,0.0002,3.81954166713191E-16));
#3832=CARTESIAN_POINT('',(0.00804230052258213,0.0002,0.0231424156540426));
#3833=CARTESIAN_POINT('',(0.00840627236955398,0.0002,0.0241897761381902));
#3834=CARTESIAN_POINT('',(0.00943701590748775,0.0002,0.0237811109351815));
#3835=CARTESIAN_POINT('',(0.00903735378298942,0.0002,0.0227722690261881));
#3836=CARTESIAN_POINT('',(0.00935427682604418,0.0002,0.0235725210493213));
#3837=CARTESIAN_POINT('',(0.00970074334809269,0.0002,0.0244473723461685));
#3838=CARTESIAN_POINT('',(0.009713091287622,0.0002,0.0244736106722351));
#3839=CARTESIAN_POINT('',(0.00972540018901731,0.0002,0.0245009844881634));
#3840=CARTESIAN_POINT('',(0.00974085383638786,0.0002,0.024532969339414));
#3841=CARTESIAN_POINT('',(0.00976236708111951,0.0002,0.0245756298822119));
#3842=CARTESIAN_POINT('',(0.00978944658759068,0.0002,0.0246266404083196));
#3843=CARTESIAN_POINT('',(0.00982272664703244,0.0002,0.0246864562407137));
#3844=CARTESIAN_POINT('',(0.00986247701497916,0.0002,0.0247546400062909));
#3845=CARTESIAN_POINT('',(0.00990907083868084,0.0002,0.0248310148991766));
#3846=CARTESIAN_POINT('',(0.0099628412173531,0.0002,0.0249153123301234));
#3847=CARTESIAN_POINT('',(0.0100241237392675,0.0002,0.0250072775641907));
#3848=CARTESIAN_POINT('',(0.0100932435434577,0.0002,0.0251066387336342));
#3849=CARTESIAN_POINT('',(0.010170518734476,0.0002,0.0252131161164176));
#3850=CARTESIAN_POINT('',(0.0102562590448553,0.0002,0.0253264197050504));
#3851=CARTESIAN_POINT('',(0.010350765879771,0.0002,0.0254462501727571));
#3852=CARTESIAN_POINT('',(0.0104543319733338,0.0002,0.0255722988763236));
#3853=CARTESIAN_POINT('',(0.0105672411634774,0.0002,0.0257042481435687));
#3854=CARTESIAN_POINT('',(0.0106897681407126,0.0002,0.0258417714889962));
#3855=CARTESIAN_POINT('',(0.0108221782123903,0.0002,0.0259845338579931));
#3856=CARTESIAN_POINT('',(0.0109647270685838,0.0002,0.02613219187157));
#3857=CARTESIAN_POINT('',(0.0111176605622591,0.0002,0.0262843940763728));
#3858=CARTESIAN_POINT('',(0.0112812144668756,0.0002,0.0264407812094409));
#3859=CARTESIAN_POINT('',(0.0114556143513175,0.0002,0.0266009864320346));
#3860=CARTESIAN_POINT('',(0.0116410750332526,0.0002,0.0267646357103653));
#3861=CARTESIAN_POINT('',(0.0118378016898547,0.0002,0.026931347655861));
#3862=CARTESIAN_POINT('',(0.0120459846190519,0.0002,0.0271007354718695));
#3863=CARTESIAN_POINT('',(0.0122658184527346,0.0002,0.027272400823798));
#3864=CARTESIAN_POINT('',(0.0124974274742746,0.0002,0.0274459587579804));
#3865=CARTESIAN_POINT('',(0.0127411512728861,0.0002,0.02762094350107));
#3866=CARTESIAN_POINT('',(0.0129465807242708,0.0002,0.0277627476938082));
#3867=CARTESIAN_POINT('',(0.0130717041723668,0.0002,0.0278458065043387));
#3868=CARTESIAN_POINT('',(0.0131095562589098,0.0002,0.0278707648745864));
#3869=CARTESIAN_POINT('',(0.0131095562589098,0.0002,0.0278707648745864));
#3870=CARTESIAN_POINT('',(0.,0.0002,2.16913054776845E-18));
#3871=CARTESIAN_POINT('',(0.0148423185966831,0.0002,0.0269878783655654));
#3872=CARTESIAN_POINT('',(0.0131111293692736,0.0002,0.0206965766894472));
#3873=CARTESIAN_POINT('',(0.0135722641649521,0.0002,0.0214233491545025));
#3874=CARTESIAN_POINT('',(0.0140763858195793,0.0002,0.0222178711490574));
#3875=CARTESIAN_POINT('',(0.0140903551345195,0.0002,0.0222432833430889));
#3876=CARTESIAN_POINT('',(0.0141052660260944,0.0002,0.0222693313788015));
#3877=CARTESIAN_POINT('',(0.0141220588883001,0.0002,0.0223006338660112));
#3878=CARTESIAN_POINT('',(0.0141439268244307,0.0002,0.0223431136845146));
#3879=CARTESIAN_POINT('',(0.0141692782724007,0.0002,0.0223950047004069));
#3880=CARTESIAN_POINT('',(0.0141981087692049,0.0002,0.0224570876982039));
#3881=CARTESIAN_POINT('',(0.014229905914245,0.0002,0.0225293238332574));
#3882=CARTESIAN_POINT('',(0.0142643073381134,0.0002,0.0226119110641487));
#3883=CARTESIAN_POINT('',(0.0143008999567378,0.0002,0.0227049610010052));
#3884=CARTESIAN_POINT('',(0.0143392804313852,0.0002,0.0228085954110005));
#3885=CARTESIAN_POINT('',(0.0143790377045017,0.0002,0.0229229175372876));
#3886=CARTESIAN_POINT('',(0.0144197584990414,0.0002,0.0230480203153678));
#3887=CARTESIAN_POINT('',(0.014461026137801,0.0002,0.0231839838619978));
#3888=CARTESIAN_POINT('',(0.0145024212988153,0.0002,0.0233308760792225));
#3889=CARTESIAN_POINT('',(0.0145435222196859,0.0002,0.0234887523779828));
#3890=CARTESIAN_POINT('',(0.0145839050624678,0.0002,0.0236576556649676));
#3891=CARTESIAN_POINT('',(0.0146231442358151,0.0002,0.0238376162661085));
#3892=CARTESIAN_POINT('',(0.0146608127311038,0.0002,0.0240286518794008));
#3893=CARTESIAN_POINT('',(0.0146964824580413,0.0002,0.0242307675293534));
#3894=CARTESIAN_POINT('',(0.0147297245761443,0.0002,0.0244439555360953));
#3895=CARTESIAN_POINT('',(0.0147601098514095,0.0002,0.0246681954748922));
#3896=CARTESIAN_POINT('',(0.0147872089189989,0.0002,0.0249034542124036));
#3897=CARTESIAN_POINT('',(0.0148105929125641,0.0002,0.0251496856882284));
#3898=CARTESIAN_POINT('',(0.014829832682152,0.0002,0.0254068317196095));
#3899=CARTESIAN_POINT('',(0.0148445034483817,0.0002,0.0256748189074366));
#3900=CARTESIAN_POINT('',(0.0148541685500436,0.0002,0.0259535705770177));
#3901=CARTESIAN_POINT('',(0.0148584435011467,0.0002,0.0262429610056248));
#3902=CARTESIAN_POINT('',(0.014856751877606,0.0002,0.0265429911519994));
#3903=CARTESIAN_POINT('',(0.0148507254774943,0.0002,0.0267925374825196));
#3904=CARTESIAN_POINT('',(0.0148443757492393,0.0002,0.0269425852223268));
#3905=CARTESIAN_POINT('',(0.0148423185966831,0.0002,0.0269878783655654));
#3906=CARTESIAN_POINT('',(0.0136923841156071,0.0002,0.0216128925361754));
#3907=CARTESIAN_POINT('',(0.014628857060344,0.0002,0.0210192108765983));
#3908=CARTESIAN_POINT('',(0.0139954619133314,0.0002,0.0201091284205081));
#3909=CARTESIAN_POINT('',(2.38662742387361E-16,0.0002,3.24064151930712E-16));
#3910=CARTESIAN_POINT('',(0.0148000820459936,0.0002,0.0195245376752398));
#3911=CARTESIAN_POINT('',(0.0154698920316426,0.0002,0.0204081632024101));
#3912=CARTESIAN_POINT('',(0.0163239028972842,0.0002,0.0197009822280419));
#3913=CARTESIAN_POINT('',(0.0156320523349471,0.0002,0.01886501894506));
#3914=CARTESIAN_POINT('',(0.0161807555351395,0.0002,0.0195281692401263));
#3915=CARTESIAN_POINT('',(0.0167806086968886,0.0002,0.0202531382234872));
#3916=CARTESIAN_POINT('',(0.0168004603738993,0.0002,0.0202742766313093));
#3917=CARTESIAN_POINT('',(0.0168206258091025,0.0002,0.0202965070176107));
#3918=CARTESIAN_POINT('',(0.0168452069637338,0.0002,0.0203221509791527));
#3919=CARTESIAN_POINT('',(0.0168788501080363,0.0002,0.020356075608143));
#3920=CARTESIAN_POINT('',(0.016920367368583,0.0002,0.0203962214736985));
#3921=CARTESIAN_POINT('',(0.0169705026947202,0.0002,0.0204428256069332));
#3922=CARTESIAN_POINT('',(0.0170293774834849,0.0002,0.0204953886822627));
#3923=CARTESIAN_POINT('',(0.0170972919829808,0.0002,0.0205536272384663));
#3924=CARTESIAN_POINT('',(0.0171744799907454,0.0002,0.0206171828986715));
#3925=CARTESIAN_POINT('',(0.0172611819527656,0.0002,0.0206857096930741));
#3926=CARTESIAN_POINT('',(0.0173576230828846,0.0002,0.0207588485865975));
#3927=CARTESIAN_POINT('',(0.0174640194776473,0.0002,0.0208362352480634));
#3928=CARTESIAN_POINT('',(0.0175805760929539,0.0002,0.0209174981513421));
#3929=CARTESIAN_POINT('',(0.0177074870851002,0.0002,0.0210022594804317));
#3930=CARTESIAN_POINT('',(0.0178449354847712,0.0002,0.0210901352383773));
#3931=CARTESIAN_POINT('',(0.017993093071781,0.0002,0.0211807355902356));
#3932=CARTESIAN_POINT('',(0.0181521202027629,0.0002,0.0212736651458121));
#3933=CARTESIAN_POINT('',(0.0183221656624323,0.0002,0.0213685232647536));
#3934=CARTESIAN_POINT('',(0.0185033665165565,0.0002,0.0214649043616565));
#3935=CARTESIAN_POINT('',(0.0186958479801416,0.0002,0.0215623982117739));
#3936=CARTESIAN_POINT('',(0.0188997232687121,0.0002,0.0216605902777201));
#3937=CARTESIAN_POINT('',(0.0191150935516209,0.0002,0.0217590619705029));
#3938=CARTESIAN_POINT('',(0.0193420475498132,0.0002,0.0218573911805399));
#3939=CARTESIAN_POINT('',(0.0195806625428271,0.0002,0.0219551517825113));
#3940=CARTESIAN_POINT('',(0.0198309999880081,0.0002,0.0220519171056464));
#3941=CARTESIAN_POINT('',(0.0200931218991255,0.0002,0.0221472481666736));
#3942=CARTESIAN_POINT('',(0.0203670275194648,0.0002,0.0222407404472262));
#3943=CARTESIAN_POINT('',(0.0206528958856814,0.0002,0.0223318460316891));
#3944=CARTESIAN_POINT('',(0.0208920908094896,0.0002,0.0224032286416077));
#3945=CARTESIAN_POINT('',(0.0210367568641291,0.0002,0.0224435569927421));
#3946=CARTESIAN_POINT('',(0.0210804688982496,0.0002,0.0224555968753879));
#3947=CARTESIAN_POINT('',(0.0210804688982496,0.0002,0.0224555968753879));
#3948=CARTESIAN_POINT('',(0.,0.0002,2.16913054776845E-18));
#3949=CARTESIAN_POINT('',(0.0224555968753879,0.0002,0.0210804688982496));
#3950=CARTESIAN_POINT('',(0.01886501894506,0.0002,0.0156320523349471));
#3951=CARTESIAN_POINT('',(0.0195281692401263,0.0002,0.0161807555351395));
#3952=CARTESIAN_POINT('',(0.0202531382234872,0.0002,0.0167806086968886));
#3953=CARTESIAN_POINT('',(0.0202742766313093,0.0002,0.0168004603738993));
#3954=CARTESIAN_POINT('',(0.0202965070176107,0.0002,0.0168206258091025));
#3955=CARTESIAN_POINT('',(0.0203221509791527,0.0002,0.0168452069637338));
#3956=CARTESIAN_POINT('',(0.020356075608143,0.0002,0.0168788501080363));
#3957=CARTESIAN_POINT('',(0.0203962214736985,0.0002,0.016920367368583));
#3958=CARTESIAN_POINT('',(0.0204428256069332,0.0002,0.0169705026947202));
#3959=CARTESIAN_POINT('',(0.0204953886822627,0.0002,0.0170293774834849));
#3960=CARTESIAN_POINT('',(0.0205536272384663,0.0002,0.0170972919829808));
#3961=CARTESIAN_POINT('',(0.0206171828986715,0.0002,0.0171744799907454));
#3962=CARTESIAN_POINT('',(0.0206857096930741,0.0002,0.0172611819527656));
#3963=CARTESIAN_POINT('',(0.0207588485865975,0.0002,0.0173576230828846));
#3964=CARTESIAN_POINT('',(0.0208362352480634,0.0002,0.0174640194776473));
#3965=CARTESIAN_POINT('',(0.0209174981513421,0.0002,0.0175805760929539));
#3966=CARTESIAN_POINT('',(0.0210022594804317,0.0002,0.0177074870851002));
#3967=CARTESIAN_POINT('',(0.0210901352383773,0.0002,0.0178449354847712));
#3968=CARTESIAN_POINT('',(0.0211807355902356,0.0002,0.017993093071781));
#3969=CARTESIAN_POINT('',(0.021273665145812,0.0002,0.0181521202027629));
#3970=CARTESIAN_POINT('',(0.0213685232647536,0.0002,0.0183221656624323));
#3971=CARTESIAN_POINT('',(0.0214649043616564,0.0002,0.0185033665165565));
#3972=CARTESIAN_POINT('',(0.0215623982117739,0.0002,0.0186958479801416));
#3973=CARTESIAN_POINT('',(0.0216605902777201,0.0002,0.0188997232687121));
#3974=CARTESIAN_POINT('',(0.0217590619705029,0.0002,0.0191150935516209));
#3975=CARTESIAN_POINT('',(0.0218573911805399,0.0002,0.0193420475498132));
#3976=CARTESIAN_POINT('',(0.0219551517825113,0.0002,0.0195806625428271));
#3977=CARTESIAN_POINT('',(0.0220519171056464,0.0002,0.0198309999880081));
#3978=CARTESIAN_POINT('',(0.0221472481666736,0.0002,0.0200931218991255));
#3979=CARTESIAN_POINT('',(0.0222407404472262,0.0002,0.0203670275194648));
#3980=CARTESIAN_POINT('',(0.0223318460316891,0.0002,0.0206528958856814));
#3981=CARTESIAN_POINT('',(0.0224032286416077,0.0002,0.0208920908094896));
#3982=CARTESIAN_POINT('',(0.0224435569927421,0.0002,0.0210367568641291));
#3983=CARTESIAN_POINT('',(0.0224555968753879,0.0002,0.0210804688982496));
#3984=CARTESIAN_POINT('',(0.019700982228042,0.0002,0.0163239028972843));
#3985=CARTESIAN_POINT('',(0.0204081632024101,0.0002,0.0154698920316426));
#3986=CARTESIAN_POINT('',(0.0195245376752398,0.0002,0.0148000820459936));
#3987=CARTESIAN_POINT('',(3.27123086558666E-16,0.0002,2.34452480069541E-16));
#3988=CARTESIAN_POINT('',(0.0201091284205081,0.0002,0.0139954619133314));
#3989=CARTESIAN_POINT('',(0.0210192108765983,0.0002,0.0146288570603439));
#3990=CARTESIAN_POINT('',(0.0216128925361753,0.0002,0.013692384115607));
#3991=CARTESIAN_POINT('',(0.0206965766894472,0.0002,0.0131111293692736));
#3992=CARTESIAN_POINT('',(0.0214233491545025,0.0002,0.0135722641649521));
#3993=CARTESIAN_POINT('',(0.0222178711490574,0.0002,0.0140763858195793));
#3994=CARTESIAN_POINT('',(0.0222432833430889,0.0002,0.0140903551345195));
#3995=CARTESIAN_POINT('',(0.0222693313788015,0.0002,0.0141052660260944));
#3996=CARTESIAN_POINT('',(0.0223006338660112,0.0002,0.0141220588883001));
#3997=CARTESIAN_POINT('',(0.0223431136845146,0.0002,0.0141439268244307));
#3998=CARTESIAN_POINT('',(0.0223950047004069,0.0002,0.0141692782724007));
#3999=CARTESIAN_POINT('',(0.0224570876982039,0.0002,0.0141981087692049));
#4000=CARTESIAN_POINT('',(0.0225293238332574,0.0002,0.014229905914245));
#4001=CARTESIAN_POINT('',(0.0226119110641487,0.0002,0.0142643073381134));
#4002=CARTESIAN_POINT('',(0.0227049610010052,0.0002,0.0143008999567378));
#4003=CARTESIAN_POINT('',(0.0228085954110005,0.0002,0.0143392804313852));
#4004=CARTESIAN_POINT('',(0.0229229175372876,0.0002,0.0143790377045017));
#4005=CARTESIAN_POINT('',(0.0230480203153678,0.0002,0.0144197584990414));
#4006=CARTESIAN_POINT('',(0.0231839838619978,0.0002,0.014461026137801));
#4007=CARTESIAN_POINT('',(0.0233308760792225,0.0002,0.0145024212988153));
#4008=CARTESIAN_POINT('',(0.0234887523779828,0.0002,0.0145435222196859));
#4009=CARTESIAN_POINT('',(0.0236576556649676,0.0002,0.0145839050624678));
#4010=CARTESIAN_POINT('',(0.0238376162661085,0.0002,0.0146231442358151));
#4011=CARTESIAN_POINT('',(0.0240286518794008,0.0002,0.0146608127311038));
#4012=CARTESIAN_POINT('',(0.0242307675293534,0.0002,0.0146964824580413));
#4013=CARTESIAN_POINT('',(0.0244439555360953,0.0002,0.0147297245761443));
#4014=CARTESIAN_POINT('',(0.0246681954748922,0.0002,0.0147601098514095));
#4015=CARTESIAN_POINT('',(0.0249034542124036,0.0002,0.0147872089189989));
#4016=CARTESIAN_POINT('',(0.0251496856882284,0.0002,0.0148105929125641));
#4017=CARTESIAN_POINT('',(0.0254068317196095,0.0002,0.014829832682152));
#4018=CARTESIAN_POINT('',(0.0256748189074366,0.0002,0.0148445034483817));
#4019=CARTESIAN_POINT('',(0.0259535705770177,0.0002,0.0148541685500436));
#4020=CARTESIAN_POINT('',(0.0262429610056248,0.0002,0.0148584435011467));
#4021=CARTESIAN_POINT('',(0.0265429911519994,0.0002,0.014856751877606));
#4022=CARTESIAN_POINT('',(0.0267925374825196,0.0002,0.0148507254774943));
#4023=CARTESIAN_POINT('',(0.0269425852223268,0.0002,0.0148443757492393));
#4024=CARTESIAN_POINT('',(0.0269878783655654,0.0002,0.0148423185966831));
#4025=CARTESIAN_POINT('',(0.0269878783655654,0.0002,0.0148423185966831));
#4026=CARTESIAN_POINT('',(0.,0.0002,2.16913054776845E-18));
#4027=CARTESIAN_POINT('',(0.0278707648745864,0.0002,0.0131095562589098));
#4028=CARTESIAN_POINT('',(0.0227722690261881,0.0002,0.00903735378298942));
#4029=CARTESIAN_POINT('',(0.0235725210493213,0.0002,0.00935427682604418));
#4030=CARTESIAN_POINT('',(0.0244473723461685,0.0002,0.00970074334809269));
#4031=CARTESIAN_POINT('',(0.0244736106722351,0.0002,0.009713091287622));
#4032=CARTESIAN_POINT('',(0.0245009844881634,0.0002,0.00972540018901731));
#4033=CARTESIAN_POINT('',(0.024532969339414,0.0002,0.00974085383638786));
#4034=CARTESIAN_POINT('',(0.0245756298822119,0.0002,0.00976236708111951));
#4035=CARTESIAN_POINT('',(0.0246266404083196,0.0002,0.00978944658759068));
#4036=CARTESIAN_POINT('',(0.0246864562407137,0.0002,0.00982272664703244));
#4037=CARTESIAN_POINT('',(0.0247546400062909,0.0002,0.00986247701497916));
#4038=CARTESIAN_POINT('',(0.0248310148991766,0.0002,0.00990907083868084));
#4039=CARTESIAN_POINT('',(0.0249153123301234,0.0002,0.0099628412173531));
#4040=CARTESIAN_POINT('',(0.0250072775641907,0.0002,0.0100241237392675));
#4041=CARTESIAN_POINT('',(0.0251066387336342,0.0002,0.0100932435434577));
#4042=CARTESIAN_POINT('',(0.0252131161164176,0.0002,0.010170518734476));
#4043=CARTESIAN_POINT('',(0.0253264197050504,0.0002,0.0102562590448553));
#4044=CARTESIAN_POINT('',(0.0254462501727571,0.0002,0.010350765879771));
#4045=CARTESIAN_POINT('',(0.0255722988763236,0.0002,0.0104543319733337));
#4046=CARTESIAN_POINT('',(0.0257042481435687,0.0002,0.0105672411634774));
#4047=CARTESIAN_POINT('',(0.0258417714889962,0.0002,0.0106897681407126));
#4048=CARTESIAN_POINT('',(0.0259845338579931,0.0002,0.0108221782123903));
#4049=CARTESIAN_POINT('',(0.02613219187157,0.0002,0.0109647270685838));
#4050=CARTESIAN_POINT('',(0.0262843940763728,0.0002,0.0111176605622591));
#4051=CARTESIAN_POINT('',(0.0264407812094409,0.0002,0.0112812144668756));
#4052=CARTESIAN_POINT('',(0.0266009864320346,0.0002,0.0114556143513175));
#4053=CARTESIAN_POINT('',(0.0267646357103653,0.0002,0.0116410750332526));
#4054=CARTESIAN_POINT('',(0.026931347655861,0.0002,0.0118378016898547));
#4055=CARTESIAN_POINT('',(0.0271007354718695,0.0002,0.0120459846190519));
#4056=CARTESIAN_POINT('',(0.027272400823798,0.0002,0.0122658184527346));
#4057=CARTESIAN_POINT('',(0.0274459587579804,0.0002,0.0124974274742746));
#4058=CARTESIAN_POINT('',(0.02762094350107,0.0002,0.0127411512728861));
#4059=CARTESIAN_POINT('',(0.0277627476938082,0.0002,0.0129465807242708));
#4060=CARTESIAN_POINT('',(0.0278458065043387,0.0002,0.0130717041723668));
#4061=CARTESIAN_POINT('',(0.0278707648745864,0.0002,0.0131095562589098));
#4062=CARTESIAN_POINT('',(0.0237811109351816,0.0002,0.00943701590748778));
#4063=CARTESIAN_POINT('',(0.0241897761381903,0.0002,0.00840627236955401));
#4064=CARTESIAN_POINT('',(0.0231424156540426,0.0002,0.00804230052258213));
#4065=CARTESIAN_POINT('',(3.83562343817045E-16,0.0002,1.21890965932682E-16));
#4066=CARTESIAN_POINT('',(0.0234497531966871,0.0002,0.00709641282722924));
#4067=CARTESIAN_POINT('',(0.024511022911499,0.0002,0.00741757646397085));
#4068=CARTESIAN_POINT('',(0.0247862616677486,0.0002,0.00634348004548668));
#4069=CARTESIAN_POINT('',(0.0237351759160552,0.0002,0.00607383110021289));
#4070=CARTESIAN_POINT('',(0.0245688760933721,0.0002,0.00628781130978745));
#4071=CARTESIAN_POINT('',(0.0254802935721457,0.0002,0.00652173869570398));
#4072=CARTESIAN_POINT('',(0.025508778760589,0.0002,0.00652717150388603));
#4073=CARTESIAN_POINT('',(0.025538159633588,0.0002,0.00653330331877679));
#4074=CARTESIAN_POINT('',(0.0255731193478308,0.0002,0.00653960127929081));
#4075=CARTESIAN_POINT('',(0.0256202776199258,0.0002,0.00654727193661014));
#4076=CARTESIAN_POINT('',(0.025677462936982,0.0002,0.00655534739063344));
#4077=CARTESIAN_POINT('',(0.0257454164900568,0.0002,0.0065635821211061));
#4078=CARTESIAN_POINT('',(0.0258239429952015,0.0002,0.00657150080975658));
#4079=CARTESIAN_POINT('',(0.0259131187439094,0.0002,0.00657869765023267));
#4080=CARTESIAN_POINT('',(0.0260129222337213,0.0002,0.0065847452868095));
#4081=CARTESIAN_POINT('',(0.0261233446335779,0.0002,0.00658922249343092));
#4082=CARTESIAN_POINT('',(0.026244357109783,0.0002,0.0065917064272427));
#4083=CARTESIAN_POINT('',(0.02637592033962,0.0002,0.00659177531976808));
#4084=CARTESIAN_POINT('',(0.0265179817583155,0.0002,0.00658900812999837));
#4085=CARTESIAN_POINT('',(0.0266704763669385,0.0002,0.00658298507616025));
#4086=CARTESIAN_POINT('',(0.0268333265326764,0.0002,0.00657328791545403));
#4087=CARTESIAN_POINT('',(0.0270064420890877,0.0002,0.00655950029514417));
#4088=CARTESIAN_POINT('',(0.0271897203628888,0.0002,0.00654120808257967));
#4089=CARTESIAN_POINT('',(0.0273830462329516,0.0002,0.0065179996994448));
#4090=CARTESIAN_POINT('',(0.0275862921906927,0.0002,0.00648946645501876));
#4091=CARTESIAN_POINT('',(0.0277993184131234,0.0002,0.00645520287097583));
#4092=CARTESIAN_POINT('',(0.0280219728345654,0.0002,0.00641480703311045));
#4093=CARTESIAN_POINT('',(0.0282540912623079,0.0002,0.00636788082996069));
#4094=CARTESIAN_POINT('',(0.028495497363316,0.0002,0.00631403061883792));
#4095=CARTESIAN_POINT('',(0.028746003187871,0.0002,0.00625286623334364));
#4096=CARTESIAN_POINT('',(0.0290054076652231,0.0002,0.00618400636585217));
#4097=CARTESIAN_POINT('',(0.0292735029376722,0.0002,0.00610705942065742));
#4098=CARTESIAN_POINT('',(0.0295500506230935,0.0002,0.00602169858031184));
#4099=CARTESIAN_POINT('',(0.0298348735084658,0.0002,0.00592737533666575));
#4100=CARTESIAN_POINT('',(0.0300703439121751,0.0002,0.00584452983255514));
#4101=CARTESIAN_POINT('',(0.0302110856189337,0.0002,0.00579212358055345));
#4102=CARTESIAN_POINT('',(0.0302535262628544,0.0002,0.00577617076122047));
#4103=CARTESIAN_POINT('',(0.0302535262628544,0.0002,0.00577617076122047));
#4104=CARTESIAN_POINT('',(0.,0.0002,2.16913054776845E-18));
#4105=CARTESIAN_POINT('',(0.030557748220823,0.0002,0.00385538891329854));
#4106=CARTESIAN_POINT('',(0.024450410751305,0.0002,0.00155801607580638));
#4107=CARTESIAN_POINT('',(0.0253094302587971,0.0002,0.00161213632613662));
#4108=CARTESIAN_POINT('',(0.0262485273287479,0.0002,0.00167130165133222));
#4109=CARTESIAN_POINT('',(0.0262772971828902,0.0002,0.00167493715102586));
#4110=CARTESIAN_POINT('',(0.026307134888618,0.0002,0.00167818463758355));
#4111=CARTESIAN_POINT('',(0.0263423297294852,0.0002,0.00168299806701685));
#4112=CARTESIAN_POINT('',(0.0263895502749281,0.0002,0.00169027554589174));
#4113=CARTESIAN_POINT('',(0.0264464321958813,0.0002,0.00170026656751993));
#4114=CARTESIAN_POINT('',(0.0265136045369986,0.0002,0.00171343367617224));
#4115=CARTESIAN_POINT('',(0.0265907346907845,0.0002,0.00173016858032928));
#4116=CARTESIAN_POINT('',(0.0266777698137016,0.0002,0.0017508808001346));
#4117=CARTESIAN_POINT('',(0.0267745573955142,0.0002,0.0017759701304098));
#4118=CARTESIAN_POINT('',(0.0268809588713762,0.0002,0.00180583445199308));
#4119=CARTESIAN_POINT('',(0.0269968161531847,0.0002,0.00184086700223411));
#4120=CARTESIAN_POINT('',(0.0271219615091872,0.0002,0.00188145675540341));
#4121=CARTESIAN_POINT('',(0.0272562148384861,0.0002,0.00192798790188765));
#4122=CARTESIAN_POINT('',(0.0273993846037228,0.0002,0.00198083959210343));
#4123=CARTESIAN_POINT('',(0.0275512677275724,0.0002,0.00204038560873247));
#4124=CARTESIAN_POINT('',(0.0277116497965816,0.0002,0.00210699406379413));
#4125=CARTESIAN_POINT('',(0.0278803051886282,0.0002,0.00218102709305526));
#4126=CARTESIAN_POINT('',(0.0280569972323193,0.0002,0.00226284055637011));
#4127=CARTESIAN_POINT('',(0.0282414783674073,0.0002,0.00235278373939252));
#4128=CARTESIAN_POINT('',(0.0284334903146343,0.0002,0.00245119906724677));
#4129=CARTESIAN_POINT('',(0.0286327642526263,0.0002,0.00255842179217815));
#4130=CARTESIAN_POINT('',(0.0288390210016281,0.0002,0.00267477980234874));
#4131=CARTESIAN_POINT('',(0.0290519712166778,0.0002,0.00280059298429824));
#4132=CARTESIAN_POINT('',(0.0292713155789224,0.0002,0.00293617432866515));
#4133=CARTESIAN_POINT('',(0.029496745028179,0.0002,0.00308182434627288));
#4134=CARTESIAN_POINT('',(0.0297279408702993,0.0002,0.00323785123520771));
#4135=CARTESIAN_POINT('',(0.0299645753982646,0.0002,0.00340449215320504));
#4136=CARTESIAN_POINT('',(0.0302063105741367,0.0002,0.0035822140006797));
#4137=CARTESIAN_POINT('',(0.0304046555673013,0.0002,0.00373376911362836));
#4138=CARTESIAN_POINT('',(0.0305223144621486,0.0002,0.00382710200029492));
#4139=CARTESIAN_POINT('',(0.030557748220823,0.0002,0.00385538891329854));
#4140=CARTESIAN_POINT('',(0.0255333788112428,0.0002,0.00162636804911025));
#4141=CARTESIAN_POINT('',(0.0256035252454837,0.0002,0.000519788197989858));
#4142=CARTESIAN_POINT('',(0.0244949527459365,0.0002,0.000497282590017677));
#4143=CARTESIAN_POINT('',(4.02455846426619E-16,0.0002,-2.60208521396521E-18));
#4144=CARTESIAN_POINT('',(0.0244949527459365,0.0002,-0.000497282590017677));
#4145=CARTESIAN_POINT('',(0.0256035252454836,0.0002,-0.000519788197989856));
#4146=CARTESIAN_POINT('',(0.0255333788112428,0.0002,-0.00162636804911024));
#4147=CARTESIAN_POINT('',(0.024450410751305,0.0002,-0.00155801607580638));
#4148=CARTESIAN_POINT('',(0.0253094302587971,0.0002,-0.00161213632613662));
#4149=CARTESIAN_POINT('',(0.0262485273287479,0.0002,-0.00167130165133222));
#4150=CARTESIAN_POINT('',(0.0262772971828902,0.0002,-0.00167493715102586));
#4151=CARTESIAN_POINT('',(0.026307134888618,0.0002,-0.00167818463758355));
#4152=CARTESIAN_POINT('',(0.0263423297294852,0.0002,-0.00168299806701685));
#4153=CARTESIAN_POINT('',(0.0263895502749281,0.0002,-0.00169027554589174));
#4154=CARTESIAN_POINT('',(0.0264464321958813,0.0002,-0.00170026656751993));
#4155=CARTESIAN_POINT('',(0.0265136045369986,0.0002,-0.00171343367617224));
#4156=CARTESIAN_POINT('',(0.0265907346907845,0.0002,-0.00173016858032928));
#4157=CARTESIAN_POINT('',(0.0266777698137016,0.0002,-0.0017508808001346));
#4158=CARTESIAN_POINT('',(0.0267745573955142,0.0002,-0.0017759701304098));
#4159=CARTESIAN_POINT('',(0.0268809588713762,0.0002,-0.00180583445199308));
#4160=CARTESIAN_POINT('',(0.0269968161531847,0.0002,-0.00184086700223411));
#4161=CARTESIAN_POINT('',(0.0271219615091872,0.0002,-0.00188145675540341));
#4162=CARTESIAN_POINT('',(0.0272562148384861,0.0002,-0.00192798790188765));
#4163=CARTESIAN_POINT('',(0.0273993846037228,0.0002,-0.00198083959210343));
#4164=CARTESIAN_POINT('',(0.0275512677275724,0.0002,-0.00204038560873247));
#4165=CARTESIAN_POINT('',(0.0277116497965816,0.0002,-0.00210699406379413));
#4166=CARTESIAN_POINT('',(0.0278803051886282,0.0002,-0.00218102709305526));
#4167=CARTESIAN_POINT('',(0.0280569972323193,0.0002,-0.0022628405563701));
#4168=CARTESIAN_POINT('',(0.0282414783674073,0.0002,-0.00235278373939252));
#4169=CARTESIAN_POINT('',(0.0284334903146343,0.0002,-0.00245119906724677));
#4170=CARTESIAN_POINT('',(0.0286327642526263,0.0002,-0.00255842179217815));
#4171=CARTESIAN_POINT('',(0.0288390210016281,0.0002,-0.00267477980234874));
#4172=CARTESIAN_POINT('',(0.0290519712166778,0.0002,-0.00280059298429824));
#4173=CARTESIAN_POINT('',(0.0292713155789224,0.0002,-0.00293617432866515));
#4174=CARTESIAN_POINT('',(0.029496745028179,0.0002,-0.00308182434627288));
#4175=CARTESIAN_POINT('',(0.0297279408702993,0.0002,-0.00323785123520771));
#4176=CARTESIAN_POINT('',(0.0299645753982646,0.0002,-0.00340449215320504));
#4177=CARTESIAN_POINT('',(0.0302063105741367,0.0002,-0.0035822140006797));
#4178=CARTESIAN_POINT('',(0.0304046555673013,0.0002,-0.00373376911362836));
#4179=CARTESIAN_POINT('',(0.0305223144621486,0.0002,-0.00382710200029492));
#4180=CARTESIAN_POINT('',(0.030557748220823,0.0002,-0.00385538891329854));
#4181=CARTESIAN_POINT('',(0.030557748220823,0.0002,-0.00385538891329854));
#4182=CARTESIAN_POINT('',(0.,0.0002,2.16913054776845E-18));
#4183=CARTESIAN_POINT('',(0.0302535262628544,0.0002,-0.00577617076122047));
#4184=CARTESIAN_POINT('',(0.0237351759160552,0.0002,-0.00607383110021289));
#4185=CARTESIAN_POINT('',(0.0245688760933721,0.0002,-0.00628781130978746));
#4186=CARTESIAN_POINT('',(0.0254802935721457,0.0002,-0.00652173869570398));
#4187=CARTESIAN_POINT('',(0.025508778760589,0.0002,-0.00652717150388603));
#4188=CARTESIAN_POINT('',(0.025538159633588,0.0002,-0.00653330331877679));
#4189=CARTESIAN_POINT('',(0.0255731193478308,0.0002,-0.00653960127929082));
#4190=CARTESIAN_POINT('',(0.0256202776199258,0.0002,-0.00654727193661015));
#4191=CARTESIAN_POINT('',(0.025677462936982,0.0002,-0.00655534739063345));
#4192=CARTESIAN_POINT('',(0.0257454164900568,0.0002,-0.00656358212110611));
#4193=CARTESIAN_POINT('',(0.0258239429952015,0.0002,-0.00657150080975658));
#4194=CARTESIAN_POINT('',(0.0259131187439094,0.0002,-0.00657869765023268));
#4195=CARTESIAN_POINT('',(0.0260129222337213,0.0002,-0.00658474528680951));
#4196=CARTESIAN_POINT('',(0.0261233446335779,0.0002,-0.00658922249343093));
#4197=CARTESIAN_POINT('',(0.026244357109783,0.0002,-0.00659170642724271));
#4198=CARTESIAN_POINT('',(0.02637592033962,0.0002,-0.00659177531976809));
#4199=CARTESIAN_POINT('',(0.0265179817583155,0.0002,-0.00658900812999837));
#4200=CARTESIAN_POINT('',(0.0266704763669385,0.0002,-0.00658298507616025));
#4201=CARTESIAN_POINT('',(0.0268333265326764,0.0002,-0.00657328791545403));
#4202=CARTESIAN_POINT('',(0.0270064420890877,0.0002,-0.00655950029514417));
#4203=CARTESIAN_POINT('',(0.0271897203628888,0.0002,-0.00654120808257967));
#4204=CARTESIAN_POINT('',(0.0273830462329516,0.0002,-0.0065179996994448));
#4205=CARTESIAN_POINT('',(0.0275862921906927,0.0002,-0.00648946645501876));
#4206=CARTESIAN_POINT('',(0.0277993184131234,0.0002,-0.00645520287097583));
#4207=CARTESIAN_POINT('',(0.0280219728345654,0.0002,-0.00641480703311045));
#4208=CARTESIAN_POINT('',(0.0282540912623079,0.0002,-0.00636788082996069));
#4209=CARTESIAN_POINT('',(0.028495497363316,0.0002,-0.00631403061883793));
#4210=CARTESIAN_POINT('',(0.028746003187871,0.0002,-0.00625286623334365));
#4211=CARTESIAN_POINT('',(0.0290054076652231,0.0002,-0.00618400636585218));
#4212=CARTESIAN_POINT('',(0.0292735029376722,0.0002,-0.00610705942065743));
#4213=CARTESIAN_POINT('',(0.0295500506230935,0.0002,-0.00602169858031184));
#4214=CARTESIAN_POINT('',(0.0298348735084658,0.0002,-0.00592737533666575));
#4215=CARTESIAN_POINT('',(0.0300703439121751,0.0002,-0.00584452983255514));
#4216=CARTESIAN_POINT('',(0.0302110856189337,0.0002,-0.00579212358055345));
#4217=CARTESIAN_POINT('',(0.0302535262628544,0.0002,-0.00577617076122047));
#4218=CARTESIAN_POINT('',(0.0247862616677487,0.0002,-0.00634348004548671));
#4219=CARTESIAN_POINT('',(0.0245110229114991,0.0002,-0.00741757646397087));
#4220=CARTESIAN_POINT('',(0.0234497531966871,0.0002,-0.00709641282722925));
#4221=CARTESIAN_POINT('',(3.81954166713191E-16,0.0002,-1.26840426130076E-16));
#4222=CARTESIAN_POINT('',(0.0231424156540426,0.0002,-0.00804230052258213));
#4223=CARTESIAN_POINT('',(0.0241897761381902,0.0002,-0.00840627236955399));
#4224=CARTESIAN_POINT('',(0.0237811109351815,0.0002,-0.00943701590748775));
#4225=CARTESIAN_POINT('',(0.0227722690261881,0.0002,-0.00903735378298943));
#4226=CARTESIAN_POINT('',(0.0235725210493213,0.0002,-0.00935427682604419));
#4227=CARTESIAN_POINT('',(0.0244473723461685,0.0002,-0.0097007433480927));
#4228=CARTESIAN_POINT('',(0.0244736106722351,0.0002,-0.009713091287622));
#4229=CARTESIAN_POINT('',(0.0245009844881634,0.0002,-0.00972540018901731));
#4230=CARTESIAN_POINT('',(0.024532969339414,0.0002,-0.00974085383638786));
#4231=CARTESIAN_POINT('',(0.0245756298822119,0.0002,-0.00976236708111951));
#4232=CARTESIAN_POINT('',(0.0246266404083196,0.0002,-0.00978944658759068));
#4233=CARTESIAN_POINT('',(0.0246864562407137,0.0002,-0.00982272664703245));
#4234=CARTESIAN_POINT('',(0.0247546400062909,0.0002,-0.00986247701497917));
#4235=CARTESIAN_POINT('',(0.0248310148991766,0.0002,-0.00990907083868084));
#4236=CARTESIAN_POINT('',(0.0249153123301234,0.0002,-0.0099628412173531));
#4237=CARTESIAN_POINT('',(0.0250072775641907,0.0002,-0.0100241237392675));
#4238=CARTESIAN_POINT('',(0.0251066387336342,0.0002,-0.0100932435434577));
#4239=CARTESIAN_POINT('',(0.0252131161164176,0.0002,-0.010170518734476));
#4240=CARTESIAN_POINT('',(0.0253264197050504,0.0002,-0.0102562590448553));
#4241=CARTESIAN_POINT('',(0.0254462501727571,0.0002,-0.0103507658797711));
#4242=CARTESIAN_POINT('',(0.0255722988763236,0.0002,-0.0104543319733338));
#4243=CARTESIAN_POINT('',(0.0257042481435687,0.0002,-0.0105672411634774));
#4244=CARTESIAN_POINT('',(0.0258417714889962,0.0002,-0.0106897681407126));
#4245=CARTESIAN_POINT('',(0.0259845338579931,0.0002,-0.0108221782123903));
#4246=CARTESIAN_POINT('',(0.02613219187157,0.0002,-0.0109647270685838));
#4247=CARTESIAN_POINT('',(0.0262843940763728,0.0002,-0.0111176605622591));
#4248=CARTESIAN_POINT('',(0.0264407812094409,0.0002,-0.0112812144668756));
#4249=CARTESIAN_POINT('',(0.0266009864320346,0.0002,-0.0114556143513176));
#4250=CARTESIAN_POINT('',(0.0267646357103653,0.0002,-0.0116410750332526));
#4251=CARTESIAN_POINT('',(0.026931347655861,0.0002,-0.0118378016898547));
#4252=CARTESIAN_POINT('',(0.0271007354718695,0.0002,-0.0120459846190519));
#4253=CARTESIAN_POINT('',(0.027272400823798,0.0002,-0.0122658184527346));
#4254=CARTESIAN_POINT('',(0.0274459587579804,0.0002,-0.0124974274742746));
#4255=CARTESIAN_POINT('',(0.02762094350107,0.0002,-0.0127411512728861));
#4256=CARTESIAN_POINT('',(0.0277627476938082,0.0002,-0.0129465807242708));
#4257=CARTESIAN_POINT('',(0.0278458065043387,0.0002,-0.0130717041723668));
#4258=CARTESIAN_POINT('',(0.0278707648745864,0.0002,-0.0131095562589098));
#4259=CARTESIAN_POINT('',(0.0278707648745864,0.0002,-0.0131095562589098));
#4260=CARTESIAN_POINT('',(0.,0.0002,2.16913054776845E-18));
#4261=CARTESIAN_POINT('',(0.0269878783655654,0.0002,-0.0148423185966831));
#4262=CARTESIAN_POINT('',(0.0206965766894472,0.0002,-0.0131111293692736));
#4263=CARTESIAN_POINT('',(0.0214233491545025,0.0002,-0.0135722641649521));
#4264=CARTESIAN_POINT('',(0.0222178711490574,0.0002,-0.0140763858195793));
#4265=CARTESIAN_POINT('',(0.0222432833430889,0.0002,-0.0140903551345195));
#4266=CARTESIAN_POINT('',(0.0222693313788015,0.0002,-0.0141052660260944));
#4267=CARTESIAN_POINT('',(0.0223006338660112,0.0002,-0.0141220588883002));
#4268=CARTESIAN_POINT('',(0.0223431136845146,0.0002,-0.0141439268244307));
#4269=CARTESIAN_POINT('',(0.0223950047004069,0.0002,-0.0141692782724007));
#4270=CARTESIAN_POINT('',(0.0224570876982039,0.0002,-0.0141981087692049));
#4271=CARTESIAN_POINT('',(0.0225293238332574,0.0002,-0.014229905914245));
#4272=CARTESIAN_POINT('',(0.0226119110641487,0.0002,-0.0142643073381134));
#4273=CARTESIAN_POINT('',(0.0227049610010052,0.0002,-0.0143008999567378));
#4274=CARTESIAN_POINT('',(0.0228085954110005,0.0002,-0.0143392804313852));
#4275=CARTESIAN_POINT('',(0.0229229175372876,0.0002,-0.0143790377045017));
#4276=CARTESIAN_POINT('',(0.0230480203153678,0.0002,-0.0144197584990414));
#4277=CARTESIAN_POINT('',(0.0231839838619978,0.0002,-0.014461026137801));
#4278=CARTESIAN_POINT('',(0.0233308760792225,0.0002,-0.0145024212988153));
#4279=CARTESIAN_POINT('',(0.0234887523779828,0.0002,-0.0145435222196859));
#4280=CARTESIAN_POINT('',(0.0236576556649676,0.0002,-0.0145839050624678));
#4281=CARTESIAN_POINT('',(0.0238376162661085,0.0002,-0.0146231442358151));
#4282=CARTESIAN_POINT('',(0.0240286518794008,0.0002,-0.0146608127311038));
#4283=CARTESIAN_POINT('',(0.0242307675293534,0.0002,-0.0146964824580413));
#4284=CARTESIAN_POINT('',(0.0244439555360953,0.0002,-0.0147297245761443));
#4285=CARTESIAN_POINT('',(0.0246681954748922,0.0002,-0.0147601098514095));
#4286=CARTESIAN_POINT('',(0.0249034542124036,0.0002,-0.0147872089189989));
#4287=CARTESIAN_POINT('',(0.0251496856882284,0.0002,-0.0148105929125641));
#4288=CARTESIAN_POINT('',(0.0254068317196095,0.0002,-0.014829832682152));
#4289=CARTESIAN_POINT('',(0.0256748189074366,0.0002,-0.0148445034483817));
#4290=CARTESIAN_POINT('',(0.0259535705770177,0.0002,-0.0148541685500436));
#4291=CARTESIAN_POINT('',(0.0262429610056248,0.0002,-0.0148584435011467));
#4292=CARTESIAN_POINT('',(0.0265429911519994,0.0002,-0.014856751877606));
#4293=CARTESIAN_POINT('',(0.0267925374825195,0.0002,-0.0148507254774943));
#4294=CARTESIAN_POINT('',(0.0269425852223268,0.0002,-0.0148443757492393));
#4295=CARTESIAN_POINT('',(0.0269878783655654,0.0002,-0.0148423185966831));
#4296=CARTESIAN_POINT('',(0.0216128925361754,0.0002,-0.0136923841156071));
#4297=CARTESIAN_POINT('',(0.0210192108765983,0.0002,-0.014628857060344));
#4298=CARTESIAN_POINT('',(0.0201091284205081,0.0002,-0.0139954619133314));
#4299=CARTESIAN_POINT('',(3.24064151930712E-16,0.0002,-2.38662742387361E-16));
#4300=CARTESIAN_POINT('',(0.0195245376752398,0.0002,-0.0148000820459936));
#4301=CARTESIAN_POINT('',(0.0204081632024101,0.0002,-0.0154698920316426));
#4302=CARTESIAN_POINT('',(0.0197009822280419,0.0002,-0.0163239028972842));
#4303=CARTESIAN_POINT('',(0.01886501894506,0.0002,-0.0156320523349471));
#4304=CARTESIAN_POINT('',(0.0195281692401263,0.0002,-0.0161807555351395));
#4305=CARTESIAN_POINT('',(0.0202531382234872,0.0002,-0.0167806086968886));
#4306=CARTESIAN_POINT('',(0.0202742766313093,0.0002,-0.0168004603738993));
#4307=CARTESIAN_POINT('',(0.0202965070176107,0.0002,-0.0168206258091025));
#4308=CARTESIAN_POINT('',(0.0203221509791527,0.0002,-0.0168452069637338));
#4309=CARTESIAN_POINT('',(0.020356075608143,0.0002,-0.0168788501080363));
#4310=CARTESIAN_POINT('',(0.0203962214736985,0.0002,-0.016920367368583));
#4311=CARTESIAN_POINT('',(0.0204428256069332,0.0002,-0.0169705026947202));
#4312=CARTESIAN_POINT('',(0.0204953886822627,0.0002,-0.0170293774834849));
#4313=CARTESIAN_POINT('',(0.0205536272384663,0.0002,-0.0170972919829808));
#4314=CARTESIAN_POINT('',(0.0206171828986715,0.0002,-0.0171744799907454));
#4315=CARTESIAN_POINT('',(0.0206857096930741,0.0002,-0.0172611819527656));
#4316=CARTESIAN_POINT('',(0.0207588485865975,0.0002,-0.0173576230828847));
#4317=CARTESIAN_POINT('',(0.0208362352480634,0.0002,-0.0174640194776473));
#4318=CARTESIAN_POINT('',(0.0209174981513421,0.0002,-0.0175805760929539));
#4319=CARTESIAN_POINT('',(0.0210022594804317,0.0002,-0.0177074870851002));
#4320=CARTESIAN_POINT('',(0.0210901352383773,0.0002,-0.0178449354847712));
#4321=CARTESIAN_POINT('',(0.0211807355902356,0.0002,-0.017993093071781));
#4322=CARTESIAN_POINT('',(0.021273665145812,0.0002,-0.0181521202027629));
#4323=CARTESIAN_POINT('',(0.0213685232647536,0.0002,-0.0183221656624323));
#4324=CARTESIAN_POINT('',(0.0214649043616564,0.0002,-0.0185033665165565));
#4325=CARTESIAN_POINT('',(0.0215623982117739,0.0002,-0.0186958479801416));
#4326=CARTESIAN_POINT('',(0.0216605902777201,0.0002,-0.0188997232687121));
#4327=CARTESIAN_POINT('',(0.0217590619705029,0.0002,-0.0191150935516209));
#4328=CARTESIAN_POINT('',(0.0218573911805399,0.0002,-0.0193420475498132));
#4329=CARTESIAN_POINT('',(0.0219551517825113,0.0002,-0.0195806625428271));
#4330=CARTESIAN_POINT('',(0.0220519171056464,0.0002,-0.0198309999880081));
#4331=CARTESIAN_POINT('',(0.0221472481666736,0.0002,-0.0200931218991255));
#4332=CARTESIAN_POINT('',(0.0222407404472261,0.0002,-0.0203670275194648));
#4333=CARTESIAN_POINT('',(0.0223318460316891,0.0002,-0.0206528958856815));
#4334=CARTESIAN_POINT('',(0.0224032286416077,0.0002,-0.0208920908094896));
#4335=CARTESIAN_POINT('',(0.0224435569927421,0.0002,-0.0210367568641291));
#4336=CARTESIAN_POINT('',(0.0224555968753879,0.0002,-0.0210804688982496));
#4337=CARTESIAN_POINT('',(0.0224555968753879,0.0002,-0.0210804688982496));
#4338=CARTESIAN_POINT('',(0.,0.0002,2.16913054776845E-18));
#4339=CARTESIAN_POINT('',(0.0210804688982496,0.0002,-0.0224555968753879));
#4340=CARTESIAN_POINT('',(0.0156320523349471,0.0002,-0.01886501894506));
#4341=CARTESIAN_POINT('',(0.0161807555351395,0.0002,-0.0195281692401263));
#4342=CARTESIAN_POINT('',(0.0167806086968886,0.0002,-0.0202531382234872));
#4343=CARTESIAN_POINT('',(0.0168004603738993,0.0002,-0.0202742766313093));
#4344=CARTESIAN_POINT('',(0.0168206258091025,0.0002,-0.0202965070176107));
#4345=CARTESIAN_POINT('',(0.0168452069637338,0.0002,-0.0203221509791527));
#4346=CARTESIAN_POINT('',(0.0168788501080362,0.0002,-0.020356075608143));
#4347=CARTESIAN_POINT('',(0.016920367368583,0.0002,-0.0203962214736985));
#4348=CARTESIAN_POINT('',(0.0169705026947202,0.0002,-0.0204428256069332));
#4349=CARTESIAN_POINT('',(0.0170293774834849,0.0002,-0.0204953886822627));
#4350=CARTESIAN_POINT('',(0.0170972919829808,0.0002,-0.0205536272384663));
#4351=CARTESIAN_POINT('',(0.0171744799907454,0.0002,-0.0206171828986715));
#4352=CARTESIAN_POINT('',(0.0172611819527656,0.0002,-0.0206857096930741));
#4353=CARTESIAN_POINT('',(0.0173576230828846,0.0002,-0.0207588485865975));
#4354=CARTESIAN_POINT('',(0.0174640194776473,0.0002,-0.0208362352480634));
#4355=CARTESIAN_POINT('',(0.0175805760929539,0.0002,-0.0209174981513421));
#4356=CARTESIAN_POINT('',(0.0177074870851002,0.0002,-0.0210022594804317));
#4357=CARTESIAN_POINT('',(0.0178449354847712,0.0002,-0.0210901352383773));
#4358=CARTESIAN_POINT('',(0.017993093071781,0.0002,-0.0211807355902356));
#4359=CARTESIAN_POINT('',(0.0181521202027629,0.0002,-0.0212736651458121));
#4360=CARTESIAN_POINT('',(0.0183221656624323,0.0002,-0.0213685232647536));
#4361=CARTESIAN_POINT('',(0.0185033665165565,0.0002,-0.0214649043616565));
#4362=CARTESIAN_POINT('',(0.0186958479801416,0.0002,-0.0215623982117739));
#4363=CARTESIAN_POINT('',(0.0188997232687121,0.0002,-0.0216605902777201));
#4364=CARTESIAN_POINT('',(0.0191150935516209,0.0002,-0.0217590619705029));
#4365=CARTESIAN_POINT('',(0.0193420475498132,0.0002,-0.0218573911805399));
#4366=CARTESIAN_POINT('',(0.0195806625428271,0.0002,-0.0219551517825113));
#4367=CARTESIAN_POINT('',(0.0198309999880081,0.0002,-0.0220519171056464));
#4368=CARTESIAN_POINT('',(0.0200931218991255,0.0002,-0.0221472481666736));
#4369=CARTESIAN_POINT('',(0.0203670275194648,0.0002,-0.0222407404472262));
#4370=CARTESIAN_POINT('',(0.0206528958856814,0.0002,-0.0223318460316891));
#4371=CARTESIAN_POINT('',(0.0208920908094896,0.0002,-0.0224032286416077));
#4372=CARTESIAN_POINT('',(0.0210367568641291,0.0002,-0.0224435569927421));
#4373=CARTESIAN_POINT('',(0.0210804688982496,0.0002,-0.0224555968753879));
#4374=CARTESIAN_POINT('',(0.0163239028972843,0.0002,-0.019700982228042));
#4375=CARTESIAN_POINT('',(0.0154698920316426,0.0002,-0.0204081632024101));
#4376=CARTESIAN_POINT('',(0.0148000820459936,0.0002,-0.0195245376752398));
#4377=CARTESIAN_POINT('',(2.34452480069541E-16,0.0002,-3.27123086558666E-16));
#4378=CARTESIAN_POINT('',(0.0139954619133314,0.0002,-0.0201091284205081));
#4379=CARTESIAN_POINT('',(0.0146288570603439,0.0002,-0.0210192108765983));
#4380=CARTESIAN_POINT('',(0.013692384115607,0.0002,-0.0216128925361753));
#4381=CARTESIAN_POINT('',(0.0131111293692736,0.0002,-0.0206965766894472));
#4382=CARTESIAN_POINT('',(0.0135722641649521,0.0002,-0.0214233491545025));
#4383=CARTESIAN_POINT('',(0.0140763858195793,0.0002,-0.0222178711490574));
#4384=CARTESIAN_POINT('',(0.0140903551345195,0.0002,-0.0222432833430889));
#4385=CARTESIAN_POINT('',(0.0141052660260944,0.0002,-0.0222693313788015));
#4386=CARTESIAN_POINT('',(0.0141220588883001,0.0002,-0.0223006338660112));
#4387=CARTESIAN_POINT('',(0.0141439268244307,0.0002,-0.0223431136845146));
#4388=CARTESIAN_POINT('',(0.0141692782724006,0.0002,-0.0223950047004069));
#4389=CARTESIAN_POINT('',(0.0141981087692049,0.0002,-0.0224570876982039));
#4390=CARTESIAN_POINT('',(0.014229905914245,0.0002,-0.0225293238332574));
#4391=CARTESIAN_POINT('',(0.0142643073381134,0.0002,-0.0226119110641487));
#4392=CARTESIAN_POINT('',(0.0143008999567378,0.0002,-0.0227049610010052));
#4393=CARTESIAN_POINT('',(0.0143392804313852,0.0002,-0.0228085954110005));
#4394=CARTESIAN_POINT('',(0.0143790377045017,0.0002,-0.0229229175372876));
#4395=CARTESIAN_POINT('',(0.0144197584990414,0.0002,-0.0230480203153678));
#4396=CARTESIAN_POINT('',(0.014461026137801,0.0002,-0.0231839838619978));
#4397=CARTESIAN_POINT('',(0.0145024212988153,0.0002,-0.0233308760792225));
#4398=CARTESIAN_POINT('',(0.0145435222196859,0.0002,-0.0234887523779828));
#4399=CARTESIAN_POINT('',(0.0145839050624678,0.0002,-0.0236576556649676));
#4400=CARTESIAN_POINT('',(0.0146231442358151,0.0002,-0.0238376162661085));
#4401=CARTESIAN_POINT('',(0.0146608127311037,0.0002,-0.0240286518794008));
#4402=CARTESIAN_POINT('',(0.0146964824580413,0.0002,-0.0242307675293534));
#4403=CARTESIAN_POINT('',(0.0147297245761443,0.0002,-0.0244439555360953));
#4404=CARTESIAN_POINT('',(0.0147601098514095,0.0002,-0.0246681954748922));
#4405=CARTESIAN_POINT('',(0.0147872089189989,0.0002,-0.0249034542124036));
#4406=CARTESIAN_POINT('',(0.0148105929125641,0.0002,-0.0251496856882284));
#4407=CARTESIAN_POINT('',(0.0148298326821519,0.0002,-0.0254068317196095));
#4408=CARTESIAN_POINT('',(0.0148445034483817,0.0002,-0.0256748189074366));
#4409=CARTESIAN_POINT('',(0.0148541685500436,0.0002,-0.0259535705770177));
#4410=CARTESIAN_POINT('',(0.0148584435011467,0.0002,-0.0262429610056248));
#4411=CARTESIAN_POINT('',(0.014856751877606,0.0002,-0.0265429911519994));
#4412=CARTESIAN_POINT('',(0.0148507254774943,0.0002,-0.0267925374825196));
#4413=CARTESIAN_POINT('',(0.0148443757492392,0.0002,-0.0269425852223268));
#4414=CARTESIAN_POINT('',(0.0148423185966831,0.0002,-0.0269878783655654));
#4415=CARTESIAN_POINT('',(0.0148423185966831,0.0002,-0.0269878783655654));
#4416=CARTESIAN_POINT('',(0.,0.0002,2.16913054776845E-18));
#4417=CARTESIAN_POINT('',(0.0131095562589098,0.0002,-0.0278707648745864));
#4418=CARTESIAN_POINT('',(0.00903735378298942,0.0002,-0.0227722690261881));
#4419=CARTESIAN_POINT('',(0.00935427682604418,0.0002,-0.0235725210493213));
#4420=CARTESIAN_POINT('',(0.00970074334809269,0.0002,-0.0244473723461686));
#4421=CARTESIAN_POINT('',(0.00971309128762199,0.0002,-0.0244736106722351));
#4422=CARTESIAN_POINT('',(0.0097254001890173,0.0002,-0.0245009844881634));
#4423=CARTESIAN_POINT('',(0.00974085383638786,0.0002,-0.024532969339414));
#4424=CARTESIAN_POINT('',(0.0097623670811195,0.0002,-0.0245756298822119));
#4425=CARTESIAN_POINT('',(0.00978944658759067,0.0002,-0.0246266404083196));
#4426=CARTESIAN_POINT('',(0.00982272664703244,0.0002,-0.0246864562407137));
#4427=CARTESIAN_POINT('',(0.00986247701497916,0.0002,-0.0247546400062909));
#4428=CARTESIAN_POINT('',(0.00990907083868083,0.0002,-0.0248310148991766));
#4429=CARTESIAN_POINT('',(0.00996284121735309,0.0002,-0.0249153123301234));
#4430=CARTESIAN_POINT('',(0.0100241237392675,0.0002,-0.0250072775641907));
#4431=CARTESIAN_POINT('',(0.0100932435434576,0.0002,-0.0251066387336342));
#4432=CARTESIAN_POINT('',(0.010170518734476,0.0002,-0.0252131161164176));
#4433=CARTESIAN_POINT('',(0.0102562590448553,0.0002,-0.0253264197050504));
#4434=CARTESIAN_POINT('',(0.010350765879771,0.0002,-0.0254462501727571));
#4435=CARTESIAN_POINT('',(0.0104543319733337,0.0002,-0.0255722988763236));
#4436=CARTESIAN_POINT('',(0.0105672411634774,0.0002,-0.0257042481435687));
#4437=CARTESIAN_POINT('',(0.0106897681407126,0.0002,-0.0258417714889962));
#4438=CARTESIAN_POINT('',(0.0108221782123903,0.0002,-0.0259845338579931));
#4439=CARTESIAN_POINT('',(0.0109647270685838,0.0002,-0.02613219187157));
#4440=CARTESIAN_POINT('',(0.0111176605622591,0.0002,-0.0262843940763728));
#4441=CARTESIAN_POINT('',(0.0112812144668756,0.0002,-0.0264407812094409));
#4442=CARTESIAN_POINT('',(0.0114556143513175,0.0002,-0.0266009864320346));
#4443=CARTESIAN_POINT('',(0.0116410750332526,0.0002,-0.0267646357103653));
#4444=CARTESIAN_POINT('',(0.0118378016898547,0.0002,-0.026931347655861));
#4445=CARTESIAN_POINT('',(0.0120459846190519,0.0002,-0.0271007354718695));
#4446=CARTESIAN_POINT('',(0.0122658184527346,0.0002,-0.027272400823798));
#4447=CARTESIAN_POINT('',(0.0124974274742746,0.0002,-0.0274459587579804));
#4448=CARTESIAN_POINT('',(0.0127411512728861,0.0002,-0.02762094350107));
#4449=CARTESIAN_POINT('',(0.0129465807242708,0.0002,-0.0277627476938082));
#4450=CARTESIAN_POINT('',(0.0130717041723668,0.0002,-0.0278458065043387));
#4451=CARTESIAN_POINT('',(0.0131095562589098,0.0002,-0.0278707648745864));
#4452=CARTESIAN_POINT('',(0.00943701590748777,0.0002,-0.0237811109351816));
#4453=CARTESIAN_POINT('',(0.00840627236955401,0.0002,-0.0241897761381903));
#4454=CARTESIAN_POINT('',(0.00804230052258212,0.0002,-0.0231424156540426));
#4455=CARTESIAN_POINT('',(1.21890965932682E-16,0.0002,-3.83562343817045E-16));
#4456=CARTESIAN_POINT('',(0.00709641282722924,0.0002,-0.0234497531966871));
#4457=CARTESIAN_POINT('',(0.00741757646397084,0.0002,-0.024511022911499));
#4458=CARTESIAN_POINT('',(0.00634348004548667,0.0002,-0.0247862616677486));
#4459=CARTESIAN_POINT('',(0.00607383110021288,0.0002,-0.0237351759160552));
#4460=CARTESIAN_POINT('',(0.00628781130978745,0.0002,-0.0245688760933721));
#4461=CARTESIAN_POINT('',(0.00652173869570397,0.0002,-0.0254802935721457));
#4462=CARTESIAN_POINT('',(0.00652717150388602,0.0002,-0.025508778760589));
#4463=CARTESIAN_POINT('',(0.00653330331877678,0.0002,-0.025538159633588));
#4464=CARTESIAN_POINT('',(0.00653960127929081,0.0002,-0.0255731193478308));
#4465=CARTESIAN_POINT('',(0.00654727193661014,0.0002,-0.0256202776199258));
#4466=CARTESIAN_POINT('',(0.00655534739063344,0.0002,-0.025677462936982));
#4467=CARTESIAN_POINT('',(0.0065635821211061,0.0002,-0.0257454164900568));
#4468=CARTESIAN_POINT('',(0.00657150080975657,0.0002,-0.0258239429952015));
#4469=CARTESIAN_POINT('',(0.00657869765023267,0.0002,-0.0259131187439094));
#4470=CARTESIAN_POINT('',(0.0065847452868095,0.0002,-0.0260129222337213));
#4471=CARTESIAN_POINT('',(0.00658922249343092,0.0002,-0.0261233446335779));
#4472=CARTESIAN_POINT('',(0.00659170642724269,0.0002,-0.026244357109783));
#4473=CARTESIAN_POINT('',(0.00659177531976808,0.0002,-0.02637592033962));
#4474=CARTESIAN_POINT('',(0.00658900812999836,0.0002,-0.0265179817583155));
#4475=CARTESIAN_POINT('',(0.00658298507616024,0.0002,-0.0266704763669385));
#4476=CARTESIAN_POINT('',(0.00657328791545403,0.0002,-0.0268333265326764));
#4477=CARTESIAN_POINT('',(0.00655950029514416,0.0002,-0.0270064420890877));
#4478=CARTESIAN_POINT('',(0.00654120808257966,0.0002,-0.0271897203628888));
#4479=CARTESIAN_POINT('',(0.00651799969944479,0.0002,-0.0273830462329516));
#4480=CARTESIAN_POINT('',(0.00648946645501875,0.0002,-0.0275862921906927));
#4481=CARTESIAN_POINT('',(0.00645520287097582,0.0002,-0.0277993184131234));
#4482=CARTESIAN_POINT('',(0.00641480703311044,0.0002,-0.0280219728345654));
#4483=CARTESIAN_POINT('',(0.00636788082996068,0.0002,-0.0282540912623079));
#4484=CARTESIAN_POINT('',(0.00631403061883792,0.0002,-0.028495497363316));
#4485=CARTESIAN_POINT('',(0.00625286623334364,0.0002,-0.028746003187871));
#4486=CARTESIAN_POINT('',(0.00618400636585217,0.0002,-0.0290054076652231));
#4487=CARTESIAN_POINT('',(0.00610705942065742,0.0002,-0.0292735029376722));
#4488=CARTESIAN_POINT('',(0.00602169858031183,0.0002,-0.0295500506230935));
#4489=CARTESIAN_POINT('',(0.00592737533666574,0.0002,-0.0298348735084658));
#4490=CARTESIAN_POINT('',(0.00584452983255513,0.0002,-0.0300703439121751));
#4491=CARTESIAN_POINT('',(0.00579212358055344,0.0002,-0.0302110856189337));
#4492=CARTESIAN_POINT('',(0.00577617076122046,0.0002,-0.0302535262628544));
#4493=CARTESIAN_POINT('',(0.00577617076122046,0.0002,-0.0302535262628544));
#4494=CARTESIAN_POINT('',(0.,0.0002,2.16913054776845E-18));
#4495=CARTESIAN_POINT('',(0.00385538891329854,0.0002,-0.030557748220823));
#4496=CARTESIAN_POINT('',(0.00155801607580638,0.0002,-0.024450410751305));
#4497=CARTESIAN_POINT('',(0.00161213632613662,0.0002,-0.0253094302587971));
#4498=CARTESIAN_POINT('',(0.00167130165133221,0.0002,-0.0262485273287479));
#4499=CARTESIAN_POINT('',(0.00167493715102586,0.0002,-0.0262772971828902));
#4500=CARTESIAN_POINT('',(0.00167818463758355,0.0002,-0.026307134888618));
#4501=CARTESIAN_POINT('',(0.00168299806701684,0.0002,-0.0263423297294852));
#4502=CARTESIAN_POINT('',(0.00169027554589173,0.0002,-0.0263895502749281));
#4503=CARTESIAN_POINT('',(0.00170026656751992,0.0002,-0.0264464321958813));
#4504=CARTESIAN_POINT('',(0.00171343367617224,0.0002,-0.0265136045369986));
#4505=CARTESIAN_POINT('',(0.00173016858032927,0.0002,-0.0265907346907845));
#4506=CARTESIAN_POINT('',(0.0017508808001346,0.0002,-0.0266777698137016));
#4507=CARTESIAN_POINT('',(0.00177597013040979,0.0002,-0.0267745573955142));
#4508=CARTESIAN_POINT('',(0.00180583445199307,0.0002,-0.0268809588713762));
#4509=CARTESIAN_POINT('',(0.00184086700223411,0.0002,-0.0269968161531847));
#4510=CARTESIAN_POINT('',(0.0018814567554034,0.0002,-0.0271219615091872));
#4511=CARTESIAN_POINT('',(0.00192798790188764,0.0002,-0.0272562148384861));
#4512=CARTESIAN_POINT('',(0.00198083959210343,0.0002,-0.0273993846037228));
#4513=CARTESIAN_POINT('',(0.00204038560873246,0.0002,-0.0275512677275724));
#4514=CARTESIAN_POINT('',(0.00210699406379412,0.0002,-0.0277116497965816));
#4515=CARTESIAN_POINT('',(0.00218102709305526,0.0002,-0.0278803051886282));
#4516=CARTESIAN_POINT('',(0.0022628405563701,0.0002,-0.0280569972323193));
#4517=CARTESIAN_POINT('',(0.00235278373939251,0.0002,-0.0282414783674073));
#4518=CARTESIAN_POINT('',(0.00245119906724677,0.0002,-0.0284334903146343));
#4519=CARTESIAN_POINT('',(0.00255842179217815,0.0002,-0.0286327642526263));
#4520=CARTESIAN_POINT('',(0.00267477980234873,0.0002,-0.0288390210016281));
#4521=CARTESIAN_POINT('',(0.00280059298429823,0.0002,-0.0290519712166778));
#4522=CARTESIAN_POINT('',(0.00293617432866515,0.0002,-0.0292713155789224));
#4523=CARTESIAN_POINT('',(0.00308182434627287,0.0002,-0.029496745028179));
#4524=CARTESIAN_POINT('',(0.00323785123520771,0.0002,-0.0297279408702993));
#4525=CARTESIAN_POINT('',(0.00340449215320504,0.0002,-0.0299645753982646));
#4526=CARTESIAN_POINT('',(0.00358221400067969,0.0002,-0.0302063105741367));
#4527=CARTESIAN_POINT('',(0.00373376911362836,0.0002,-0.0304046555673013));
#4528=CARTESIAN_POINT('',(0.00382710200029491,0.0002,-0.0305223144621486));
#4529=CARTESIAN_POINT('',(0.00385538891329854,0.0002,-0.030557748220823));
#4530=CARTESIAN_POINT('',(0.00162636804911024,0.0002,-0.0255333788112428));
#4531=CARTESIAN_POINT('',(0.000519788197989854,0.0002,-0.0256035252454837));
#4532=CARTESIAN_POINT('',(0.000497282590017673,0.0002,-0.0244949527459365));
#4533=CARTESIAN_POINT('',(-2.60208521396528E-18,0.0002,-4.02455846426619E-16));
#4534=CARTESIAN_POINT('',(-0.000497282590017681,0.0002,-0.0244949527459365));
#4535=CARTESIAN_POINT('',(-0.000519788197989861,0.0002,-0.0256035252454836));
#4536=CARTESIAN_POINT('',(-0.00162636804911025,0.0002,-0.0255333788112428));
#4537=CARTESIAN_POINT('',(-0.00155801607580639,0.0002,-0.024450410751305));
#4538=CARTESIAN_POINT('',(-0.00161213632613663,0.0002,-0.0253094302587971));
#4539=CARTESIAN_POINT('',(-0.00167130165133222,0.0002,-0.0262485273287479));
#4540=CARTESIAN_POINT('',(-0.00167493715102587,0.0002,-0.0262772971828902));
#4541=CARTESIAN_POINT('',(-0.00167818463758355,0.0002,-0.026307134888618));
#4542=CARTESIAN_POINT('',(-0.00168299806701685,0.0002,-0.0263423297294852));
#4543=CARTESIAN_POINT('',(-0.00169027554589174,0.0002,-0.0263895502749281));
#4544=CARTESIAN_POINT('',(-0.00170026656751993,0.0002,-0.0264464321958813));
#4545=CARTESIAN_POINT('',(-0.00171343367617225,0.0002,-0.0265136045369986));
#4546=CARTESIAN_POINT('',(-0.00173016858032928,0.0002,-0.0265907346907845));
#4547=CARTESIAN_POINT('',(-0.00175088080013461,0.0002,-0.0266777698137016));
#4548=CARTESIAN_POINT('',(-0.0017759701304098,0.0002,-0.0267745573955142));
#4549=CARTESIAN_POINT('',(-0.00180583445199308,0.0002,-0.0268809588713762));
#4550=CARTESIAN_POINT('',(-0.00184086700223412,0.0002,-0.0269968161531847));
#4551=CARTESIAN_POINT('',(-0.00188145675540341,0.0002,-0.0271219615091872));
#4552=CARTESIAN_POINT('',(-0.00192798790188765,0.0002,-0.0272562148384861));
#4553=CARTESIAN_POINT('',(-0.00198083959210344,0.0002,-0.0273993846037228));
#4554=CARTESIAN_POINT('',(-0.00204038560873247,0.0002,-0.0275512677275724));
#4555=CARTESIAN_POINT('',(-0.00210699406379413,0.0002,-0.0277116497965816));
#4556=CARTESIAN_POINT('',(-0.00218102709305527,0.0002,-0.0278803051886282));
#4557=CARTESIAN_POINT('',(-0.00226284055637011,0.0002,-0.0280569972323193));
#4558=CARTESIAN_POINT('',(-0.00235278373939252,0.0002,-0.0282414783674073));
#4559=CARTESIAN_POINT('',(-0.00245119906724678,0.0002,-0.0284334903146343));
#4560=CARTESIAN_POINT('',(-0.00255842179217816,0.0002,-0.0286327642526263));
#4561=CARTESIAN_POINT('',(-0.00267477980234874,0.0002,-0.0288390210016281));
#4562=CARTESIAN_POINT('',(-0.00280059298429824,0.0002,-0.0290519712166778));
#4563=CARTESIAN_POINT('',(-0.00293617432866516,0.0002,-0.0292713155789224));
#4564=CARTESIAN_POINT('',(-0.00308182434627288,0.0002,-0.029496745028179));
#4565=CARTESIAN_POINT('',(-0.00323785123520772,0.0002,-0.0297279408702993));
#4566=CARTESIAN_POINT('',(-0.00340449215320505,0.0002,-0.0299645753982646));
#4567=CARTESIAN_POINT('',(-0.0035822140006797,0.0002,-0.0302063105741367));
#4568=CARTESIAN_POINT('',(-0.00373376911362837,0.0002,-0.0304046555673013));
#4569=CARTESIAN_POINT('',(-0.00382710200029492,0.0002,-0.0305223144621486));
#4570=CARTESIAN_POINT('',(-0.00385538891329854,0.0002,-0.030557748220823));
#4571=CARTESIAN_POINT('',(-0.00385538891329854,0.0002,-0.030557748220823));
#4572=CARTESIAN_POINT('',(0.,0.0002,2.16913054776845E-18));
#4573=CARTESIAN_POINT('',(-0.00577617076122047,0.0002,-0.0302535262628544));
#4574=CARTESIAN_POINT('',(-0.00607383110021289,0.0002,-0.0237351759160552));
#4575=CARTESIAN_POINT('',(-0.00628781130978746,0.0002,-0.0245688760933721));
#4576=CARTESIAN_POINT('',(-0.00652173869570398,0.0002,-0.0254802935721457));
#4577=CARTESIAN_POINT('',(-0.00652717150388603,0.0002,-0.025508778760589));
#4578=CARTESIAN_POINT('',(-0.00653330331877679,0.0002,-0.025538159633588));
#4579=CARTESIAN_POINT('',(-0.00653960127929081,0.0002,-0.0255731193478308));
#4580=CARTESIAN_POINT('',(-0.00654727193661015,0.0002,-0.0256202776199258));
#4581=CARTESIAN_POINT('',(-0.00655534739063344,0.0002,-0.025677462936982));
#4582=CARTESIAN_POINT('',(-0.00656358212110611,0.0002,-0.0257454164900568));
#4583=CARTESIAN_POINT('',(-0.00657150080975658,0.0002,-0.0258239429952015));
#4584=CARTESIAN_POINT('',(-0.00657869765023268,0.0002,-0.0259131187439094));
#4585=CARTESIAN_POINT('',(-0.00658474528680951,0.0002,-0.0260129222337213));
#4586=CARTESIAN_POINT('',(-0.00658922249343093,0.0002,-0.0261233446335779));
#4587=CARTESIAN_POINT('',(-0.0065917064272427,0.0002,-0.026244357109783));
#4588=CARTESIAN_POINT('',(-0.00659177531976809,0.0002,-0.02637592033962));
#4589=CARTESIAN_POINT('',(-0.00658900812999837,0.0002,-0.0265179817583155));
#4590=CARTESIAN_POINT('',(-0.00658298507616025,0.0002,-0.0266704763669385));
#4591=CARTESIAN_POINT('',(-0.00657328791545403,0.0002,-0.0268333265326764));
#4592=CARTESIAN_POINT('',(-0.00655950029514417,0.0002,-0.0270064420890877));
#4593=CARTESIAN_POINT('',(-0.00654120808257967,0.0002,-0.0271897203628888));
#4594=CARTESIAN_POINT('',(-0.0065179996994448,0.0002,-0.0273830462329516));
#4595=CARTESIAN_POINT('',(-0.00648946645501876,0.0002,-0.0275862921906927));
#4596=CARTESIAN_POINT('',(-0.00645520287097583,0.0002,-0.0277993184131234));
#4597=CARTESIAN_POINT('',(-0.00641480703311045,0.0002,-0.0280219728345654));
#4598=CARTESIAN_POINT('',(-0.00636788082996069,0.0002,-0.0282540912623079));
#4599=CARTESIAN_POINT('',(-0.00631403061883793,0.0002,-0.028495497363316));
#4600=CARTESIAN_POINT('',(-0.00625286623334365,0.0002,-0.028746003187871));
#4601=CARTESIAN_POINT('',(-0.00618400636585218,0.0002,-0.0290054076652231));
#4602=CARTESIAN_POINT('',(-0.00610705942065743,0.0002,-0.0292735029376722));
#4603=CARTESIAN_POINT('',(-0.00602169858031184,0.0002,-0.0295500506230935));
#4604=CARTESIAN_POINT('',(-0.00592737533666575,0.0002,-0.0298348735084658));
#4605=CARTESIAN_POINT('',(-0.00584452983255514,0.0002,-0.0300703439121751));
#4606=CARTESIAN_POINT('',(-0.00579212358055345,0.0002,-0.0302110856189337));
#4607=CARTESIAN_POINT('',(-0.00577617076122047,0.0002,-0.0302535262628544));
#4608=CARTESIAN_POINT('',(-0.0063434800454867,0.0002,-0.0247862616677487));
#4609=CARTESIAN_POINT('',(-0.00741757646397087,0.0002,-0.0245110229114991));
#4610=CARTESIAN_POINT('',(-0.00709641282722924,0.0002,-0.0234497531966871));
#4611=CARTESIAN_POINT('',(-1.26840426130076E-16,0.0002,-3.81954166713191E-16));
#4612=CARTESIAN_POINT('',(-0.00804230052258213,0.0002,-0.0231424156540426));
#4613=CARTESIAN_POINT('',(-0.00840627236955398,0.0002,-0.0241897761381902));
#4614=CARTESIAN_POINT('',(-0.00943701590748775,0.0002,-0.0237811109351815));
#4615=CARTESIAN_POINT('',(-0.00903735378298943,0.0002,-0.0227722690261881));
#4616=CARTESIAN_POINT('',(-0.00935427682604419,0.0002,-0.0235725210493213));
#4617=CARTESIAN_POINT('',(-0.0097007433480927,0.0002,-0.0244473723461685));
#4618=CARTESIAN_POINT('',(-0.009713091287622,0.0002,-0.0244736106722351));
#4619=CARTESIAN_POINT('',(-0.00972540018901731,0.0002,-0.0245009844881634));
#4620=CARTESIAN_POINT('',(-0.00974085383638786,0.0002,-0.024532969339414));
#4621=CARTESIAN_POINT('',(-0.00976236708111951,0.0002,-0.0245756298822119));
#4622=CARTESIAN_POINT('',(-0.00978944658759068,0.0002,-0.0246266404083196));
#4623=CARTESIAN_POINT('',(-0.00982272664703245,0.0002,-0.0246864562407137));
#4624=CARTESIAN_POINT('',(-0.00986247701497917,0.0002,-0.0247546400062909));
#4625=CARTESIAN_POINT('',(-0.00990907083868084,0.0002,-0.0248310148991766));
#4626=CARTESIAN_POINT('',(-0.0099628412173531,0.0002,-0.0249153123301234));
#4627=CARTESIAN_POINT('',(-0.0100241237392675,0.0002,-0.0250072775641907));
#4628=CARTESIAN_POINT('',(-0.0100932435434577,0.0002,-0.0251066387336342));
#4629=CARTESIAN_POINT('',(-0.010170518734476,0.0002,-0.0252131161164176));
#4630=CARTESIAN_POINT('',(-0.0102562590448553,0.0002,-0.0253264197050504));
#4631=CARTESIAN_POINT('',(-0.010350765879771,0.0002,-0.0254462501727571));
#4632=CARTESIAN_POINT('',(-0.0104543319733338,0.0002,-0.0255722988763236));
#4633=CARTESIAN_POINT('',(-0.0105672411634774,0.0002,-0.0257042481435687));
#4634=CARTESIAN_POINT('',(-0.0106897681407126,0.0002,-0.0258417714889962));
#4635=CARTESIAN_POINT('',(-0.0108221782123903,0.0002,-0.0259845338579931));
#4636=CARTESIAN_POINT('',(-0.0109647270685838,0.0002,-0.02613219187157));
#4637=CARTESIAN_POINT('',(-0.0111176605622591,0.0002,-0.0262843940763728));
#4638=CARTESIAN_POINT('',(-0.0112812144668756,0.0002,-0.0264407812094409));
#4639=CARTESIAN_POINT('',(-0.0114556143513176,0.0002,-0.0266009864320346));
#4640=CARTESIAN_POINT('',(-0.0116410750332526,0.0002,-0.0267646357103653));
#4641=CARTESIAN_POINT('',(-0.0118378016898547,0.0002,-0.026931347655861));
#4642=CARTESIAN_POINT('',(-0.0120459846190519,0.0002,-0.0271007354718695));
#4643=CARTESIAN_POINT('',(-0.0122658184527346,0.0002,-0.027272400823798));
#4644=CARTESIAN_POINT('',(-0.0124974274742746,0.0002,-0.0274459587579804));
#4645=CARTESIAN_POINT('',(-0.0127411512728861,0.0002,-0.02762094350107));
#4646=CARTESIAN_POINT('',(-0.0129465807242708,0.0002,-0.0277627476938082));
#4647=CARTESIAN_POINT('',(-0.0130717041723668,0.0002,-0.0278458065043387));
#4648=CARTESIAN_POINT('',(-0.0131095562589098,0.0002,-0.0278707648745864));
#4649=CARTESIAN_POINT('',(-0.0131095562589098,0.0002,-0.0278707648745864));
#4650=CARTESIAN_POINT('',(0.,0.0002,2.16913054776845E-18));
#4651=CARTESIAN_POINT('',(-0.0148423185966831,0.0002,-0.0269878783655654));
#4652=CARTESIAN_POINT('',(-0.0131111293692736,0.0002,-0.0206965766894472));
#4653=CARTESIAN_POINT('',(-0.0135722641649521,0.0002,-0.0214233491545025));
#4654=CARTESIAN_POINT('',(-0.0140763858195793,0.0002,-0.0222178711490574));
#4655=CARTESIAN_POINT('',(-0.0140903551345195,0.0002,-0.0222432833430889));
#4656=CARTESIAN_POINT('',(-0.0141052660260944,0.0002,-0.0222693313788015));
#4657=CARTESIAN_POINT('',(-0.0141220588883001,0.0002,-0.0223006338660112));
#4658=CARTESIAN_POINT('',(-0.0141439268244307,0.0002,-0.0223431136845146));
#4659=CARTESIAN_POINT('',(-0.0141692782724007,0.0002,-0.0223950047004069));
#4660=CARTESIAN_POINT('',(-0.0141981087692049,0.0002,-0.0224570876982039));
#4661=CARTESIAN_POINT('',(-0.014229905914245,0.0002,-0.0225293238332574));
#4662=CARTESIAN_POINT('',(-0.0142643073381134,0.0002,-0.0226119110641487));
#4663=CARTESIAN_POINT('',(-0.0143008999567378,0.0002,-0.0227049610010052));
#4664=CARTESIAN_POINT('',(-0.0143392804313852,0.0002,-0.0228085954110005));
#4665=CARTESIAN_POINT('',(-0.0143790377045017,0.0002,-0.0229229175372876));
#4666=CARTESIAN_POINT('',(-0.0144197584990414,0.0002,-0.0230480203153678));
#4667=CARTESIAN_POINT('',(-0.014461026137801,0.0002,-0.0231839838619978));
#4668=CARTESIAN_POINT('',(-0.0145024212988153,0.0002,-0.0233308760792225));
#4669=CARTESIAN_POINT('',(-0.0145435222196859,0.0002,-0.0234887523779828));
#4670=CARTESIAN_POINT('',(-0.0145839050624678,0.0002,-0.0236576556649676));
#4671=CARTESIAN_POINT('',(-0.0146231442358151,0.0002,-0.0238376162661085));
#4672=CARTESIAN_POINT('',(-0.0146608127311038,0.0002,-0.0240286518794008));
#4673=CARTESIAN_POINT('',(-0.0146964824580413,0.0002,-0.0242307675293534));
#4674=CARTESIAN_POINT('',(-0.0147297245761443,0.0002,-0.0244439555360953));
#4675=CARTESIAN_POINT('',(-0.0147601098514095,0.0002,-0.0246681954748922));
#4676=CARTESIAN_POINT('',(-0.0147872089189989,0.0002,-0.0249034542124036));
#4677=CARTESIAN_POINT('',(-0.0148105929125641,0.0002,-0.0251496856882284));
#4678=CARTESIAN_POINT('',(-0.014829832682152,0.0002,-0.0254068317196095));
#4679=CARTESIAN_POINT('',(-0.0148445034483817,0.0002,-0.0256748189074366));
#4680=CARTESIAN_POINT('',(-0.0148541685500436,0.0002,-0.0259535705770177));
#4681=CARTESIAN_POINT('',(-0.0148584435011467,0.0002,-0.0262429610056248));
#4682=CARTESIAN_POINT('',(-0.014856751877606,0.0002,-0.0265429911519994));
#4683=CARTESIAN_POINT('',(-0.0148507254774943,0.0002,-0.0267925374825195));
#4684=CARTESIAN_POINT('',(-0.0148443757492393,0.0002,-0.0269425852223268));
#4685=CARTESIAN_POINT('',(-0.0148423185966831,0.0002,-0.0269878783655654));
#4686=CARTESIAN_POINT('',(-0.0136923841156071,0.0002,-0.0216128925361754));
#4687=CARTESIAN_POINT('',(-0.014628857060344,0.0002,-0.0210192108765983));
#4688=CARTESIAN_POINT('',(-0.0139954619133314,0.0002,-0.0201091284205081));
#4689=CARTESIAN_POINT('',(-2.38662742387361E-16,0.0002,-3.24064151930712E-16));
#4690=CARTESIAN_POINT('',(-0.0148000820459936,0.0002,-0.0195245376752398));
#4691=CARTESIAN_POINT('',(-0.0154698920316426,0.0002,-0.0204081632024101));
#4692=CARTESIAN_POINT('',(-0.0163239028972842,0.0002,-0.0197009822280419));
#4693=CARTESIAN_POINT('',(-0.0156320523349471,0.0002,-0.01886501894506));
#4694=CARTESIAN_POINT('',(-0.0161807555351395,0.0002,-0.0195281692401263));
#4695=CARTESIAN_POINT('',(-0.0167806086968886,0.0002,-0.0202531382234872));
#4696=CARTESIAN_POINT('',(-0.0168004603738993,0.0002,-0.0202742766313093));
#4697=CARTESIAN_POINT('',(-0.0168206258091025,0.0002,-0.0202965070176107));
#4698=CARTESIAN_POINT('',(-0.0168452069637338,0.0002,-0.0203221509791527));
#4699=CARTESIAN_POINT('',(-0.0168788501080363,0.0002,-0.020356075608143));
#4700=CARTESIAN_POINT('',(-0.016920367368583,0.0002,-0.0203962214736985));
#4701=CARTESIAN_POINT('',(-0.0169705026947202,0.0002,-0.0204428256069332));
#4702=CARTESIAN_POINT('',(-0.0170293774834849,0.0002,-0.0204953886822627));
#4703=CARTESIAN_POINT('',(-0.0170972919829808,0.0002,-0.0205536272384663));
#4704=CARTESIAN_POINT('',(-0.0171744799907454,0.0002,-0.0206171828986715));
#4705=CARTESIAN_POINT('',(-0.0172611819527656,0.0002,-0.0206857096930741));
#4706=CARTESIAN_POINT('',(-0.0173576230828846,0.0002,-0.0207588485865975));
#4707=CARTESIAN_POINT('',(-0.0174640194776473,0.0002,-0.0208362352480634));
#4708=CARTESIAN_POINT('',(-0.0175805760929539,0.0002,-0.0209174981513421));
#4709=CARTESIAN_POINT('',(-0.0177074870851002,0.0002,-0.0210022594804317));
#4710=CARTESIAN_POINT('',(-0.0178449354847712,0.0002,-0.0210901352383773));
#4711=CARTESIAN_POINT('',(-0.017993093071781,0.0002,-0.0211807355902356));
#4712=CARTESIAN_POINT('',(-0.0181521202027629,0.0002,-0.021273665145812));
#4713=CARTESIAN_POINT('',(-0.0183221656624323,0.0002,-0.0213685232647536));
#4714=CARTESIAN_POINT('',(-0.0185033665165565,0.0002,-0.0214649043616564));
#4715=CARTESIAN_POINT('',(-0.0186958479801416,0.0002,-0.0215623982117739));
#4716=CARTESIAN_POINT('',(-0.0188997232687121,0.0002,-0.0216605902777201));
#4717=CARTESIAN_POINT('',(-0.0191150935516209,0.0002,-0.0217590619705029));
#4718=CARTESIAN_POINT('',(-0.0193420475498132,0.0002,-0.0218573911805399));
#4719=CARTESIAN_POINT('',(-0.0195806625428271,0.0002,-0.0219551517825113));
#4720=CARTESIAN_POINT('',(-0.0198309999880081,0.0002,-0.0220519171056464));
#4721=CARTESIAN_POINT('',(-0.0200931218991255,0.0002,-0.0221472481666736));
#4722=CARTESIAN_POINT('',(-0.0203670275194648,0.0002,-0.0222407404472261));
#4723=CARTESIAN_POINT('',(-0.0206528958856814,0.0002,-0.0223318460316891));
#4724=CARTESIAN_POINT('',(-0.0208920908094896,0.0002,-0.0224032286416077));
#4725=CARTESIAN_POINT('',(-0.0210367568641291,0.0002,-0.0224435569927421));
#4726=CARTESIAN_POINT('',(-0.0210804688982496,0.0002,-0.0224555968753879));
#4727=CARTESIAN_POINT('',(-0.0210804688982496,0.0002,-0.0224555968753879));
#4728=CARTESIAN_POINT('',(0.,0.0002,2.16913054776845E-18));
#4729=CARTESIAN_POINT('',(-0.0224555968753879,0.0002,-0.0210804688982496));
#4730=CARTESIAN_POINT('',(-0.01886501894506,0.0002,-0.0156320523349471));
#4731=CARTESIAN_POINT('',(-0.0195281692401263,0.0002,-0.0161807555351395));
#4732=CARTESIAN_POINT('',(-0.0202531382234872,0.0002,-0.0167806086968886));
#4733=CARTESIAN_POINT('',(-0.0202742766313093,0.0002,-0.0168004603738993));
#4734=CARTESIAN_POINT('',(-0.0202965070176107,0.0002,-0.0168206258091025));
#4735=CARTESIAN_POINT('',(-0.0203221509791527,0.0002,-0.0168452069637338));
#4736=CARTESIAN_POINT('',(-0.020356075608143,0.0002,-0.0168788501080363));
#4737=CARTESIAN_POINT('',(-0.0203962214736985,0.0002,-0.016920367368583));
#4738=CARTESIAN_POINT('',(-0.0204428256069332,0.0002,-0.0169705026947202));
#4739=CARTESIAN_POINT('',(-0.0204953886822627,0.0002,-0.0170293774834849));
#4740=CARTESIAN_POINT('',(-0.0205536272384663,0.0002,-0.0170972919829808));
#4741=CARTESIAN_POINT('',(-0.0206171828986715,0.0002,-0.0171744799907454));
#4742=CARTESIAN_POINT('',(-0.0206857096930741,0.0002,-0.0172611819527656));
#4743=CARTESIAN_POINT('',(-0.0207588485865975,0.0002,-0.0173576230828846));
#4744=CARTESIAN_POINT('',(-0.0208362352480634,0.0002,-0.0174640194776473));
#4745=CARTESIAN_POINT('',(-0.0209174981513421,0.0002,-0.0175805760929539));
#4746=CARTESIAN_POINT('',(-0.0210022594804317,0.0002,-0.0177074870851002));
#4747=CARTESIAN_POINT('',(-0.0210901352383773,0.0002,-0.0178449354847712));
#4748=CARTESIAN_POINT('',(-0.0211807355902356,0.0002,-0.017993093071781));
#4749=CARTESIAN_POINT('',(-0.0212736651458121,0.0002,-0.0181521202027629));
#4750=CARTESIAN_POINT('',(-0.0213685232647536,0.0002,-0.0183221656624323));
#4751=CARTESIAN_POINT('',(-0.0214649043616565,0.0002,-0.0185033665165565));
#4752=CARTESIAN_POINT('',(-0.0215623982117739,0.0002,-0.0186958479801416));
#4753=CARTESIAN_POINT('',(-0.0216605902777201,0.0002,-0.0188997232687121));
#4754=CARTESIAN_POINT('',(-0.0217590619705029,0.0002,-0.0191150935516209));
#4755=CARTESIAN_POINT('',(-0.0218573911805399,0.0002,-0.0193420475498132));
#4756=CARTESIAN_POINT('',(-0.0219551517825113,0.0002,-0.0195806625428271));
#4757=CARTESIAN_POINT('',(-0.0220519171056464,0.0002,-0.0198309999880081));
#4758=CARTESIAN_POINT('',(-0.0221472481666736,0.0002,-0.0200931218991255));
#4759=CARTESIAN_POINT('',(-0.0222407404472262,0.0002,-0.0203670275194648));
#4760=CARTESIAN_POINT('',(-0.0223318460316891,0.0002,-0.0206528958856814));
#4761=CARTESIAN_POINT('',(-0.0224032286416077,0.0002,-0.0208920908094896));
#4762=CARTESIAN_POINT('',(-0.0224435569927421,0.0002,-0.0210367568641291));
#4763=CARTESIAN_POINT('',(-0.0224555968753879,0.0002,-0.0210804688982496));
#4764=CARTESIAN_POINT('',(-0.019700982228042,0.0002,-0.0163239028972843));
#4765=CARTESIAN_POINT('',(-0.0204081632024101,0.0002,-0.0154698920316426));
#4766=CARTESIAN_POINT('',(-0.0195245376752398,0.0002,-0.0148000820459936));
#4767=CARTESIAN_POINT('',(-3.27123086558666E-16,0.0002,-2.34452480069541E-16));
#4768=CARTESIAN_POINT('',(-0.0201091284205081,0.0002,-0.0139954619133314));
#4769=CARTESIAN_POINT('',(-0.0210192108765983,0.0002,-0.0146288570603439));
#4770=CARTESIAN_POINT('',(-0.0216128925361753,0.0002,-0.013692384115607));
#4771=CARTESIAN_POINT('',(-0.0206965766894472,0.0002,-0.0131111293692736));
#4772=CARTESIAN_POINT('',(-0.0214233491545025,0.0002,-0.0135722641649521));
#4773=CARTESIAN_POINT('',(-0.0222178711490574,0.0002,-0.0140763858195793));
#4774=CARTESIAN_POINT('',(-0.0222432833430889,0.0002,-0.0140903551345195));
#4775=CARTESIAN_POINT('',(-0.0222693313788015,0.0002,-0.0141052660260944));
#4776=CARTESIAN_POINT('',(-0.0223006338660112,0.0002,-0.0141220588883001));
#4777=CARTESIAN_POINT('',(-0.0223431136845146,0.0002,-0.0141439268244307));
#4778=CARTESIAN_POINT('',(-0.0223950047004069,0.0002,-0.0141692782724006));
#4779=CARTESIAN_POINT('',(-0.0224570876982039,0.0002,-0.0141981087692049));
#4780=CARTESIAN_POINT('',(-0.0225293238332575,0.0002,-0.014229905914245));
#4781=CARTESIAN_POINT('',(-0.0226119110641487,0.0002,-0.0142643073381134));
#4782=CARTESIAN_POINT('',(-0.0227049610010052,0.0002,-0.0143008999567378));
#4783=CARTESIAN_POINT('',(-0.0228085954110005,0.0002,-0.0143392804313852));
#4784=CARTESIAN_POINT('',(-0.0229229175372876,0.0002,-0.0143790377045017));
#4785=CARTESIAN_POINT('',(-0.0230480203153678,0.0002,-0.0144197584990414));
#4786=CARTESIAN_POINT('',(-0.0231839838619978,0.0002,-0.014461026137801));
#4787=CARTESIAN_POINT('',(-0.0233308760792225,0.0002,-0.0145024212988153));
#4788=CARTESIAN_POINT('',(-0.0234887523779828,0.0002,-0.0145435222196859));
#4789=CARTESIAN_POINT('',(-0.0236576556649676,0.0002,-0.0145839050624678));
#4790=CARTESIAN_POINT('',(-0.0238376162661085,0.0002,-0.0146231442358151));
#4791=CARTESIAN_POINT('',(-0.0240286518794008,0.0002,-0.0146608127311038));
#4792=CARTESIAN_POINT('',(-0.0242307675293534,0.0002,-0.0146964824580413));
#4793=CARTESIAN_POINT('',(-0.0244439555360953,0.0002,-0.0147297245761443));
#4794=CARTESIAN_POINT('',(-0.0246681954748922,0.0002,-0.0147601098514095));
#4795=CARTESIAN_POINT('',(-0.0249034542124036,0.0002,-0.0147872089189989));
#4796=CARTESIAN_POINT('',(-0.0251496856882284,0.0002,-0.0148105929125641));
#4797=CARTESIAN_POINT('',(-0.0254068317196095,0.0002,-0.0148298326821519));
#4798=CARTESIAN_POINT('',(-0.0256748189074366,0.0002,-0.0148445034483817));
#4799=CARTESIAN_POINT('',(-0.0259535705770177,0.0002,-0.0148541685500436));
#4800=CARTESIAN_POINT('',(-0.0262429610056248,0.0002,-0.0148584435011467));
#4801=CARTESIAN_POINT('',(-0.0265429911519994,0.0002,-0.014856751877606));
#4802=CARTESIAN_POINT('',(-0.0267925374825196,0.0002,-0.0148507254774943));
#4803=CARTESIAN_POINT('',(-0.0269425852223268,0.0002,-0.0148443757492393));
#4804=CARTESIAN_POINT('',(-0.0269878783655654,0.0002,-0.0148423185966831));
#4805=CARTESIAN_POINT('',(-0.0269878783655654,0.0002,-0.0148423185966831));
#4806=CARTESIAN_POINT('',(0.,0.0002,2.16913054776845E-18));
#4807=CARTESIAN_POINT('',(-0.0278707648745864,0.0002,-0.0131095562589098));
#4808=CARTESIAN_POINT('',(-0.0227722690261881,0.0002,-0.00903735378298942));
#4809=CARTESIAN_POINT('',(-0.0235725210493213,0.0002,-0.00935427682604418));
#4810=CARTESIAN_POINT('',(-0.0244473723461686,0.0002,-0.00970074334809269));
#4811=CARTESIAN_POINT('',(-0.0244736106722351,0.0002,-0.00971309128762199));
#4812=CARTESIAN_POINT('',(-0.0245009844881634,0.0002,-0.0097254001890173));
#4813=CARTESIAN_POINT('',(-0.024532969339414,0.0002,-0.00974085383638786));
#4814=CARTESIAN_POINT('',(-0.0245756298822119,0.0002,-0.0097623670811195));
#4815=CARTESIAN_POINT('',(-0.0246266404083196,0.0002,-0.00978944658759067));
#4816=CARTESIAN_POINT('',(-0.0246864562407137,0.0002,-0.00982272664703244));
#4817=CARTESIAN_POINT('',(-0.0247546400062909,0.0002,-0.00986247701497916));
#4818=CARTESIAN_POINT('',(-0.0248310148991766,0.0002,-0.00990907083868083));
#4819=CARTESIAN_POINT('',(-0.0249153123301234,0.0002,-0.00996284121735309));
#4820=CARTESIAN_POINT('',(-0.0250072775641907,0.0002,-0.0100241237392675));
#4821=CARTESIAN_POINT('',(-0.0251066387336342,0.0002,-0.0100932435434576));
#4822=CARTESIAN_POINT('',(-0.0252131161164176,0.0002,-0.010170518734476));
#4823=CARTESIAN_POINT('',(-0.0253264197050504,0.0002,-0.0102562590448553));
#4824=CARTESIAN_POINT('',(-0.0254462501727571,0.0002,-0.010350765879771));
#4825=CARTESIAN_POINT('',(-0.0255722988763236,0.0002,-0.0104543319733337));
#4826=CARTESIAN_POINT('',(-0.0257042481435687,0.0002,-0.0105672411634774));
#4827=CARTESIAN_POINT('',(-0.0258417714889962,0.0002,-0.0106897681407126));
#4828=CARTESIAN_POINT('',(-0.0259845338579931,0.0002,-0.0108221782123903));
#4829=CARTESIAN_POINT('',(-0.02613219187157,0.0002,-0.0109647270685838));
#4830=CARTESIAN_POINT('',(-0.0262843940763728,0.0002,-0.0111176605622591));
#4831=CARTESIAN_POINT('',(-0.0264407812094409,0.0002,-0.0112812144668756));
#4832=CARTESIAN_POINT('',(-0.0266009864320346,0.0002,-0.0114556143513175));
#4833=CARTESIAN_POINT('',(-0.0267646357103653,0.0002,-0.0116410750332526));
#4834=CARTESIAN_POINT('',(-0.026931347655861,0.0002,-0.0118378016898547));
#4835=CARTESIAN_POINT('',(-0.0271007354718695,0.0002,-0.0120459846190519));
#4836=CARTESIAN_POINT('',(-0.027272400823798,0.0002,-0.0122658184527346));
#4837=CARTESIAN_POINT('',(-0.0274459587579804,0.0002,-0.0124974274742746));
#4838=CARTESIAN_POINT('',(-0.02762094350107,0.0002,-0.0127411512728861));
#4839=CARTESIAN_POINT('',(-0.0277627476938082,0.0002,-0.0129465807242708));
#4840=CARTESIAN_POINT('',(-0.0278458065043387,0.0002,-0.0130717041723668));
#4841=CARTESIAN_POINT('',(-0.0278707648745864,0.0002,-0.0131095562589098));
#4842=CARTESIAN_POINT('',(-0.0237811109351816,0.0002,-0.00943701590748778));
#4843=CARTESIAN_POINT('',(-0.0241897761381903,0.0002,-0.00840627236955401));
#4844=CARTESIAN_POINT('',(-0.0231424156540426,0.0002,-0.00804230052258212));
#4845=CARTESIAN_POINT('',(-3.83562343817045E-16,0.0002,-1.21890965932682E-16));
#4846=CARTESIAN_POINT('',(-0.0234497531966871,0.0002,-0.00709641282722924));
#4847=CARTESIAN_POINT('',(-0.024511022911499,0.0002,-0.00741757646397084));
#4848=CARTESIAN_POINT('',(-0.0247862616677486,0.0002,-0.00634348004548668));
#4849=CARTESIAN_POINT('',(-0.0237351759160552,0.0002,-0.00607383110021289));
#4850=CARTESIAN_POINT('',(-0.0245688760933721,0.0002,-0.00628781130978745));
#4851=CARTESIAN_POINT('',(-0.0254802935721457,0.0002,-0.00652173869570397));
#4852=CARTESIAN_POINT('',(-0.025508778760589,0.0002,-0.00652717150388602));
#4853=CARTESIAN_POINT('',(-0.025538159633588,0.0002,-0.00653330331877679));
#4854=CARTESIAN_POINT('',(-0.0255731193478308,0.0002,-0.00653960127929081));
#4855=CARTESIAN_POINT('',(-0.0256202776199258,0.0002,-0.00654727193661014));
#4856=CARTESIAN_POINT('',(-0.025677462936982,0.0002,-0.00655534739063344));
#4857=CARTESIAN_POINT('',(-0.0257454164900568,0.0002,-0.0065635821211061));
#4858=CARTESIAN_POINT('',(-0.0258239429952015,0.0002,-0.00657150080975657));
#4859=CARTESIAN_POINT('',(-0.0259131187439094,0.0002,-0.00657869765023267));
#4860=CARTESIAN_POINT('',(-0.0260129222337213,0.0002,-0.0065847452868095));
#4861=CARTESIAN_POINT('',(-0.0261233446335779,0.0002,-0.00658922249343092));
#4862=CARTESIAN_POINT('',(-0.026244357109783,0.0002,-0.00659170642724269));
#4863=CARTESIAN_POINT('',(-0.02637592033962,0.0002,-0.00659177531976808));
#4864=CARTESIAN_POINT('',(-0.0265179817583155,0.0002,-0.00658900812999837));
#4865=CARTESIAN_POINT('',(-0.0266704763669385,0.0002,-0.00658298507616025));
#4866=CARTESIAN_POINT('',(-0.0268333265326764,0.0002,-0.00657328791545403));
#4867=CARTESIAN_POINT('',(-0.0270064420890877,0.0002,-0.00655950029514417));
#4868=CARTESIAN_POINT('',(-0.0271897203628888,0.0002,-0.00654120808257966));
#4869=CARTESIAN_POINT('',(-0.0273830462329516,0.0002,-0.00651799969944479));
#4870=CARTESIAN_POINT('',(-0.0275862921906927,0.0002,-0.00648946645501876));
#4871=CARTESIAN_POINT('',(-0.0277993184131234,0.0002,-0.00645520287097583));
#4872=CARTESIAN_POINT('',(-0.0280219728345654,0.0002,-0.00641480703311044));
#4873=CARTESIAN_POINT('',(-0.0282540912623079,0.0002,-0.00636788082996068));
#4874=CARTESIAN_POINT('',(-0.028495497363316,0.0002,-0.00631403061883792));
#4875=CARTESIAN_POINT('',(-0.028746003187871,0.0002,-0.00625286623334364));
#4876=CARTESIAN_POINT('',(-0.0290054076652231,0.0002,-0.00618400636585217));
#4877=CARTESIAN_POINT('',(-0.0292735029376722,0.0002,-0.00610705942065742));
#4878=CARTESIAN_POINT('',(-0.0295500506230935,0.0002,-0.00602169858031184));
#4879=CARTESIAN_POINT('',(-0.0298348735084658,0.0002,-0.00592737533666574));
#4880=CARTESIAN_POINT('',(-0.0300703439121751,0.0002,-0.00584452983255513));
#4881=CARTESIAN_POINT('',(-0.0302110856189337,0.0002,-0.00579212358055344));
#4882=CARTESIAN_POINT('',(-0.0302535262628544,0.0002,-0.00577617076122047));
#4883=CARTESIAN_POINT('',(-0.0302535262628544,0.0002,-0.00577617076122047));
#4884=CARTESIAN_POINT('',(0.,0.0002,2.16913054776845E-18));
#4885=CARTESIAN_POINT('',(-0.030557748220823,0.0002,-0.00385538891329854));
#4886=CARTESIAN_POINT('',(-0.024450410751305,0.0002,-0.00155801607580638));
#4887=CARTESIAN_POINT('',(-0.0253094302587971,0.0002,-0.00161213632613662));
#4888=CARTESIAN_POINT('',(-0.0262485273287479,0.0002,-0.00167130165133221));
#4889=CARTESIAN_POINT('',(-0.0262772971828902,0.0002,-0.00167493715102586));
#4890=CARTESIAN_POINT('',(-0.026307134888618,0.0002,-0.00167818463758355));
#4891=CARTESIAN_POINT('',(-0.0263423297294852,0.0002,-0.00168299806701685));
#4892=CARTESIAN_POINT('',(-0.0263895502749281,0.0002,-0.00169027554589173));
#4893=CARTESIAN_POINT('',(-0.0264464321958813,0.0002,-0.00170026656751992));
#4894=CARTESIAN_POINT('',(-0.0265136045369986,0.0002,-0.00171343367617224));
#4895=CARTESIAN_POINT('',(-0.0265907346907845,0.0002,-0.00173016858032928));
#4896=CARTESIAN_POINT('',(-0.0266777698137016,0.0002,-0.0017508808001346));
#4897=CARTESIAN_POINT('',(-0.0267745573955142,0.0002,-0.0017759701304098));
#4898=CARTESIAN_POINT('',(-0.0268809588713762,0.0002,-0.00180583445199307));
#4899=CARTESIAN_POINT('',(-0.0269968161531847,0.0002,-0.00184086700223411));
#4900=CARTESIAN_POINT('',(-0.0271219615091872,0.0002,-0.0018814567554034));
#4901=CARTESIAN_POINT('',(-0.0272562148384861,0.0002,-0.00192798790188765));
#4902=CARTESIAN_POINT('',(-0.0273993846037228,0.0002,-0.00198083959210343));
#4903=CARTESIAN_POINT('',(-0.0275512677275724,0.0002,-0.00204038560873246));
#4904=CARTESIAN_POINT('',(-0.0277116497965816,0.0002,-0.00210699406379412));
#4905=CARTESIAN_POINT('',(-0.0278803051886282,0.0002,-0.00218102709305526));
#4906=CARTESIAN_POINT('',(-0.0280569972323193,0.0002,-0.0022628405563701));
#4907=CARTESIAN_POINT('',(-0.0282414783674073,0.0002,-0.00235278373939252));
#4908=CARTESIAN_POINT('',(-0.0284334903146343,0.0002,-0.00245119906724677));
#4909=CARTESIAN_POINT('',(-0.0286327642526263,0.0002,-0.00255842179217815));
#4910=CARTESIAN_POINT('',(-0.0288390210016281,0.0002,-0.00267477980234874));
#4911=CARTESIAN_POINT('',(-0.0290519712166778,0.0002,-0.00280059298429824));
#4912=CARTESIAN_POINT('',(-0.0292713155789224,0.0002,-0.00293617432866515));
#4913=CARTESIAN_POINT('',(-0.029496745028179,0.0002,-0.00308182434627287));
#4914=CARTESIAN_POINT('',(-0.0297279408702993,0.0002,-0.00323785123520771));
#4915=CARTESIAN_POINT('',(-0.0299645753982646,0.0002,-0.00340449215320504));
#4916=CARTESIAN_POINT('',(-0.0302063105741367,0.0002,-0.0035822140006797));
#4917=CARTESIAN_POINT('',(-0.0304046555673013,0.0002,-0.00373376911362836));
#4918=CARTESIAN_POINT('',(-0.0305223144621486,0.0002,-0.00382710200029491));
#4919=CARTESIAN_POINT('',(-0.030557748220823,0.0002,-0.00385538891329854));
#4920=CARTESIAN_POINT('',(-0.0255333788112428,0.0002,-0.00162636804911025));
#4921=CARTESIAN_POINT('',(-0.0256035252454837,0.0002,-0.000519788197989855));
#4922=CARTESIAN_POINT('',(-0.0244949527459365,0.0002,-0.000497282590017674));
#4923=CARTESIAN_POINT('',(-4.02455846426619E-16,0.0002,2.60208521396526E-18));
#4924=CARTESIAN_POINT('',(-0.0244949527459365,0.0002,0.00049728259001768));
#4925=CARTESIAN_POINT('',(-0.0256035252454836,0.0002,0.000519788197989859));
#4926=CARTESIAN_POINT('',(-0.0255333788112428,0.0002,0.00162636804911025));
#4927=CARTESIAN_POINT('',(-0.024450410751305,0.0002,0.00155801607580639));
#4928=CARTESIAN_POINT('',(-0.0253094302587971,0.0002,0.00161213632613662));
#4929=CARTESIAN_POINT('',(-0.0262485273287479,0.0002,0.00167130165133222));
#4930=CARTESIAN_POINT('',(-0.0262772971828902,0.0002,0.00167493715102587));
#4931=CARTESIAN_POINT('',(-0.026307134888618,0.0002,0.00167818463758355));
#4932=CARTESIAN_POINT('',(-0.0263423297294852,0.0002,0.00168299806701685));
#4933=CARTESIAN_POINT('',(-0.0263895502749281,0.0002,0.00169027554589174));
#4934=CARTESIAN_POINT('',(-0.0264464321958813,0.0002,0.00170026656751993));
#4935=CARTESIAN_POINT('',(-0.0265136045369986,0.0002,0.00171343367617225));
#4936=CARTESIAN_POINT('',(-0.0265907346907845,0.0002,0.00173016858032928));
#4937=CARTESIAN_POINT('',(-0.0266777698137016,0.0002,0.00175088080013461));
#4938=CARTESIAN_POINT('',(-0.0267745573955142,0.0002,0.0017759701304098));
#4939=CARTESIAN_POINT('',(-0.0268809588713762,0.0002,0.00180583445199308));
#4940=CARTESIAN_POINT('',(-0.0269968161531847,0.0002,0.00184086700223411));
#4941=CARTESIAN_POINT('',(-0.0271219615091872,0.0002,0.00188145675540341));
#4942=CARTESIAN_POINT('',(-0.0272562148384861,0.0002,0.00192798790188765));
#4943=CARTESIAN_POINT('',(-0.0273993846037228,0.0002,0.00198083959210344));
#4944=CARTESIAN_POINT('',(-0.0275512677275724,0.0002,0.00204038560873247));
#4945=CARTESIAN_POINT('',(-0.0277116497965816,0.0002,0.00210699406379413));
#4946=CARTESIAN_POINT('',(-0.0278803051886282,0.0002,0.00218102709305527));
#4947=CARTESIAN_POINT('',(-0.0280569972323193,0.0002,0.00226284055637011));
#4948=CARTESIAN_POINT('',(-0.0282414783674073,0.0002,0.00235278373939252));
#4949=CARTESIAN_POINT('',(-0.0284334903146343,0.0002,0.00245119906724678));
#4950=CARTESIAN_POINT('',(-0.0286327642526263,0.0002,0.00255842179217815));
#4951=CARTESIAN_POINT('',(-0.0288390210016281,0.0002,0.00267477980234874));
#4952=CARTESIAN_POINT('',(-0.0290519712166778,0.0002,0.00280059298429824));
#4953=CARTESIAN_POINT('',(-0.0292713155789224,0.0002,0.00293617432866515));
#4954=CARTESIAN_POINT('',(-0.029496745028179,0.0002,0.00308182434627288));
#4955=CARTESIAN_POINT('',(-0.0297279408702993,0.0002,0.00323785123520771));
#4956=CARTESIAN_POINT('',(-0.0299645753982646,0.0002,0.00340449215320504));
#4957=CARTESIAN_POINT('',(-0.0302063105741367,0.0002,0.0035822140006797));
#4958=CARTESIAN_POINT('',(-0.0304046555673013,0.0002,0.00373376911362837));
#4959=CARTESIAN_POINT('',(-0.0305223144621486,0.0002,0.00382710200029492));
#4960=CARTESIAN_POINT('',(-0.030557748220823,0.0002,0.00385538891329854));
#4961=CARTESIAN_POINT('',(-0.030557748220823,0.0002,0.00385538891329854));
#4962=CARTESIAN_POINT('',(0.,0.0002,2.16913054776845E-18));
#4963=CARTESIAN_POINT('',(-0.0302535262628544,0.0002,0.00577617076122047));
#4964=CARTESIAN_POINT('',(-0.0237351759160552,0.0002,0.00607383110021289));
#4965=CARTESIAN_POINT('',(-0.0245688760933721,0.0002,0.00628781130978746));
#4966=CARTESIAN_POINT('',(-0.0254802935721457,0.0002,0.00652173869570398));
#4967=CARTESIAN_POINT('',(-0.025508778760589,0.0002,0.00652717150388603));
#4968=CARTESIAN_POINT('',(-0.025538159633588,0.0002,0.00653330331877679));
#4969=CARTESIAN_POINT('',(-0.0255731193478308,0.0002,0.00653960127929081));
#4970=CARTESIAN_POINT('',(-0.0256202776199258,0.0002,0.00654727193661015));
#4971=CARTESIAN_POINT('',(-0.025677462936982,0.0002,0.00655534739063344));
#4972=CARTESIAN_POINT('',(-0.0257454164900568,0.0002,0.00656358212110611));
#4973=CARTESIAN_POINT('',(-0.0258239429952015,0.0002,0.00657150080975658));
#4974=CARTESIAN_POINT('',(-0.0259131187439094,0.0002,0.00657869765023267));
#4975=CARTESIAN_POINT('',(-0.0260129222337213,0.0002,0.00658474528680951));
#4976=CARTESIAN_POINT('',(-0.0261233446335779,0.0002,0.00658922249343093));
#4977=CARTESIAN_POINT('',(-0.026244357109783,0.0002,0.0065917064272427));
#4978=CARTESIAN_POINT('',(-0.02637592033962,0.0002,0.00659177531976809));
#4979=CARTESIAN_POINT('',(-0.0265179817583155,0.0002,0.00658900812999837));
#4980=CARTESIAN_POINT('',(-0.0266704763669385,0.0002,0.00658298507616025));
#4981=CARTESIAN_POINT('',(-0.0268333265326764,0.0002,0.00657328791545403));
#4982=CARTESIAN_POINT('',(-0.0270064420890877,0.0002,0.00655950029514417));
#4983=CARTESIAN_POINT('',(-0.0271897203628888,0.0002,0.00654120808257967));
#4984=CARTESIAN_POINT('',(-0.0273830462329516,0.0002,0.0065179996994448));
#4985=CARTESIAN_POINT('',(-0.0275862921906927,0.0002,0.00648946645501876));
#4986=CARTESIAN_POINT('',(-0.0277993184131234,0.0002,0.00645520287097583));
#4987=CARTESIAN_POINT('',(-0.0280219728345654,0.0002,0.00641480703311045));
#4988=CARTESIAN_POINT('',(-0.0282540912623079,0.0002,0.00636788082996069));
#4989=CARTESIAN_POINT('',(-0.028495497363316,0.0002,0.00631403061883793));
#4990=CARTESIAN_POINT('',(-0.028746003187871,0.0002,0.00625286623334365));
#4991=CARTESIAN_POINT('',(-0.0290054076652231,0.0002,0.00618400636585217));
#4992=CARTESIAN_POINT('',(-0.0292735029376722,0.0002,0.00610705942065742));
#4993=CARTESIAN_POINT('',(-0.0295500506230935,0.0002,0.00602169858031184));
#4994=CARTESIAN_POINT('',(-0.0298348735084658,0.0002,0.00592737533666575));
#4995=CARTESIAN_POINT('',(-0.0300703439121751,0.0002,0.00584452983255514));
#4996=CARTESIAN_POINT('',(-0.0302110856189337,0.0002,0.00579212358055345));
#4997=CARTESIAN_POINT('',(-0.0302535262628544,0.0002,0.00577617076122047));
#4998=CARTESIAN_POINT('',(-0.0247862616677487,0.0002,0.0063434800454867));
#4999=CARTESIAN_POINT('',(-0.0245110229114991,0.0002,0.00741757646397087));
#5000=CARTESIAN_POINT('',(-0.0234497531966871,0.0002,0.00709641282722924));
#5001=CARTESIAN_POINT('',(-3.81954166713191E-16,0.0002,1.26840426130076E-16));
#5002=CARTESIAN_POINT('',(0.00824775687314631,0.0002,0.00242018109623393));
#5003=CARTESIAN_POINT('',(0.00233093568089836,0.0002,0.00274349026816479));
#5004=CARTESIAN_POINT('',(0.0141645780653942,0.0002,0.00209687192430305));
#5005=CARTESIAN_POINT('',(0.,0.0002,5.03610900928055E-19));
#5006=CARTESIAN_POINT('',(-0.00233093568089836,0.0002,0.00274349026816479));
#5007=CARTESIAN_POINT('',(-0.0082477568731463,0.0002,0.00242018109623393));
#5008=CARTESIAN_POINT('',(-0.0141645780653942,0.0002,0.00209687192430308));
#5009=CARTESIAN_POINT('',(-0.01405,0.0002,2.5804011705155E-17));
#5010=CARTESIAN_POINT('',(-0.0141645780653942,0.0002,-0.00209687192430305));
#5011=CARTESIAN_POINT('',(-0.0082477568731463,0.0002,-0.00242018109623393));
#5012=CARTESIAN_POINT('',(-0.00233093568089836,0.0002,-0.00274349026816479));
#5013=CARTESIAN_POINT('',(0.,0.0002,5.03610900928055E-19));
#5014=CARTESIAN_POINT('',(0.00233093568089836,0.0002,-0.00274349026816479));
#5015=CARTESIAN_POINT('',(0.0082477568731463,0.0002,-0.00242018109623393));
#5016=CARTESIAN_POINT('',(0.0141645780653942,0.0002,-0.00209687192430308));
#5017=CARTESIAN_POINT('',(0.01405,0.0002,-2.5804011705155E-17));
#5018=CARTESIAN_POINT('',(0.,0.0002,2.16913054776845E-18));
#5019=CARTESIAN_POINT('',(-0.0278707648745864,0.0002,0.0131095562589098));
#5020=CARTESIAN_POINT('',(-0.0278707648745864,-0.0043,0.0131095562589098));
#5021=CARTESIAN_POINT('',(0.,-0.0043,2.16913054776845E-18));
#5022=CARTESIAN_POINT('',(-0.0269878783655654,-0.0043,0.0148423185966831));
#5023=CARTESIAN_POINT('',(-0.0269878783655654,0.0002,0.0148423185966831));
#5024=CARTESIAN_POINT('',(0.,0.0002,2.16913054776845E-18));
#5025=CARTESIAN_POINT('',(-0.0302535262628544,0.0002,0.00577617076122047));
#5026=CARTESIAN_POINT('',(-0.0302535262628544,-0.0043,0.00577617076122047));
#5027=CARTESIAN_POINT('',(-0.030557748220823,0.0002,0.00385538891329854));
#5028=CARTESIAN_POINT('',(-0.030557748220823,-0.0043,0.00385538891329854));
#5029=CARTESIAN_POINT('',(0.,-0.0043,2.16913054776845E-18));
#5030=CARTESIAN_POINT('',(0.,0.0002,2.16913054776845E-18));
#5031=CARTESIAN_POINT('',(-0.030557748220823,0.0002,-0.00385538891329854));
#5032=CARTESIAN_POINT('',(-0.030557748220823,-0.0043,-0.00385538891329854));
#5033=CARTESIAN_POINT('',(-0.0302535262628544,0.0002,-0.00577617076122047));
#5034=CARTESIAN_POINT('',(-0.0302535262628544,-0.0043,-0.00577617076122047));
#5035=CARTESIAN_POINT('',(0.,-0.0043,2.16913054776845E-18));
#5036=CARTESIAN_POINT('',(0.,0.0002,2.16913054776845E-18));
#5037=CARTESIAN_POINT('',(-0.0278707648745864,0.0002,-0.0131095562589098));
#5038=CARTESIAN_POINT('',(-0.0278707648745864,-0.0043,-0.0131095562589098));
#5039=CARTESIAN_POINT('',(-0.0269878783655654,0.0002,-0.0148423185966831));
#5040=CARTESIAN_POINT('',(-0.0269878783655654,-0.0043,-0.0148423185966831));
#5041=CARTESIAN_POINT('',(0.,-0.0043,2.16913054776845E-18));
#5042=CARTESIAN_POINT('',(0.,0.0002,2.16913054776845E-18));
#5043=CARTESIAN_POINT('',(-0.0224555968753879,0.0002,-0.0210804688982496));
#5044=CARTESIAN_POINT('',(-0.0224555968753879,-0.0043,-0.0210804688982496));
#5045=CARTESIAN_POINT('',(-0.0210804688982496,0.0002,-0.0224555968753879));
#5046=CARTESIAN_POINT('',(-0.0210804688982496,-0.0043,-0.0224555968753879));
#5047=CARTESIAN_POINT('',(0.,-0.0043,2.16913054776845E-18));
#5048=CARTESIAN_POINT('',(0.,0.0002,2.16913054776845E-18));
#5049=CARTESIAN_POINT('',(-0.0148423185966831,0.0002,-0.0269878783655654));
#5050=CARTESIAN_POINT('',(-0.0148423185966831,-0.0043,-0.0269878783655654));
#5051=CARTESIAN_POINT('',(-0.0131095562589098,0.0002,-0.0278707648745864));
#5052=CARTESIAN_POINT('',(-0.0131095562589098,-0.0043,-0.0278707648745864));
#5053=CARTESIAN_POINT('',(0.,-0.0043,2.16913054776845E-18));
#5054=CARTESIAN_POINT('',(0.,0.0002,2.16913054776845E-18));
#5055=CARTESIAN_POINT('',(-0.00577617076122047,0.0002,-0.0302535262628544));
#5056=CARTESIAN_POINT('',(-0.00577617076122047,-0.0043,-0.0302535262628544));
#5057=CARTESIAN_POINT('',(-0.00385538891329854,0.0002,-0.030557748220823));
#5058=CARTESIAN_POINT('',(-0.00385538891329854,-0.0043,-0.030557748220823));
#5059=CARTESIAN_POINT('',(0.,-0.0043,2.16913054776845E-18));
#5060=CARTESIAN_POINT('',(0.,0.0002,2.16913054776845E-18));
#5061=CARTESIAN_POINT('',(0.00385538891329854,0.0002,-0.030557748220823));
#5062=CARTESIAN_POINT('',(0.00385538891329854,-0.0043,-0.030557748220823));
#5063=CARTESIAN_POINT('',(0.00577617076122046,0.0002,-0.0302535262628544));
#5064=CARTESIAN_POINT('',(0.00577617076122046,-0.0043,-0.0302535262628544));
#5065=CARTESIAN_POINT('',(0.,-0.0043,2.16913054776845E-18));
#5066=CARTESIAN_POINT('',(0.,0.0002,2.16913054776845E-18));
#5067=CARTESIAN_POINT('',(-0.0148423185966831,0.0002,0.0269878783655654));
#5068=CARTESIAN_POINT('',(-0.0148423185966831,-0.0043,0.0269878783655654));
#5069=CARTESIAN_POINT('',(0.,-0.0043,2.16913054776845E-18));
#5070=CARTESIAN_POINT('',(-0.0131095562589098,-0.0043,0.0278707648745864));
#5071=CARTESIAN_POINT('',(-0.0131095562589098,0.0002,0.0278707648745864));
#5072=CARTESIAN_POINT('',(0.,0.0002,2.16913054776845E-18));
#5073=CARTESIAN_POINT('',(-0.0210804688982496,0.0002,0.0224555968753879));
#5074=CARTESIAN_POINT('',(-0.0210804688982496,-0.0043,0.0224555968753879));
#5075=CARTESIAN_POINT('',(-0.0224555968753879,0.0002,0.0210804688982496));
#5076=CARTESIAN_POINT('',(-0.0224555968753879,-0.0043,0.0210804688982496));
#5077=CARTESIAN_POINT('',(0.,-0.0043,2.16913054776845E-18));
#5078=CARTESIAN_POINT('',(0.,0.0002,2.16913054776845E-18));
#5079=CARTESIAN_POINT('',(-0.00577617076122047,0.0002,0.0302535262628544));
#5080=CARTESIAN_POINT('',(-0.00577617076122047,-0.0043,0.0302535262628544));
#5081=CARTESIAN_POINT('',(0.,-0.0043,2.16913054776845E-18));
#5082=CARTESIAN_POINT('',(-0.00385538891329854,-0.0043,0.030557748220823));
#5083=CARTESIAN_POINT('',(-0.00385538891329854,0.0002,0.030557748220823));
#5084=CARTESIAN_POINT('',(0.,0.0002,2.16913054776845E-18));
#5085=CARTESIAN_POINT('',(0.00385538891329854,0.0002,0.030557748220823));
#5086=CARTESIAN_POINT('',(0.00385538891329854,-0.0043,0.030557748220823));
#5087=CARTESIAN_POINT('',(0.,-0.0043,2.16913054776845E-18));
#5088=CARTESIAN_POINT('',(0.00577617076122047,-0.0043,0.0302535262628544));
#5089=CARTESIAN_POINT('',(0.00577617076122047,0.0002,0.0302535262628544));
#5090=CARTESIAN_POINT('',(0.,0.0002,2.16913054776845E-18));
#5091=CARTESIAN_POINT('',(0.0302535262628544,0.0002,0.00577617076122047));
#5092=CARTESIAN_POINT('',(0.0302535262628544,-0.0043,0.00577617076122047));
#5093=CARTESIAN_POINT('',(0.,-0.0043,2.16913054776845E-18));
#5094=CARTESIAN_POINT('',(0.030557748220823,-0.0043,0.00385538891329854));
#5095=CARTESIAN_POINT('',(0.030557748220823,0.0002,0.00385538891329854));
#5096=CARTESIAN_POINT('',(0.,0.0002,2.16913054776845E-18));
#5097=CARTESIAN_POINT('',(0.0278707648745864,0.0002,0.0131095562589098));
#5098=CARTESIAN_POINT('',(0.0278707648745864,-0.0043,0.0131095562589098));
#5099=CARTESIAN_POINT('',(0.0269878783655654,0.0002,0.0148423185966831));
#5100=CARTESIAN_POINT('',(0.0269878783655654,-0.0043,0.0148423185966831));
#5101=CARTESIAN_POINT('',(0.,-0.0043,2.16913054776845E-18));
#5102=CARTESIAN_POINT('',(0.,0.0002,2.16913054776845E-18));
#5103=CARTESIAN_POINT('',(0.0224555968753879,0.0002,0.0210804688982496));
#5104=CARTESIAN_POINT('',(0.0224555968753879,-0.0043,0.0210804688982496));
#5105=CARTESIAN_POINT('',(0.0210804688982496,0.0002,0.0224555968753879));
#5106=CARTESIAN_POINT('',(0.0210804688982496,-0.0043,0.0224555968753879));
#5107=CARTESIAN_POINT('',(0.,-0.0043,2.16913054776845E-18));
#5108=CARTESIAN_POINT('',(0.,0.0002,2.16913054776845E-18));
#5109=CARTESIAN_POINT('',(0.0148423185966831,0.0002,0.0269878783655654));
#5110=CARTESIAN_POINT('',(0.0148423185966831,-0.0043,0.0269878783655654));
#5111=CARTESIAN_POINT('',(0.0131095562589098,0.0002,0.0278707648745864));
#5112=CARTESIAN_POINT('',(0.0131095562589098,-0.0043,0.0278707648745864));
#5113=CARTESIAN_POINT('',(0.,-0.0043,2.16913054776845E-18));
#5114=CARTESIAN_POINT('',(0.,0.0002,2.16913054776845E-18));
#5115=CARTESIAN_POINT('',(0.0224555968753879,0.0002,-0.0210804688982496));
#5116=CARTESIAN_POINT('',(0.0224555968753879,-0.0043,-0.0210804688982496));
#5117=CARTESIAN_POINT('',(0.,-0.0043,2.16913054776845E-18));
#5118=CARTESIAN_POINT('',(0.0210804688982496,-0.0043,-0.0224555968753879));
#5119=CARTESIAN_POINT('',(0.0210804688982496,0.0002,-0.0224555968753879));
#5120=CARTESIAN_POINT('',(0.,0.0002,2.16913054776845E-18));
#5121=CARTESIAN_POINT('',(0.0131095562589098,0.0002,-0.0278707648745864));
#5122=CARTESIAN_POINT('',(0.0131095562589098,-0.0043,-0.0278707648745864));
#5123=CARTESIAN_POINT('',(0.0148423185966831,0.0002,-0.0269878783655654));
#5124=CARTESIAN_POINT('',(0.0148423185966831,-0.0043,-0.0269878783655654));
#5125=CARTESIAN_POINT('',(0.,-0.0043,2.16913054776845E-18));
#5126=CARTESIAN_POINT('',(0.,0.0002,2.16913054776845E-18));
#5127=CARTESIAN_POINT('',(0.0269878783655654,0.0002,-0.0148423185966831));
#5128=CARTESIAN_POINT('',(0.0269878783655654,-0.0043,-0.0148423185966831));
#5129=CARTESIAN_POINT('',(0.0278707648745864,0.0002,-0.0131095562589098));
#5130=CARTESIAN_POINT('',(0.0278707648745864,-0.0043,-0.0131095562589098));
#5131=CARTESIAN_POINT('',(0.,-0.0043,2.16913054776845E-18));
#5132=CARTESIAN_POINT('',(0.,0.0002,2.16913054776845E-18));
#5133=CARTESIAN_POINT('',(0.0302535262628544,0.0002,-0.00577617076122047));
#5134=CARTESIAN_POINT('',(0.0302535262628544,-0.0043,-0.00577617076122047));
#5135=CARTESIAN_POINT('',(0.030557748220823,0.0002,-0.00385538891329854));
#5136=CARTESIAN_POINT('',(0.030557748220823,-0.0043,-0.00385538891329854));
#5137=CARTESIAN_POINT('',(0.,-0.0043,2.16913054776845E-18));
#5138=CARTESIAN_POINT('',(0.,-0.0043,2.83174477081531E-19));
#5139=CARTESIAN_POINT('',(-0.0245110229114991,-0.0043,0.00741757646397087));
#5140=CARTESIAN_POINT('',(-0.0247862616677487,-0.0043,0.0063434800454867));
#5141=CARTESIAN_POINT('',(-0.0234497531966871,-0.0043,0.00709641282722924));
#5142=CARTESIAN_POINT('',(-0.0237351759160552,-0.0043,0.00607383110021289));
#5143=CARTESIAN_POINT('',(-0.0245688760933721,-0.0043,0.00628781130978746));
#5144=CARTESIAN_POINT('',(-0.0254802935721457,-0.0043,0.00652173869570398));
#5145=CARTESIAN_POINT('',(-0.025508778760589,-0.0043,0.00652717150388603));
#5146=CARTESIAN_POINT('',(-0.025538159633588,-0.0043,0.00653330331877679));
#5147=CARTESIAN_POINT('',(-0.0255731193478308,-0.0043,0.00653960127929081));
#5148=CARTESIAN_POINT('',(-0.0256202776199258,-0.0043,0.00654727193661015));
#5149=CARTESIAN_POINT('',(-0.025677462936982,-0.0043,0.00655534739063344));
#5150=CARTESIAN_POINT('',(-0.0257454164900568,-0.0043,0.00656358212110611));
#5151=CARTESIAN_POINT('',(-0.0258239429952015,-0.0043,0.00657150080975658));
#5152=CARTESIAN_POINT('',(-0.0259131187439094,-0.0043,0.00657869765023267));
#5153=CARTESIAN_POINT('',(-0.0260129222337213,-0.0043,0.00658474528680951));
#5154=CARTESIAN_POINT('',(-0.0261233446335779,-0.0043,0.00658922249343093));
#5155=CARTESIAN_POINT('',(-0.026244357109783,-0.0043,0.0065917064272427));
#5156=CARTESIAN_POINT('',(-0.02637592033962,-0.0043,0.00659177531976809));
#5157=CARTESIAN_POINT('',(-0.0265179817583155,-0.0043,0.00658900812999837));
#5158=CARTESIAN_POINT('',(-0.0266704763669385,-0.0043,0.00658298507616025));
#5159=CARTESIAN_POINT('',(-0.0268333265326764,-0.0043,0.00657328791545403));
#5160=CARTESIAN_POINT('',(-0.0270064420890877,-0.0043,0.00655950029514417));
#5161=CARTESIAN_POINT('',(-0.0271897203628888,-0.0043,0.00654120808257967));
#5162=CARTESIAN_POINT('',(-0.0273830462329516,-0.0043,0.0065179996994448));
#5163=CARTESIAN_POINT('',(-0.0275862921906927,-0.0043,0.00648946645501876));
#5164=CARTESIAN_POINT('',(-0.0277993184131234,-0.0043,0.00645520287097583));
#5165=CARTESIAN_POINT('',(-0.0280219728345654,-0.0043,0.00641480703311045));
#5166=CARTESIAN_POINT('',(-0.0282540912623079,-0.0043,0.00636788082996069));
#5167=CARTESIAN_POINT('',(-0.028495497363316,-0.0043,0.00631403061883793));
#5168=CARTESIAN_POINT('',(-0.028746003187871,-0.0043,0.00625286623334365));
#5169=CARTESIAN_POINT('',(-0.0290054076652231,-0.0043,0.00618400636585217));
#5170=CARTESIAN_POINT('',(-0.0292735029376722,-0.0043,0.00610705942065742));
#5171=CARTESIAN_POINT('',(-0.0295500506230935,-0.0043,0.00602169858031184));
#5172=CARTESIAN_POINT('',(-0.0298348735084658,-0.0043,0.00592737533666575));
#5173=CARTESIAN_POINT('',(-0.0300703439121751,-0.0043,0.00584452983255514));
#5174=CARTESIAN_POINT('',(-0.0302110856189337,-0.0043,0.00579212358055345));
#5175=CARTESIAN_POINT('',(-0.0302535262628544,-0.0043,0.00577617076122047));
#5176=CARTESIAN_POINT('',(-0.024450410751305,-0.0043,0.00155801607580639));
#5177=CARTESIAN_POINT('',(-0.0253094302587971,-0.0043,0.00161213632613662));
#5178=CARTESIAN_POINT('',(-0.0262485273287479,-0.0043,0.00167130165133222));
#5179=CARTESIAN_POINT('',(-0.0262772971828902,-0.0043,0.00167493715102587));
#5180=CARTESIAN_POINT('',(-0.026307134888618,-0.0043,0.00167818463758355));
#5181=CARTESIAN_POINT('',(-0.0263423297294852,-0.0043,0.00168299806701685));
#5182=CARTESIAN_POINT('',(-0.0263895502749281,-0.0043,0.00169027554589174));
#5183=CARTESIAN_POINT('',(-0.0264464321958813,-0.0043,0.00170026656751993));
#5184=CARTESIAN_POINT('',(-0.0265136045369986,-0.0043,0.00171343367617225));
#5185=CARTESIAN_POINT('',(-0.0265907346907845,-0.0043,0.00173016858032928));
#5186=CARTESIAN_POINT('',(-0.0266777698137016,-0.0043,0.00175088080013461));
#5187=CARTESIAN_POINT('',(-0.0267745573955142,-0.0043,0.0017759701304098));
#5188=CARTESIAN_POINT('',(-0.0268809588713762,-0.0043,0.00180583445199308));
#5189=CARTESIAN_POINT('',(-0.0269968161531847,-0.0043,0.00184086700223411));
#5190=CARTESIAN_POINT('',(-0.0271219615091872,-0.0043,0.00188145675540341));
#5191=CARTESIAN_POINT('',(-0.0272562148384861,-0.0043,0.00192798790188765));
#5192=CARTESIAN_POINT('',(-0.0273993846037228,-0.0043,0.00198083959210344));
#5193=CARTESIAN_POINT('',(-0.0275512677275724,-0.0043,0.00204038560873247));
#5194=CARTESIAN_POINT('',(-0.0277116497965816,-0.0043,0.00210699406379413));
#5195=CARTESIAN_POINT('',(-0.0278803051886282,-0.0043,0.00218102709305527));
#5196=CARTESIAN_POINT('',(-0.0280569972323193,-0.0043,0.00226284055637011));
#5197=CARTESIAN_POINT('',(-0.0282414783674073,-0.0043,0.00235278373939252));
#5198=CARTESIAN_POINT('',(-0.0284334903146343,-0.0043,0.00245119906724678));
#5199=CARTESIAN_POINT('',(-0.0286327642526263,-0.0043,0.00255842179217815));
#5200=CARTESIAN_POINT('',(-0.0288390210016281,-0.0043,0.00267477980234874));
#5201=CARTESIAN_POINT('',(-0.0290519712166778,-0.0043,0.00280059298429824));
#5202=CARTESIAN_POINT('',(-0.0292713155789224,-0.0043,0.00293617432866515));
#5203=CARTESIAN_POINT('',(-0.029496745028179,-0.0043,0.00308182434627288));
#5204=CARTESIAN_POINT('',(-0.0297279408702993,-0.0043,0.00323785123520771));
#5205=CARTESIAN_POINT('',(-0.0299645753982646,-0.0043,0.00340449215320504));
#5206=CARTESIAN_POINT('',(-0.0302063105741367,-0.0043,0.0035822140006797));
#5207=CARTESIAN_POINT('',(-0.0304046555673013,-0.0043,0.00373376911362837));
#5208=CARTESIAN_POINT('',(-0.0305223144621486,-0.0043,0.00382710200029492));
#5209=CARTESIAN_POINT('',(-0.030557748220823,-0.0043,0.00385538891329854));
#5210=CARTESIAN_POINT('',(-0.0255333788112428,-0.0043,0.00162636804911025));
#5211=CARTESIAN_POINT('',(-0.0256035252454836,-0.0043,0.000519788197989859));
#5212=CARTESIAN_POINT('',(-0.0244949527459365,-0.0043,0.00049728259001768));
#5213=CARTESIAN_POINT('',(-4.02455846426619E-16,-0.0043,2.60208521396526E-18));
#5214=CARTESIAN_POINT('',(-0.0244949527459365,-0.0043,-0.000497282590017674));
#5215=CARTESIAN_POINT('',(-0.0256035252454837,-0.0043,-0.000519788197989855));
#5216=CARTESIAN_POINT('',(-0.0255333788112428,-0.0043,-0.00162636804911025));
#5217=CARTESIAN_POINT('',(-0.024450410751305,-0.0043,-0.00155801607580638));
#5218=CARTESIAN_POINT('',(-0.0253094302587971,-0.0043,-0.00161213632613662));
#5219=CARTESIAN_POINT('',(-0.0262485273287479,-0.0043,-0.00167130165133221));
#5220=CARTESIAN_POINT('',(-0.0262772971828902,-0.0043,-0.00167493715102586));
#5221=CARTESIAN_POINT('',(-0.026307134888618,-0.0043,-0.00167818463758355));
#5222=CARTESIAN_POINT('',(-0.0263423297294852,-0.0043,-0.00168299806701685));
#5223=CARTESIAN_POINT('',(-0.0263895502749281,-0.0043,-0.00169027554589173));
#5224=CARTESIAN_POINT('',(-0.0264464321958813,-0.0043,-0.00170026656751992));
#5225=CARTESIAN_POINT('',(-0.0265136045369986,-0.0043,-0.00171343367617224));
#5226=CARTESIAN_POINT('',(-0.0265907346907845,-0.0043,-0.00173016858032928));
#5227=CARTESIAN_POINT('',(-0.0266777698137016,-0.0043,-0.0017508808001346));
#5228=CARTESIAN_POINT('',(-0.0267745573955142,-0.0043,-0.0017759701304098));
#5229=CARTESIAN_POINT('',(-0.0268809588713762,-0.0043,-0.00180583445199307));
#5230=CARTESIAN_POINT('',(-0.0269968161531847,-0.0043,-0.00184086700223411));
#5231=CARTESIAN_POINT('',(-0.0271219615091872,-0.0043,-0.0018814567554034));
#5232=CARTESIAN_POINT('',(-0.0272562148384861,-0.0043,-0.00192798790188765));
#5233=CARTESIAN_POINT('',(-0.0273993846037228,-0.0043,-0.00198083959210343));
#5234=CARTESIAN_POINT('',(-0.0275512677275724,-0.0043,-0.00204038560873246));
#5235=CARTESIAN_POINT('',(-0.0277116497965816,-0.0043,-0.00210699406379412));
#5236=CARTESIAN_POINT('',(-0.0278803051886282,-0.0043,-0.00218102709305526));
#5237=CARTESIAN_POINT('',(-0.0280569972323193,-0.0043,-0.0022628405563701));
#5238=CARTESIAN_POINT('',(-0.0282414783674073,-0.0043,-0.00235278373939252));
#5239=CARTESIAN_POINT('',(-0.0284334903146343,-0.0043,-0.00245119906724677));
#5240=CARTESIAN_POINT('',(-0.0286327642526263,-0.0043,-0.00255842179217815));
#5241=CARTESIAN_POINT('',(-0.0288390210016281,-0.0043,-0.00267477980234874));
#5242=CARTESIAN_POINT('',(-0.0290519712166778,-0.0043,-0.00280059298429824));
#5243=CARTESIAN_POINT('',(-0.0292713155789224,-0.0043,-0.00293617432866515));
#5244=CARTESIAN_POINT('',(-0.029496745028179,-0.0043,-0.00308182434627287));
#5245=CARTESIAN_POINT('',(-0.0297279408702993,-0.0043,-0.00323785123520771));
#5246=CARTESIAN_POINT('',(-0.0299645753982646,-0.0043,-0.00340449215320504));
#5247=CARTESIAN_POINT('',(-0.0302063105741367,-0.0043,-0.0035822140006797));
#5248=CARTESIAN_POINT('',(-0.0304046555673013,-0.0043,-0.00373376911362836));
#5249=CARTESIAN_POINT('',(-0.0305223144621486,-0.0043,-0.00382710200029491));
#5250=CARTESIAN_POINT('',(-0.030557748220823,-0.0043,-0.00385538891329854));
#5251=CARTESIAN_POINT('',(-0.0237351759160552,-0.0043,-0.00607383110021289));
#5252=CARTESIAN_POINT('',(-0.0245688760933721,-0.0043,-0.00628781130978745));
#5253=CARTESIAN_POINT('',(-0.0254802935721457,-0.0043,-0.00652173869570397));
#5254=CARTESIAN_POINT('',(-0.025508778760589,-0.0043,-0.00652717150388602));
#5255=CARTESIAN_POINT('',(-0.025538159633588,-0.0043,-0.00653330331877679));
#5256=CARTESIAN_POINT('',(-0.0255731193478308,-0.0043,-0.00653960127929081));
#5257=CARTESIAN_POINT('',(-0.0256202776199258,-0.0043,-0.00654727193661014));
#5258=CARTESIAN_POINT('',(-0.025677462936982,-0.0043,-0.00655534739063344));
#5259=CARTESIAN_POINT('',(-0.0257454164900568,-0.0043,-0.0065635821211061));
#5260=CARTESIAN_POINT('',(-0.0258239429952015,-0.0043,-0.00657150080975657));
#5261=CARTESIAN_POINT('',(-0.0259131187439094,-0.0043,-0.00657869765023267));
#5262=CARTESIAN_POINT('',(-0.0260129222337213,-0.0043,-0.0065847452868095));
#5263=CARTESIAN_POINT('',(-0.0261233446335779,-0.0043,-0.00658922249343092));
#5264=CARTESIAN_POINT('',(-0.026244357109783,-0.0043,-0.00659170642724269));
#5265=CARTESIAN_POINT('',(-0.02637592033962,-0.0043,-0.00659177531976808));
#5266=CARTESIAN_POINT('',(-0.0265179817583155,-0.0043,-0.00658900812999837));
#5267=CARTESIAN_POINT('',(-0.0266704763669385,-0.0043,-0.00658298507616025));
#5268=CARTESIAN_POINT('',(-0.0268333265326764,-0.0043,-0.00657328791545403));
#5269=CARTESIAN_POINT('',(-0.0270064420890877,-0.0043,-0.00655950029514417));
#5270=CARTESIAN_POINT('',(-0.0271897203628888,-0.0043,-0.00654120808257966));
#5271=CARTESIAN_POINT('',(-0.0273830462329516,-0.0043,-0.00651799969944479));
#5272=CARTESIAN_POINT('',(-0.0275862921906927,-0.0043,-0.00648946645501876));
#5273=CARTESIAN_POINT('',(-0.0277993184131234,-0.0043,-0.00645520287097583));
#5274=CARTESIAN_POINT('',(-0.0280219728345654,-0.0043,-0.00641480703311044));
#5275=CARTESIAN_POINT('',(-0.0282540912623079,-0.0043,-0.00636788082996068));
#5276=CARTESIAN_POINT('',(-0.028495497363316,-0.0043,-0.00631403061883792));
#5277=CARTESIAN_POINT('',(-0.028746003187871,-0.0043,-0.00625286623334364));
#5278=CARTESIAN_POINT('',(-0.0290054076652231,-0.0043,-0.00618400636585217));
#5279=CARTESIAN_POINT('',(-0.0292735029376722,-0.0043,-0.00610705942065742));
#5280=CARTESIAN_POINT('',(-0.0295500506230935,-0.0043,-0.00602169858031184));
#5281=CARTESIAN_POINT('',(-0.0298348735084658,-0.0043,-0.00592737533666574));
#5282=CARTESIAN_POINT('',(-0.0300703439121751,-0.0043,-0.00584452983255513));
#5283=CARTESIAN_POINT('',(-0.0302110856189337,-0.0043,-0.00579212358055344));
#5284=CARTESIAN_POINT('',(-0.0302535262628544,-0.0043,-0.00577617076122047));
#5285=CARTESIAN_POINT('',(-0.0247862616677486,-0.0043,-0.00634348004548668));
#5286=CARTESIAN_POINT('',(-0.024511022911499,-0.0043,-0.00741757646397084));
#5287=CARTESIAN_POINT('',(-0.0234497531966871,-0.0043,-0.00709641282722924));
#5288=CARTESIAN_POINT('',(-3.83562343817045E-16,-0.0043,-1.21890965932682E-16));
#5289=CARTESIAN_POINT('',(-0.0231424156540426,-0.0043,-0.00804230052258212));
#5290=CARTESIAN_POINT('',(-0.0241897761381903,-0.0043,-0.00840627236955401));
#5291=CARTESIAN_POINT('',(-0.0237811109351816,-0.0043,-0.00943701590748778));
#5292=CARTESIAN_POINT('',(-0.0227722690261881,-0.0043,-0.00903735378298942));
#5293=CARTESIAN_POINT('',(-0.0235725210493213,-0.0043,-0.00935427682604418));
#5294=CARTESIAN_POINT('',(-0.0244473723461686,-0.0043,-0.00970074334809269));
#5295=CARTESIAN_POINT('',(-0.0244736106722351,-0.0043,-0.00971309128762199));
#5296=CARTESIAN_POINT('',(-0.0245009844881634,-0.0043,-0.0097254001890173));
#5297=CARTESIAN_POINT('',(-0.024532969339414,-0.0043,-0.00974085383638786));
#5298=CARTESIAN_POINT('',(-0.0245756298822119,-0.0043,-0.0097623670811195));
#5299=CARTESIAN_POINT('',(-0.0246266404083196,-0.0043,-0.00978944658759067));
#5300=CARTESIAN_POINT('',(-0.0246864562407137,-0.0043,-0.00982272664703244));
#5301=CARTESIAN_POINT('',(-0.0247546400062909,-0.0043,-0.00986247701497916));
#5302=CARTESIAN_POINT('',(-0.0248310148991766,-0.0043,-0.00990907083868083));
#5303=CARTESIAN_POINT('',(-0.0249153123301234,-0.0043,-0.00996284121735309));
#5304=CARTESIAN_POINT('',(-0.0250072775641907,-0.0043,-0.0100241237392675));
#5305=CARTESIAN_POINT('',(-0.0251066387336342,-0.0043,-0.0100932435434576));
#5306=CARTESIAN_POINT('',(-0.0252131161164176,-0.0043,-0.010170518734476));
#5307=CARTESIAN_POINT('',(-0.0253264197050504,-0.0043,-0.0102562590448553));
#5308=CARTESIAN_POINT('',(-0.0254462501727571,-0.0043,-0.010350765879771));
#5309=CARTESIAN_POINT('',(-0.0255722988763236,-0.0043,-0.0104543319733337));
#5310=CARTESIAN_POINT('',(-0.0257042481435687,-0.0043,-0.0105672411634774));
#5311=CARTESIAN_POINT('',(-0.0258417714889962,-0.0043,-0.0106897681407126));
#5312=CARTESIAN_POINT('',(-0.0259845338579931,-0.0043,-0.0108221782123903));
#5313=CARTESIAN_POINT('',(-0.02613219187157,-0.0043,-0.0109647270685838));
#5314=CARTESIAN_POINT('',(-0.0262843940763728,-0.0043,-0.0111176605622591));
#5315=CARTESIAN_POINT('',(-0.0264407812094409,-0.0043,-0.0112812144668756));
#5316=CARTESIAN_POINT('',(-0.0266009864320346,-0.0043,-0.0114556143513175));
#5317=CARTESIAN_POINT('',(-0.0267646357103653,-0.0043,-0.0116410750332526));
#5318=CARTESIAN_POINT('',(-0.026931347655861,-0.0043,-0.0118378016898547));
#5319=CARTESIAN_POINT('',(-0.0271007354718695,-0.0043,-0.0120459846190519));
#5320=CARTESIAN_POINT('',(-0.027272400823798,-0.0043,-0.0122658184527346));
#5321=CARTESIAN_POINT('',(-0.0274459587579804,-0.0043,-0.0124974274742746));
#5322=CARTESIAN_POINT('',(-0.02762094350107,-0.0043,-0.0127411512728861));
#5323=CARTESIAN_POINT('',(-0.0277627476938082,-0.0043,-0.0129465807242708));
#5324=CARTESIAN_POINT('',(-0.0278458065043387,-0.0043,-0.0130717041723668));
#5325=CARTESIAN_POINT('',(-0.0278707648745864,-0.0043,-0.0131095562589098));
#5326=CARTESIAN_POINT('',(-0.0206965766894472,-0.0043,-0.0131111293692736));
#5327=CARTESIAN_POINT('',(-0.0214233491545025,-0.0043,-0.0135722641649521));
#5328=CARTESIAN_POINT('',(-0.0222178711490574,-0.0043,-0.0140763858195793));
#5329=CARTESIAN_POINT('',(-0.0222432833430889,-0.0043,-0.0140903551345195));
#5330=CARTESIAN_POINT('',(-0.0222693313788015,-0.0043,-0.0141052660260944));
#5331=CARTESIAN_POINT('',(-0.0223006338660112,-0.0043,-0.0141220588883001));
#5332=CARTESIAN_POINT('',(-0.0223431136845146,-0.0043,-0.0141439268244307));
#5333=CARTESIAN_POINT('',(-0.0223950047004069,-0.0043,-0.0141692782724006));
#5334=CARTESIAN_POINT('',(-0.0224570876982039,-0.0043,-0.0141981087692049));
#5335=CARTESIAN_POINT('',(-0.0225293238332575,-0.0043,-0.014229905914245));
#5336=CARTESIAN_POINT('',(-0.0226119110641487,-0.0043,-0.0142643073381134));
#5337=CARTESIAN_POINT('',(-0.0227049610010052,-0.0043,-0.0143008999567378));
#5338=CARTESIAN_POINT('',(-0.0228085954110005,-0.0043,-0.0143392804313852));
#5339=CARTESIAN_POINT('',(-0.0229229175372876,-0.0043,-0.0143790377045017));
#5340=CARTESIAN_POINT('',(-0.0230480203153678,-0.0043,-0.0144197584990414));
#5341=CARTESIAN_POINT('',(-0.0231839838619978,-0.0043,-0.014461026137801));
#5342=CARTESIAN_POINT('',(-0.0233308760792225,-0.0043,-0.0145024212988153));
#5343=CARTESIAN_POINT('',(-0.0234887523779828,-0.0043,-0.0145435222196859));
#5344=CARTESIAN_POINT('',(-0.0236576556649676,-0.0043,-0.0145839050624678));
#5345=CARTESIAN_POINT('',(-0.0238376162661085,-0.0043,-0.0146231442358151));
#5346=CARTESIAN_POINT('',(-0.0240286518794008,-0.0043,-0.0146608127311038));
#5347=CARTESIAN_POINT('',(-0.0242307675293534,-0.0043,-0.0146964824580413));
#5348=CARTESIAN_POINT('',(-0.0244439555360953,-0.0043,-0.0147297245761443));
#5349=CARTESIAN_POINT('',(-0.0246681954748922,-0.0043,-0.0147601098514095));
#5350=CARTESIAN_POINT('',(-0.0249034542124036,-0.0043,-0.0147872089189989));
#5351=CARTESIAN_POINT('',(-0.0251496856882284,-0.0043,-0.0148105929125641));
#5352=CARTESIAN_POINT('',(-0.0254068317196095,-0.0043,-0.0148298326821519));
#5353=CARTESIAN_POINT('',(-0.0256748189074366,-0.0043,-0.0148445034483817));
#5354=CARTESIAN_POINT('',(-0.0259535705770177,-0.0043,-0.0148541685500436));
#5355=CARTESIAN_POINT('',(-0.0262429610056248,-0.0043,-0.0148584435011467));
#5356=CARTESIAN_POINT('',(-0.0265429911519994,-0.0043,-0.014856751877606));
#5357=CARTESIAN_POINT('',(-0.0267925374825196,-0.0043,-0.0148507254774943));
#5358=CARTESIAN_POINT('',(-0.0269425852223268,-0.0043,-0.0148443757492393));
#5359=CARTESIAN_POINT('',(-0.0269878783655654,-0.0043,-0.0148423185966831));
#5360=CARTESIAN_POINT('',(-0.0216128925361753,-0.0043,-0.013692384115607));
#5361=CARTESIAN_POINT('',(-0.0210192108765983,-0.0043,-0.0146288570603439));
#5362=CARTESIAN_POINT('',(-0.0201091284205081,-0.0043,-0.0139954619133314));
#5363=CARTESIAN_POINT('',(-3.27123086558666E-16,-0.0043,-2.34452480069541E-16));
#5364=CARTESIAN_POINT('',(-0.0195245376752398,-0.0043,-0.0148000820459936));
#5365=CARTESIAN_POINT('',(-0.0204081632024101,-0.0043,-0.0154698920316426));
#5366=CARTESIAN_POINT('',(-0.019700982228042,-0.0043,-0.0163239028972843));
#5367=CARTESIAN_POINT('',(-0.01886501894506,-0.0043,-0.0156320523349471));
#5368=CARTESIAN_POINT('',(-0.0195281692401263,-0.0043,-0.0161807555351395));
#5369=CARTESIAN_POINT('',(-0.0202531382234872,-0.0043,-0.0167806086968886));
#5370=CARTESIAN_POINT('',(-0.0202742766313093,-0.0043,-0.0168004603738993));
#5371=CARTESIAN_POINT('',(-0.0202965070176107,-0.0043,-0.0168206258091025));
#5372=CARTESIAN_POINT('',(-0.0203221509791527,-0.0043,-0.0168452069637338));
#5373=CARTESIAN_POINT('',(-0.020356075608143,-0.0043,-0.0168788501080363));
#5374=CARTESIAN_POINT('',(-0.0203962214736985,-0.0043,-0.016920367368583));
#5375=CARTESIAN_POINT('',(-0.0204428256069332,-0.0043,-0.0169705026947202));
#5376=CARTESIAN_POINT('',(-0.0204953886822627,-0.0043,-0.0170293774834849));
#5377=CARTESIAN_POINT('',(-0.0205536272384663,-0.0043,-0.0170972919829808));
#5378=CARTESIAN_POINT('',(-0.0206171828986715,-0.0043,-0.0171744799907454));
#5379=CARTESIAN_POINT('',(-0.0206857096930741,-0.0043,-0.0172611819527656));
#5380=CARTESIAN_POINT('',(-0.0207588485865975,-0.0043,-0.0173576230828846));
#5381=CARTESIAN_POINT('',(-0.0208362352480634,-0.0043,-0.0174640194776473));
#5382=CARTESIAN_POINT('',(-0.0209174981513421,-0.0043,-0.0175805760929539));
#5383=CARTESIAN_POINT('',(-0.0210022594804317,-0.0043,-0.0177074870851002));
#5384=CARTESIAN_POINT('',(-0.0210901352383773,-0.0043,-0.0178449354847712));
#5385=CARTESIAN_POINT('',(-0.0211807355902356,-0.0043,-0.017993093071781));
#5386=CARTESIAN_POINT('',(-0.0212736651458121,-0.0043,-0.0181521202027629));
#5387=CARTESIAN_POINT('',(-0.0213685232647536,-0.0043,-0.0183221656624323));
#5388=CARTESIAN_POINT('',(-0.0214649043616565,-0.0043,-0.0185033665165565));
#5389=CARTESIAN_POINT('',(-0.0215623982117739,-0.0043,-0.0186958479801416));
#5390=CARTESIAN_POINT('',(-0.0216605902777201,-0.0043,-0.0188997232687121));
#5391=CARTESIAN_POINT('',(-0.0217590619705029,-0.0043,-0.0191150935516209));
#5392=CARTESIAN_POINT('',(-0.0218573911805399,-0.0043,-0.0193420475498132));
#5393=CARTESIAN_POINT('',(-0.0219551517825113,-0.0043,-0.0195806625428271));
#5394=CARTESIAN_POINT('',(-0.0220519171056464,-0.0043,-0.0198309999880081));
#5395=CARTESIAN_POINT('',(-0.0221472481666736,-0.0043,-0.0200931218991255));
#5396=CARTESIAN_POINT('',(-0.0222407404472262,-0.0043,-0.0203670275194648));
#5397=CARTESIAN_POINT('',(-0.0223318460316891,-0.0043,-0.0206528958856814));
#5398=CARTESIAN_POINT('',(-0.0224032286416077,-0.0043,-0.0208920908094896));
#5399=CARTESIAN_POINT('',(-0.0224435569927421,-0.0043,-0.0210367568641291));
#5400=CARTESIAN_POINT('',(-0.0224555968753879,-0.0043,-0.0210804688982496));
#5401=CARTESIAN_POINT('',(-0.0156320523349471,-0.0043,-0.01886501894506));
#5402=CARTESIAN_POINT('',(-0.0161807555351395,-0.0043,-0.0195281692401263));
#5403=CARTESIAN_POINT('',(-0.0167806086968886,-0.0043,-0.0202531382234872));
#5404=CARTESIAN_POINT('',(-0.0168004603738993,-0.0043,-0.0202742766313093));
#5405=CARTESIAN_POINT('',(-0.0168206258091025,-0.0043,-0.0202965070176107));
#5406=CARTESIAN_POINT('',(-0.0168452069637338,-0.0043,-0.0203221509791527));
#5407=CARTESIAN_POINT('',(-0.0168788501080363,-0.0043,-0.020356075608143));
#5408=CARTESIAN_POINT('',(-0.016920367368583,-0.0043,-0.0203962214736985));
#5409=CARTESIAN_POINT('',(-0.0169705026947202,-0.0043,-0.0204428256069332));
#5410=CARTESIAN_POINT('',(-0.0170293774834849,-0.0043,-0.0204953886822627));
#5411=CARTESIAN_POINT('',(-0.0170972919829808,-0.0043,-0.0205536272384663));
#5412=CARTESIAN_POINT('',(-0.0171744799907454,-0.0043,-0.0206171828986715));
#5413=CARTESIAN_POINT('',(-0.0172611819527656,-0.0043,-0.0206857096930741));
#5414=CARTESIAN_POINT('',(-0.0173576230828846,-0.0043,-0.0207588485865975));
#5415=CARTESIAN_POINT('',(-0.0174640194776473,-0.0043,-0.0208362352480634));
#5416=CARTESIAN_POINT('',(-0.0175805760929539,-0.0043,-0.0209174981513421));
#5417=CARTESIAN_POINT('',(-0.0177074870851002,-0.0043,-0.0210022594804317));
#5418=CARTESIAN_POINT('',(-0.0178449354847712,-0.0043,-0.0210901352383773));
#5419=CARTESIAN_POINT('',(-0.017993093071781,-0.0043,-0.0211807355902356));
#5420=CARTESIAN_POINT('',(-0.0181521202027629,-0.0043,-0.021273665145812));
#5421=CARTESIAN_POINT('',(-0.0183221656624323,-0.0043,-0.0213685232647536));
#5422=CARTESIAN_POINT('',(-0.0185033665165565,-0.0043,-0.0214649043616564));
#5423=CARTESIAN_POINT('',(-0.0186958479801416,-0.0043,-0.0215623982117739));
#5424=CARTESIAN_POINT('',(-0.0188997232687121,-0.0043,-0.0216605902777201));
#5425=CARTESIAN_POINT('',(-0.0191150935516209,-0.0043,-0.0217590619705029));
#5426=CARTESIAN_POINT('',(-0.0193420475498132,-0.0043,-0.0218573911805399));
#5427=CARTESIAN_POINT('',(-0.0195806625428271,-0.0043,-0.0219551517825113));
#5428=CARTESIAN_POINT('',(-0.0198309999880081,-0.0043,-0.0220519171056464));
#5429=CARTESIAN_POINT('',(-0.0200931218991255,-0.0043,-0.0221472481666736));
#5430=CARTESIAN_POINT('',(-0.0203670275194648,-0.0043,-0.0222407404472261));
#5431=CARTESIAN_POINT('',(-0.0206528958856814,-0.0043,-0.0223318460316891));
#5432=CARTESIAN_POINT('',(-0.0208920908094896,-0.0043,-0.0224032286416077));
#5433=CARTESIAN_POINT('',(-0.0210367568641291,-0.0043,-0.0224435569927421));
#5434=CARTESIAN_POINT('',(-0.0210804688982496,-0.0043,-0.0224555968753879));
#5435=CARTESIAN_POINT('',(-0.0163239028972842,-0.0043,-0.0197009822280419));
#5436=CARTESIAN_POINT('',(-0.0154698920316426,-0.0043,-0.0204081632024101));
#5437=CARTESIAN_POINT('',(-0.0148000820459936,-0.0043,-0.0195245376752398));
#5438=CARTESIAN_POINT('',(-2.38662742387361E-16,-0.0043,-3.24064151930712E-16));
#5439=CARTESIAN_POINT('',(-0.0139954619133314,-0.0043,-0.0201091284205081));
#5440=CARTESIAN_POINT('',(-0.014628857060344,-0.0043,-0.0210192108765983));
#5441=CARTESIAN_POINT('',(-0.0136923841156071,-0.0043,-0.0216128925361754));
#5442=CARTESIAN_POINT('',(-0.0131111293692736,-0.0043,-0.0206965766894472));
#5443=CARTESIAN_POINT('',(-0.0135722641649521,-0.0043,-0.0214233491545025));
#5444=CARTESIAN_POINT('',(-0.0140763858195793,-0.0043,-0.0222178711490574));
#5445=CARTESIAN_POINT('',(-0.0140903551345195,-0.0043,-0.0222432833430889));
#5446=CARTESIAN_POINT('',(-0.0141052660260944,-0.0043,-0.0222693313788015));
#5447=CARTESIAN_POINT('',(-0.0141220588883001,-0.0043,-0.0223006338660112));
#5448=CARTESIAN_POINT('',(-0.0141439268244307,-0.0043,-0.0223431136845146));
#5449=CARTESIAN_POINT('',(-0.0141692782724007,-0.0043,-0.0223950047004069));
#5450=CARTESIAN_POINT('',(-0.0141981087692049,-0.0043,-0.0224570876982039));
#5451=CARTESIAN_POINT('',(-0.014229905914245,-0.0043,-0.0225293238332574));
#5452=CARTESIAN_POINT('',(-0.0142643073381134,-0.0043,-0.0226119110641487));
#5453=CARTESIAN_POINT('',(-0.0143008999567378,-0.0043,-0.0227049610010052));
#5454=CARTESIAN_POINT('',(-0.0143392804313852,-0.0043,-0.0228085954110005));
#5455=CARTESIAN_POINT('',(-0.0143790377045017,-0.0043,-0.0229229175372876));
#5456=CARTESIAN_POINT('',(-0.0144197584990414,-0.0043,-0.0230480203153678));
#5457=CARTESIAN_POINT('',(-0.014461026137801,-0.0043,-0.0231839838619978));
#5458=CARTESIAN_POINT('',(-0.0145024212988153,-0.0043,-0.0233308760792225));
#5459=CARTESIAN_POINT('',(-0.0145435222196859,-0.0043,-0.0234887523779828));
#5460=CARTESIAN_POINT('',(-0.0145839050624678,-0.0043,-0.0236576556649676));
#5461=CARTESIAN_POINT('',(-0.0146231442358151,-0.0043,-0.0238376162661085));
#5462=CARTESIAN_POINT('',(-0.0146608127311038,-0.0043,-0.0240286518794008));
#5463=CARTESIAN_POINT('',(-0.0146964824580413,-0.0043,-0.0242307675293534));
#5464=CARTESIAN_POINT('',(-0.0147297245761443,-0.0043,-0.0244439555360953));
#5465=CARTESIAN_POINT('',(-0.0147601098514095,-0.0043,-0.0246681954748922));
#5466=CARTESIAN_POINT('',(-0.0147872089189989,-0.0043,-0.0249034542124036));
#5467=CARTESIAN_POINT('',(-0.0148105929125641,-0.0043,-0.0251496856882284));
#5468=CARTESIAN_POINT('',(-0.014829832682152,-0.0043,-0.0254068317196095));
#5469=CARTESIAN_POINT('',(-0.0148445034483817,-0.0043,-0.0256748189074366));
#5470=CARTESIAN_POINT('',(-0.0148541685500436,-0.0043,-0.0259535705770177));
#5471=CARTESIAN_POINT('',(-0.0148584435011467,-0.0043,-0.0262429610056248));
#5472=CARTESIAN_POINT('',(-0.014856751877606,-0.0043,-0.0265429911519994));
#5473=CARTESIAN_POINT('',(-0.0148507254774943,-0.0043,-0.0267925374825195));
#5474=CARTESIAN_POINT('',(-0.0148443757492393,-0.0043,-0.0269425852223268));
#5475=CARTESIAN_POINT('',(-0.0148423185966831,-0.0043,-0.0269878783655654));
#5476=CARTESIAN_POINT('',(-0.00903735378298943,-0.0043,-0.0227722690261881));
#5477=CARTESIAN_POINT('',(-0.00935427682604419,-0.0043,-0.0235725210493213));
#5478=CARTESIAN_POINT('',(-0.0097007433480927,-0.0043,-0.0244473723461685));
#5479=CARTESIAN_POINT('',(-0.009713091287622,-0.0043,-0.0244736106722351));
#5480=CARTESIAN_POINT('',(-0.00972540018901731,-0.0043,-0.0245009844881634));
#5481=CARTESIAN_POINT('',(-0.00974085383638786,-0.0043,-0.024532969339414));
#5482=CARTESIAN_POINT('',(-0.00976236708111951,-0.0043,-0.0245756298822119));
#5483=CARTESIAN_POINT('',(-0.00978944658759068,-0.0043,-0.0246266404083196));
#5484=CARTESIAN_POINT('',(-0.00982272664703245,-0.0043,-0.0246864562407137));
#5485=CARTESIAN_POINT('',(-0.00986247701497917,-0.0043,-0.0247546400062909));
#5486=CARTESIAN_POINT('',(-0.00990907083868084,-0.0043,-0.0248310148991766));
#5487=CARTESIAN_POINT('',(-0.0099628412173531,-0.0043,-0.0249153123301234));
#5488=CARTESIAN_POINT('',(-0.0100241237392675,-0.0043,-0.0250072775641907));
#5489=CARTESIAN_POINT('',(-0.0100932435434577,-0.0043,-0.0251066387336342));
#5490=CARTESIAN_POINT('',(-0.010170518734476,-0.0043,-0.0252131161164176));
#5491=CARTESIAN_POINT('',(-0.0102562590448553,-0.0043,-0.0253264197050504));
#5492=CARTESIAN_POINT('',(-0.010350765879771,-0.0043,-0.0254462501727571));
#5493=CARTESIAN_POINT('',(-0.0104543319733338,-0.0043,-0.0255722988763236));
#5494=CARTESIAN_POINT('',(-0.0105672411634774,-0.0043,-0.0257042481435687));
#5495=CARTESIAN_POINT('',(-0.0106897681407126,-0.0043,-0.0258417714889962));
#5496=CARTESIAN_POINT('',(-0.0108221782123903,-0.0043,-0.0259845338579931));
#5497=CARTESIAN_POINT('',(-0.0109647270685838,-0.0043,-0.02613219187157));
#5498=CARTESIAN_POINT('',(-0.0111176605622591,-0.0043,-0.0262843940763728));
#5499=CARTESIAN_POINT('',(-0.0112812144668756,-0.0043,-0.0264407812094409));
#5500=CARTESIAN_POINT('',(-0.0114556143513176,-0.0043,-0.0266009864320346));
#5501=CARTESIAN_POINT('',(-0.0116410750332526,-0.0043,-0.0267646357103653));
#5502=CARTESIAN_POINT('',(-0.0118378016898547,-0.0043,-0.026931347655861));
#5503=CARTESIAN_POINT('',(-0.0120459846190519,-0.0043,-0.0271007354718695));
#5504=CARTESIAN_POINT('',(-0.0122658184527346,-0.0043,-0.027272400823798));
#5505=CARTESIAN_POINT('',(-0.0124974274742746,-0.0043,-0.0274459587579804));
#5506=CARTESIAN_POINT('',(-0.0127411512728861,-0.0043,-0.02762094350107));
#5507=CARTESIAN_POINT('',(-0.0129465807242708,-0.0043,-0.0277627476938082));
#5508=CARTESIAN_POINT('',(-0.0130717041723668,-0.0043,-0.0278458065043387));
#5509=CARTESIAN_POINT('',(-0.0131095562589098,-0.0043,-0.0278707648745864));
#5510=CARTESIAN_POINT('',(-0.00943701590748775,-0.0043,-0.0237811109351815));
#5511=CARTESIAN_POINT('',(-0.00840627236955398,-0.0043,-0.0241897761381902));
#5512=CARTESIAN_POINT('',(-0.00804230052258213,-0.0043,-0.0231424156540426));
#5513=CARTESIAN_POINT('',(-1.26840426130076E-16,-0.0043,-3.81954166713191E-16));
#5514=CARTESIAN_POINT('',(-0.00709641282722924,-0.0043,-0.0234497531966871));
#5515=CARTESIAN_POINT('',(-0.00741757646397087,-0.0043,-0.0245110229114991));
#5516=CARTESIAN_POINT('',(-0.0063434800454867,-0.0043,-0.0247862616677487));
#5517=CARTESIAN_POINT('',(-0.00607383110021289,-0.0043,-0.0237351759160552));
#5518=CARTESIAN_POINT('',(-0.00628781130978746,-0.0043,-0.0245688760933721));
#5519=CARTESIAN_POINT('',(-0.00652173869570398,-0.0043,-0.0254802935721457));
#5520=CARTESIAN_POINT('',(-0.00652717150388603,-0.0043,-0.025508778760589));
#5521=CARTESIAN_POINT('',(-0.00653330331877679,-0.0043,-0.025538159633588));
#5522=CARTESIAN_POINT('',(-0.00653960127929081,-0.0043,-0.0255731193478308));
#5523=CARTESIAN_POINT('',(-0.00654727193661015,-0.0043,-0.0256202776199258));
#5524=CARTESIAN_POINT('',(-0.00655534739063344,-0.0043,-0.025677462936982));
#5525=CARTESIAN_POINT('',(-0.00656358212110611,-0.0043,-0.0257454164900568));
#5526=CARTESIAN_POINT('',(-0.00657150080975658,-0.0043,-0.0258239429952015));
#5527=CARTESIAN_POINT('',(-0.00657869765023268,-0.0043,-0.0259131187439094));
#5528=CARTESIAN_POINT('',(-0.00658474528680951,-0.0043,-0.0260129222337213));
#5529=CARTESIAN_POINT('',(-0.00658922249343093,-0.0043,-0.0261233446335779));
#5530=CARTESIAN_POINT('',(-0.0065917064272427,-0.0043,-0.026244357109783));
#5531=CARTESIAN_POINT('',(-0.00659177531976809,-0.0043,-0.02637592033962));
#5532=CARTESIAN_POINT('',(-0.00658900812999837,-0.0043,-0.0265179817583155));
#5533=CARTESIAN_POINT('',(-0.00658298507616025,-0.0043,-0.0266704763669385));
#5534=CARTESIAN_POINT('',(-0.00657328791545403,-0.0043,-0.0268333265326764));
#5535=CARTESIAN_POINT('',(-0.00655950029514417,-0.0043,-0.0270064420890877));
#5536=CARTESIAN_POINT('',(-0.00654120808257967,-0.0043,-0.0271897203628888));
#5537=CARTESIAN_POINT('',(-0.0065179996994448,-0.0043,-0.0273830462329516));
#5538=CARTESIAN_POINT('',(-0.00648946645501876,-0.0043,-0.0275862921906927));
#5539=CARTESIAN_POINT('',(-0.00645520287097583,-0.0043,-0.0277993184131234));
#5540=CARTESIAN_POINT('',(-0.00641480703311045,-0.0043,-0.0280219728345654));
#5541=CARTESIAN_POINT('',(-0.00636788082996069,-0.0043,-0.0282540912623079));
#5542=CARTESIAN_POINT('',(-0.00631403061883793,-0.0043,-0.028495497363316));
#5543=CARTESIAN_POINT('',(-0.00625286623334365,-0.0043,-0.028746003187871));
#5544=CARTESIAN_POINT('',(-0.00618400636585218,-0.0043,-0.0290054076652231));
#5545=CARTESIAN_POINT('',(-0.00610705942065743,-0.0043,-0.0292735029376722));
#5546=CARTESIAN_POINT('',(-0.00602169858031184,-0.0043,-0.0295500506230935));
#5547=CARTESIAN_POINT('',(-0.00592737533666575,-0.0043,-0.0298348735084658));
#5548=CARTESIAN_POINT('',(-0.00584452983255514,-0.0043,-0.0300703439121751));
#5549=CARTESIAN_POINT('',(-0.00579212358055345,-0.0043,-0.0302110856189337));
#5550=CARTESIAN_POINT('',(-0.00577617076122047,-0.0043,-0.0302535262628544));
#5551=CARTESIAN_POINT('',(-0.00155801607580639,-0.0043,-0.024450410751305));
#5552=CARTESIAN_POINT('',(-0.00161213632613663,-0.0043,-0.0253094302587971));
#5553=CARTESIAN_POINT('',(-0.00167130165133222,-0.0043,-0.0262485273287479));
#5554=CARTESIAN_POINT('',(-0.00167493715102587,-0.0043,-0.0262772971828902));
#5555=CARTESIAN_POINT('',(-0.00167818463758355,-0.0043,-0.026307134888618));
#5556=CARTESIAN_POINT('',(-0.00168299806701685,-0.0043,-0.0263423297294852));
#5557=CARTESIAN_POINT('',(-0.00169027554589174,-0.0043,-0.0263895502749281));
#5558=CARTESIAN_POINT('',(-0.00170026656751993,-0.0043,-0.0264464321958813));
#5559=CARTESIAN_POINT('',(-0.00171343367617225,-0.0043,-0.0265136045369986));
#5560=CARTESIAN_POINT('',(-0.00173016858032928,-0.0043,-0.0265907346907845));
#5561=CARTESIAN_POINT('',(-0.00175088080013461,-0.0043,-0.0266777698137016));
#5562=CARTESIAN_POINT('',(-0.0017759701304098,-0.0043,-0.0267745573955142));
#5563=CARTESIAN_POINT('',(-0.00180583445199308,-0.0043,-0.0268809588713762));
#5564=CARTESIAN_POINT('',(-0.00184086700223412,-0.0043,-0.0269968161531847));
#5565=CARTESIAN_POINT('',(-0.00188145675540341,-0.0043,-0.0271219615091872));
#5566=CARTESIAN_POINT('',(-0.00192798790188765,-0.0043,-0.0272562148384861));
#5567=CARTESIAN_POINT('',(-0.00198083959210344,-0.0043,-0.0273993846037228));
#5568=CARTESIAN_POINT('',(-0.00204038560873247,-0.0043,-0.0275512677275724));
#5569=CARTESIAN_POINT('',(-0.00210699406379413,-0.0043,-0.0277116497965816));
#5570=CARTESIAN_POINT('',(-0.00218102709305527,-0.0043,-0.0278803051886282));
#5571=CARTESIAN_POINT('',(-0.00226284055637011,-0.0043,-0.0280569972323193));
#5572=CARTESIAN_POINT('',(-0.00235278373939252,-0.0043,-0.0282414783674073));
#5573=CARTESIAN_POINT('',(-0.00245119906724678,-0.0043,-0.0284334903146343));
#5574=CARTESIAN_POINT('',(-0.00255842179217816,-0.0043,-0.0286327642526263));
#5575=CARTESIAN_POINT('',(-0.00267477980234874,-0.0043,-0.0288390210016281));
#5576=CARTESIAN_POINT('',(-0.00280059298429824,-0.0043,-0.0290519712166778));
#5577=CARTESIAN_POINT('',(-0.00293617432866516,-0.0043,-0.0292713155789224));
#5578=CARTESIAN_POINT('',(-0.00308182434627288,-0.0043,-0.029496745028179));
#5579=CARTESIAN_POINT('',(-0.00323785123520772,-0.0043,-0.0297279408702993));
#5580=CARTESIAN_POINT('',(-0.00340449215320505,-0.0043,-0.0299645753982646));
#5581=CARTESIAN_POINT('',(-0.0035822140006797,-0.0043,-0.0302063105741367));
#5582=CARTESIAN_POINT('',(-0.00373376911362837,-0.0043,-0.0304046555673013));
#5583=CARTESIAN_POINT('',(-0.00382710200029492,-0.0043,-0.0305223144621486));
#5584=CARTESIAN_POINT('',(-0.00385538891329854,-0.0043,-0.030557748220823));
#5585=CARTESIAN_POINT('',(-0.00162636804911025,-0.0043,-0.0255333788112428));
#5586=CARTESIAN_POINT('',(-0.000519788197989861,-0.0043,-0.0256035252454836));
#5587=CARTESIAN_POINT('',(-0.000497282590017681,-0.0043,-0.0244949527459365));
#5588=CARTESIAN_POINT('',(-2.60208521396528E-18,-0.0043,-4.02455846426619E-16));
#5589=CARTESIAN_POINT('',(0.000497282590017673,-0.0043,-0.0244949527459365));
#5590=CARTESIAN_POINT('',(0.000519788197989854,-0.0043,-0.0256035252454837));
#5591=CARTESIAN_POINT('',(0.00162636804911024,-0.0043,-0.0255333788112428));
#5592=CARTESIAN_POINT('',(0.00155801607580638,-0.0043,-0.024450410751305));
#5593=CARTESIAN_POINT('',(0.00161213632613662,-0.0043,-0.0253094302587971));
#5594=CARTESIAN_POINT('',(0.00167130165133221,-0.0043,-0.0262485273287479));
#5595=CARTESIAN_POINT('',(0.00167493715102586,-0.0043,-0.0262772971828902));
#5596=CARTESIAN_POINT('',(0.00167818463758355,-0.0043,-0.026307134888618));
#5597=CARTESIAN_POINT('',(0.00168299806701684,-0.0043,-0.0263423297294852));
#5598=CARTESIAN_POINT('',(0.00169027554589173,-0.0043,-0.0263895502749281));
#5599=CARTESIAN_POINT('',(0.00170026656751992,-0.0043,-0.0264464321958813));
#5600=CARTESIAN_POINT('',(0.00171343367617224,-0.0043,-0.0265136045369986));
#5601=CARTESIAN_POINT('',(0.00173016858032927,-0.0043,-0.0265907346907845));
#5602=CARTESIAN_POINT('',(0.0017508808001346,-0.0043,-0.0266777698137016));
#5603=CARTESIAN_POINT('',(0.00177597013040979,-0.0043,-0.0267745573955142));
#5604=CARTESIAN_POINT('',(0.00180583445199307,-0.0043,-0.0268809588713762));
#5605=CARTESIAN_POINT('',(0.00184086700223411,-0.0043,-0.0269968161531847));
#5606=CARTESIAN_POINT('',(0.0018814567554034,-0.0043,-0.0271219615091872));
#5607=CARTESIAN_POINT('',(0.00192798790188764,-0.0043,-0.0272562148384861));
#5608=CARTESIAN_POINT('',(0.00198083959210343,-0.0043,-0.0273993846037228));
#5609=CARTESIAN_POINT('',(0.00204038560873246,-0.0043,-0.0275512677275724));
#5610=CARTESIAN_POINT('',(0.00210699406379412,-0.0043,-0.0277116497965816));
#5611=CARTESIAN_POINT('',(0.00218102709305526,-0.0043,-0.0278803051886282));
#5612=CARTESIAN_POINT('',(0.0022628405563701,-0.0043,-0.0280569972323193));
#5613=CARTESIAN_POINT('',(0.00235278373939251,-0.0043,-0.0282414783674073));
#5614=CARTESIAN_POINT('',(0.00245119906724677,-0.0043,-0.0284334903146343));
#5615=CARTESIAN_POINT('',(0.00255842179217815,-0.0043,-0.0286327642526263));
#5616=CARTESIAN_POINT('',(0.00267477980234873,-0.0043,-0.0288390210016281));
#5617=CARTESIAN_POINT('',(0.00280059298429823,-0.0043,-0.0290519712166778));
#5618=CARTESIAN_POINT('',(0.00293617432866515,-0.0043,-0.0292713155789224));
#5619=CARTESIAN_POINT('',(0.00308182434627287,-0.0043,-0.029496745028179));
#5620=CARTESIAN_POINT('',(0.00323785123520771,-0.0043,-0.0297279408702993));
#5621=CARTESIAN_POINT('',(0.00340449215320504,-0.0043,-0.0299645753982646));
#5622=CARTESIAN_POINT('',(0.00358221400067969,-0.0043,-0.0302063105741367));
#5623=CARTESIAN_POINT('',(0.00373376911362836,-0.0043,-0.0304046555673013));
#5624=CARTESIAN_POINT('',(0.00382710200029491,-0.0043,-0.0305223144621486));
#5625=CARTESIAN_POINT('',(0.00385538891329854,-0.0043,-0.030557748220823));
#5626=CARTESIAN_POINT('',(0.00607383110021288,-0.0043,-0.0237351759160552));
#5627=CARTESIAN_POINT('',(0.00628781130978745,-0.0043,-0.0245688760933721));
#5628=CARTESIAN_POINT('',(0.00652173869570397,-0.0043,-0.0254802935721457));
#5629=CARTESIAN_POINT('',(0.00652717150388602,-0.0043,-0.025508778760589));
#5630=CARTESIAN_POINT('',(0.00653330331877678,-0.0043,-0.025538159633588));
#5631=CARTESIAN_POINT('',(0.00653960127929081,-0.0043,-0.0255731193478308));
#5632=CARTESIAN_POINT('',(0.00654727193661014,-0.0043,-0.0256202776199258));
#5633=CARTESIAN_POINT('',(0.00655534739063344,-0.0043,-0.025677462936982));
#5634=CARTESIAN_POINT('',(0.0065635821211061,-0.0043,-0.0257454164900568));
#5635=CARTESIAN_POINT('',(0.00657150080975657,-0.0043,-0.0258239429952015));
#5636=CARTESIAN_POINT('',(0.00657869765023267,-0.0043,-0.0259131187439094));
#5637=CARTESIAN_POINT('',(0.0065847452868095,-0.0043,-0.0260129222337213));
#5638=CARTESIAN_POINT('',(0.00658922249343092,-0.0043,-0.0261233446335779));
#5639=CARTESIAN_POINT('',(0.00659170642724269,-0.0043,-0.026244357109783));
#5640=CARTESIAN_POINT('',(0.00659177531976808,-0.0043,-0.02637592033962));
#5641=CARTESIAN_POINT('',(0.00658900812999836,-0.0043,-0.0265179817583155));
#5642=CARTESIAN_POINT('',(0.00658298507616024,-0.0043,-0.0266704763669385));
#5643=CARTESIAN_POINT('',(0.00657328791545403,-0.0043,-0.0268333265326764));
#5644=CARTESIAN_POINT('',(0.00655950029514416,-0.0043,-0.0270064420890877));
#5645=CARTESIAN_POINT('',(0.00654120808257966,-0.0043,-0.0271897203628888));
#5646=CARTESIAN_POINT('',(0.00651799969944479,-0.0043,-0.0273830462329516));
#5647=CARTESIAN_POINT('',(0.00648946645501875,-0.0043,-0.0275862921906927));
#5648=CARTESIAN_POINT('',(0.00645520287097582,-0.0043,-0.0277993184131234));
#5649=CARTESIAN_POINT('',(0.00641480703311044,-0.0043,-0.0280219728345654));
#5650=CARTESIAN_POINT('',(0.00636788082996068,-0.0043,-0.0282540912623079));
#5651=CARTESIAN_POINT('',(0.00631403061883792,-0.0043,-0.028495497363316));
#5652=CARTESIAN_POINT('',(0.00625286623334364,-0.0043,-0.028746003187871));
#5653=CARTESIAN_POINT('',(0.00618400636585217,-0.0043,-0.0290054076652231));
#5654=CARTESIAN_POINT('',(0.00610705942065742,-0.0043,-0.0292735029376722));
#5655=CARTESIAN_POINT('',(0.00602169858031183,-0.0043,-0.0295500506230935));
#5656=CARTESIAN_POINT('',(0.00592737533666574,-0.0043,-0.0298348735084658));
#5657=CARTESIAN_POINT('',(0.00584452983255513,-0.0043,-0.0300703439121751));
#5658=CARTESIAN_POINT('',(0.00579212358055344,-0.0043,-0.0302110856189337));
#5659=CARTESIAN_POINT('',(0.00577617076122046,-0.0043,-0.0302535262628544));
#5660=CARTESIAN_POINT('',(0.00634348004548667,-0.0043,-0.0247862616677486));
#5661=CARTESIAN_POINT('',(0.00741757646397084,-0.0043,-0.024511022911499));
#5662=CARTESIAN_POINT('',(0.00709641282722924,-0.0043,-0.0234497531966871));
#5663=CARTESIAN_POINT('',(1.21890965932682E-16,-0.0043,-3.83562343817045E-16));
#5664=CARTESIAN_POINT('',(0.00804230052258212,-0.0043,-0.0231424156540426));
#5665=CARTESIAN_POINT('',(0.00840627236955401,-0.0043,-0.0241897761381903));
#5666=CARTESIAN_POINT('',(0.00943701590748778,-0.0043,-0.0237811109351816));
#5667=CARTESIAN_POINT('',(0.00903735378298942,-0.0043,-0.0227722690261881));
#5668=CARTESIAN_POINT('',(0.00935427682604418,-0.0043,-0.0235725210493213));
#5669=CARTESIAN_POINT('',(0.00970074334809269,-0.0043,-0.0244473723461686));
#5670=CARTESIAN_POINT('',(0.00971309128762199,-0.0043,-0.0244736106722351));
#5671=CARTESIAN_POINT('',(0.0097254001890173,-0.0043,-0.0245009844881634));
#5672=CARTESIAN_POINT('',(0.00974085383638786,-0.0043,-0.024532969339414));
#5673=CARTESIAN_POINT('',(0.0097623670811195,-0.0043,-0.0245756298822119));
#5674=CARTESIAN_POINT('',(0.00978944658759067,-0.0043,-0.0246266404083196));
#5675=CARTESIAN_POINT('',(0.00982272664703244,-0.0043,-0.0246864562407137));
#5676=CARTESIAN_POINT('',(0.00986247701497916,-0.0043,-0.0247546400062909));
#5677=CARTESIAN_POINT('',(0.00990907083868083,-0.0043,-0.0248310148991766));
#5678=CARTESIAN_POINT('',(0.00996284121735309,-0.0043,-0.0249153123301234));
#5679=CARTESIAN_POINT('',(0.0100241237392675,-0.0043,-0.0250072775641907));
#5680=CARTESIAN_POINT('',(0.0100932435434576,-0.0043,-0.0251066387336342));
#5681=CARTESIAN_POINT('',(0.010170518734476,-0.0043,-0.0252131161164176));
#5682=CARTESIAN_POINT('',(0.0102562590448553,-0.0043,-0.0253264197050504));
#5683=CARTESIAN_POINT('',(0.010350765879771,-0.0043,-0.0254462501727571));
#5684=CARTESIAN_POINT('',(0.0104543319733337,-0.0043,-0.0255722988763236));
#5685=CARTESIAN_POINT('',(0.0105672411634774,-0.0043,-0.0257042481435687));
#5686=CARTESIAN_POINT('',(0.0106897681407126,-0.0043,-0.0258417714889962));
#5687=CARTESIAN_POINT('',(0.0108221782123903,-0.0043,-0.0259845338579931));
#5688=CARTESIAN_POINT('',(0.0109647270685838,-0.0043,-0.02613219187157));
#5689=CARTESIAN_POINT('',(0.0111176605622591,-0.0043,-0.0262843940763728));
#5690=CARTESIAN_POINT('',(0.0112812144668756,-0.0043,-0.0264407812094409));
#5691=CARTESIAN_POINT('',(0.0114556143513175,-0.0043,-0.0266009864320346));
#5692=CARTESIAN_POINT('',(0.0116410750332526,-0.0043,-0.0267646357103653));
#5693=CARTESIAN_POINT('',(0.0118378016898547,-0.0043,-0.026931347655861));
#5694=CARTESIAN_POINT('',(0.0120459846190519,-0.0043,-0.0271007354718695));
#5695=CARTESIAN_POINT('',(0.0122658184527346,-0.0043,-0.027272400823798));
#5696=CARTESIAN_POINT('',(0.0124974274742746,-0.0043,-0.0274459587579804));
#5697=CARTESIAN_POINT('',(0.0127411512728861,-0.0043,-0.02762094350107));
#5698=CARTESIAN_POINT('',(0.0129465807242708,-0.0043,-0.0277627476938082));
#5699=CARTESIAN_POINT('',(0.0130717041723668,-0.0043,-0.0278458065043387));
#5700=CARTESIAN_POINT('',(0.0131095562589098,-0.0043,-0.0278707648745864));
#5701=CARTESIAN_POINT('',(0.0131111293692736,-0.0043,-0.0206965766894472));
#5702=CARTESIAN_POINT('',(0.0135722641649521,-0.0043,-0.0214233491545025));
#5703=CARTESIAN_POINT('',(0.0140763858195793,-0.0043,-0.0222178711490574));
#5704=CARTESIAN_POINT('',(0.0140903551345195,-0.0043,-0.0222432833430889));
#5705=CARTESIAN_POINT('',(0.0141052660260944,-0.0043,-0.0222693313788015));
#5706=CARTESIAN_POINT('',(0.0141220588883001,-0.0043,-0.0223006338660112));
#5707=CARTESIAN_POINT('',(0.0141439268244307,-0.0043,-0.0223431136845146));
#5708=CARTESIAN_POINT('',(0.0141692782724006,-0.0043,-0.0223950047004069));
#5709=CARTESIAN_POINT('',(0.0141981087692049,-0.0043,-0.0224570876982039));
#5710=CARTESIAN_POINT('',(0.014229905914245,-0.0043,-0.0225293238332574));
#5711=CARTESIAN_POINT('',(0.0142643073381134,-0.0043,-0.0226119110641487));
#5712=CARTESIAN_POINT('',(0.0143008999567378,-0.0043,-0.0227049610010052));
#5713=CARTESIAN_POINT('',(0.0143392804313852,-0.0043,-0.0228085954110005));
#5714=CARTESIAN_POINT('',(0.0143790377045017,-0.0043,-0.0229229175372876));
#5715=CARTESIAN_POINT('',(0.0144197584990414,-0.0043,-0.0230480203153678));
#5716=CARTESIAN_POINT('',(0.014461026137801,-0.0043,-0.0231839838619978));
#5717=CARTESIAN_POINT('',(0.0145024212988153,-0.0043,-0.0233308760792225));
#5718=CARTESIAN_POINT('',(0.0145435222196859,-0.0043,-0.0234887523779828));
#5719=CARTESIAN_POINT('',(0.0145839050624678,-0.0043,-0.0236576556649676));
#5720=CARTESIAN_POINT('',(0.0146231442358151,-0.0043,-0.0238376162661085));
#5721=CARTESIAN_POINT('',(0.0146608127311037,-0.0043,-0.0240286518794008));
#5722=CARTESIAN_POINT('',(0.0146964824580413,-0.0043,-0.0242307675293534));
#5723=CARTESIAN_POINT('',(0.0147297245761443,-0.0043,-0.0244439555360953));
#5724=CARTESIAN_POINT('',(0.0147601098514095,-0.0043,-0.0246681954748922));
#5725=CARTESIAN_POINT('',(0.0147872089189989,-0.0043,-0.0249034542124036));
#5726=CARTESIAN_POINT('',(0.0148105929125641,-0.0043,-0.0251496856882284));
#5727=CARTESIAN_POINT('',(0.0148298326821519,-0.0043,-0.0254068317196095));
#5728=CARTESIAN_POINT('',(0.0148445034483817,-0.0043,-0.0256748189074366));
#5729=CARTESIAN_POINT('',(0.0148541685500436,-0.0043,-0.0259535705770177));
#5730=CARTESIAN_POINT('',(0.0148584435011467,-0.0043,-0.0262429610056248));
#5731=CARTESIAN_POINT('',(0.014856751877606,-0.0043,-0.0265429911519994));
#5732=CARTESIAN_POINT('',(0.0148507254774943,-0.0043,-0.0267925374825196));
#5733=CARTESIAN_POINT('',(0.0148443757492392,-0.0043,-0.0269425852223268));
#5734=CARTESIAN_POINT('',(0.0148423185966831,-0.0043,-0.0269878783655654));
#5735=CARTESIAN_POINT('',(0.013692384115607,-0.0043,-0.0216128925361753));
#5736=CARTESIAN_POINT('',(0.0146288570603439,-0.0043,-0.0210192108765983));
#5737=CARTESIAN_POINT('',(0.0139954619133314,-0.0043,-0.0201091284205081));
#5738=CARTESIAN_POINT('',(2.34452480069541E-16,-0.0043,-3.27123086558666E-16));
#5739=CARTESIAN_POINT('',(0.0148000820459936,-0.0043,-0.0195245376752398));
#5740=CARTESIAN_POINT('',(0.0154698920316426,-0.0043,-0.0204081632024101));
#5741=CARTESIAN_POINT('',(0.0163239028972843,-0.0043,-0.019700982228042));
#5742=CARTESIAN_POINT('',(0.0156320523349471,-0.0043,-0.01886501894506));
#5743=CARTESIAN_POINT('',(0.0161807555351395,-0.0043,-0.0195281692401263));
#5744=CARTESIAN_POINT('',(0.0167806086968886,-0.0043,-0.0202531382234872));
#5745=CARTESIAN_POINT('',(0.0168004603738993,-0.0043,-0.0202742766313093));
#5746=CARTESIAN_POINT('',(0.0168206258091025,-0.0043,-0.0202965070176107));
#5747=CARTESIAN_POINT('',(0.0168452069637338,-0.0043,-0.0203221509791527));
#5748=CARTESIAN_POINT('',(0.0168788501080362,-0.0043,-0.020356075608143));
#5749=CARTESIAN_POINT('',(0.016920367368583,-0.0043,-0.0203962214736985));
#5750=CARTESIAN_POINT('',(0.0169705026947202,-0.0043,-0.0204428256069332));
#5751=CARTESIAN_POINT('',(0.0170293774834849,-0.0043,-0.0204953886822627));
#5752=CARTESIAN_POINT('',(0.0170972919829808,-0.0043,-0.0205536272384663));
#5753=CARTESIAN_POINT('',(0.0171744799907454,-0.0043,-0.0206171828986715));
#5754=CARTESIAN_POINT('',(0.0172611819527656,-0.0043,-0.0206857096930741));
#5755=CARTESIAN_POINT('',(0.0173576230828846,-0.0043,-0.0207588485865975));
#5756=CARTESIAN_POINT('',(0.0174640194776473,-0.0043,-0.0208362352480634));
#5757=CARTESIAN_POINT('',(0.0175805760929539,-0.0043,-0.0209174981513421));
#5758=CARTESIAN_POINT('',(0.0177074870851002,-0.0043,-0.0210022594804317));
#5759=CARTESIAN_POINT('',(0.0178449354847712,-0.0043,-0.0210901352383773));
#5760=CARTESIAN_POINT('',(0.017993093071781,-0.0043,-0.0211807355902356));
#5761=CARTESIAN_POINT('',(0.0181521202027629,-0.0043,-0.0212736651458121));
#5762=CARTESIAN_POINT('',(0.0183221656624323,-0.0043,-0.0213685232647536));
#5763=CARTESIAN_POINT('',(0.0185033665165565,-0.0043,-0.0214649043616565));
#5764=CARTESIAN_POINT('',(0.0186958479801416,-0.0043,-0.0215623982117739));
#5765=CARTESIAN_POINT('',(0.0188997232687121,-0.0043,-0.0216605902777201));
#5766=CARTESIAN_POINT('',(0.0191150935516209,-0.0043,-0.0217590619705029));
#5767=CARTESIAN_POINT('',(0.0193420475498132,-0.0043,-0.0218573911805399));
#5768=CARTESIAN_POINT('',(0.0195806625428271,-0.0043,-0.0219551517825113));
#5769=CARTESIAN_POINT('',(0.0198309999880081,-0.0043,-0.0220519171056464));
#5770=CARTESIAN_POINT('',(0.0200931218991255,-0.0043,-0.0221472481666736));
#5771=CARTESIAN_POINT('',(0.0203670275194648,-0.0043,-0.0222407404472262));
#5772=CARTESIAN_POINT('',(0.0206528958856814,-0.0043,-0.0223318460316891));
#5773=CARTESIAN_POINT('',(0.0208920908094896,-0.0043,-0.0224032286416077));
#5774=CARTESIAN_POINT('',(0.0210367568641291,-0.0043,-0.0224435569927421));
#5775=CARTESIAN_POINT('',(0.0210804688982496,-0.0043,-0.0224555968753879));
#5776=CARTESIAN_POINT('',(0.01886501894506,-0.0043,-0.0156320523349471));
#5777=CARTESIAN_POINT('',(0.0195281692401263,-0.0043,-0.0161807555351395));
#5778=CARTESIAN_POINT('',(0.0202531382234872,-0.0043,-0.0167806086968886));
#5779=CARTESIAN_POINT('',(0.0202742766313093,-0.0043,-0.0168004603738993));
#5780=CARTESIAN_POINT('',(0.0202965070176107,-0.0043,-0.0168206258091025));
#5781=CARTESIAN_POINT('',(0.0203221509791527,-0.0043,-0.0168452069637338));
#5782=CARTESIAN_POINT('',(0.020356075608143,-0.0043,-0.0168788501080363));
#5783=CARTESIAN_POINT('',(0.0203962214736985,-0.0043,-0.016920367368583));
#5784=CARTESIAN_POINT('',(0.0204428256069332,-0.0043,-0.0169705026947202));
#5785=CARTESIAN_POINT('',(0.0204953886822627,-0.0043,-0.0170293774834849));
#5786=CARTESIAN_POINT('',(0.0205536272384663,-0.0043,-0.0170972919829808));
#5787=CARTESIAN_POINT('',(0.0206171828986715,-0.0043,-0.0171744799907454));
#5788=CARTESIAN_POINT('',(0.0206857096930741,-0.0043,-0.0172611819527656));
#5789=CARTESIAN_POINT('',(0.0207588485865975,-0.0043,-0.0173576230828847));
#5790=CARTESIAN_POINT('',(0.0208362352480634,-0.0043,-0.0174640194776473));
#5791=CARTESIAN_POINT('',(0.0209174981513421,-0.0043,-0.0175805760929539));
#5792=CARTESIAN_POINT('',(0.0210022594804317,-0.0043,-0.0177074870851002));
#5793=CARTESIAN_POINT('',(0.0210901352383773,-0.0043,-0.0178449354847712));
#5794=CARTESIAN_POINT('',(0.0211807355902356,-0.0043,-0.017993093071781));
#5795=CARTESIAN_POINT('',(0.021273665145812,-0.0043,-0.0181521202027629));
#5796=CARTESIAN_POINT('',(0.0213685232647536,-0.0043,-0.0183221656624323));
#5797=CARTESIAN_POINT('',(0.0214649043616564,-0.0043,-0.0185033665165565));
#5798=CARTESIAN_POINT('',(0.0215623982117739,-0.0043,-0.0186958479801416));
#5799=CARTESIAN_POINT('',(0.0216605902777201,-0.0043,-0.0188997232687121));
#5800=CARTESIAN_POINT('',(0.0217590619705029,-0.0043,-0.0191150935516209));
#5801=CARTESIAN_POINT('',(0.0218573911805399,-0.0043,-0.0193420475498132));
#5802=CARTESIAN_POINT('',(0.0219551517825113,-0.0043,-0.0195806625428271));
#5803=CARTESIAN_POINT('',(0.0220519171056464,-0.0043,-0.0198309999880081));
#5804=CARTESIAN_POINT('',(0.0221472481666736,-0.0043,-0.0200931218991255));
#5805=CARTESIAN_POINT('',(0.0222407404472261,-0.0043,-0.0203670275194648));
#5806=CARTESIAN_POINT('',(0.0223318460316891,-0.0043,-0.0206528958856815));
#5807=CARTESIAN_POINT('',(0.0224032286416077,-0.0043,-0.0208920908094896));
#5808=CARTESIAN_POINT('',(0.0224435569927421,-0.0043,-0.0210367568641291));
#5809=CARTESIAN_POINT('',(0.0224555968753879,-0.0043,-0.0210804688982496));
#5810=CARTESIAN_POINT('',(0.0197009822280419,-0.0043,-0.0163239028972842));
#5811=CARTESIAN_POINT('',(0.0204081632024101,-0.0043,-0.0154698920316426));
#5812=CARTESIAN_POINT('',(0.0195245376752398,-0.0043,-0.0148000820459936));
#5813=CARTESIAN_POINT('',(3.24064151930712E-16,-0.0043,-2.38662742387361E-16));
#5814=CARTESIAN_POINT('',(0.0201091284205081,-0.0043,-0.0139954619133314));
#5815=CARTESIAN_POINT('',(0.0210192108765983,-0.0043,-0.014628857060344));
#5816=CARTESIAN_POINT('',(0.0216128925361754,-0.0043,-0.0136923841156071));
#5817=CARTESIAN_POINT('',(0.0206965766894472,-0.0043,-0.0131111293692736));
#5818=CARTESIAN_POINT('',(0.0214233491545025,-0.0043,-0.0135722641649521));
#5819=CARTESIAN_POINT('',(0.0222178711490574,-0.0043,-0.0140763858195793));
#5820=CARTESIAN_POINT('',(0.0222432833430889,-0.0043,-0.0140903551345195));
#5821=CARTESIAN_POINT('',(0.0222693313788015,-0.0043,-0.0141052660260944));
#5822=CARTESIAN_POINT('',(0.0223006338660112,-0.0043,-0.0141220588883002));
#5823=CARTESIAN_POINT('',(0.0223431136845146,-0.0043,-0.0141439268244307));
#5824=CARTESIAN_POINT('',(0.0223950047004069,-0.0043,-0.0141692782724007));
#5825=CARTESIAN_POINT('',(0.0224570876982039,-0.0043,-0.0141981087692049));
#5826=CARTESIAN_POINT('',(0.0225293238332574,-0.0043,-0.014229905914245));
#5827=CARTESIAN_POINT('',(0.0226119110641487,-0.0043,-0.0142643073381134));
#5828=CARTESIAN_POINT('',(0.0227049610010052,-0.0043,-0.0143008999567378));
#5829=CARTESIAN_POINT('',(0.0228085954110005,-0.0043,-0.0143392804313852));
#5830=CARTESIAN_POINT('',(0.0229229175372876,-0.0043,-0.0143790377045017));
#5831=CARTESIAN_POINT('',(0.0230480203153678,-0.0043,-0.0144197584990414));
#5832=CARTESIAN_POINT('',(0.0231839838619978,-0.0043,-0.014461026137801));
#5833=CARTESIAN_POINT('',(0.0233308760792225,-0.0043,-0.0145024212988153));
#5834=CARTESIAN_POINT('',(0.0234887523779828,-0.0043,-0.0145435222196859));
#5835=CARTESIAN_POINT('',(0.0236576556649676,-0.0043,-0.0145839050624678));
#5836=CARTESIAN_POINT('',(0.0238376162661085,-0.0043,-0.0146231442358151));
#5837=CARTESIAN_POINT('',(0.0240286518794008,-0.0043,-0.0146608127311038));
#5838=CARTESIAN_POINT('',(0.0242307675293534,-0.0043,-0.0146964824580413));
#5839=CARTESIAN_POINT('',(0.0244439555360953,-0.0043,-0.0147297245761443));
#5840=CARTESIAN_POINT('',(0.0246681954748922,-0.0043,-0.0147601098514095));
#5841=CARTESIAN_POINT('',(0.0249034542124036,-0.0043,-0.0147872089189989));
#5842=CARTESIAN_POINT('',(0.0251496856882284,-0.0043,-0.0148105929125641));
#5843=CARTESIAN_POINT('',(0.0254068317196095,-0.0043,-0.014829832682152));
#5844=CARTESIAN_POINT('',(0.0256748189074366,-0.0043,-0.0148445034483817));
#5845=CARTESIAN_POINT('',(0.0259535705770177,-0.0043,-0.0148541685500436));
#5846=CARTESIAN_POINT('',(0.0262429610056248,-0.0043,-0.0148584435011467));
#5847=CARTESIAN_POINT('',(0.0265429911519994,-0.0043,-0.014856751877606));
#5848=CARTESIAN_POINT('',(0.0267925374825195,-0.0043,-0.0148507254774943));
#5849=CARTESIAN_POINT('',(0.0269425852223268,-0.0043,-0.0148443757492393));
#5850=CARTESIAN_POINT('',(0.0269878783655654,-0.0043,-0.0148423185966831));
#5851=CARTESIAN_POINT('',(0.0227722690261881,-0.0043,-0.00903735378298943));
#5852=CARTESIAN_POINT('',(0.0235725210493213,-0.0043,-0.00935427682604419));
#5853=CARTESIAN_POINT('',(0.0244473723461685,-0.0043,-0.0097007433480927));
#5854=CARTESIAN_POINT('',(0.0244736106722351,-0.0043,-0.009713091287622));
#5855=CARTESIAN_POINT('',(0.0245009844881634,-0.0043,-0.00972540018901731));
#5856=CARTESIAN_POINT('',(0.024532969339414,-0.0043,-0.00974085383638786));
#5857=CARTESIAN_POINT('',(0.0245756298822119,-0.0043,-0.00976236708111951));
#5858=CARTESIAN_POINT('',(0.0246266404083196,-0.0043,-0.00978944658759068));
#5859=CARTESIAN_POINT('',(0.0246864562407137,-0.0043,-0.00982272664703245));
#5860=CARTESIAN_POINT('',(0.0247546400062909,-0.0043,-0.00986247701497917));
#5861=CARTESIAN_POINT('',(0.0248310148991766,-0.0043,-0.00990907083868084));
#5862=CARTESIAN_POINT('',(0.0249153123301234,-0.0043,-0.0099628412173531));
#5863=CARTESIAN_POINT('',(0.0250072775641907,-0.0043,-0.0100241237392675));
#5864=CARTESIAN_POINT('',(0.0251066387336342,-0.0043,-0.0100932435434577));
#5865=CARTESIAN_POINT('',(0.0252131161164176,-0.0043,-0.010170518734476));
#5866=CARTESIAN_POINT('',(0.0253264197050504,-0.0043,-0.0102562590448553));
#5867=CARTESIAN_POINT('',(0.0254462501727571,-0.0043,-0.0103507658797711));
#5868=CARTESIAN_POINT('',(0.0255722988763236,-0.0043,-0.0104543319733338));
#5869=CARTESIAN_POINT('',(0.0257042481435687,-0.0043,-0.0105672411634774));
#5870=CARTESIAN_POINT('',(0.0258417714889962,-0.0043,-0.0106897681407126));
#5871=CARTESIAN_POINT('',(0.0259845338579931,-0.0043,-0.0108221782123903));
#5872=CARTESIAN_POINT('',(0.02613219187157,-0.0043,-0.0109647270685838));
#5873=CARTESIAN_POINT('',(0.0262843940763728,-0.0043,-0.0111176605622591));
#5874=CARTESIAN_POINT('',(0.0264407812094409,-0.0043,-0.0112812144668756));
#5875=CARTESIAN_POINT('',(0.0266009864320346,-0.0043,-0.0114556143513176));
#5876=CARTESIAN_POINT('',(0.0267646357103653,-0.0043,-0.0116410750332526));
#5877=CARTESIAN_POINT('',(0.026931347655861,-0.0043,-0.0118378016898547));
#5878=CARTESIAN_POINT('',(0.0271007354718695,-0.0043,-0.0120459846190519));
#5879=CARTESIAN_POINT('',(0.027272400823798,-0.0043,-0.0122658184527346));
#5880=CARTESIAN_POINT('',(0.0274459587579804,-0.0043,-0.0124974274742746));
#5881=CARTESIAN_POINT('',(0.02762094350107,-0.0043,-0.0127411512728861));
#5882=CARTESIAN_POINT('',(0.0277627476938082,-0.0043,-0.0129465807242708));
#5883=CARTESIAN_POINT('',(0.0278458065043387,-0.0043,-0.0130717041723668));
#5884=CARTESIAN_POINT('',(0.0278707648745864,-0.0043,-0.0131095562589098));
#5885=CARTESIAN_POINT('',(0.0237811109351815,-0.0043,-0.00943701590748775));
#5886=CARTESIAN_POINT('',(0.0241897761381902,-0.0043,-0.00840627236955399));
#5887=CARTESIAN_POINT('',(0.0231424156540426,-0.0043,-0.00804230052258213));
#5888=CARTESIAN_POINT('',(3.81954166713191E-16,-0.0043,-1.26840426130076E-16));
#5889=CARTESIAN_POINT('',(0.0234497531966871,-0.0043,-0.00709641282722925));
#5890=CARTESIAN_POINT('',(0.0245110229114991,-0.0043,-0.00741757646397087));
#5891=CARTESIAN_POINT('',(0.0247862616677487,-0.0043,-0.00634348004548671));
#5892=CARTESIAN_POINT('',(0.0237351759160552,-0.0043,-0.00607383110021289));
#5893=CARTESIAN_POINT('',(0.0245688760933721,-0.0043,-0.00628781130978746));
#5894=CARTESIAN_POINT('',(0.0254802935721457,-0.0043,-0.00652173869570398));
#5895=CARTESIAN_POINT('',(0.025508778760589,-0.0043,-0.00652717150388603));
#5896=CARTESIAN_POINT('',(0.025538159633588,-0.0043,-0.00653330331877679));
#5897=CARTESIAN_POINT('',(0.0255731193478308,-0.0043,-0.00653960127929082));
#5898=CARTESIAN_POINT('',(0.0256202776199258,-0.0043,-0.00654727193661015));
#5899=CARTESIAN_POINT('',(0.025677462936982,-0.0043,-0.00655534739063345));
#5900=CARTESIAN_POINT('',(0.0257454164900568,-0.0043,-0.00656358212110611));
#5901=CARTESIAN_POINT('',(0.0258239429952015,-0.0043,-0.00657150080975658));
#5902=CARTESIAN_POINT('',(0.0259131187439094,-0.0043,-0.00657869765023268));
#5903=CARTESIAN_POINT('',(0.0260129222337213,-0.0043,-0.00658474528680951));
#5904=CARTESIAN_POINT('',(0.0261233446335779,-0.0043,-0.00658922249343093));
#5905=CARTESIAN_POINT('',(0.026244357109783,-0.0043,-0.00659170642724271));
#5906=CARTESIAN_POINT('',(0.02637592033962,-0.0043,-0.00659177531976809));
#5907=CARTESIAN_POINT('',(0.0265179817583155,-0.0043,-0.00658900812999837));
#5908=CARTESIAN_POINT('',(0.0266704763669385,-0.0043,-0.00658298507616025));
#5909=CARTESIAN_POINT('',(0.0268333265326764,-0.0043,-0.00657328791545403));
#5910=CARTESIAN_POINT('',(0.0270064420890877,-0.0043,-0.00655950029514417));
#5911=CARTESIAN_POINT('',(0.0271897203628888,-0.0043,-0.00654120808257967));
#5912=CARTESIAN_POINT('',(0.0273830462329516,-0.0043,-0.0065179996994448));
#5913=CARTESIAN_POINT('',(0.0275862921906927,-0.0043,-0.00648946645501876));
#5914=CARTESIAN_POINT('',(0.0277993184131234,-0.0043,-0.00645520287097583));
#5915=CARTESIAN_POINT('',(0.0280219728345654,-0.0043,-0.00641480703311045));
#5916=CARTESIAN_POINT('',(0.0282540912623079,-0.0043,-0.00636788082996069));
#5917=CARTESIAN_POINT('',(0.028495497363316,-0.0043,-0.00631403061883793));
#5918=CARTESIAN_POINT('',(0.028746003187871,-0.0043,-0.00625286623334365));
#5919=CARTESIAN_POINT('',(0.0290054076652231,-0.0043,-0.00618400636585218));
#5920=CARTESIAN_POINT('',(0.0292735029376722,-0.0043,-0.00610705942065743));
#5921=CARTESIAN_POINT('',(0.0295500506230935,-0.0043,-0.00602169858031184));
#5922=CARTESIAN_POINT('',(0.0298348735084658,-0.0043,-0.00592737533666575));
#5923=CARTESIAN_POINT('',(0.0300703439121751,-0.0043,-0.00584452983255514));
#5924=CARTESIAN_POINT('',(0.0302110856189337,-0.0043,-0.00579212358055345));
#5925=CARTESIAN_POINT('',(0.0302535262628544,-0.0043,-0.00577617076122047));
#5926=CARTESIAN_POINT('',(0.024450410751305,-0.0043,-0.00155801607580638));
#5927=CARTESIAN_POINT('',(0.0253094302587971,-0.0043,-0.00161213632613662));
#5928=CARTESIAN_POINT('',(0.0262485273287479,-0.0043,-0.00167130165133222));
#5929=CARTESIAN_POINT('',(0.0262772971828902,-0.0043,-0.00167493715102586));
#5930=CARTESIAN_POINT('',(0.026307134888618,-0.0043,-0.00167818463758355));
#5931=CARTESIAN_POINT('',(0.0263423297294852,-0.0043,-0.00168299806701685));
#5932=CARTESIAN_POINT('',(0.0263895502749281,-0.0043,-0.00169027554589174));
#5933=CARTESIAN_POINT('',(0.0264464321958813,-0.0043,-0.00170026656751993));
#5934=CARTESIAN_POINT('',(0.0265136045369986,-0.0043,-0.00171343367617224));
#5935=CARTESIAN_POINT('',(0.0265907346907845,-0.0043,-0.00173016858032928));
#5936=CARTESIAN_POINT('',(0.0266777698137016,-0.0043,-0.0017508808001346));
#5937=CARTESIAN_POINT('',(0.0267745573955142,-0.0043,-0.0017759701304098));
#5938=CARTESIAN_POINT('',(0.0268809588713762,-0.0043,-0.00180583445199308));
#5939=CARTESIAN_POINT('',(0.0269968161531847,-0.0043,-0.00184086700223411));
#5940=CARTESIAN_POINT('',(0.0271219615091872,-0.0043,-0.00188145675540341));
#5941=CARTESIAN_POINT('',(0.0272562148384861,-0.0043,-0.00192798790188765));
#5942=CARTESIAN_POINT('',(0.0273993846037228,-0.0043,-0.00198083959210343));
#5943=CARTESIAN_POINT('',(0.0275512677275724,-0.0043,-0.00204038560873247));
#5944=CARTESIAN_POINT('',(0.0277116497965816,-0.0043,-0.00210699406379413));
#5945=CARTESIAN_POINT('',(0.0278803051886282,-0.0043,-0.00218102709305526));
#5946=CARTESIAN_POINT('',(0.0280569972323193,-0.0043,-0.0022628405563701));
#5947=CARTESIAN_POINT('',(0.0282414783674073,-0.0043,-0.00235278373939252));
#5948=CARTESIAN_POINT('',(0.0284334903146343,-0.0043,-0.00245119906724677));
#5949=CARTESIAN_POINT('',(0.0286327642526263,-0.0043,-0.00255842179217815));
#5950=CARTESIAN_POINT('',(0.0288390210016281,-0.0043,-0.00267477980234874));
#5951=CARTESIAN_POINT('',(0.0290519712166778,-0.0043,-0.00280059298429824));
#5952=CARTESIAN_POINT('',(0.0292713155789224,-0.0043,-0.00293617432866515));
#5953=CARTESIAN_POINT('',(0.029496745028179,-0.0043,-0.00308182434627288));
#5954=CARTESIAN_POINT('',(0.0297279408702993,-0.0043,-0.00323785123520771));
#5955=CARTESIAN_POINT('',(0.0299645753982646,-0.0043,-0.00340449215320504));
#5956=CARTESIAN_POINT('',(0.0302063105741367,-0.0043,-0.0035822140006797));
#5957=CARTESIAN_POINT('',(0.0304046555673013,-0.0043,-0.00373376911362836));
#5958=CARTESIAN_POINT('',(0.0305223144621486,-0.0043,-0.00382710200029492));
#5959=CARTESIAN_POINT('',(0.030557748220823,-0.0043,-0.00385538891329854));
#5960=CARTESIAN_POINT('',(0.0255333788112428,-0.0043,-0.00162636804911024));
#5961=CARTESIAN_POINT('',(0.0256035252454836,-0.0043,-0.000519788197989856));
#5962=CARTESIAN_POINT('',(0.0244949527459365,-0.0043,-0.000497282590017677));
#5963=CARTESIAN_POINT('',(4.02455846426619E-16,-0.0043,-2.60208521396521E-18));
#5964=CARTESIAN_POINT('',(0.0244949527459365,-0.0043,0.000497282590017677));
#5965=CARTESIAN_POINT('',(0.0256035252454837,-0.0043,0.000519788197989858));
#5966=CARTESIAN_POINT('',(0.0255333788112428,-0.0043,0.00162636804911025));
#5967=CARTESIAN_POINT('',(0.024450410751305,-0.0043,0.00155801607580638));
#5968=CARTESIAN_POINT('',(0.0253094302587971,-0.0043,0.00161213632613662));
#5969=CARTESIAN_POINT('',(0.0262485273287479,-0.0043,0.00167130165133222));
#5970=CARTESIAN_POINT('',(0.0262772971828902,-0.0043,0.00167493715102586));
#5971=CARTESIAN_POINT('',(0.026307134888618,-0.0043,0.00167818463758355));
#5972=CARTESIAN_POINT('',(0.0263423297294852,-0.0043,0.00168299806701685));
#5973=CARTESIAN_POINT('',(0.0263895502749281,-0.0043,0.00169027554589174));
#5974=CARTESIAN_POINT('',(0.0264464321958813,-0.0043,0.00170026656751993));
#5975=CARTESIAN_POINT('',(0.0265136045369986,-0.0043,0.00171343367617224));
#5976=CARTESIAN_POINT('',(0.0265907346907845,-0.0043,0.00173016858032928));
#5977=CARTESIAN_POINT('',(0.0266777698137016,-0.0043,0.0017508808001346));
#5978=CARTESIAN_POINT('',(0.0267745573955142,-0.0043,0.0017759701304098));
#5979=CARTESIAN_POINT('',(0.0268809588713762,-0.0043,0.00180583445199308));
#5980=CARTESIAN_POINT('',(0.0269968161531847,-0.0043,0.00184086700223411));
#5981=CARTESIAN_POINT('',(0.0271219615091872,-0.0043,0.00188145675540341));
#5982=CARTESIAN_POINT('',(0.0272562148384861,-0.0043,0.00192798790188765));
#5983=CARTESIAN_POINT('',(0.0273993846037228,-0.0043,0.00198083959210343));
#5984=CARTESIAN_POINT('',(0.0275512677275724,-0.0043,0.00204038560873247));
#5985=CARTESIAN_POINT('',(0.0277116497965816,-0.0043,0.00210699406379413));
#5986=CARTESIAN_POINT('',(0.0278803051886282,-0.0043,0.00218102709305526));
#5987=CARTESIAN_POINT('',(0.0280569972323193,-0.0043,0.00226284055637011));
#5988=CARTESIAN_POINT('',(0.0282414783674073,-0.0043,0.00235278373939252));
#5989=CARTESIAN_POINT('',(0.0284334903146343,-0.0043,0.00245119906724677));
#5990=CARTESIAN_POINT('',(0.0286327642526263,-0.0043,0.00255842179217815));
#5991=CARTESIAN_POINT('',(0.0288390210016281,-0.0043,0.00267477980234874));
#5992=CARTESIAN_POINT('',(0.0290519712166778,-0.0043,0.00280059298429824));
#5993=CARTESIAN_POINT('',(0.0292713155789224,-0.0043,0.00293617432866515));
#5994=CARTESIAN_POINT('',(0.029496745028179,-0.0043,0.00308182434627288));
#5995=CARTESIAN_POINT('',(0.0297279408702993,-0.0043,0.00323785123520771));
#5996=CARTESIAN_POINT('',(0.0299645753982646,-0.0043,0.00340449215320504));
#5997=CARTESIAN_POINT('',(0.0302063105741367,-0.0043,0.0035822140006797));
#5998=CARTESIAN_POINT('',(0.0304046555673013,-0.0043,0.00373376911362836));
#5999=CARTESIAN_POINT('',(0.0305223144621486,-0.0043,0.00382710200029492));
#6000=CARTESIAN_POINT('',(0.030557748220823,-0.0043,0.00385538891329854));
#6001=CARTESIAN_POINT('',(0.0237351759160552,-0.0043,0.00607383110021289));
#6002=CARTESIAN_POINT('',(0.0245688760933721,-0.0043,0.00628781130978745));
#6003=CARTESIAN_POINT('',(0.0254802935721457,-0.0043,0.00652173869570398));
#6004=CARTESIAN_POINT('',(0.025508778760589,-0.0043,0.00652717150388603));
#6005=CARTESIAN_POINT('',(0.025538159633588,-0.0043,0.00653330331877679));
#6006=CARTESIAN_POINT('',(0.0255731193478308,-0.0043,0.00653960127929081));
#6007=CARTESIAN_POINT('',(0.0256202776199258,-0.0043,0.00654727193661014));
#6008=CARTESIAN_POINT('',(0.025677462936982,-0.0043,0.00655534739063344));
#6009=CARTESIAN_POINT('',(0.0257454164900568,-0.0043,0.0065635821211061));
#6010=CARTESIAN_POINT('',(0.0258239429952015,-0.0043,0.00657150080975658));
#6011=CARTESIAN_POINT('',(0.0259131187439094,-0.0043,0.00657869765023267));
#6012=CARTESIAN_POINT('',(0.0260129222337213,-0.0043,0.0065847452868095));
#6013=CARTESIAN_POINT('',(0.0261233446335779,-0.0043,0.00658922249343092));
#6014=CARTESIAN_POINT('',(0.026244357109783,-0.0043,0.0065917064272427));
#6015=CARTESIAN_POINT('',(0.02637592033962,-0.0043,0.00659177531976808));
#6016=CARTESIAN_POINT('',(0.0265179817583155,-0.0043,0.00658900812999837));
#6017=CARTESIAN_POINT('',(0.0266704763669385,-0.0043,0.00658298507616025));
#6018=CARTESIAN_POINT('',(0.0268333265326764,-0.0043,0.00657328791545403));
#6019=CARTESIAN_POINT('',(0.0270064420890877,-0.0043,0.00655950029514417));
#6020=CARTESIAN_POINT('',(0.0271897203628888,-0.0043,0.00654120808257967));
#6021=CARTESIAN_POINT('',(0.0273830462329516,-0.0043,0.0065179996994448));
#6022=CARTESIAN_POINT('',(0.0275862921906927,-0.0043,0.00648946645501876));
#6023=CARTESIAN_POINT('',(0.0277993184131234,-0.0043,0.00645520287097583));
#6024=CARTESIAN_POINT('',(0.0280219728345654,-0.0043,0.00641480703311045));
#6025=CARTESIAN_POINT('',(0.0282540912623079,-0.0043,0.00636788082996069));
#6026=CARTESIAN_POINT('',(0.028495497363316,-0.0043,0.00631403061883792));
#6027=CARTESIAN_POINT('',(0.028746003187871,-0.0043,0.00625286623334364));
#6028=CARTESIAN_POINT('',(0.0290054076652231,-0.0043,0.00618400636585217));
#6029=CARTESIAN_POINT('',(0.0292735029376722,-0.0043,0.00610705942065742));
#6030=CARTESIAN_POINT('',(0.0295500506230935,-0.0043,0.00602169858031184));
#6031=CARTESIAN_POINT('',(0.0298348735084658,-0.0043,0.00592737533666575));
#6032=CARTESIAN_POINT('',(0.0300703439121751,-0.0043,0.00584452983255514));
#6033=CARTESIAN_POINT('',(0.0302110856189337,-0.0043,0.00579212358055345));
#6034=CARTESIAN_POINT('',(0.0302535262628544,-0.0043,0.00577617076122047));
#6035=CARTESIAN_POINT('',(0.0247862616677486,-0.0043,0.00634348004548668));
#6036=CARTESIAN_POINT('',(0.024511022911499,-0.0043,0.00741757646397085));
#6037=CARTESIAN_POINT('',(0.0234497531966871,-0.0043,0.00709641282722924));
#6038=CARTESIAN_POINT('',(3.83562343817045E-16,-0.0043,1.21890965932682E-16));
#6039=CARTESIAN_POINT('',(0.0231424156540426,-0.0043,0.00804230052258213));
#6040=CARTESIAN_POINT('',(0.0241897761381903,-0.0043,0.00840627236955401));
#6041=CARTESIAN_POINT('',(0.0237811109351816,-0.0043,0.00943701590748778));
#6042=CARTESIAN_POINT('',(0.0227722690261881,-0.0043,0.00903735378298942));
#6043=CARTESIAN_POINT('',(0.0235725210493213,-0.0043,0.00935427682604418));
#6044=CARTESIAN_POINT('',(0.0244473723461685,-0.0043,0.00970074334809269));
#6045=CARTESIAN_POINT('',(0.0244736106722351,-0.0043,0.009713091287622));
#6046=CARTESIAN_POINT('',(0.0245009844881634,-0.0043,0.00972540018901731));
#6047=CARTESIAN_POINT('',(0.024532969339414,-0.0043,0.00974085383638786));
#6048=CARTESIAN_POINT('',(0.0245756298822119,-0.0043,0.00976236708111951));
#6049=CARTESIAN_POINT('',(0.0246266404083196,-0.0043,0.00978944658759068));
#6050=CARTESIAN_POINT('',(0.0246864562407137,-0.0043,0.00982272664703244));
#6051=CARTESIAN_POINT('',(0.0247546400062909,-0.0043,0.00986247701497916));
#6052=CARTESIAN_POINT('',(0.0248310148991766,-0.0043,0.00990907083868084));
#6053=CARTESIAN_POINT('',(0.0249153123301234,-0.0043,0.0099628412173531));
#6054=CARTESIAN_POINT('',(0.0250072775641907,-0.0043,0.0100241237392675));
#6055=CARTESIAN_POINT('',(0.0251066387336342,-0.0043,0.0100932435434577));
#6056=CARTESIAN_POINT('',(0.0252131161164176,-0.0043,0.010170518734476));
#6057=CARTESIAN_POINT('',(0.0253264197050504,-0.0043,0.0102562590448553));
#6058=CARTESIAN_POINT('',(0.0254462501727571,-0.0043,0.010350765879771));
#6059=CARTESIAN_POINT('',(0.0255722988763236,-0.0043,0.0104543319733337));
#6060=CARTESIAN_POINT('',(0.0257042481435687,-0.0043,0.0105672411634774));
#6061=CARTESIAN_POINT('',(0.0258417714889962,-0.0043,0.0106897681407126));
#6062=CARTESIAN_POINT('',(0.0259845338579931,-0.0043,0.0108221782123903));
#6063=CARTESIAN_POINT('',(0.02613219187157,-0.0043,0.0109647270685838));
#6064=CARTESIAN_POINT('',(0.0262843940763728,-0.0043,0.0111176605622591));
#6065=CARTESIAN_POINT('',(0.0264407812094409,-0.0043,0.0112812144668756));
#6066=CARTESIAN_POINT('',(0.0266009864320346,-0.0043,0.0114556143513175));
#6067=CARTESIAN_POINT('',(0.0267646357103653,-0.0043,0.0116410750332526));
#6068=CARTESIAN_POINT('',(0.026931347655861,-0.0043,0.0118378016898547));
#6069=CARTESIAN_POINT('',(0.0271007354718695,-0.0043,0.0120459846190519));
#6070=CARTESIAN_POINT('',(0.027272400823798,-0.0043,0.0122658184527346));
#6071=CARTESIAN_POINT('',(0.0274459587579804,-0.0043,0.0124974274742746));
#6072=CARTESIAN_POINT('',(0.02762094350107,-0.0043,0.0127411512728861));
#6073=CARTESIAN_POINT('',(0.0277627476938082,-0.0043,0.0129465807242708));
#6074=CARTESIAN_POINT('',(0.0278458065043387,-0.0043,0.0130717041723668));
#6075=CARTESIAN_POINT('',(0.0278707648745864,-0.0043,0.0131095562589098));
#6076=CARTESIAN_POINT('',(0.0206965766894472,-0.0043,0.0131111293692736));
#6077=CARTESIAN_POINT('',(0.0214233491545025,-0.0043,0.0135722641649521));
#6078=CARTESIAN_POINT('',(0.0222178711490574,-0.0043,0.0140763858195793));
#6079=CARTESIAN_POINT('',(0.0222432833430889,-0.0043,0.0140903551345195));
#6080=CARTESIAN_POINT('',(0.0222693313788015,-0.0043,0.0141052660260944));
#6081=CARTESIAN_POINT('',(0.0223006338660112,-0.0043,0.0141220588883001));
#6082=CARTESIAN_POINT('',(0.0223431136845146,-0.0043,0.0141439268244307));
#6083=CARTESIAN_POINT('',(0.0223950047004069,-0.0043,0.0141692782724007));
#6084=CARTESIAN_POINT('',(0.0224570876982039,-0.0043,0.0141981087692049));
#6085=CARTESIAN_POINT('',(0.0225293238332574,-0.0043,0.014229905914245));
#6086=CARTESIAN_POINT('',(0.0226119110641487,-0.0043,0.0142643073381134));
#6087=CARTESIAN_POINT('',(0.0227049610010052,-0.0043,0.0143008999567378));
#6088=CARTESIAN_POINT('',(0.0228085954110005,-0.0043,0.0143392804313852));
#6089=CARTESIAN_POINT('',(0.0229229175372876,-0.0043,0.0143790377045017));
#6090=CARTESIAN_POINT('',(0.0230480203153678,-0.0043,0.0144197584990414));
#6091=CARTESIAN_POINT('',(0.0231839838619978,-0.0043,0.014461026137801));
#6092=CARTESIAN_POINT('',(0.0233308760792225,-0.0043,0.0145024212988153));
#6093=CARTESIAN_POINT('',(0.0234887523779828,-0.0043,0.0145435222196859));
#6094=CARTESIAN_POINT('',(0.0236576556649676,-0.0043,0.0145839050624678));
#6095=CARTESIAN_POINT('',(0.0238376162661085,-0.0043,0.0146231442358151));
#6096=CARTESIAN_POINT('',(0.0240286518794008,-0.0043,0.0146608127311038));
#6097=CARTESIAN_POINT('',(0.0242307675293534,-0.0043,0.0146964824580413));
#6098=CARTESIAN_POINT('',(0.0244439555360953,-0.0043,0.0147297245761443));
#6099=CARTESIAN_POINT('',(0.0246681954748922,-0.0043,0.0147601098514095));
#6100=CARTESIAN_POINT('',(0.0249034542124036,-0.0043,0.0147872089189989));
#6101=CARTESIAN_POINT('',(0.0251496856882284,-0.0043,0.0148105929125641));
#6102=CARTESIAN_POINT('',(0.0254068317196095,-0.0043,0.014829832682152));
#6103=CARTESIAN_POINT('',(0.0256748189074366,-0.0043,0.0148445034483817));
#6104=CARTESIAN_POINT('',(0.0259535705770177,-0.0043,0.0148541685500436));
#6105=CARTESIAN_POINT('',(0.0262429610056248,-0.0043,0.0148584435011467));
#6106=CARTESIAN_POINT('',(0.0265429911519994,-0.0043,0.014856751877606));
#6107=CARTESIAN_POINT('',(0.0267925374825196,-0.0043,0.0148507254774943));
#6108=CARTESIAN_POINT('',(0.0269425852223268,-0.0043,0.0148443757492393));
#6109=CARTESIAN_POINT('',(0.0269878783655654,-0.0043,0.0148423185966831));
#6110=CARTESIAN_POINT('',(0.0216128925361753,-0.0043,0.013692384115607));
#6111=CARTESIAN_POINT('',(0.0210192108765983,-0.0043,0.0146288570603439));
#6112=CARTESIAN_POINT('',(0.0201091284205081,-0.0043,0.0139954619133314));
#6113=CARTESIAN_POINT('',(3.27123086558666E-16,-0.0043,2.34452480069541E-16));
#6114=CARTESIAN_POINT('',(0.0195245376752398,-0.0043,0.0148000820459936));
#6115=CARTESIAN_POINT('',(0.0204081632024101,-0.0043,0.0154698920316426));
#6116=CARTESIAN_POINT('',(0.019700982228042,-0.0043,0.0163239028972843));
#6117=CARTESIAN_POINT('',(0.01886501894506,-0.0043,0.0156320523349471));
#6118=CARTESIAN_POINT('',(0.0195281692401263,-0.0043,0.0161807555351395));
#6119=CARTESIAN_POINT('',(0.0202531382234872,-0.0043,0.0167806086968886));
#6120=CARTESIAN_POINT('',(0.0202742766313093,-0.0043,0.0168004603738993));
#6121=CARTESIAN_POINT('',(0.0202965070176107,-0.0043,0.0168206258091025));
#6122=CARTESIAN_POINT('',(0.0203221509791527,-0.0043,0.0168452069637338));
#6123=CARTESIAN_POINT('',(0.020356075608143,-0.0043,0.0168788501080363));
#6124=CARTESIAN_POINT('',(0.0203962214736985,-0.0043,0.016920367368583));
#6125=CARTESIAN_POINT('',(0.0204428256069332,-0.0043,0.0169705026947202));
#6126=CARTESIAN_POINT('',(0.0204953886822627,-0.0043,0.0170293774834849));
#6127=CARTESIAN_POINT('',(0.0205536272384663,-0.0043,0.0170972919829808));
#6128=CARTESIAN_POINT('',(0.0206171828986715,-0.0043,0.0171744799907454));
#6129=CARTESIAN_POINT('',(0.0206857096930741,-0.0043,0.0172611819527656));
#6130=CARTESIAN_POINT('',(0.0207588485865975,-0.0043,0.0173576230828846));
#6131=CARTESIAN_POINT('',(0.0208362352480634,-0.0043,0.0174640194776473));
#6132=CARTESIAN_POINT('',(0.0209174981513421,-0.0043,0.0175805760929539));
#6133=CARTESIAN_POINT('',(0.0210022594804317,-0.0043,0.0177074870851002));
#6134=CARTESIAN_POINT('',(0.0210901352383773,-0.0043,0.0178449354847712));
#6135=CARTESIAN_POINT('',(0.0211807355902356,-0.0043,0.017993093071781));
#6136=CARTESIAN_POINT('',(0.021273665145812,-0.0043,0.0181521202027629));
#6137=CARTESIAN_POINT('',(0.0213685232647536,-0.0043,0.0183221656624323));
#6138=CARTESIAN_POINT('',(0.0214649043616564,-0.0043,0.0185033665165565));
#6139=CARTESIAN_POINT('',(0.0215623982117739,-0.0043,0.0186958479801416));
#6140=CARTESIAN_POINT('',(0.0216605902777201,-0.0043,0.0188997232687121));
#6141=CARTESIAN_POINT('',(0.0217590619705029,-0.0043,0.0191150935516209));
#6142=CARTESIAN_POINT('',(0.0218573911805399,-0.0043,0.0193420475498132));
#6143=CARTESIAN_POINT('',(0.0219551517825113,-0.0043,0.0195806625428271));
#6144=CARTESIAN_POINT('',(0.0220519171056464,-0.0043,0.0198309999880081));
#6145=CARTESIAN_POINT('',(0.0221472481666736,-0.0043,0.0200931218991255));
#6146=CARTESIAN_POINT('',(0.0222407404472262,-0.0043,0.0203670275194648));
#6147=CARTESIAN_POINT('',(0.0223318460316891,-0.0043,0.0206528958856814));
#6148=CARTESIAN_POINT('',(0.0224032286416077,-0.0043,0.0208920908094896));
#6149=CARTESIAN_POINT('',(0.0224435569927421,-0.0043,0.0210367568641291));
#6150=CARTESIAN_POINT('',(0.0224555968753879,-0.0043,0.0210804688982496));
#6151=CARTESIAN_POINT('',(0.0156320523349471,-0.0043,0.01886501894506));
#6152=CARTESIAN_POINT('',(0.0161807555351395,-0.0043,0.0195281692401263));
#6153=CARTESIAN_POINT('',(0.0167806086968886,-0.0043,0.0202531382234872));
#6154=CARTESIAN_POINT('',(0.0168004603738993,-0.0043,0.0202742766313093));
#6155=CARTESIAN_POINT('',(0.0168206258091025,-0.0043,0.0202965070176107));
#6156=CARTESIAN_POINT('',(0.0168452069637338,-0.0043,0.0203221509791527));
#6157=CARTESIAN_POINT('',(0.0168788501080363,-0.0043,0.020356075608143));
#6158=CARTESIAN_POINT('',(0.016920367368583,-0.0043,0.0203962214736985));
#6159=CARTESIAN_POINT('',(0.0169705026947202,-0.0043,0.0204428256069332));
#6160=CARTESIAN_POINT('',(0.0170293774834849,-0.0043,0.0204953886822627));
#6161=CARTESIAN_POINT('',(0.0170972919829808,-0.0043,0.0205536272384663));
#6162=CARTESIAN_POINT('',(0.0171744799907454,-0.0043,0.0206171828986715));
#6163=CARTESIAN_POINT('',(0.0172611819527656,-0.0043,0.0206857096930741));
#6164=CARTESIAN_POINT('',(0.0173576230828846,-0.0043,0.0207588485865975));
#6165=CARTESIAN_POINT('',(0.0174640194776473,-0.0043,0.0208362352480634));
#6166=CARTESIAN_POINT('',(0.0175805760929539,-0.0043,0.0209174981513421));
#6167=CARTESIAN_POINT('',(0.0177074870851002,-0.0043,0.0210022594804317));
#6168=CARTESIAN_POINT('',(0.0178449354847712,-0.0043,0.0210901352383773));
#6169=CARTESIAN_POINT('',(0.017993093071781,-0.0043,0.0211807355902356));
#6170=CARTESIAN_POINT('',(0.0181521202027629,-0.0043,0.0212736651458121));
#6171=CARTESIAN_POINT('',(0.0183221656624323,-0.0043,0.0213685232647536));
#6172=CARTESIAN_POINT('',(0.0185033665165565,-0.0043,0.0214649043616565));
#6173=CARTESIAN_POINT('',(0.0186958479801416,-0.0043,0.0215623982117739));
#6174=CARTESIAN_POINT('',(0.0188997232687121,-0.0043,0.0216605902777201));
#6175=CARTESIAN_POINT('',(0.0191150935516209,-0.0043,0.0217590619705029));
#6176=CARTESIAN_POINT('',(0.0193420475498132,-0.0043,0.0218573911805399));
#6177=CARTESIAN_POINT('',(0.0195806625428271,-0.0043,0.0219551517825113));
#6178=CARTESIAN_POINT('',(0.0198309999880081,-0.0043,0.0220519171056464));
#6179=CARTESIAN_POINT('',(0.0200931218991255,-0.0043,0.0221472481666736));
#6180=CARTESIAN_POINT('',(0.0203670275194648,-0.0043,0.0222407404472262));
#6181=CARTESIAN_POINT('',(0.0206528958856814,-0.0043,0.0223318460316891));
#6182=CARTESIAN_POINT('',(0.0208920908094896,-0.0043,0.0224032286416077));
#6183=CARTESIAN_POINT('',(0.0210367568641291,-0.0043,0.0224435569927421));
#6184=CARTESIAN_POINT('',(0.0210804688982496,-0.0043,0.0224555968753879));
#6185=CARTESIAN_POINT('',(0.0163239028972842,-0.0043,0.0197009822280419));
#6186=CARTESIAN_POINT('',(0.0154698920316426,-0.0043,0.0204081632024101));
#6187=CARTESIAN_POINT('',(0.0148000820459936,-0.0043,0.0195245376752398));
#6188=CARTESIAN_POINT('',(2.38662742387361E-16,-0.0043,3.24064151930712E-16));
#6189=CARTESIAN_POINT('',(0.0139954619133314,-0.0043,0.0201091284205081));
#6190=CARTESIAN_POINT('',(0.014628857060344,-0.0043,0.0210192108765983));
#6191=CARTESIAN_POINT('',(0.0136923841156071,-0.0043,0.0216128925361754));
#6192=CARTESIAN_POINT('',(0.0131111293692736,-0.0043,0.0206965766894472));
#6193=CARTESIAN_POINT('',(0.0135722641649521,-0.0043,0.0214233491545025));
#6194=CARTESIAN_POINT('',(0.0140763858195793,-0.0043,0.0222178711490574));
#6195=CARTESIAN_POINT('',(0.0140903551345195,-0.0043,0.0222432833430889));
#6196=CARTESIAN_POINT('',(0.0141052660260944,-0.0043,0.0222693313788015));
#6197=CARTESIAN_POINT('',(0.0141220588883001,-0.0043,0.0223006338660112));
#6198=CARTESIAN_POINT('',(0.0141439268244307,-0.0043,0.0223431136845146));
#6199=CARTESIAN_POINT('',(0.0141692782724007,-0.0043,0.0223950047004069));
#6200=CARTESIAN_POINT('',(0.0141981087692049,-0.0043,0.0224570876982039));
#6201=CARTESIAN_POINT('',(0.014229905914245,-0.0043,0.0225293238332574));
#6202=CARTESIAN_POINT('',(0.0142643073381134,-0.0043,0.0226119110641487));
#6203=CARTESIAN_POINT('',(0.0143008999567378,-0.0043,0.0227049610010052));
#6204=CARTESIAN_POINT('',(0.0143392804313852,-0.0043,0.0228085954110005));
#6205=CARTESIAN_POINT('',(0.0143790377045017,-0.0043,0.0229229175372876));
#6206=CARTESIAN_POINT('',(0.0144197584990414,-0.0043,0.0230480203153678));
#6207=CARTESIAN_POINT('',(0.014461026137801,-0.0043,0.0231839838619978));
#6208=CARTESIAN_POINT('',(0.0145024212988153,-0.0043,0.0233308760792225));
#6209=CARTESIAN_POINT('',(0.0145435222196859,-0.0043,0.0234887523779828));
#6210=CARTESIAN_POINT('',(0.0145839050624678,-0.0043,0.0236576556649676));
#6211=CARTESIAN_POINT('',(0.0146231442358151,-0.0043,0.0238376162661085));
#6212=CARTESIAN_POINT('',(0.0146608127311038,-0.0043,0.0240286518794008));
#6213=CARTESIAN_POINT('',(0.0146964824580413,-0.0043,0.0242307675293534));
#6214=CARTESIAN_POINT('',(0.0147297245761443,-0.0043,0.0244439555360953));
#6215=CARTESIAN_POINT('',(0.0147601098514095,-0.0043,0.0246681954748922));
#6216=CARTESIAN_POINT('',(0.0147872089189989,-0.0043,0.0249034542124036));
#6217=CARTESIAN_POINT('',(0.0148105929125641,-0.0043,0.0251496856882284));
#6218=CARTESIAN_POINT('',(0.014829832682152,-0.0043,0.0254068317196095));
#6219=CARTESIAN_POINT('',(0.0148445034483817,-0.0043,0.0256748189074366));
#6220=CARTESIAN_POINT('',(0.0148541685500436,-0.0043,0.0259535705770177));
#6221=CARTESIAN_POINT('',(0.0148584435011467,-0.0043,0.0262429610056248));
#6222=CARTESIAN_POINT('',(0.014856751877606,-0.0043,0.0265429911519994));
#6223=CARTESIAN_POINT('',(0.0148507254774943,-0.0043,0.0267925374825196));
#6224=CARTESIAN_POINT('',(0.0148443757492393,-0.0043,0.0269425852223268));
#6225=CARTESIAN_POINT('',(0.0148423185966831,-0.0043,0.0269878783655654));
#6226=CARTESIAN_POINT('',(0.00903735378298942,-0.0043,0.0227722690261881));
#6227=CARTESIAN_POINT('',(0.00935427682604418,-0.0043,0.0235725210493213));
#6228=CARTESIAN_POINT('',(0.00970074334809269,-0.0043,0.0244473723461685));
#6229=CARTESIAN_POINT('',(0.009713091287622,-0.0043,0.0244736106722351));
#6230=CARTESIAN_POINT('',(0.00972540018901731,-0.0043,0.0245009844881634));
#6231=CARTESIAN_POINT('',(0.00974085383638786,-0.0043,0.024532969339414));
#6232=CARTESIAN_POINT('',(0.00976236708111951,-0.0043,0.0245756298822119));
#6233=CARTESIAN_POINT('',(0.00978944658759068,-0.0043,0.0246266404083196));
#6234=CARTESIAN_POINT('',(0.00982272664703244,-0.0043,0.0246864562407137));
#6235=CARTESIAN_POINT('',(0.00986247701497916,-0.0043,0.0247546400062909));
#6236=CARTESIAN_POINT('',(0.00990907083868084,-0.0043,0.0248310148991766));
#6237=CARTESIAN_POINT('',(0.0099628412173531,-0.0043,0.0249153123301234));
#6238=CARTESIAN_POINT('',(0.0100241237392675,-0.0043,0.0250072775641907));
#6239=CARTESIAN_POINT('',(0.0100932435434577,-0.0043,0.0251066387336342));
#6240=CARTESIAN_POINT('',(0.010170518734476,-0.0043,0.0252131161164176));
#6241=CARTESIAN_POINT('',(0.0102562590448553,-0.0043,0.0253264197050504));
#6242=CARTESIAN_POINT('',(0.010350765879771,-0.0043,0.0254462501727571));
#6243=CARTESIAN_POINT('',(0.0104543319733338,-0.0043,0.0255722988763236));
#6244=CARTESIAN_POINT('',(0.0105672411634774,-0.0043,0.0257042481435687));
#6245=CARTESIAN_POINT('',(0.0106897681407126,-0.0043,0.0258417714889962));
#6246=CARTESIAN_POINT('',(0.0108221782123903,-0.0043,0.0259845338579931));
#6247=CARTESIAN_POINT('',(0.0109647270685838,-0.0043,0.02613219187157));
#6248=CARTESIAN_POINT('',(0.0111176605622591,-0.0043,0.0262843940763728));
#6249=CARTESIAN_POINT('',(0.0112812144668756,-0.0043,0.0264407812094409));
#6250=CARTESIAN_POINT('',(0.0114556143513175,-0.0043,0.0266009864320346));
#6251=CARTESIAN_POINT('',(0.0116410750332526,-0.0043,0.0267646357103653));
#6252=CARTESIAN_POINT('',(0.0118378016898547,-0.0043,0.026931347655861));
#6253=CARTESIAN_POINT('',(0.0120459846190519,-0.0043,0.0271007354718695));
#6254=CARTESIAN_POINT('',(0.0122658184527346,-0.0043,0.027272400823798));
#6255=CARTESIAN_POINT('',(0.0124974274742746,-0.0043,0.0274459587579804));
#6256=CARTESIAN_POINT('',(0.0127411512728861,-0.0043,0.02762094350107));
#6257=CARTESIAN_POINT('',(0.0129465807242708,-0.0043,0.0277627476938082));
#6258=CARTESIAN_POINT('',(0.0130717041723668,-0.0043,0.0278458065043387));
#6259=CARTESIAN_POINT('',(0.0131095562589098,-0.0043,0.0278707648745864));
#6260=CARTESIAN_POINT('',(0.00943701590748775,-0.0043,0.0237811109351815));
#6261=CARTESIAN_POINT('',(0.00840627236955398,-0.0043,0.0241897761381902));
#6262=CARTESIAN_POINT('',(0.00804230052258213,-0.0043,0.0231424156540426));
#6263=CARTESIAN_POINT('',(1.26840426130076E-16,-0.0043,3.81954166713191E-16));
#6264=CARTESIAN_POINT('',(0.00709641282722924,-0.0043,0.0234497531966871));
#6265=CARTESIAN_POINT('',(0.00741757646397087,-0.0043,0.0245110229114991));
#6266=CARTESIAN_POINT('',(0.0063434800454867,-0.0043,0.0247862616677487));
#6267=CARTESIAN_POINT('',(0.00607383110021289,-0.0043,0.0237351759160552));
#6268=CARTESIAN_POINT('',(0.00628781130978745,-0.0043,0.0245688760933721));
#6269=CARTESIAN_POINT('',(0.00652173869570398,-0.0043,0.0254802935721457));
#6270=CARTESIAN_POINT('',(0.00652717150388603,-0.0043,0.025508778760589));
#6271=CARTESIAN_POINT('',(0.00653330331877679,-0.0043,0.025538159633588));
#6272=CARTESIAN_POINT('',(0.00653960127929081,-0.0043,0.0255731193478308));
#6273=CARTESIAN_POINT('',(0.00654727193661014,-0.0043,0.0256202776199258));
#6274=CARTESIAN_POINT('',(0.00655534739063344,-0.0043,0.025677462936982));
#6275=CARTESIAN_POINT('',(0.0065635821211061,-0.0043,0.0257454164900568));
#6276=CARTESIAN_POINT('',(0.00657150080975658,-0.0043,0.0258239429952015));
#6277=CARTESIAN_POINT('',(0.00657869765023267,-0.0043,0.0259131187439094));
#6278=CARTESIAN_POINT('',(0.00658474528680951,-0.0043,0.0260129222337213));
#6279=CARTESIAN_POINT('',(0.00658922249343093,-0.0043,0.0261233446335779));
#6280=CARTESIAN_POINT('',(0.0065917064272427,-0.0043,0.026244357109783));
#6281=CARTESIAN_POINT('',(0.00659177531976808,-0.0043,0.02637592033962));
#6282=CARTESIAN_POINT('',(0.00658900812999837,-0.0043,0.0265179817583155));
#6283=CARTESIAN_POINT('',(0.00658298507616025,-0.0043,0.0266704763669385));
#6284=CARTESIAN_POINT('',(0.00657328791545403,-0.0043,0.0268333265326764));
#6285=CARTESIAN_POINT('',(0.00655950029514417,-0.0043,0.0270064420890877));
#6286=CARTESIAN_POINT('',(0.00654120808257967,-0.0043,0.0271897203628888));
#6287=CARTESIAN_POINT('',(0.0065179996994448,-0.0043,0.0273830462329516));
#6288=CARTESIAN_POINT('',(0.00648946645501876,-0.0043,0.0275862921906927));
#6289=CARTESIAN_POINT('',(0.00645520287097583,-0.0043,0.0277993184131234));
#6290=CARTESIAN_POINT('',(0.00641480703311045,-0.0043,0.0280219728345654));
#6291=CARTESIAN_POINT('',(0.00636788082996069,-0.0043,0.0282540912623079));
#6292=CARTESIAN_POINT('',(0.00631403061883792,-0.0043,0.028495497363316));
#6293=CARTESIAN_POINT('',(0.00625286623334364,-0.0043,0.028746003187871));
#6294=CARTESIAN_POINT('',(0.00618400636585217,-0.0043,0.0290054076652231));
#6295=CARTESIAN_POINT('',(0.00610705942065742,-0.0043,0.0292735029376722));
#6296=CARTESIAN_POINT('',(0.00602169858031184,-0.0043,0.0295500506230935));
#6297=CARTESIAN_POINT('',(0.00592737533666575,-0.0043,0.0298348735084658));
#6298=CARTESIAN_POINT('',(0.00584452983255514,-0.0043,0.0300703439121751));
#6299=CARTESIAN_POINT('',(0.00579212358055345,-0.0043,0.0302110856189337));
#6300=CARTESIAN_POINT('',(0.00577617076122047,-0.0043,0.0302535262628544));
#6301=CARTESIAN_POINT('',(0.00155801607580639,-0.0043,0.024450410751305));
#6302=CARTESIAN_POINT('',(0.00161213632613662,-0.0043,0.0253094302587971));
#6303=CARTESIAN_POINT('',(0.00167130165133222,-0.0043,0.0262485273287479));
#6304=CARTESIAN_POINT('',(0.00167493715102586,-0.0043,0.0262772971828902));
#6305=CARTESIAN_POINT('',(0.00167818463758355,-0.0043,0.026307134888618));
#6306=CARTESIAN_POINT('',(0.00168299806701685,-0.0043,0.0263423297294852));
#6307=CARTESIAN_POINT('',(0.00169027554589174,-0.0043,0.0263895502749281));
#6308=CARTESIAN_POINT('',(0.00170026656751993,-0.0043,0.0264464321958813));
#6309=CARTESIAN_POINT('',(0.00171343367617225,-0.0043,0.0265136045369986));
#6310=CARTESIAN_POINT('',(0.00173016858032928,-0.0043,0.0265907346907845));
#6311=CARTESIAN_POINT('',(0.0017508808001346,-0.0043,0.0266777698137016));
#6312=CARTESIAN_POINT('',(0.0017759701304098,-0.0043,0.0267745573955142));
#6313=CARTESIAN_POINT('',(0.00180583445199308,-0.0043,0.0268809588713762));
#6314=CARTESIAN_POINT('',(0.00184086700223411,-0.0043,0.0269968161531847));
#6315=CARTESIAN_POINT('',(0.00188145675540341,-0.0043,0.0271219615091872));
#6316=CARTESIAN_POINT('',(0.00192798790188765,-0.0043,0.0272562148384861));
#6317=CARTESIAN_POINT('',(0.00198083959210343,-0.0043,0.0273993846037228));
#6318=CARTESIAN_POINT('',(0.00204038560873247,-0.0043,0.0275512677275724));
#6319=CARTESIAN_POINT('',(0.00210699406379413,-0.0043,0.0277116497965816));
#6320=CARTESIAN_POINT('',(0.00218102709305526,-0.0043,0.0278803051886282));
#6321=CARTESIAN_POINT('',(0.00226284055637011,-0.0043,0.0280569972323193));
#6322=CARTESIAN_POINT('',(0.00235278373939252,-0.0043,0.0282414783674073));
#6323=CARTESIAN_POINT('',(0.00245119906724678,-0.0043,0.0284334903146343));
#6324=CARTESIAN_POINT('',(0.00255842179217815,-0.0043,0.0286327642526263));
#6325=CARTESIAN_POINT('',(0.00267477980234874,-0.0043,0.0288390210016281));
#6326=CARTESIAN_POINT('',(0.00280059298429824,-0.0043,0.0290519712166778));
#6327=CARTESIAN_POINT('',(0.00293617432866515,-0.0043,0.0292713155789224));
#6328=CARTESIAN_POINT('',(0.00308182434627288,-0.0043,0.029496745028179));
#6329=CARTESIAN_POINT('',(0.00323785123520771,-0.0043,0.0297279408702993));
#6330=CARTESIAN_POINT('',(0.00340449215320504,-0.0043,0.0299645753982646));
#6331=CARTESIAN_POINT('',(0.0035822140006797,-0.0043,0.0302063105741367));
#6332=CARTESIAN_POINT('',(0.00373376911362836,-0.0043,0.0304046555673013));
#6333=CARTESIAN_POINT('',(0.00382710200029492,-0.0043,0.0305223144621486));
#6334=CARTESIAN_POINT('',(0.00385538891329854,-0.0043,0.030557748220823));
#6335=CARTESIAN_POINT('',(0.00162636804911024,-0.0043,0.0255333788112428));
#6336=CARTESIAN_POINT('',(0.000519788197989857,-0.0043,0.0256035252454836));
#6337=CARTESIAN_POINT('',(0.000497282590017678,-0.0043,0.0244949527459365));
#6338=CARTESIAN_POINT('',(2.60208521396523E-18,-0.0043,4.02455846426619E-16));
#6339=CARTESIAN_POINT('',(-0.000497282590017676,-0.0043,0.0244949527459365));
#6340=CARTESIAN_POINT('',(-0.000519788197989857,-0.0043,0.0256035252454837));
#6341=CARTESIAN_POINT('',(-0.00162636804911025,-0.0043,0.0255333788112428));
#6342=CARTESIAN_POINT('',(-0.00155801607580638,-0.0043,0.024450410751305));
#6343=CARTESIAN_POINT('',(-0.00161213632613662,-0.0043,0.0253094302587971));
#6344=CARTESIAN_POINT('',(-0.00167130165133222,-0.0043,0.0262485273287479));
#6345=CARTESIAN_POINT('',(-0.00167493715102586,-0.0043,0.0262772971828902));
#6346=CARTESIAN_POINT('',(-0.00167818463758355,-0.0043,0.026307134888618));
#6347=CARTESIAN_POINT('',(-0.00168299806701685,-0.0043,0.0263423297294852));
#6348=CARTESIAN_POINT('',(-0.00169027554589174,-0.0043,0.0263895502749281));
#6349=CARTESIAN_POINT('',(-0.00170026656751993,-0.0043,0.0264464321958813));
#6350=CARTESIAN_POINT('',(-0.00171343367617224,-0.0043,0.0265136045369986));
#6351=CARTESIAN_POINT('',(-0.00173016858032928,-0.0043,0.0265907346907845));
#6352=CARTESIAN_POINT('',(-0.0017508808001346,-0.0043,0.0266777698137016));
#6353=CARTESIAN_POINT('',(-0.0017759701304098,-0.0043,0.0267745573955142));
#6354=CARTESIAN_POINT('',(-0.00180583445199308,-0.0043,0.0268809588713762));
#6355=CARTESIAN_POINT('',(-0.00184086700223411,-0.0043,0.0269968161531847));
#6356=CARTESIAN_POINT('',(-0.00188145675540341,-0.0043,0.0271219615091872));
#6357=CARTESIAN_POINT('',(-0.00192798790188765,-0.0043,0.0272562148384861));
#6358=CARTESIAN_POINT('',(-0.00198083959210343,-0.0043,0.0273993846037228));
#6359=CARTESIAN_POINT('',(-0.00204038560873246,-0.0043,0.0275512677275724));
#6360=CARTESIAN_POINT('',(-0.00210699406379413,-0.0043,0.0277116497965816));
#6361=CARTESIAN_POINT('',(-0.00218102709305526,-0.0043,0.0278803051886282));
#6362=CARTESIAN_POINT('',(-0.0022628405563701,-0.0043,0.0280569972323193));
#6363=CARTESIAN_POINT('',(-0.00235278373939252,-0.0043,0.0282414783674073));
#6364=CARTESIAN_POINT('',(-0.00245119906724677,-0.0043,0.0284334903146343));
#6365=CARTESIAN_POINT('',(-0.00255842179217815,-0.0043,0.0286327642526263));
#6366=CARTESIAN_POINT('',(-0.00267477980234874,-0.0043,0.0288390210016281));
#6367=CARTESIAN_POINT('',(-0.00280059298429824,-0.0043,0.0290519712166778));
#6368=CARTESIAN_POINT('',(-0.00293617432866515,-0.0043,0.0292713155789224));
#6369=CARTESIAN_POINT('',(-0.00308182434627288,-0.0043,0.029496745028179));
#6370=CARTESIAN_POINT('',(-0.00323785123520771,-0.0043,0.0297279408702993));
#6371=CARTESIAN_POINT('',(-0.00340449215320504,-0.0043,0.0299645753982646));
#6372=CARTESIAN_POINT('',(-0.0035822140006797,-0.0043,0.0302063105741367));
#6373=CARTESIAN_POINT('',(-0.00373376911362836,-0.0043,0.0304046555673013));
#6374=CARTESIAN_POINT('',(-0.00382710200029492,-0.0043,0.0305223144621486));
#6375=CARTESIAN_POINT('',(-0.00385538891329854,-0.0043,0.030557748220823));
#6376=CARTESIAN_POINT('',(-0.00607383110021289,-0.0043,0.0237351759160552));
#6377=CARTESIAN_POINT('',(-0.00628781130978745,-0.0043,0.0245688760933721));
#6378=CARTESIAN_POINT('',(-0.00652173869570398,-0.0043,0.0254802935721457));
#6379=CARTESIAN_POINT('',(-0.00652717150388602,-0.0043,0.025508778760589));
#6380=CARTESIAN_POINT('',(-0.00653330331877679,-0.0043,0.025538159633588));
#6381=CARTESIAN_POINT('',(-0.00653960127929081,-0.0043,0.0255731193478308));
#6382=CARTESIAN_POINT('',(-0.00654727193661014,-0.0043,0.0256202776199258));
#6383=CARTESIAN_POINT('',(-0.00655534739063344,-0.0043,0.025677462936982));
#6384=CARTESIAN_POINT('',(-0.0065635821211061,-0.0043,0.0257454164900568));
#6385=CARTESIAN_POINT('',(-0.00657150080975658,-0.0043,0.0258239429952015));
#6386=CARTESIAN_POINT('',(-0.00657869765023267,-0.0043,0.0259131187439094));
#6387=CARTESIAN_POINT('',(-0.0065847452868095,-0.0043,0.0260129222337213));
#6388=CARTESIAN_POINT('',(-0.00658922249343092,-0.0043,0.0261233446335779));
#6389=CARTESIAN_POINT('',(-0.0065917064272427,-0.0043,0.026244357109783));
#6390=CARTESIAN_POINT('',(-0.00659177531976808,-0.0043,0.02637592033962));
#6391=CARTESIAN_POINT('',(-0.00658900812999837,-0.0043,0.0265179817583155));
#6392=CARTESIAN_POINT('',(-0.00658298507616025,-0.0043,0.0266704763669385));
#6393=CARTESIAN_POINT('',(-0.00657328791545403,-0.0043,0.0268333265326764));
#6394=CARTESIAN_POINT('',(-0.00655950029514417,-0.0043,0.0270064420890877));
#6395=CARTESIAN_POINT('',(-0.00654120808257967,-0.0043,0.0271897203628888));
#6396=CARTESIAN_POINT('',(-0.00651799969944479,-0.0043,0.0273830462329516));
#6397=CARTESIAN_POINT('',(-0.00648946645501876,-0.0043,0.0275862921906927));
#6398=CARTESIAN_POINT('',(-0.00645520287097583,-0.0043,0.0277993184131234));
#6399=CARTESIAN_POINT('',(-0.00641480703311044,-0.0043,0.0280219728345654));
#6400=CARTESIAN_POINT('',(-0.00636788082996068,-0.0043,0.0282540912623079));
#6401=CARTESIAN_POINT('',(-0.00631403061883792,-0.0043,0.028495497363316));
#6402=CARTESIAN_POINT('',(-0.00625286623334364,-0.0043,0.028746003187871));
#6403=CARTESIAN_POINT('',(-0.00618400636585217,-0.0043,0.0290054076652231));
#6404=CARTESIAN_POINT('',(-0.00610705942065742,-0.0043,0.0292735029376722));
#6405=CARTESIAN_POINT('',(-0.00602169858031184,-0.0043,0.0295500506230935));
#6406=CARTESIAN_POINT('',(-0.00592737533666574,-0.0043,0.0298348735084658));
#6407=CARTESIAN_POINT('',(-0.00584452983255514,-0.0043,0.0300703439121751));
#6408=CARTESIAN_POINT('',(-0.00579212358055344,-0.0043,0.0302110856189337));
#6409=CARTESIAN_POINT('',(-0.00577617076122047,-0.0043,0.0302535262628544));
#6410=CARTESIAN_POINT('',(-0.00634348004548668,-0.0043,0.0247862616677486));
#6411=CARTESIAN_POINT('',(-0.00741757646397084,-0.0043,0.024511022911499));
#6412=CARTESIAN_POINT('',(-0.00709641282722924,-0.0043,0.0234497531966871));
#6413=CARTESIAN_POINT('',(-1.21890965932682E-16,-0.0043,3.83562343817045E-16));
#6414=CARTESIAN_POINT('',(-0.00804230052258213,-0.0043,0.0231424156540426));
#6415=CARTESIAN_POINT('',(-0.00840627236955401,-0.0043,0.0241897761381903));
#6416=CARTESIAN_POINT('',(-0.00943701590748778,-0.0043,0.0237811109351816));
#6417=CARTESIAN_POINT('',(-0.00903735378298942,-0.0043,0.0227722690261881));
#6418=CARTESIAN_POINT('',(-0.00935427682604418,-0.0043,0.0235725210493213));
#6419=CARTESIAN_POINT('',(-0.00970074334809269,-0.0043,0.0244473723461686));
#6420=CARTESIAN_POINT('',(-0.00971309128762199,-0.0043,0.0244736106722351));
#6421=CARTESIAN_POINT('',(-0.0097254001890173,-0.0043,0.0245009844881634));
#6422=CARTESIAN_POINT('',(-0.00974085383638786,-0.0043,0.024532969339414));
#6423=CARTESIAN_POINT('',(-0.00976236708111951,-0.0043,0.0245756298822119));
#6424=CARTESIAN_POINT('',(-0.00978944658759067,-0.0043,0.0246266404083196));
#6425=CARTESIAN_POINT('',(-0.00982272664703244,-0.0043,0.0246864562407137));
#6426=CARTESIAN_POINT('',(-0.00986247701497916,-0.0043,0.0247546400062909));
#6427=CARTESIAN_POINT('',(-0.00990907083868084,-0.0043,0.0248310148991766));
#6428=CARTESIAN_POINT('',(-0.00996284121735309,-0.0043,0.0249153123301234));
#6429=CARTESIAN_POINT('',(-0.0100241237392675,-0.0043,0.0250072775641907));
#6430=CARTESIAN_POINT('',(-0.0100932435434577,-0.0043,0.0251066387336342));
#6431=CARTESIAN_POINT('',(-0.010170518734476,-0.0043,0.0252131161164176));
#6432=CARTESIAN_POINT('',(-0.0102562590448553,-0.0043,0.0253264197050504));
#6433=CARTESIAN_POINT('',(-0.010350765879771,-0.0043,0.0254462501727571));
#6434=CARTESIAN_POINT('',(-0.0104543319733337,-0.0043,0.0255722988763236));
#6435=CARTESIAN_POINT('',(-0.0105672411634774,-0.0043,0.0257042481435687));
#6436=CARTESIAN_POINT('',(-0.0106897681407126,-0.0043,0.0258417714889962));
#6437=CARTESIAN_POINT('',(-0.0108221782123903,-0.0043,0.0259845338579931));
#6438=CARTESIAN_POINT('',(-0.0109647270685838,-0.0043,0.02613219187157));
#6439=CARTESIAN_POINT('',(-0.0111176605622591,-0.0043,0.0262843940763728));
#6440=CARTESIAN_POINT('',(-0.0112812144668756,-0.0043,0.0264407812094409));
#6441=CARTESIAN_POINT('',(-0.0114556143513175,-0.0043,0.0266009864320346));
#6442=CARTESIAN_POINT('',(-0.0116410750332526,-0.0043,0.0267646357103653));
#6443=CARTESIAN_POINT('',(-0.0118378016898547,-0.0043,0.026931347655861));
#6444=CARTESIAN_POINT('',(-0.0120459846190519,-0.0043,0.0271007354718695));
#6445=CARTESIAN_POINT('',(-0.0122658184527346,-0.0043,0.027272400823798));
#6446=CARTESIAN_POINT('',(-0.0124974274742746,-0.0043,0.0274459587579804));
#6447=CARTESIAN_POINT('',(-0.0127411512728861,-0.0043,0.02762094350107));
#6448=CARTESIAN_POINT('',(-0.0129465807242708,-0.0043,0.0277627476938082));
#6449=CARTESIAN_POINT('',(-0.0130717041723668,-0.0043,0.0278458065043387));
#6450=CARTESIAN_POINT('',(-0.0131095562589098,-0.0043,0.0278707648745864));
#6451=CARTESIAN_POINT('',(-0.0131111293692736,-0.0043,0.0206965766894472));
#6452=CARTESIAN_POINT('',(-0.0135722641649521,-0.0043,0.0214233491545025));
#6453=CARTESIAN_POINT('',(-0.0140763858195793,-0.0043,0.0222178711490574));
#6454=CARTESIAN_POINT('',(-0.0140903551345195,-0.0043,0.0222432833430889));
#6455=CARTESIAN_POINT('',(-0.0141052660260944,-0.0043,0.0222693313788015));
#6456=CARTESIAN_POINT('',(-0.0141220588883001,-0.0043,0.0223006338660112));
#6457=CARTESIAN_POINT('',(-0.0141439268244307,-0.0043,0.0223431136845146));
#6458=CARTESIAN_POINT('',(-0.0141692782724007,-0.0043,0.0223950047004069));
#6459=CARTESIAN_POINT('',(-0.0141981087692049,-0.0043,0.0224570876982039));
#6460=CARTESIAN_POINT('',(-0.014229905914245,-0.0043,0.0225293238332575));
#6461=CARTESIAN_POINT('',(-0.0142643073381134,-0.0043,0.0226119110641487));
#6462=CARTESIAN_POINT('',(-0.0143008999567378,-0.0043,0.0227049610010052));
#6463=CARTESIAN_POINT('',(-0.0143392804313852,-0.0043,0.0228085954110005));
#6464=CARTESIAN_POINT('',(-0.0143790377045017,-0.0043,0.0229229175372876));
#6465=CARTESIAN_POINT('',(-0.0144197584990414,-0.0043,0.0230480203153678));
#6466=CARTESIAN_POINT('',(-0.014461026137801,-0.0043,0.0231839838619978));
#6467=CARTESIAN_POINT('',(-0.0145024212988153,-0.0043,0.0233308760792225));
#6468=CARTESIAN_POINT('',(-0.0145435222196859,-0.0043,0.0234887523779828));
#6469=CARTESIAN_POINT('',(-0.0145839050624678,-0.0043,0.0236576556649676));
#6470=CARTESIAN_POINT('',(-0.0146231442358151,-0.0043,0.0238376162661085));
#6471=CARTESIAN_POINT('',(-0.0146608127311038,-0.0043,0.0240286518794008));
#6472=CARTESIAN_POINT('',(-0.0146964824580413,-0.0043,0.0242307675293534));
#6473=CARTESIAN_POINT('',(-0.0147297245761443,-0.0043,0.0244439555360953));
#6474=CARTESIAN_POINT('',(-0.0147601098514095,-0.0043,0.0246681954748922));
#6475=CARTESIAN_POINT('',(-0.0147872089189989,-0.0043,0.0249034542124036));
#6476=CARTESIAN_POINT('',(-0.0148105929125641,-0.0043,0.0251496856882284));
#6477=CARTESIAN_POINT('',(-0.014829832682152,-0.0043,0.0254068317196095));
#6478=CARTESIAN_POINT('',(-0.0148445034483817,-0.0043,0.0256748189074366));
#6479=CARTESIAN_POINT('',(-0.0148541685500436,-0.0043,0.0259535705770177));
#6480=CARTESIAN_POINT('',(-0.0148584435011467,-0.0043,0.0262429610056248));
#6481=CARTESIAN_POINT('',(-0.014856751877606,-0.0043,0.0265429911519994));
#6482=CARTESIAN_POINT('',(-0.0148507254774943,-0.0043,0.0267925374825196));
#6483=CARTESIAN_POINT('',(-0.0148443757492393,-0.0043,0.0269425852223268));
#6484=CARTESIAN_POINT('',(-0.0148423185966831,-0.0043,0.0269878783655654));
#6485=CARTESIAN_POINT('',(-0.013692384115607,-0.0043,0.0216128925361753));
#6486=CARTESIAN_POINT('',(-0.0146288570603439,-0.0043,0.0210192108765983));
#6487=CARTESIAN_POINT('',(-0.0139954619133314,-0.0043,0.0201091284205081));
#6488=CARTESIAN_POINT('',(-2.34452480069541E-16,-0.0043,3.27123086558666E-16));
#6489=CARTESIAN_POINT('',(-0.0148000820459936,-0.0043,0.0195245376752398));
#6490=CARTESIAN_POINT('',(-0.0154698920316426,-0.0043,0.0204081632024101));
#6491=CARTESIAN_POINT('',(-0.0163239028972843,-0.0043,0.019700982228042));
#6492=CARTESIAN_POINT('',(-0.0156320523349471,-0.0043,0.01886501894506));
#6493=CARTESIAN_POINT('',(-0.0161807555351395,-0.0043,0.0195281692401263));
#6494=CARTESIAN_POINT('',(-0.0167806086968886,-0.0043,0.0202531382234872));
#6495=CARTESIAN_POINT('',(-0.0168004603738993,-0.0043,0.0202742766313093));
#6496=CARTESIAN_POINT('',(-0.0168206258091025,-0.0043,0.0202965070176107));
#6497=CARTESIAN_POINT('',(-0.0168452069637338,-0.0043,0.0203221509791527));
#6498=CARTESIAN_POINT('',(-0.0168788501080363,-0.0043,0.020356075608143));
#6499=CARTESIAN_POINT('',(-0.016920367368583,-0.0043,0.0203962214736985));
#6500=CARTESIAN_POINT('',(-0.0169705026947202,-0.0043,0.0204428256069332));
#6501=CARTESIAN_POINT('',(-0.0170293774834849,-0.0043,0.0204953886822627));
#6502=CARTESIAN_POINT('',(-0.0170972919829808,-0.0043,0.0205536272384663));
#6503=CARTESIAN_POINT('',(-0.0171744799907454,-0.0043,0.0206171828986715));
#6504=CARTESIAN_POINT('',(-0.0172611819527656,-0.0043,0.0206857096930741));
#6505=CARTESIAN_POINT('',(-0.0173576230828846,-0.0043,0.0207588485865975));
#6506=CARTESIAN_POINT('',(-0.0174640194776473,-0.0043,0.0208362352480634));
#6507=CARTESIAN_POINT('',(-0.0175805760929539,-0.0043,0.0209174981513421));
#6508=CARTESIAN_POINT('',(-0.0177074870851002,-0.0043,0.0210022594804317));
#6509=CARTESIAN_POINT('',(-0.0178449354847712,-0.0043,0.0210901352383773));
#6510=CARTESIAN_POINT('',(-0.017993093071781,-0.0043,0.0211807355902356));
#6511=CARTESIAN_POINT('',(-0.0181521202027629,-0.0043,0.0212736651458121));
#6512=CARTESIAN_POINT('',(-0.0183221656624323,-0.0043,0.0213685232647536));
#6513=CARTESIAN_POINT('',(-0.0185033665165565,-0.0043,0.0214649043616565));
#6514=CARTESIAN_POINT('',(-0.0186958479801416,-0.0043,0.0215623982117739));
#6515=CARTESIAN_POINT('',(-0.0188997232687121,-0.0043,0.0216605902777201));
#6516=CARTESIAN_POINT('',(-0.0191150935516209,-0.0043,0.0217590619705029));
#6517=CARTESIAN_POINT('',(-0.0193420475498132,-0.0043,0.0218573911805399));
#6518=CARTESIAN_POINT('',(-0.0195806625428271,-0.0043,0.0219551517825113));
#6519=CARTESIAN_POINT('',(-0.0198309999880081,-0.0043,0.0220519171056464));
#6520=CARTESIAN_POINT('',(-0.0200931218991255,-0.0043,0.0221472481666736));
#6521=CARTESIAN_POINT('',(-0.0203670275194648,-0.0043,0.0222407404472262));
#6522=CARTESIAN_POINT('',(-0.0206528958856814,-0.0043,0.0223318460316891));
#6523=CARTESIAN_POINT('',(-0.0208920908094896,-0.0043,0.0224032286416077));
#6524=CARTESIAN_POINT('',(-0.0210367568641291,-0.0043,0.0224435569927421));
#6525=CARTESIAN_POINT('',(-0.0210804688982496,-0.0043,0.0224555968753879));
#6526=CARTESIAN_POINT('',(-0.01886501894506,-0.0043,0.0156320523349471));
#6527=CARTESIAN_POINT('',(-0.0195281692401263,-0.0043,0.0161807555351395));
#6528=CARTESIAN_POINT('',(-0.0202531382234872,-0.0043,0.0167806086968886));
#6529=CARTESIAN_POINT('',(-0.0202742766313093,-0.0043,0.0168004603738993));
#6530=CARTESIAN_POINT('',(-0.0202965070176107,-0.0043,0.0168206258091025));
#6531=CARTESIAN_POINT('',(-0.0203221509791527,-0.0043,0.0168452069637338));
#6532=CARTESIAN_POINT('',(-0.020356075608143,-0.0043,0.0168788501080363));
#6533=CARTESIAN_POINT('',(-0.0203962214736985,-0.0043,0.016920367368583));
#6534=CARTESIAN_POINT('',(-0.0204428256069332,-0.0043,0.0169705026947202));
#6535=CARTESIAN_POINT('',(-0.0204953886822627,-0.0043,0.0170293774834849));
#6536=CARTESIAN_POINT('',(-0.0205536272384663,-0.0043,0.0170972919829808));
#6537=CARTESIAN_POINT('',(-0.0206171828986715,-0.0043,0.0171744799907454));
#6538=CARTESIAN_POINT('',(-0.0206857096930741,-0.0043,0.0172611819527656));
#6539=CARTESIAN_POINT('',(-0.0207588485865975,-0.0043,0.0173576230828846));
#6540=CARTESIAN_POINT('',(-0.0208362352480634,-0.0043,0.0174640194776473));
#6541=CARTESIAN_POINT('',(-0.0209174981513421,-0.0043,0.0175805760929539));
#6542=CARTESIAN_POINT('',(-0.0210022594804317,-0.0043,0.0177074870851002));
#6543=CARTESIAN_POINT('',(-0.0210901352383773,-0.0043,0.0178449354847712));
#6544=CARTESIAN_POINT('',(-0.0211807355902356,-0.0043,0.017993093071781));
#6545=CARTESIAN_POINT('',(-0.021273665145812,-0.0043,0.0181521202027629));
#6546=CARTESIAN_POINT('',(-0.0213685232647536,-0.0043,0.0183221656624323));
#6547=CARTESIAN_POINT('',(-0.0214649043616564,-0.0043,0.0185033665165565));
#6548=CARTESIAN_POINT('',(-0.0215623982117739,-0.0043,0.0186958479801416));
#6549=CARTESIAN_POINT('',(-0.0216605902777201,-0.0043,0.0188997232687121));
#6550=CARTESIAN_POINT('',(-0.0217590619705029,-0.0043,0.0191150935516209));
#6551=CARTESIAN_POINT('',(-0.0218573911805399,-0.0043,0.0193420475498132));
#6552=CARTESIAN_POINT('',(-0.0219551517825113,-0.0043,0.0195806625428271));
#6553=CARTESIAN_POINT('',(-0.0220519171056464,-0.0043,0.0198309999880081));
#6554=CARTESIAN_POINT('',(-0.0221472481666736,-0.0043,0.0200931218991255));
#6555=CARTESIAN_POINT('',(-0.0222407404472261,-0.0043,0.0203670275194648));
#6556=CARTESIAN_POINT('',(-0.0223318460316891,-0.0043,0.0206528958856814));
#6557=CARTESIAN_POINT('',(-0.0224032286416077,-0.0043,0.0208920908094896));
#6558=CARTESIAN_POINT('',(-0.0224435569927421,-0.0043,0.0210367568641291));
#6559=CARTESIAN_POINT('',(-0.0224555968753879,-0.0043,0.0210804688982496));
#6560=CARTESIAN_POINT('',(-0.0197009822280419,-0.0043,0.0163239028972842));
#6561=CARTESIAN_POINT('',(-0.0204081632024101,-0.0043,0.0154698920316426));
#6562=CARTESIAN_POINT('',(-0.0195245376752398,-0.0043,0.0148000820459936));
#6563=CARTESIAN_POINT('',(-3.24064151930712E-16,-0.0043,2.38662742387361E-16));
#6564=CARTESIAN_POINT('',(-0.0201091284205081,-0.0043,0.0139954619133314));
#6565=CARTESIAN_POINT('',(-0.0210192108765983,-0.0043,0.014628857060344));
#6566=CARTESIAN_POINT('',(-0.0216128925361754,-0.0043,0.0136923841156071));
#6567=CARTESIAN_POINT('',(-0.0206965766894472,-0.0043,0.0131111293692736));
#6568=CARTESIAN_POINT('',(-0.0214233491545025,-0.0043,0.0135722641649521));
#6569=CARTESIAN_POINT('',(-0.0222178711490574,-0.0043,0.0140763858195793));
#6570=CARTESIAN_POINT('',(-0.0222432833430889,-0.0043,0.0140903551345195));
#6571=CARTESIAN_POINT('',(-0.0222693313788015,-0.0043,0.0141052660260944));
#6572=CARTESIAN_POINT('',(-0.0223006338660112,-0.0043,0.0141220588883001));
#6573=CARTESIAN_POINT('',(-0.0223431136845146,-0.0043,0.0141439268244307));
#6574=CARTESIAN_POINT('',(-0.0223950047004069,-0.0043,0.0141692782724007));
#6575=CARTESIAN_POINT('',(-0.0224570876982039,-0.0043,0.0141981087692049));
#6576=CARTESIAN_POINT('',(-0.0225293238332574,-0.0043,0.014229905914245));
#6577=CARTESIAN_POINT('',(-0.0226119110641487,-0.0043,0.0142643073381134));
#6578=CARTESIAN_POINT('',(-0.0227049610010052,-0.0043,0.0143008999567378));
#6579=CARTESIAN_POINT('',(-0.0228085954110005,-0.0043,0.0143392804313852));
#6580=CARTESIAN_POINT('',(-0.0229229175372876,-0.0043,0.0143790377045017));
#6581=CARTESIAN_POINT('',(-0.0230480203153678,-0.0043,0.0144197584990414));
#6582=CARTESIAN_POINT('',(-0.0231839838619978,-0.0043,0.014461026137801));
#6583=CARTESIAN_POINT('',(-0.0233308760792225,-0.0043,0.0145024212988153));
#6584=CARTESIAN_POINT('',(-0.0234887523779828,-0.0043,0.0145435222196859));
#6585=CARTESIAN_POINT('',(-0.0236576556649676,-0.0043,0.0145839050624678));
#6586=CARTESIAN_POINT('',(-0.0238376162661085,-0.0043,0.0146231442358151));
#6587=CARTESIAN_POINT('',(-0.0240286518794008,-0.0043,0.0146608127311038));
#6588=CARTESIAN_POINT('',(-0.0242307675293534,-0.0043,0.0146964824580413));
#6589=CARTESIAN_POINT('',(-0.0244439555360953,-0.0043,0.0147297245761443));
#6590=CARTESIAN_POINT('',(-0.0246681954748922,-0.0043,0.0147601098514095));
#6591=CARTESIAN_POINT('',(-0.0249034542124036,-0.0043,0.0147872089189989));
#6592=CARTESIAN_POINT('',(-0.0251496856882284,-0.0043,0.0148105929125641));
#6593=CARTESIAN_POINT('',(-0.0254068317196095,-0.0043,0.014829832682152));
#6594=CARTESIAN_POINT('',(-0.0256748189074366,-0.0043,0.0148445034483817));
#6595=CARTESIAN_POINT('',(-0.0259535705770177,-0.0043,0.0148541685500436));
#6596=CARTESIAN_POINT('',(-0.0262429610056248,-0.0043,0.0148584435011467));
#6597=CARTESIAN_POINT('',(-0.0265429911519994,-0.0043,0.014856751877606));
#6598=CARTESIAN_POINT('',(-0.0267925374825195,-0.0043,0.0148507254774943));
#6599=CARTESIAN_POINT('',(-0.0269425852223268,-0.0043,0.0148443757492393));
#6600=CARTESIAN_POINT('',(-0.0269878783655654,-0.0043,0.0148423185966831));
#6601=CARTESIAN_POINT('',(-0.0227722690261881,-0.0043,0.00903735378298943));
#6602=CARTESIAN_POINT('',(-0.0235725210493213,-0.0043,0.00935427682604418));
#6603=CARTESIAN_POINT('',(-0.0244473723461685,-0.0043,0.0097007433480927));
#6604=CARTESIAN_POINT('',(-0.0244736106722351,-0.0043,0.009713091287622));
#6605=CARTESIAN_POINT('',(-0.0245009844881634,-0.0043,0.00972540018901731));
#6606=CARTESIAN_POINT('',(-0.024532969339414,-0.0043,0.00974085383638786));
#6607=CARTESIAN_POINT('',(-0.0245756298822119,-0.0043,0.00976236708111951));
#6608=CARTESIAN_POINT('',(-0.0246266404083196,-0.0043,0.00978944658759068));
#6609=CARTESIAN_POINT('',(-0.0246864562407137,-0.0043,0.00982272664703245));
#6610=CARTESIAN_POINT('',(-0.0247546400062909,-0.0043,0.00986247701497917));
#6611=CARTESIAN_POINT('',(-0.0248310148991766,-0.0043,0.00990907083868084));
#6612=CARTESIAN_POINT('',(-0.0249153123301234,-0.0043,0.0099628412173531));
#6613=CARTESIAN_POINT('',(-0.0250072775641907,-0.0043,0.0100241237392675));
#6614=CARTESIAN_POINT('',(-0.0251066387336342,-0.0043,0.0100932435434577));
#6615=CARTESIAN_POINT('',(-0.0252131161164176,-0.0043,0.010170518734476));
#6616=CARTESIAN_POINT('',(-0.0253264197050504,-0.0043,0.0102562590448553));
#6617=CARTESIAN_POINT('',(-0.0254462501727571,-0.0043,0.010350765879771));
#6618=CARTESIAN_POINT('',(-0.0255722988763236,-0.0043,0.0104543319733338));
#6619=CARTESIAN_POINT('',(-0.0257042481435687,-0.0043,0.0105672411634774));
#6620=CARTESIAN_POINT('',(-0.0258417714889962,-0.0043,0.0106897681407126));
#6621=CARTESIAN_POINT('',(-0.0259845338579931,-0.0043,0.0108221782123903));
#6622=CARTESIAN_POINT('',(-0.02613219187157,-0.0043,0.0109647270685838));
#6623=CARTESIAN_POINT('',(-0.0262843940763728,-0.0043,0.0111176605622591));
#6624=CARTESIAN_POINT('',(-0.0264407812094409,-0.0043,0.0112812144668756));
#6625=CARTESIAN_POINT('',(-0.0266009864320346,-0.0043,0.0114556143513175));
#6626=CARTESIAN_POINT('',(-0.0267646357103653,-0.0043,0.0116410750332526));
#6627=CARTESIAN_POINT('',(-0.026931347655861,-0.0043,0.0118378016898547));
#6628=CARTESIAN_POINT('',(-0.0271007354718695,-0.0043,0.0120459846190519));
#6629=CARTESIAN_POINT('',(-0.027272400823798,-0.0043,0.0122658184527346));
#6630=CARTESIAN_POINT('',(-0.0274459587579804,-0.0043,0.0124974274742746));
#6631=CARTESIAN_POINT('',(-0.02762094350107,-0.0043,0.0127411512728861));
#6632=CARTESIAN_POINT('',(-0.0277627476938082,-0.0043,0.0129465807242708));
#6633=CARTESIAN_POINT('',(-0.0278458065043387,-0.0043,0.0130717041723668));
#6634=CARTESIAN_POINT('',(-0.0278707648745864,-0.0043,0.0131095562589098));
#6635=CARTESIAN_POINT('',(-0.0237811109351815,-0.0043,0.00943701590748775));
#6636=CARTESIAN_POINT('',(-0.0241897761381902,-0.0043,0.00840627236955398));
#6637=CARTESIAN_POINT('',(-0.0231424156540426,-0.0043,0.00804230052258213));
#6638=CARTESIAN_POINT('',(-3.81954166713191E-16,-0.0043,1.26840426130076E-16));
#6639=CARTESIAN_POINT('',(0.,-0.0043,1.53080849893419E-19));
#6640=CARTESIAN_POINT('',(-0.0025,-0.0043,1.53080849893419E-19));
#6641=CARTESIAN_POINT('',(0.,0.0002,5.03610900928055E-19));
#6642=CARTESIAN_POINT('',(0.,-0.0038,2.20436423846524E-19));
#6643=CARTESIAN_POINT('',(-0.0036,-0.0038,2.20436423846524E-19));
#6644=CARTESIAN_POINT('',(0.00233093568089836,-0.00146,0.00274349026816479));
#6645=CARTESIAN_POINT('',(0.00233093568089836,-0.00146,0.00274349026816479));
#6646=CARTESIAN_POINT('',(0.,-0.00146,5.03610900928055E-19));
#6647=CARTESIAN_POINT('',(0.00233093568089836,-0.00146,-0.00274349026816479));
#6648=CARTESIAN_POINT('',(0.00233093568089836,-0.00146,-0.00274349026816479));
#6649=CARTESIAN_POINT('',(-0.00233093568089836,-0.00146,-0.00274349026816479));
#6650=CARTESIAN_POINT('',(-0.00233093568089836,-0.00146,-0.00274349026816479));
#6651=CARTESIAN_POINT('',(0.,-0.00146,5.03610900928055E-19));
#6652=CARTESIAN_POINT('',(-0.00233093568089836,-0.00146,0.00274349026816479));
#6653=CARTESIAN_POINT('',(-0.00233093568089836,-0.00146,0.00274349026816479));
#6654=CARTESIAN_POINT('',(0.0255333787603416,0.0002,-0.0016263680458836));
#6655=CARTESIAN_POINT('',(0.0255333787603416,-0.0043,-0.0016263680458836));
#6656=CARTESIAN_POINT('',(0.0257325431926019,0.0002,-0.00163899313997449));
#6657=CARTESIAN_POINT('',(0.0257325431926019,-0.0043,-0.00163899313997449));
#6658=CARTESIAN_POINT('',(0.026079893608268,0.0002,-0.00166115762917886));
#6659=CARTESIAN_POINT('',(0.026079893608268,-0.0043,-0.00166115762917886));
#6660=CARTESIAN_POINT('',(0.0262766936550463,0.0002,-0.00167416218233038));
#6661=CARTESIAN_POINT('',(0.0262766936550463,-0.0043,-0.00167416218233038));
#6662=CARTESIAN_POINT('',(0.0262843003905473,0.0002,-0.00167575692182975));
#6663=CARTESIAN_POINT('',(0.0262843003905473,-0.0043,-0.00167575692182975));
#6664=CARTESIAN_POINT('',(0.0263390569376916,0.0002,-0.00168210677524707));
#6665=CARTESIAN_POINT('',(0.0263390569376916,-0.0043,-0.00168210677524707));
#6666=CARTESIAN_POINT('',(0.0264028134633846,0.0002,-0.00169231666548042));
#6667=CARTESIAN_POINT('',(0.0264028134633846,-0.0043,-0.00169231666548042));
#6668=CARTESIAN_POINT('',(0.0264992683079607,0.0002,-0.00171021829995484));
#6669=CARTESIAN_POINT('',(0.0264992683079607,-0.0043,-0.00171021829995484));
#6670=CARTESIAN_POINT('',(0.0266383365227213,0.0002,-0.00174047603213453));
#6671=CARTESIAN_POINT('',(0.0266383365227213,-0.0043,-0.00174047603213453));
#6672=CARTESIAN_POINT('',(0.0269103731743194,0.0002,-0.00181029057719147));
#6673=CARTESIAN_POINT('',(0.0269103731743194,-0.0043,-0.00181029057719147));
#6674=CARTESIAN_POINT('',(0.0273545494576505,0.0002,-0.0019561957192442));
#6675=CARTESIAN_POINT('',(0.0273545494576505,-0.0043,-0.0019561957192442));
#6676=CARTESIAN_POINT('',(0.0279433915454915,0.0002,-0.00220195210824841));
#6677=CARTESIAN_POINT('',(0.0279433915454915,-0.0043,-0.00220195210824841));
#6678=CARTESIAN_POINT('',(0.0285694226977539,0.0002,-0.00251583454527234));
#6679=CARTESIAN_POINT('',(0.0285694226977539,-0.0043,-0.00251583454527234));
#6680=CARTESIAN_POINT('',(0.0294367428024206,0.0002,-0.00302257588710043));
#6681=CARTESIAN_POINT('',(0.0294367428024206,-0.0043,-0.00302257588710043));
#6682=CARTESIAN_POINT('',(0.0301091641874363,0.0002,-0.00349728246335093));
#6683=CARTESIAN_POINT('',(0.0301091641874363,-0.0043,-0.00349728246335093));
#6684=CARTESIAN_POINT('',(0.0305577482208231,0.0002,-0.00385538891329854));
#6685=CARTESIAN_POINT('',(0.0305577482208231,-0.0043,-0.00385538891329854));
#6686=CARTESIAN_POINT('',(0.0255333788112428,-0.0043,-0.00162636804911024));
#6687=CARTESIAN_POINT('',(0.0255333787603416,0.0002,0.0016263680458836));
#6688=CARTESIAN_POINT('',(0.0255333787603416,-0.0043,0.0016263680458836));
#6689=CARTESIAN_POINT('',(0.0257325431926019,0.0002,0.00163899313997449));
#6690=CARTESIAN_POINT('',(0.0257325431926019,-0.0043,0.00163899313997449));
#6691=CARTESIAN_POINT('',(0.026079893608268,0.0002,0.00166115762917887));
#6692=CARTESIAN_POINT('',(0.026079893608268,-0.0043,0.00166115762917887));
#6693=CARTESIAN_POINT('',(0.0262766936550463,0.0002,0.00167416218233038));
#6694=CARTESIAN_POINT('',(0.0262766936550463,-0.0043,0.00167416218233038));
#6695=CARTESIAN_POINT('',(0.0262843003905473,0.0002,0.00167575692182975));
#6696=CARTESIAN_POINT('',(0.0262843003905473,-0.0043,0.00167575692182975));
#6697=CARTESIAN_POINT('',(0.0263390569376916,0.0002,0.00168210677524707));
#6698=CARTESIAN_POINT('',(0.0263390569376916,-0.0043,0.00168210677524707));
#6699=CARTESIAN_POINT('',(0.0264028134633846,0.0002,0.00169231666548042));
#6700=CARTESIAN_POINT('',(0.0264028134633846,-0.0043,0.00169231666548042));
#6701=CARTESIAN_POINT('',(0.0264992683079607,0.0002,0.00171021829995484));
#6702=CARTESIAN_POINT('',(0.0264992683079607,-0.0043,0.00171021829995484));
#6703=CARTESIAN_POINT('',(0.0266383365227213,0.0002,0.00174047603213453));
#6704=CARTESIAN_POINT('',(0.0266383365227213,-0.0043,0.00174047603213453));
#6705=CARTESIAN_POINT('',(0.0269103731743194,0.0002,0.00181029057719148));
#6706=CARTESIAN_POINT('',(0.0269103731743194,-0.0043,0.00181029057719148));
#6707=CARTESIAN_POINT('',(0.0273545494576505,0.0002,0.0019561957192442));
#6708=CARTESIAN_POINT('',(0.0273545494576505,-0.0043,0.0019561957192442));
#6709=CARTESIAN_POINT('',(0.0279433915454915,0.0002,0.00220195210824842));
#6710=CARTESIAN_POINT('',(0.0279433915454915,-0.0043,0.00220195210824842));
#6711=CARTESIAN_POINT('',(0.0285694226977539,0.0002,0.00251583454527234));
#6712=CARTESIAN_POINT('',(0.0285694226977539,-0.0043,0.00251583454527234));
#6713=CARTESIAN_POINT('',(0.0294367428024207,0.0002,0.00302257588710045));
#6714=CARTESIAN_POINT('',(0.0294367428024207,-0.0043,0.00302257588710045));
#6715=CARTESIAN_POINT('',(0.0301091641874363,0.0002,0.00349728246335087));
#6716=CARTESIAN_POINT('',(0.0301091641874363,-0.0043,0.00349728246335087));
#6717=CARTESIAN_POINT('',(0.030557748220823,0.0002,0.00385538891329854));
#6718=CARTESIAN_POINT('',(0.030557748220823,-0.0043,0.00385538891329854));
#6719=CARTESIAN_POINT('',(0.0255333788112429,0.0002,0.00162636804911025));
#6720=CARTESIAN_POINT('',(4.02455846426619E-16,0.0002,-2.60208521396521E-18));
#6721=CARTESIAN_POINT('',(0.0244949527459366,0.0002,0.000497282590017678));
#6722=CARTESIAN_POINT('',(0.0244949527459366,0.0002,-0.000497282590017677));
#6723=CARTESIAN_POINT('',(0.0256035252454836,-0.00205,-0.000519788197989856));
#6724=CARTESIAN_POINT('',(0.0256035252454837,-0.00205,0.000519788197989858));
#6725=CARTESIAN_POINT('',(0.0237811108877687,0.0002,-0.00943701588868968));
#6726=CARTESIAN_POINT('',(0.0237811108877687,-0.0043,-0.00943701588868968));
#6727=CARTESIAN_POINT('',(0.0239666261502544,0.0002,-0.00951056826093714));
#6728=CARTESIAN_POINT('',(0.0239666261502544,-0.0043,-0.00951056826093714));
#6729=CARTESIAN_POINT('',(0.0242901268226757,0.0002,-0.00963898512426933));
#6730=CARTESIAN_POINT('',(0.0242901268226757,-0.0043,-0.00963898512426933));
#6731=CARTESIAN_POINT('',(0.0244732761616434,0.0002,-0.00971216774823389));
#6732=CARTESIAN_POINT('',(0.0244732761616434,-0.0043,-0.00971216774823389));
#6733=CARTESIAN_POINT('',(0.0244800177954024,0.0002,-0.00971603504616808));
#6734=CARTESIAN_POINT('',(0.0244800177954024,-0.0043,-0.00971603504616808));
#6735=CARTESIAN_POINT('',(0.0245301321537561,0.0002,-0.00973899481925901));
#6736=CARTESIAN_POINT('',(0.0245301321537561,-0.0043,-0.00973899481925901));
#6737=CARTESIAN_POINT('',(0.0245876131833799,0.0002,-0.00976840685183754));
#6738=CARTESIAN_POINT('',(0.0245876131833799,-0.0043,-0.00976840685183754));
#6739=CARTESIAN_POINT('',(0.0246738152825626,0.0002,-0.00981523850412059));
#6740=CARTESIAN_POINT('',(0.0246738152825626,-0.0043,-0.00981523850412059));
#6741=CARTESIAN_POINT('',(0.0247967268609654,0.0002,-0.0098869897592168));
#6742=CARTESIAN_POINT('',(0.0247967268609654,-0.0043,-0.0098869897592168));
#6743=CARTESIAN_POINT('',(0.0250338752102618,0.0002,-0.0100374512856621));
#6744=CARTESIAN_POINT('',(0.0250338752102618,-0.0043,-0.0100374512856621));
#6745=CARTESIAN_POINT('',(0.0254112247904466,0.0002,-0.0103134733418199));
#6746=CARTESIAN_POINT('',(0.0254112247904466,-0.0043,-0.0103134733418199));
#6747=CARTESIAN_POINT('',(0.025895303994478,0.0002,-0.0107291637691496));
#6748=CARTESIAN_POINT('',(0.025895303994478,-0.0043,-0.0107291637691496));
#6749=CARTESIAN_POINT('',(0.0263936999939648,0.0002,-0.011221137971289));
#6750=CARTESIAN_POINT('',(0.0263936999939648,-0.0043,-0.011221137971289));
#6751=CARTESIAN_POINT('',(0.0270619787448447,0.0002,-0.0119710942784158));
#6752=CARTESIAN_POINT('',(0.0270619787448447,-0.0043,-0.0119710942784158));
#6753=CARTESIAN_POINT('',(0.0275547970853569,0.0002,-0.0126303566964382));
#6754=CARTESIAN_POINT('',(0.0275547970853569,-0.0043,-0.0126303566964382));
#6755=CARTESIAN_POINT('',(0.0278707648745864,0.0002,-0.0131095562589098));
#6756=CARTESIAN_POINT('',(0.0278707648745864,-0.0043,-0.0131095562589098));
#6757=CARTESIAN_POINT('',(0.0237811109351815,-0.0043,-0.00943701590748775));
#6758=CARTESIAN_POINT('',(0.0247862616183416,0.0002,-0.00634348003282608));
#6759=CARTESIAN_POINT('',(0.0247862616183416,-0.0043,-0.00634348003282608));
#6760=CARTESIAN_POINT('',(0.0249795796180867,0.0002,-0.00639301804906559));
#6761=CARTESIAN_POINT('',(0.0249795796180867,-0.0043,-0.00639301804906559));
#6762=CARTESIAN_POINT('',(0.0253167786981795,0.0002,-0.00647927554862142));
#6763=CARTESIAN_POINT('',(0.0253167786981795,-0.0043,-0.00647927554862142));
#6764=CARTESIAN_POINT('',(0.0255079652930033,0.0002,-0.00652772204255345));
#6765=CARTESIAN_POINT('',(0.0255079652930033,-0.0043,-0.00652772204255345));
#6766=CARTESIAN_POINT('',(0.0255156925299761,0.0002,-0.0065285559657023));
#6767=CARTESIAN_POINT('',(0.0255156925299761,-0.0043,-0.0065285559657023));
#6768=CARTESIAN_POINT('',(0.0255697313135652,0.0002,-0.00653943759985311));
#6769=CARTESIAN_POINT('',(0.0255697313135652,-0.0043,-0.00653943759985311));
#6770=CARTESIAN_POINT('',(0.0256335224023747,0.0002,-0.00654942926715747));
#6771=CARTESIAN_POINT('',(0.0256335224023747,-0.0043,-0.00654942926715747));
#6772=CARTESIAN_POINT('',(0.0257307883201167,0.0002,-0.00656220998720205));
#6773=CARTESIAN_POINT('',(0.0257307883201167,-0.0043,-0.00656220998720205));
#6774=CARTESIAN_POINT('',(0.0258724002054291,0.0002,-0.00657640761558266));
#6775=CARTESIAN_POINT('',(0.0258724002054291,-0.0043,-0.00657640761558266));
#6776=CARTESIAN_POINT('',(0.0261526963164797,0.0002,-0.00659407398601072));
#6777=CARTESIAN_POINT('',(0.0261526963164797,-0.0043,-0.00659407398601072));
#6778=CARTESIAN_POINT('',(0.0266202202335866,0.0002,-0.00659256796994812));
#6779=CARTESIAN_POINT('',(0.0266202202335866,-0.0043,-0.00659256796994812));
#6780=CARTESIAN_POINT('',(0.027256185238975,0.0002,-0.00654080196691058));
#6781=CARTESIAN_POINT('',(0.027256185238975,-0.0043,-0.00654080196691058));
#6782=CARTESIAN_POINT('',(0.0279485712530143,0.0002,-0.0064357362948856));
#6783=CARTESIAN_POINT('',(0.0279485712530143,-0.0043,-0.0064357362948856));
#6784=CARTESIAN_POINT('',(0.0289300333766485,0.0002,-0.00622181329156892));
#6785=CARTESIAN_POINT('',(0.0289300333766485,-0.0043,-0.00622181329156892));
#6786=CARTESIAN_POINT('',(0.0297162365159674,0.0002,-0.00597813014424883));
#6787=CARTESIAN_POINT('',(0.0297162365159674,-0.0043,-0.00597813014424883));
#6788=CARTESIAN_POINT('',(0.0302535262628544,0.0002,-0.00577617076122047));
#6789=CARTESIAN_POINT('',(0.0302535262628544,-0.0043,-0.00577617076122047));
#6790=CARTESIAN_POINT('',(0.0247862616677487,0.0002,-0.00634348004548671));
#6791=CARTESIAN_POINT('',(3.81954166713191E-16,0.0002,-1.26840426130076E-16));
#6792=CARTESIAN_POINT('',(0.0234497531966871,0.0002,-0.00709641282722925));
#6793=CARTESIAN_POINT('',(0.0231424156540426,0.0002,-0.00804230052258213));
#6794=CARTESIAN_POINT('',(0.0241897761381902,-0.00205,-0.00840627236955399));
#6795=CARTESIAN_POINT('',(0.0245110229114991,-0.00205,-0.00741757646397087));
#6796=CARTESIAN_POINT('',(0.0136923840882984,0.0002,-0.0216128924930988));
#6797=CARTESIAN_POINT('',(0.0136923840882984,-0.0043,-0.0216128924930988));
#6798=CARTESIAN_POINT('',(0.0137992360886871,0.0002,-0.0217814407475878));
#6799=CARTESIAN_POINT('',(0.0137992360886871,-0.0043,-0.0217814407475878));
#6800=CARTESIAN_POINT('',(0.0139854720919553,0.0002,-0.0220754810967438));
#6801=CARTESIAN_POINT('',(0.0139854720919553,-0.0043,-0.0220754810967438));
#6802=CARTESIAN_POINT('',(0.0140906273525983,0.0002,-0.0222423395636364));
#6803=CARTESIAN_POINT('',(0.0140906273525983,-0.0043,-0.0222423395636364));
#6804=CARTESIAN_POINT('',(0.0140938083081873,0.0002,-0.0222494309062874));
#6805=CARTESIAN_POINT('',(0.0140938083081873,-0.0043,-0.0222494309062874));
#6806=CARTESIAN_POINT('',(0.0141208562597387,0.0002,-0.0222974622336733));
#6807=CARTESIAN_POINT('',(0.0141208562597387,-0.0043,-0.0222974622336733));
#6808=CARTESIAN_POINT('',(0.014150071430569,0.0002,-0.0223550435693679));
#6809=CARTESIAN_POINT('',(0.014150071430569,-0.0043,-0.0223550435693679));
#6810=CARTESIAN_POINT('',(0.0141922834392061,0.0002,-0.0224435994945558));
#6811=CARTESIAN_POINT('',(0.0141922834392061,-0.0043,-0.0224435994945558));
#6812=CARTESIAN_POINT('',(0.0142495466653604,0.0002,-0.0225738930924175));
#6813=CARTESIAN_POINT('',(0.0142495466653604,-0.0043,-0.0225738930924175));
#6814=CARTESIAN_POINT('',(0.0143529646438472,0.0002,-0.0228350113266333));
#6815=CARTESIAN_POINT('',(0.0143529646438472,-0.0043,-0.0228350113266333));
#6816=CARTESIAN_POINT('',(0.0144960051731199,0.0002,-0.0232801183790786));
#6817=CARTESIAN_POINT('',(0.0144960051731199,-0.0043,-0.0232801183790786));
#6818=CARTESIAN_POINT('',(0.0146432967731013,0.0002,-0.0239009536162586));
#6819=CARTESIAN_POINT('',(0.0146432967731013,-0.0043,-0.0239009536162586));
#6820=CARTESIAN_POINT('',(0.0147573324260887,0.0002,-0.0245919189248833));
#6821=CARTESIAN_POINT('',(0.0147573324260887,-0.0043,-0.0245919189248833));
#6822=CARTESIAN_POINT('',(0.0148571680353373,0.0002,-0.0255914507165751));
#6823=CARTESIAN_POINT('',(0.0148571680353373,-0.0043,-0.0255914507165751));
#6824=CARTESIAN_POINT('',(0.0148683617212474,0.0002,-0.0264144765691205));
#6825=CARTESIAN_POINT('',(0.0148683617212474,-0.0043,-0.0264144765691205));
#6826=CARTESIAN_POINT('',(0.0148423185966831,0.0002,-0.0269878783655654));
#6827=CARTESIAN_POINT('',(0.0148423185966831,-0.0043,-0.0269878783655654));
#6828=CARTESIAN_POINT('',(0.013692384115607,-0.0043,-0.0216128925361753));
#6829=CARTESIAN_POINT('',(0.0163239028647549,0.0002,-0.0197009821887586));
#6830=CARTESIAN_POINT('',(0.0163239028647549,-0.0043,-0.0197009821887586));
#6831=CARTESIAN_POINT('',(0.0164511826964938,0.0002,-0.0198546887550168));
#6832=CARTESIAN_POINT('',(0.0164511826964938,-0.0043,-0.0198546887550168));
#6833=CARTESIAN_POINT('',(0.016673281596638,0.0002,-0.0201226731844149));
#6834=CARTESIAN_POINT('',(0.016673281596638,-0.0043,-0.0201226731844149));
#6835=CARTESIAN_POINT('',(0.0167994786662885,0.0002,-0.0202742438821972));
#6836=CARTESIAN_POINT('',(0.0167994786662885,-0.0043,-0.0202742438821972));
#6837=CARTESIAN_POINT('',(0.0168052399645907,0.0002,-0.0202794604961303));
#6838=CARTESIAN_POINT('',(0.0168052399645907,-0.0043,-0.0202794604961303));
#6839=CARTESIAN_POINT('',(0.016842562194795,0.0002,-0.0203200271231304));
#6840=CARTESIAN_POINT('',(0.016842562194795,-0.0043,-0.0203200271231304));
#6841=CARTESIAN_POINT('',(0.0168882973150442,0.0002,-0.0203656060130116));
#6842=CARTESIAN_POINT('',(0.0168882973150442,-0.0043,-0.0203656060130116));
#6843=CARTESIAN_POINT('',(0.0169594747767151,0.0002,-0.0204331173047275));
#6844=CARTESIAN_POINT('',(0.0169594747767151,-0.0043,-0.0204331173047275));
#6845=CARTESIAN_POINT('',(0.0170656960419587,0.0002,-0.0205278408051032));
#6846=CARTESIAN_POINT('',(0.0170656960419587,-0.0043,-0.0205278408051032));
#6847=CARTESIAN_POINT('',(0.0172820763272567,0.0002,-0.0207068871193589));
#6848=CARTESIAN_POINT('',(0.0172820763272567,-0.0043,-0.0207068871193589));
#6849=CARTESIAN_POINT('',(0.0176611963355041,0.0002,-0.0209804723903398));
#6850=CARTESIAN_POINT('',(0.0176611963355041,-0.0043,-0.0209804723903398));
#6851=CARTESIAN_POINT('',(0.0182061301258468,0.0002,-0.0213124036652931));
#6852=CARTESIAN_POINT('',(0.0182061301258468,-0.0043,-0.0213124036652931));
#6853=CARTESIAN_POINT('',(0.0188280382304105,0.0002,-0.0216343780390453));
#6854=CARTESIAN_POINT('',(0.0188280382304105,-0.0043,-0.0216343780390453));
#6855=CARTESIAN_POINT('',(0.0197477985542417,0.0002,-0.0220381996558303));
#6856=CARTESIAN_POINT('',(0.0197477985542417,-0.0043,-0.0220381996558303));
#6857=CARTESIAN_POINT('',(0.0205270836152081,0.0002,-0.0223031744590027));
#6858=CARTESIAN_POINT('',(0.0205270836152081,-0.0043,-0.0223031744590027));
#6859=CARTESIAN_POINT('',(0.0210804688982496,0.0002,-0.0224555968753879));
#6860=CARTESIAN_POINT('',(0.0210804688982496,-0.0043,-0.0224555968753879));
#6861=CARTESIAN_POINT('',(0.0163239028972843,0.0002,-0.019700982228042));
#6862=CARTESIAN_POINT('',(2.34452480069541E-16,0.0002,-3.27123086558666E-16));
#6863=CARTESIAN_POINT('',(0.0148000820459936,0.0002,-0.0195245376752398));
#6864=CARTESIAN_POINT('',(0.0139954619133314,0.0002,-0.0201091284205081));
#6865=CARTESIAN_POINT('',(0.0146288570603439,-0.00205,-0.0210192108765983));
#6866=CARTESIAN_POINT('',(0.0154698920316426,-0.00205,-0.0204081632024101));
#6867=CARTESIAN_POINT('',(0.0197009821887585,0.0002,-0.0163239028647548));
#6868=CARTESIAN_POINT('',(0.0197009821887585,-0.0043,-0.0163239028647548));
#6869=CARTESIAN_POINT('',(0.0198546887550167,0.0002,-0.0164511826964938));
#6870=CARTESIAN_POINT('',(0.0198546887550167,-0.0043,-0.0164511826964938));
#6871=CARTESIAN_POINT('',(0.0201226731844149,0.0002,-0.0166732815966379));
#6872=CARTESIAN_POINT('',(0.0201226731844149,-0.0043,-0.0166732815966379));
#6873=CARTESIAN_POINT('',(0.0202742438821972,0.0002,-0.0167994786662886));
#6874=CARTESIAN_POINT('',(0.0202742438821972,-0.0043,-0.0167994786662886));
#6875=CARTESIAN_POINT('',(0.0202794604961303,0.0002,-0.0168052399645907));
#6876=CARTESIAN_POINT('',(0.0202794604961303,-0.0043,-0.0168052399645907));
#6877=CARTESIAN_POINT('',(0.0203200271231304,0.0002,-0.016842562194795));
#6878=CARTESIAN_POINT('',(0.0203200271231304,-0.0043,-0.016842562194795));
#6879=CARTESIAN_POINT('',(0.0203656060130116,0.0002,-0.0168882973150442));
#6880=CARTESIAN_POINT('',(0.0203656060130116,-0.0043,-0.0168882973150442));
#6881=CARTESIAN_POINT('',(0.0204331173047275,0.0002,-0.0169594747767151));
#6882=CARTESIAN_POINT('',(0.0204331173047275,-0.0043,-0.0169594747767151));
#6883=CARTESIAN_POINT('',(0.0205278408051031,0.0002,-0.0170656960419587));
#6884=CARTESIAN_POINT('',(0.0205278408051031,-0.0043,-0.0170656960419587));
#6885=CARTESIAN_POINT('',(0.0207068871193589,0.0002,-0.0172820763272567));
#6886=CARTESIAN_POINT('',(0.0207068871193589,-0.0043,-0.0172820763272567));
#6887=CARTESIAN_POINT('',(0.0209804723903398,0.0002,-0.0176611963355041));
#6888=CARTESIAN_POINT('',(0.0209804723903398,-0.0043,-0.0176611963355041));
#6889=CARTESIAN_POINT('',(0.021312403665293,0.0002,-0.0182061301258468));
#6890=CARTESIAN_POINT('',(0.021312403665293,-0.0043,-0.0182061301258468));
#6891=CARTESIAN_POINT('',(0.0216343780390453,0.0002,-0.0188280382304105));
#6892=CARTESIAN_POINT('',(0.0216343780390453,-0.0043,-0.0188280382304105));
#6893=CARTESIAN_POINT('',(0.0220381996558302,0.0002,-0.0197477985542417));
#6894=CARTESIAN_POINT('',(0.0220381996558302,-0.0043,-0.0197477985542417));
#6895=CARTESIAN_POINT('',(0.0223031744590027,0.0002,-0.0205270836152081));
#6896=CARTESIAN_POINT('',(0.0223031744590027,-0.0043,-0.0205270836152081));
#6897=CARTESIAN_POINT('',(0.0224555968753879,0.0002,-0.0210804688982497));
#6898=CARTESIAN_POINT('',(0.0224555968753879,-0.0043,-0.0210804688982497));
#6899=CARTESIAN_POINT('',(0.0197009822280419,-0.0043,-0.0163239028972842));
#6900=CARTESIAN_POINT('',(0.0216128924930988,0.0002,-0.0136923840882985));
#6901=CARTESIAN_POINT('',(0.0216128924930988,-0.00429999999999999,-0.0136923840882985));
#6902=CARTESIAN_POINT('',(0.0217814407475879,0.0002,-0.0137992360886872));
#6903=CARTESIAN_POINT('',(0.0217814407475879,-0.00429999999999999,-0.0137992360886872));
#6904=CARTESIAN_POINT('',(0.0220754810967438,0.0002,-0.0139854720919554));
#6905=CARTESIAN_POINT('',(0.0220754810967438,-0.00429999999999999,-0.0139854720919554));
#6906=CARTESIAN_POINT('',(0.0222423395636364,0.0002,-0.0140906273525983));
#6907=CARTESIAN_POINT('',(0.0222423395636364,-0.00429999999999999,-0.0140906273525983));
#6908=CARTESIAN_POINT('',(0.0222494309062874,0.0002,-0.0140938083081873));
#6909=CARTESIAN_POINT('',(0.0222494309062874,-0.00429999999999999,-0.0140938083081873));
#6910=CARTESIAN_POINT('',(0.0222974622336733,0.0002,-0.0141208562597388));
#6911=CARTESIAN_POINT('',(0.0222974622336733,-0.00429999999999999,-0.0141208562597388));
#6912=CARTESIAN_POINT('',(0.022355043569368,0.0002,-0.014150071430569));
#6913=CARTESIAN_POINT('',(0.022355043569368,-0.00429999999999999,-0.014150071430569));
#6914=CARTESIAN_POINT('',(0.0224435994945558,0.0002,-0.0141922834392061));
#6915=CARTESIAN_POINT('',(0.0224435994945558,-0.00429999999999999,-0.0141922834392061));
#6916=CARTESIAN_POINT('',(0.0225738930924176,0.0002,-0.0142495466653604));
#6917=CARTESIAN_POINT('',(0.0225738930924176,-0.00429999999999999,-0.0142495466653604));
#6918=CARTESIAN_POINT('',(0.0228350113266333,0.0002,-0.0143529646438472));
#6919=CARTESIAN_POINT('',(0.0228350113266333,-0.00429999999999999,-0.0143529646438472));
#6920=CARTESIAN_POINT('',(0.0232801183790786,0.0002,-0.01449600517312));
#6921=CARTESIAN_POINT('',(0.0232801183790786,-0.00429999999999999,-0.01449600517312));
#6922=CARTESIAN_POINT('',(0.0239009536162586,0.0002,-0.0146432967731013));
#6923=CARTESIAN_POINT('',(0.0239009536162586,-0.00429999999999999,-0.0146432967731013));
#6924=CARTESIAN_POINT('',(0.0245919189248833,0.0002,-0.0147573324260887));
#6925=CARTESIAN_POINT('',(0.0245919189248833,-0.00429999999999999,-0.0147573324260887));
#6926=CARTESIAN_POINT('',(0.0255914507165751,0.0002,-0.0148571680353373));
#6927=CARTESIAN_POINT('',(0.0255914507165751,-0.00429999999999999,-0.0148571680353373));
#6928=CARTESIAN_POINT('',(0.0264144765691205,0.0002,-0.0148683617212474));
#6929=CARTESIAN_POINT('',(0.0264144765691205,-0.00429999999999999,-0.0148683617212474));
#6930=CARTESIAN_POINT('',(0.0269878783655654,0.0002,-0.0148423185966831));
#6931=CARTESIAN_POINT('',(0.0269878783655654,-0.00429999999999999,-0.0148423185966831));
#6932=CARTESIAN_POINT('',(0.0216128925361754,0.0002,-0.0136923841156071));
#6933=CARTESIAN_POINT('',(3.24064151930712E-16,0.0002,-2.38662742387361E-16));
#6934=CARTESIAN_POINT('',(0.0201091284205081,0.0002,-0.0139954619133314));
#6935=CARTESIAN_POINT('',(0.0195245376752398,0.0002,-0.0148000820459936));
#6936=CARTESIAN_POINT('',(0.0204081632024101,-0.00205,-0.0154698920316426));
#6937=CARTESIAN_POINT('',(0.0210192108765983,-0.00205,-0.014628857060344));
#6938=CARTESIAN_POINT('',(0.00943701588868968,0.0002,0.0237811108877687));
#6939=CARTESIAN_POINT('',(0.00943701588868968,-0.0043,0.0237811108877687));
#6940=CARTESIAN_POINT('',(0.00951056826093713,0.0002,0.0239666261502544));
#6941=CARTESIAN_POINT('',(0.00951056826093713,-0.0043,0.0239666261502544));
#6942=CARTESIAN_POINT('',(0.00963898512426932,0.0002,0.0242901268226757));
#6943=CARTESIAN_POINT('',(0.00963898512426932,-0.0043,0.0242901268226757));
#6944=CARTESIAN_POINT('',(0.00971216774823389,0.0002,0.0244732761616434));
#6945=CARTESIAN_POINT('',(0.00971216774823389,-0.0043,0.0244732761616434));
#6946=CARTESIAN_POINT('',(0.00971603504616809,0.0002,0.0244800177954024));
#6947=CARTESIAN_POINT('',(0.00971603504616809,-0.0043,0.0244800177954024));
#6948=CARTESIAN_POINT('',(0.00973899481925901,0.0002,0.024530132153756));
#6949=CARTESIAN_POINT('',(0.00973899481925901,-0.0043,0.024530132153756));
#6950=CARTESIAN_POINT('',(0.00976840685183755,0.0002,0.02458761318338));
#6951=CARTESIAN_POINT('',(0.00976840685183755,-0.0043,0.02458761318338));
#6952=CARTESIAN_POINT('',(0.00981523850412058,0.0002,0.0246738152825626));
#6953=CARTESIAN_POINT('',(0.00981523850412058,-0.0043,0.0246738152825626));
#6954=CARTESIAN_POINT('',(0.00988698975921679,0.0002,0.0247967268609654));
#6955=CARTESIAN_POINT('',(0.00988698975921679,-0.0043,0.0247967268609654));
#6956=CARTESIAN_POINT('',(0.0100374512856621,0.0002,0.0250338752102617));
#6957=CARTESIAN_POINT('',(0.0100374512856621,-0.0043,0.0250338752102617));
#6958=CARTESIAN_POINT('',(0.0103134733418199,0.0002,0.0254112247904466));
#6959=CARTESIAN_POINT('',(0.0103134733418199,-0.0043,0.0254112247904466));
#6960=CARTESIAN_POINT('',(0.0107291637691496,0.0002,0.025895303994478));
#6961=CARTESIAN_POINT('',(0.0107291637691496,-0.0043,0.025895303994478));
#6962=CARTESIAN_POINT('',(0.011221137971289,0.0002,0.0263936999939648));
#6963=CARTESIAN_POINT('',(0.011221137971289,-0.0043,0.0263936999939648));
#6964=CARTESIAN_POINT('',(0.0119710942784159,0.0002,0.0270619787448447));
#6965=CARTESIAN_POINT('',(0.0119710942784159,-0.0043,0.0270619787448447));
#6966=CARTESIAN_POINT('',(0.0126303566964379,0.0002,0.0275547970853569));
#6967=CARTESIAN_POINT('',(0.0126303566964379,-0.0043,0.0275547970853569));
#6968=CARTESIAN_POINT('',(0.0131095562589098,0.0002,0.0278707648745864));
#6969=CARTESIAN_POINT('',(0.0131095562589098,-0.0043,0.0278707648745864));
#6970=CARTESIAN_POINT('',(0.00943701590748775,-0.0043,0.0237811109351815));
#6971=CARTESIAN_POINT('',(0.00634348003282608,0.0002,0.0247862616183416));
#6972=CARTESIAN_POINT('',(0.00634348003282608,-0.0043,0.0247862616183416));
#6973=CARTESIAN_POINT('',(0.00639301804906558,0.0002,0.0249795796180867));
#6974=CARTESIAN_POINT('',(0.00639301804906558,-0.0043,0.0249795796180867));
#6975=CARTESIAN_POINT('',(0.00647927554862141,0.0002,0.0253167786981795));
#6976=CARTESIAN_POINT('',(0.00647927554862141,-0.0043,0.0253167786981795));
#6977=CARTESIAN_POINT('',(0.00652772204255345,0.0002,0.0255079652930033));
#6978=CARTESIAN_POINT('',(0.00652772204255345,-0.0043,0.0255079652930033));
#6979=CARTESIAN_POINT('',(0.0065285559657023,0.0002,0.0255156925299761));
#6980=CARTESIAN_POINT('',(0.0065285559657023,-0.0043,0.0255156925299761));
#6981=CARTESIAN_POINT('',(0.0065394375998531,0.0002,0.0255697313135653));
#6982=CARTESIAN_POINT('',(0.0065394375998531,-0.0043,0.0255697313135653));
#6983=CARTESIAN_POINT('',(0.00654942926715745,0.0002,0.0256335224023747));
#6984=CARTESIAN_POINT('',(0.00654942926715745,-0.0043,0.0256335224023747));
#6985=CARTESIAN_POINT('',(0.00656220998720204,0.0002,0.0257307883201167));
#6986=CARTESIAN_POINT('',(0.00656220998720204,-0.0043,0.0257307883201167));
#6987=CARTESIAN_POINT('',(0.00657640761558265,0.0002,0.0258724002054291));
#6988=CARTESIAN_POINT('',(0.00657640761558265,-0.0043,0.0258724002054291));
#6989=CARTESIAN_POINT('',(0.00659407398601072,0.0002,0.0261526963164797));
#6990=CARTESIAN_POINT('',(0.00659407398601072,-0.0043,0.0261526963164797));
#6991=CARTESIAN_POINT('',(0.00659256796994812,0.0002,0.0266202202335866));
#6992=CARTESIAN_POINT('',(0.00659256796994812,-0.0043,0.0266202202335866));
#6993=CARTESIAN_POINT('',(0.00654080196691058,0.0002,0.027256185238975));
#6994=CARTESIAN_POINT('',(0.00654080196691058,-0.0043,0.027256185238975));
#6995=CARTESIAN_POINT('',(0.00643573629488561,0.0002,0.0279485712530143));
#6996=CARTESIAN_POINT('',(0.00643573629488561,-0.0043,0.0279485712530143));
#6997=CARTESIAN_POINT('',(0.00622181329156889,0.0002,0.0289300333766485));
#6998=CARTESIAN_POINT('',(0.00622181329156889,-0.0043,0.0289300333766485));
#6999=CARTESIAN_POINT('',(0.00597813014424883,0.0002,0.0297162365159674));
#7000=CARTESIAN_POINT('',(0.00597813014424883,-0.0043,0.0297162365159674));
#7001=CARTESIAN_POINT('',(0.00577617076122047,0.0002,0.0302535262628544));
#7002=CARTESIAN_POINT('',(0.00577617076122047,-0.0043,0.0302535262628544));
#7003=CARTESIAN_POINT('',(0.0063434800454867,0.0002,0.0247862616677487));
#7004=CARTESIAN_POINT('',(1.26840426130076E-16,0.0002,3.81954166713191E-16));
#7005=CARTESIAN_POINT('',(0.00709641282722924,0.0002,0.0234497531966871));
#7006=CARTESIAN_POINT('',(0.00804230052258213,0.0002,0.0231424156540426));
#7007=CARTESIAN_POINT('',(0.00840627236955398,-0.00205,0.0241897761381902));
#7008=CARTESIAN_POINT('',(0.00741757646397087,-0.00205,0.0245110229114991));
#7009=CARTESIAN_POINT('',(0.0163239028647548,0.0002,0.0197009821887585));
#7010=CARTESIAN_POINT('',(0.0163239028647548,-0.0043,0.0197009821887585));
#7011=CARTESIAN_POINT('',(0.0164511826964938,0.0002,0.0198546887550168));
#7012=CARTESIAN_POINT('',(0.0164511826964938,-0.0043,0.0198546887550168));
#7013=CARTESIAN_POINT('',(0.0166732815966379,0.0002,0.0201226731844149));
#7014=CARTESIAN_POINT('',(0.0166732815966379,-0.0043,0.0201226731844149));
#7015=CARTESIAN_POINT('',(0.0167994786662885,0.0002,0.0202742438821972));
#7016=CARTESIAN_POINT('',(0.0167994786662885,-0.0043,0.0202742438821972));
#7017=CARTESIAN_POINT('',(0.0168052399645907,0.0002,0.0202794604961303));
#7018=CARTESIAN_POINT('',(0.0168052399645907,-0.0043,0.0202794604961303));
#7019=CARTESIAN_POINT('',(0.016842562194795,0.0002,0.0203200271231304));
#7020=CARTESIAN_POINT('',(0.016842562194795,-0.0043,0.0203200271231304));
#7021=CARTESIAN_POINT('',(0.0168882973150442,0.0002,0.0203656060130116));
#7022=CARTESIAN_POINT('',(0.0168882973150442,-0.0043,0.0203656060130116));
#7023=CARTESIAN_POINT('',(0.0169594747767151,0.0002,0.0204331173047275));
#7024=CARTESIAN_POINT('',(0.0169594747767151,-0.0043,0.0204331173047275));
#7025=CARTESIAN_POINT('',(0.0170656960419587,0.0002,0.0205278408051031));
#7026=CARTESIAN_POINT('',(0.0170656960419587,-0.0043,0.0205278408051031));
#7027=CARTESIAN_POINT('',(0.0172820763272567,0.0002,0.0207068871193589));
#7028=CARTESIAN_POINT('',(0.0172820763272567,-0.0043,0.0207068871193589));
#7029=CARTESIAN_POINT('',(0.0176611963355041,0.0002,0.0209804723903398));
#7030=CARTESIAN_POINT('',(0.0176611963355041,-0.0043,0.0209804723903398));
#7031=CARTESIAN_POINT('',(0.0182061301258468,0.0002,0.0213124036652931));
#7032=CARTESIAN_POINT('',(0.0182061301258468,-0.0043,0.0213124036652931));
#7033=CARTESIAN_POINT('',(0.0188280382304105,0.0002,0.0216343780390453));
#7034=CARTESIAN_POINT('',(0.0188280382304105,-0.0043,0.0216343780390453));
#7035=CARTESIAN_POINT('',(0.0197477985542416,0.0002,0.0220381996558302));
#7036=CARTESIAN_POINT('',(0.0197477985542416,-0.0043,0.0220381996558302));
#7037=CARTESIAN_POINT('',(0.0205270836152081,0.0002,0.0223031744590027));
#7038=CARTESIAN_POINT('',(0.0205270836152081,-0.0043,0.0223031744590027));
#7039=CARTESIAN_POINT('',(0.0210804688982497,0.0002,0.0224555968753879));
#7040=CARTESIAN_POINT('',(0.0210804688982497,-0.0043,0.0224555968753879));
#7041=CARTESIAN_POINT('',(0.0163239028972842,-0.0043,0.0197009822280419));
#7042=CARTESIAN_POINT('',(0.0136923840882985,0.0002,0.0216128924930988));
#7043=CARTESIAN_POINT('',(0.0136923840882985,-0.0043,0.0216128924930988));
#7044=CARTESIAN_POINT('',(0.0137992360886872,0.0002,0.0217814407475879));
#7045=CARTESIAN_POINT('',(0.0137992360886872,-0.0043,0.0217814407475879));
#7046=CARTESIAN_POINT('',(0.0139854720919553,0.0002,0.0220754810967438));
#7047=CARTESIAN_POINT('',(0.0139854720919553,-0.0043,0.0220754810967438));
#7048=CARTESIAN_POINT('',(0.0140906273525983,0.0002,0.0222423395636364));
#7049=CARTESIAN_POINT('',(0.0140906273525983,-0.0043,0.0222423395636364));
#7050=CARTESIAN_POINT('',(0.0140938083081873,0.0002,0.0222494309062874));
#7051=CARTESIAN_POINT('',(0.0140938083081873,-0.0043,0.0222494309062874));
#7052=CARTESIAN_POINT('',(0.0141208562597388,0.0002,0.0222974622336734));
#7053=CARTESIAN_POINT('',(0.0141208562597388,-0.0043,0.0222974622336734));
#7054=CARTESIAN_POINT('',(0.014150071430569,0.0002,0.022355043569368));
#7055=CARTESIAN_POINT('',(0.014150071430569,-0.0043,0.022355043569368));
#7056=CARTESIAN_POINT('',(0.0141922834392061,0.0002,0.0224435994945558));
#7057=CARTESIAN_POINT('',(0.0141922834392061,-0.0043,0.0224435994945558));
#7058=CARTESIAN_POINT('',(0.0142495466653604,0.0002,0.0225738930924176));
#7059=CARTESIAN_POINT('',(0.0142495466653604,-0.0043,0.0225738930924176));
#7060=CARTESIAN_POINT('',(0.0143529646438472,0.0002,0.0228350113266333));
#7061=CARTESIAN_POINT('',(0.0143529646438472,-0.0043,0.0228350113266333));
#7062=CARTESIAN_POINT('',(0.01449600517312,0.0002,0.0232801183790786));
#7063=CARTESIAN_POINT('',(0.01449600517312,-0.0043,0.0232801183790786));
#7064=CARTESIAN_POINT('',(0.0146432967731013,0.0002,0.0239009536162586));
#7065=CARTESIAN_POINT('',(0.0146432967731013,-0.0043,0.0239009536162586));
#7066=CARTESIAN_POINT('',(0.0147573324260887,0.0002,0.0245919189248833));
#7067=CARTESIAN_POINT('',(0.0147573324260887,-0.0043,0.0245919189248833));
#7068=CARTESIAN_POINT('',(0.0148571680353372,0.0002,0.0255914507165752));
#7069=CARTESIAN_POINT('',(0.0148571680353372,-0.0043,0.0255914507165752));
#7070=CARTESIAN_POINT('',(0.0148683617212477,0.0002,0.0264144765691205));
#7071=CARTESIAN_POINT('',(0.0148683617212477,-0.0043,0.0264144765691205));
#7072=CARTESIAN_POINT('',(0.0148423185966831,0.0002,0.0269878783655654));
#7073=CARTESIAN_POINT('',(0.0148423185966831,-0.0043,0.0269878783655654));
#7074=CARTESIAN_POINT('',(0.0136923841156071,0.0002,0.0216128925361754));
#7075=CARTESIAN_POINT('',(2.38662742387361E-16,0.0002,3.24064151930712E-16));
#7076=CARTESIAN_POINT('',(0.0139954619133314,0.0002,0.0201091284205081));
#7077=CARTESIAN_POINT('',(0.0148000820459936,0.0002,0.0195245376752398));
#7078=CARTESIAN_POINT('',(0.0154698920316426,-0.00205,0.0204081632024101));
#7079=CARTESIAN_POINT('',(0.014628857060344,-0.00205,0.0210192108765983));
#7080=CARTESIAN_POINT('',(0.0216128924930988,0.0002,0.0136923840882984));
#7081=CARTESIAN_POINT('',(0.0216128924930988,-0.0043,0.0136923840882984));
#7082=CARTESIAN_POINT('',(0.0217814407475878,0.0002,0.0137992360886871));
#7083=CARTESIAN_POINT('',(0.0217814407475878,-0.0043,0.0137992360886871));
#7084=CARTESIAN_POINT('',(0.0220754810967438,0.0002,0.0139854720919553));
#7085=CARTESIAN_POINT('',(0.0220754810967438,-0.0043,0.0139854720919553));
#7086=CARTESIAN_POINT('',(0.0222423395636364,0.0002,0.0140906273525983));
#7087=CARTESIAN_POINT('',(0.0222423395636364,-0.0043,0.0140906273525983));
#7088=CARTESIAN_POINT('',(0.0222494309062874,0.0002,0.0140938083081873));
#7089=CARTESIAN_POINT('',(0.0222494309062874,-0.0043,0.0140938083081873));
#7090=CARTESIAN_POINT('',(0.0222974622336733,0.0002,0.0141208562597387));
#7091=CARTESIAN_POINT('',(0.0222974622336733,-0.0043,0.0141208562597387));
#7092=CARTESIAN_POINT('',(0.022355043569368,0.0002,0.014150071430569));
#7093=CARTESIAN_POINT('',(0.022355043569368,-0.0043,0.014150071430569));
#7094=CARTESIAN_POINT('',(0.0224435994945558,0.0002,0.0141922834392061));
#7095=CARTESIAN_POINT('',(0.0224435994945558,-0.0043,0.0141922834392061));
#7096=CARTESIAN_POINT('',(0.0225738930924175,0.0002,0.0142495466653604));
#7097=CARTESIAN_POINT('',(0.0225738930924175,-0.0043,0.0142495466653604));
#7098=CARTESIAN_POINT('',(0.0228350113266333,0.0002,0.0143529646438472));
#7099=CARTESIAN_POINT('',(0.0228350113266333,-0.0043,0.0143529646438472));
#7100=CARTESIAN_POINT('',(0.0232801183790786,0.0002,0.01449600517312));
#7101=CARTESIAN_POINT('',(0.0232801183790786,-0.0043,0.01449600517312));
#7102=CARTESIAN_POINT('',(0.0239009536162586,0.0002,0.0146432967731013));
#7103=CARTESIAN_POINT('',(0.0239009536162586,-0.0043,0.0146432967731013));
#7104=CARTESIAN_POINT('',(0.0245919189248833,0.0002,0.0147573324260887));
#7105=CARTESIAN_POINT('',(0.0245919189248833,-0.0043,0.0147573324260887));
#7106=CARTESIAN_POINT('',(0.0255914507165751,0.0002,0.0148571680353372));
#7107=CARTESIAN_POINT('',(0.0255914507165751,-0.0043,0.0148571680353372));
#7108=CARTESIAN_POINT('',(0.0264144765691205,0.0002,0.0148683617212477));
#7109=CARTESIAN_POINT('',(0.0264144765691205,-0.0043,0.0148683617212477));
#7110=CARTESIAN_POINT('',(0.0269878783655654,0.0002,0.0148423185966831));
#7111=CARTESIAN_POINT('',(0.0269878783655654,-0.0043,0.0148423185966831));
#7112=CARTESIAN_POINT('',(0.0216128925361753,-0.0043,0.013692384115607));
#7113=CARTESIAN_POINT('',(0.0197009821887586,0.0002,0.0163239028647549));
#7114=CARTESIAN_POINT('',(0.0197009821887586,-0.0043,0.0163239028647549));
#7115=CARTESIAN_POINT('',(0.0198546887550168,0.0002,0.0164511826964938));
#7116=CARTESIAN_POINT('',(0.0198546887550168,-0.0043,0.0164511826964938));
#7117=CARTESIAN_POINT('',(0.0201226731844149,0.0002,0.016673281596638));
#7118=CARTESIAN_POINT('',(0.0201226731844149,-0.0043,0.016673281596638));
#7119=CARTESIAN_POINT('',(0.0202742438821972,0.0002,0.0167994786662886));
#7120=CARTESIAN_POINT('',(0.0202742438821972,-0.0043,0.0167994786662886));
#7121=CARTESIAN_POINT('',(0.0202794604961303,0.0002,0.0168052399645907));
#7122=CARTESIAN_POINT('',(0.0202794604961303,-0.0043,0.0168052399645907));
#7123=CARTESIAN_POINT('',(0.0203200271231304,0.0002,0.016842562194795));
#7124=CARTESIAN_POINT('',(0.0203200271231304,-0.0043,0.016842562194795));
#7125=CARTESIAN_POINT('',(0.0203656060130116,0.0002,0.0168882973150443));
#7126=CARTESIAN_POINT('',(0.0203656060130116,-0.0043,0.0168882973150443));
#7127=CARTESIAN_POINT('',(0.0204331173047275,0.0002,0.0169594747767151));
#7128=CARTESIAN_POINT('',(0.0204331173047275,-0.0043,0.0169594747767151));
#7129=CARTESIAN_POINT('',(0.0205278408051032,0.0002,0.0170656960419587));
#7130=CARTESIAN_POINT('',(0.0205278408051032,-0.0043,0.0170656960419587));
#7131=CARTESIAN_POINT('',(0.0207068871193589,0.0002,0.0172820763272566));
#7132=CARTESIAN_POINT('',(0.0207068871193589,-0.0043,0.0172820763272566));
#7133=CARTESIAN_POINT('',(0.0209804723903399,0.0002,0.0176611963355041));
#7134=CARTESIAN_POINT('',(0.0209804723903399,-0.0043,0.0176611963355041));
#7135=CARTESIAN_POINT('',(0.0213124036652931,0.0002,0.0182061301258468));
#7136=CARTESIAN_POINT('',(0.0213124036652931,-0.0043,0.0182061301258468));
#7137=CARTESIAN_POINT('',(0.0216343780390452,0.0002,0.0188280382304105));
#7138=CARTESIAN_POINT('',(0.0216343780390452,-0.0043,0.0188280382304105));
#7139=CARTESIAN_POINT('',(0.0220381996558303,0.0002,0.0197477985542417));
#7140=CARTESIAN_POINT('',(0.0220381996558303,-0.0043,0.0197477985542417));
#7141=CARTESIAN_POINT('',(0.0223031744590027,0.0002,0.0205270836152081));
#7142=CARTESIAN_POINT('',(0.0223031744590027,-0.0043,0.0205270836152081));
#7143=CARTESIAN_POINT('',(0.0224555968753879,0.0002,0.0210804688982496));
#7144=CARTESIAN_POINT('',(0.0224555968753879,-0.0043,0.0210804688982496));
#7145=CARTESIAN_POINT('',(0.019700982228042,0.0002,0.0163239028972843));
#7146=CARTESIAN_POINT('',(3.27123086558666E-16,0.0002,2.34452480069541E-16));
#7147=CARTESIAN_POINT('',(0.0195245376752398,0.0002,0.0148000820459936));
#7148=CARTESIAN_POINT('',(0.0201091284205081,0.0002,0.0139954619133314));
#7149=CARTESIAN_POINT('',(0.0210192108765983,-0.00205,0.0146288570603439));
#7150=CARTESIAN_POINT('',(0.0204081632024101,-0.00205,0.0154698920316426));
#7151=CARTESIAN_POINT('',(0.0247862616183415,0.0002,0.00634348003282605));
#7152=CARTESIAN_POINT('',(0.0247862616183415,-0.0043,0.00634348003282605));
#7153=CARTESIAN_POINT('',(0.0249795796180866,0.0002,0.00639301804906556));
#7154=CARTESIAN_POINT('',(0.0249795796180866,-0.0043,0.00639301804906556));
#7155=CARTESIAN_POINT('',(0.0253167786981794,0.0002,0.0064792755486214));
#7156=CARTESIAN_POINT('',(0.0253167786981794,-0.0043,0.0064792755486214));
#7157=CARTESIAN_POINT('',(0.0255079652930033,0.0002,0.00652772204255345));
#7158=CARTESIAN_POINT('',(0.0255079652930033,-0.0043,0.00652772204255345));
#7159=CARTESIAN_POINT('',(0.0255156925299761,0.0002,0.0065285559657023));
#7160=CARTESIAN_POINT('',(0.0255156925299761,-0.0043,0.0065285559657023));
#7161=CARTESIAN_POINT('',(0.0255697313135652,0.0002,0.0065394375998531));
#7162=CARTESIAN_POINT('',(0.0255697313135652,-0.0043,0.0065394375998531));
#7163=CARTESIAN_POINT('',(0.0256335224023747,0.0002,0.00654942926715746));
#7164=CARTESIAN_POINT('',(0.0256335224023747,-0.0043,0.00654942926715746));
#7165=CARTESIAN_POINT('',(0.0257307883201167,0.0002,0.00656220998720203));
#7166=CARTESIAN_POINT('',(0.0257307883201167,-0.0043,0.00656220998720203));
#7167=CARTESIAN_POINT('',(0.0258724002054291,0.0002,0.00657640761558266));
#7168=CARTESIAN_POINT('',(0.0258724002054291,-0.0043,0.00657640761558266));
#7169=CARTESIAN_POINT('',(0.0261526963164797,0.0002,0.0065940739860107));
#7170=CARTESIAN_POINT('',(0.0261526963164797,-0.0043,0.0065940739860107));
#7171=CARTESIAN_POINT('',(0.0266202202335866,0.0002,0.00659256796994813));
#7172=CARTESIAN_POINT('',(0.0266202202335866,-0.0043,0.00659256796994813));
#7173=CARTESIAN_POINT('',(0.027256185238975,0.0002,0.00654080196691058));
#7174=CARTESIAN_POINT('',(0.027256185238975,-0.0043,0.00654080196691058));
#7175=CARTESIAN_POINT('',(0.0279485712530143,0.0002,0.00643573629488561));
#7176=CARTESIAN_POINT('',(0.0279485712530143,-0.0043,0.00643573629488561));
#7177=CARTESIAN_POINT('',(0.0289300333766485,0.0002,0.0062218132915689));
#7178=CARTESIAN_POINT('',(0.0289300333766485,-0.0043,0.0062218132915689));
#7179=CARTESIAN_POINT('',(0.0297162365159674,0.0002,0.00597813014424883));
#7180=CARTESIAN_POINT('',(0.0297162365159674,-0.0043,0.00597813014424883));
#7181=CARTESIAN_POINT('',(0.0302535262628544,0.0002,0.00577617076122047));
#7182=CARTESIAN_POINT('',(0.0302535262628544,-0.0043,0.00577617076122047));
#7183=CARTESIAN_POINT('',(0.0247862616677486,-0.0043,0.00634348004548668));
#7184=CARTESIAN_POINT('',(0.0237811108877688,0.0002,0.00943701588868971));
#7185=CARTESIAN_POINT('',(0.0237811108877688,-0.0043,0.00943701588868971));
#7186=CARTESIAN_POINT('',(0.0239666261502545,0.0002,0.00951056826093716));
#7187=CARTESIAN_POINT('',(0.0239666261502545,-0.0043,0.00951056826093716));
#7188=CARTESIAN_POINT('',(0.0242901268226757,0.0002,0.00963898512426935));
#7189=CARTESIAN_POINT('',(0.0242901268226757,-0.0043,0.00963898512426935));
#7190=CARTESIAN_POINT('',(0.0244732761616434,0.0002,0.00971216774823389));
#7191=CARTESIAN_POINT('',(0.0244732761616434,-0.0043,0.00971216774823389));
#7192=CARTESIAN_POINT('',(0.0244800177954024,0.0002,0.00971603504616809));
#7193=CARTESIAN_POINT('',(0.0244800177954024,-0.0043,0.00971603504616809));
#7194=CARTESIAN_POINT('',(0.0245301321537561,0.0002,0.00973899481925901));
#7195=CARTESIAN_POINT('',(0.0245301321537561,-0.0043,0.00973899481925901));
#7196=CARTESIAN_POINT('',(0.02458761318338,0.0002,0.00976840685183756));
#7197=CARTESIAN_POINT('',(0.02458761318338,-0.0043,0.00976840685183756));
#7198=CARTESIAN_POINT('',(0.0246738152825626,0.0002,0.00981523850412058));
#7199=CARTESIAN_POINT('',(0.0246738152825626,-0.0043,0.00981523850412058));
#7200=CARTESIAN_POINT('',(0.0247967268609654,0.0002,0.0098869897592168));
#7201=CARTESIAN_POINT('',(0.0247967268609654,-0.0043,0.0098869897592168));
#7202=CARTESIAN_POINT('',(0.0250338752102617,0.0002,0.0100374512856621));
#7203=CARTESIAN_POINT('',(0.0250338752102617,-0.0043,0.0100374512856621));
#7204=CARTESIAN_POINT('',(0.0254112247904466,0.0002,0.0103134733418199));
#7205=CARTESIAN_POINT('',(0.0254112247904466,-0.0043,0.0103134733418199));
#7206=CARTESIAN_POINT('',(0.025895303994478,0.0002,0.0107291637691496));
#7207=CARTESIAN_POINT('',(0.025895303994478,-0.0043,0.0107291637691496));
#7208=CARTESIAN_POINT('',(0.0263936999939648,0.0002,0.011221137971289));
#7209=CARTESIAN_POINT('',(0.0263936999939648,-0.0043,0.011221137971289));
#7210=CARTESIAN_POINT('',(0.0270619787448448,0.0002,0.0119710942784159));
#7211=CARTESIAN_POINT('',(0.0270619787448448,-0.0043,0.0119710942784159));
#7212=CARTESIAN_POINT('',(0.0275547970853569,0.0002,0.0126303566964382));
#7213=CARTESIAN_POINT('',(0.0275547970853569,-0.0043,0.0126303566964382));
#7214=CARTESIAN_POINT('',(0.0278707648745864,0.0002,0.0131095562589098));
#7215=CARTESIAN_POINT('',(0.0278707648745864,-0.0043,0.0131095562589098));
#7216=CARTESIAN_POINT('',(0.0237811109351816,0.0002,0.00943701590748778));
#7217=CARTESIAN_POINT('',(3.83562343817045E-16,0.0002,1.21890965932682E-16));
#7218=CARTESIAN_POINT('',(0.0231424156540426,0.0002,0.00804230052258213));
#7219=CARTESIAN_POINT('',(0.0234497531966871,0.0002,0.00709641282722924));
#7220=CARTESIAN_POINT('',(0.024511022911499,-0.00205,0.00741757646397085));
#7221=CARTESIAN_POINT('',(0.0241897761381903,-0.00205,0.00840627236955401));
#7222=CARTESIAN_POINT('',(0.0016263680458836,0.0002,0.0255333787603416));
#7223=CARTESIAN_POINT('',(0.0016263680458836,-0.0043,0.0255333787603416));
#7224=CARTESIAN_POINT('',(0.00163899313997449,0.0002,0.0257325431926019));
#7225=CARTESIAN_POINT('',(0.00163899313997449,-0.0043,0.0257325431926019));
#7226=CARTESIAN_POINT('',(0.00166115762917886,0.0002,0.026079893608268));
#7227=CARTESIAN_POINT('',(0.00166115762917886,-0.0043,0.026079893608268));
#7228=CARTESIAN_POINT('',(0.00167416218233038,0.0002,0.0262766936550463));
#7229=CARTESIAN_POINT('',(0.00167416218233038,-0.0043,0.0262766936550463));
#7230=CARTESIAN_POINT('',(0.00167575692182975,0.0002,0.0262843003905473));
#7231=CARTESIAN_POINT('',(0.00167575692182975,-0.0043,0.0262843003905473));
#7232=CARTESIAN_POINT('',(0.00168210677524707,0.0002,0.0263390569376916));
#7233=CARTESIAN_POINT('',(0.00168210677524707,-0.0043,0.0263390569376916));
#7234=CARTESIAN_POINT('',(0.00169231666548042,0.0002,0.0264028134633846));
#7235=CARTESIAN_POINT('',(0.00169231666548042,-0.0043,0.0264028134633846));
#7236=CARTESIAN_POINT('',(0.00171021829995485,0.0002,0.0264992683079607));
#7237=CARTESIAN_POINT('',(0.00171021829995485,-0.0043,0.0264992683079607));
#7238=CARTESIAN_POINT('',(0.00174047603213453,0.0002,0.0266383365227213));
#7239=CARTESIAN_POINT('',(0.00174047603213453,-0.0043,0.0266383365227213));
#7240=CARTESIAN_POINT('',(0.00181029057719147,0.0002,0.0269103731743194));
#7241=CARTESIAN_POINT('',(0.00181029057719147,-0.0043,0.0269103731743194));
#7242=CARTESIAN_POINT('',(0.0019561957192442,0.0002,0.0273545494576505));
#7243=CARTESIAN_POINT('',(0.0019561957192442,-0.0043,0.0273545494576505));
#7244=CARTESIAN_POINT('',(0.00220195210824841,0.0002,0.0279433915454915));
#7245=CARTESIAN_POINT('',(0.00220195210824841,-0.0043,0.0279433915454915));
#7246=CARTESIAN_POINT('',(0.00251583454527234,0.0002,0.0285694226977539));
#7247=CARTESIAN_POINT('',(0.00251583454527234,-0.0043,0.0285694226977539));
#7248=CARTESIAN_POINT('',(0.00302257588710044,0.0002,0.0294367428024206));
#7249=CARTESIAN_POINT('',(0.00302257588710044,-0.0043,0.0294367428024206));
#7250=CARTESIAN_POINT('',(0.00349728246335087,0.0002,0.0301091641874363));
#7251=CARTESIAN_POINT('',(0.00349728246335087,-0.0043,0.0301091641874363));
#7252=CARTESIAN_POINT('',(0.00385538891329855,0.0002,0.0305577482208231));
#7253=CARTESIAN_POINT('',(0.00385538891329855,-0.0043,0.0305577482208231));
#7254=CARTESIAN_POINT('',(0.00162636804911024,-0.0043,0.0255333788112428));
#7255=CARTESIAN_POINT('',(-0.0016263680458836,0.0002,0.0255333787603416));
#7256=CARTESIAN_POINT('',(-0.0016263680458836,-0.0043,0.0255333787603416));
#7257=CARTESIAN_POINT('',(-0.00163899313997449,0.0002,0.0257325431926019));
#7258=CARTESIAN_POINT('',(-0.00163899313997449,-0.0043,0.0257325431926019));
#7259=CARTESIAN_POINT('',(-0.00166115762917886,0.0002,0.026079893608268));
#7260=CARTESIAN_POINT('',(-0.00166115762917886,-0.0043,0.026079893608268));
#7261=CARTESIAN_POINT('',(-0.00167416218233038,0.0002,0.0262766936550464));
#7262=CARTESIAN_POINT('',(-0.00167416218233038,-0.0043,0.0262766936550464));
#7263=CARTESIAN_POINT('',(-0.00167575692182975,0.0002,0.0262843003905473));
#7264=CARTESIAN_POINT('',(-0.00167575692182975,-0.0043,0.0262843003905473));
#7265=CARTESIAN_POINT('',(-0.00168210677524707,0.0002,0.0263390569376916));
#7266=CARTESIAN_POINT('',(-0.00168210677524707,-0.0043,0.0263390569376916));
#7267=CARTESIAN_POINT('',(-0.00169231666548043,0.0002,0.0264028134633846));
#7268=CARTESIAN_POINT('',(-0.00169231666548043,-0.0043,0.0264028134633846));
#7269=CARTESIAN_POINT('',(-0.00171021829995484,0.0002,0.0264992683079607));
#7270=CARTESIAN_POINT('',(-0.00171021829995484,-0.0043,0.0264992683079607));
#7271=CARTESIAN_POINT('',(-0.00174047603213453,0.0002,0.0266383365227213));
#7272=CARTESIAN_POINT('',(-0.00174047603213453,-0.0043,0.0266383365227213));
#7273=CARTESIAN_POINT('',(-0.00181029057719148,0.0002,0.0269103731743194));
#7274=CARTESIAN_POINT('',(-0.00181029057719148,-0.0043,0.0269103731743194));
#7275=CARTESIAN_POINT('',(-0.0019561957192442,0.0002,0.0273545494576505));
#7276=CARTESIAN_POINT('',(-0.0019561957192442,-0.0043,0.0273545494576505));
#7277=CARTESIAN_POINT('',(-0.00220195210824842,0.0002,0.0279433915454915));
#7278=CARTESIAN_POINT('',(-0.00220195210824842,-0.0043,0.0279433915454915));
#7279=CARTESIAN_POINT('',(-0.00251583454527234,0.0002,0.0285694226977539));
#7280=CARTESIAN_POINT('',(-0.00251583454527234,-0.0043,0.0285694226977539));
#7281=CARTESIAN_POINT('',(-0.00302257588710045,0.0002,0.0294367428024207));
#7282=CARTESIAN_POINT('',(-0.00302257588710045,-0.0043,0.0294367428024207));
#7283=CARTESIAN_POINT('',(-0.00349728246335087,0.0002,0.0301091641874363));
#7284=CARTESIAN_POINT('',(-0.00349728246335087,-0.0043,0.0301091641874363));
#7285=CARTESIAN_POINT('',(-0.00385538891329854,0.0002,0.030557748220823));
#7286=CARTESIAN_POINT('',(-0.00385538891329854,-0.0043,0.030557748220823));
#7287=CARTESIAN_POINT('',(-0.00162636804911025,0.0002,0.0255333788112429));
#7288=CARTESIAN_POINT('',(2.60208521396523E-18,0.0002,4.02455846426619E-16));
#7289=CARTESIAN_POINT('',(-0.000497282590017676,0.0002,0.0244949527459366));
#7290=CARTESIAN_POINT('',(0.000497282590017678,0.0002,0.0244949527459366));
#7291=CARTESIAN_POINT('',(0.000519788197989857,-0.00205,0.0256035252454836));
#7292=CARTESIAN_POINT('',(-0.000519788197989857,-0.00205,0.0256035252454837));
#7293=CARTESIAN_POINT('',(-0.00634348003282605,0.0002,0.0247862616183415));
#7294=CARTESIAN_POINT('',(-0.00634348003282605,-0.0043,0.0247862616183415));
#7295=CARTESIAN_POINT('',(-0.00639301804906556,0.0002,0.0249795796180866));
#7296=CARTESIAN_POINT('',(-0.00639301804906556,-0.0043,0.0249795796180866));
#7297=CARTESIAN_POINT('',(-0.0064792755486214,0.0002,0.0253167786981794));
#7298=CARTESIAN_POINT('',(-0.0064792755486214,-0.0043,0.0253167786981794));
#7299=CARTESIAN_POINT('',(-0.00652772204255343,0.0002,0.0255079652930033));
#7300=CARTESIAN_POINT('',(-0.00652772204255343,-0.0043,0.0255079652930033));
#7301=CARTESIAN_POINT('',(-0.00652855596570229,0.0002,0.0255156925299761));
#7302=CARTESIAN_POINT('',(-0.00652855596570229,-0.0043,0.0255156925299761));
#7303=CARTESIAN_POINT('',(-0.0065394375998531,0.0002,0.0255697313135652));
#7304=CARTESIAN_POINT('',(-0.0065394375998531,-0.0043,0.0255697313135652));
#7305=CARTESIAN_POINT('',(-0.00654942926715746,0.0002,0.0256335224023747));
#7306=CARTESIAN_POINT('',(-0.00654942926715746,-0.0043,0.0256335224023747));
#7307=CARTESIAN_POINT('',(-0.00656220998720203,0.0002,0.0257307883201168));
#7308=CARTESIAN_POINT('',(-0.00656220998720203,-0.0043,0.0257307883201168));
#7309=CARTESIAN_POINT('',(-0.00657640761558266,0.0002,0.0258724002054291));
#7310=CARTESIAN_POINT('',(-0.00657640761558266,-0.0043,0.0258724002054291));
#7311=CARTESIAN_POINT('',(-0.0065940739860107,0.0002,0.0261526963164797));
#7312=CARTESIAN_POINT('',(-0.0065940739860107,-0.0043,0.0261526963164797));
#7313=CARTESIAN_POINT('',(-0.00659256796994813,0.0002,0.0266202202335866));
#7314=CARTESIAN_POINT('',(-0.00659256796994813,-0.0043,0.0266202202335866));
#7315=CARTESIAN_POINT('',(-0.00654080196691058,0.0002,0.027256185238975));
#7316=CARTESIAN_POINT('',(-0.00654080196691058,-0.0043,0.027256185238975));
#7317=CARTESIAN_POINT('',(-0.0064357362948856,0.0002,0.0279485712530143));
#7318=CARTESIAN_POINT('',(-0.0064357362948856,-0.0043,0.0279485712530143));
#7319=CARTESIAN_POINT('',(-0.00622181329156893,0.0002,0.0289300333766485));
#7320=CARTESIAN_POINT('',(-0.00622181329156893,-0.0043,0.0289300333766485));
#7321=CARTESIAN_POINT('',(-0.00597813014424871,0.0002,0.0297162365159674));
#7322=CARTESIAN_POINT('',(-0.00597813014424871,-0.0043,0.0297162365159674));
#7323=CARTESIAN_POINT('',(-0.00577617076122047,0.0002,0.0302535262628544));
#7324=CARTESIAN_POINT('',(-0.00577617076122047,-0.0043,0.0302535262628544));
#7325=CARTESIAN_POINT('',(-0.00634348004548668,-0.0043,0.0247862616677486));
#7326=CARTESIAN_POINT('',(-0.0094370158886897,0.0002,0.0237811108877688));
#7327=CARTESIAN_POINT('',(-0.0094370158886897,-0.00430000000000001,0.0237811108877688));
#7328=CARTESIAN_POINT('',(-0.00951056826093716,0.0002,0.0239666261502545));
#7329=CARTESIAN_POINT('',(-0.00951056826093716,-0.00430000000000001,0.0239666261502545));
#7330=CARTESIAN_POINT('',(-0.00963898512426934,0.0002,0.0242901268226757));
#7331=CARTESIAN_POINT('',(-0.00963898512426934,-0.00430000000000001,0.0242901268226757));
#7332=CARTESIAN_POINT('',(-0.00971216774823389,0.0002,0.0244732761616434));
#7333=CARTESIAN_POINT('',(-0.00971216774823389,-0.00430000000000001,0.0244732761616434));
#7334=CARTESIAN_POINT('',(-0.00971603504616807,0.0002,0.0244800177954024));
#7335=CARTESIAN_POINT('',(-0.00971603504616807,-0.00430000000000001,0.0244800177954024));
#7336=CARTESIAN_POINT('',(-0.00973899481925902,0.0002,0.0245301321537561));
#7337=CARTESIAN_POINT('',(-0.00973899481925902,-0.00430000000000001,0.0245301321537561));
#7338=CARTESIAN_POINT('',(-0.00976840685183755,0.0002,0.02458761318338));
#7339=CARTESIAN_POINT('',(-0.00976840685183755,-0.00430000000000001,0.02458761318338));
#7340=CARTESIAN_POINT('',(-0.00981523850412057,0.0002,0.0246738152825626));
#7341=CARTESIAN_POINT('',(-0.00981523850412057,-0.00430000000000001,0.0246738152825626));
#7342=CARTESIAN_POINT('',(-0.00988698975921681,0.0002,0.0247967268609654));
#7343=CARTESIAN_POINT('',(-0.00988698975921681,-0.00430000000000001,0.0247967268609654));
#7344=CARTESIAN_POINT('',(-0.0100374512856621,0.0002,0.0250338752102617));
#7345=CARTESIAN_POINT('',(-0.0100374512856621,-0.00430000000000001,0.0250338752102617));
#7346=CARTESIAN_POINT('',(-0.0103134733418199,0.0002,0.0254112247904466));
#7347=CARTESIAN_POINT('',(-0.0103134733418199,-0.00430000000000001,0.0254112247904466));
#7348=CARTESIAN_POINT('',(-0.0107291637691496,0.0002,0.025895303994478));
#7349=CARTESIAN_POINT('',(-0.0107291637691496,-0.00430000000000001,0.025895303994478));
#7350=CARTESIAN_POINT('',(-0.011221137971289,0.0002,0.0263936999939648));
#7351=CARTESIAN_POINT('',(-0.011221137971289,-0.00430000000000001,0.0263936999939648));
#7352=CARTESIAN_POINT('',(-0.0119710942784159,0.0002,0.0270619787448447));
#7353=CARTESIAN_POINT('',(-0.0119710942784159,-0.00430000000000001,0.0270619787448447));
#7354=CARTESIAN_POINT('',(-0.0126303566964379,0.0002,0.0275547970853569));
#7355=CARTESIAN_POINT('',(-0.0126303566964379,-0.00430000000000001,0.0275547970853569));
#7356=CARTESIAN_POINT('',(-0.0131095562589098,0.0002,0.0278707648745864));
#7357=CARTESIAN_POINT('',(-0.0131095562589098,-0.00430000000000001,0.0278707648745864));
#7358=CARTESIAN_POINT('',(-0.00943701590748778,0.0002,0.0237811109351816));
#7359=CARTESIAN_POINT('',(-1.21890965932682E-16,0.0002,3.83562343817045E-16));
#7360=CARTESIAN_POINT('',(-0.00804230052258213,0.0002,0.0231424156540426));
#7361=CARTESIAN_POINT('',(-0.00709641282722924,0.0002,0.0234497531966871));
#7362=CARTESIAN_POINT('',(-0.00741757646397084,-0.00205,0.024511022911499));
#7363=CARTESIAN_POINT('',(-0.00840627236955401,-0.00205,0.0241897761381903));
#7364=CARTESIAN_POINT('',(-0.0197009821887585,0.0002,0.0163239028647548));
#7365=CARTESIAN_POINT('',(-0.0197009821887585,-0.0043,0.0163239028647548));
#7366=CARTESIAN_POINT('',(-0.0198546887550167,0.0002,0.0164511826964938));
#7367=CARTESIAN_POINT('',(-0.0198546887550167,-0.0043,0.0164511826964938));
#7368=CARTESIAN_POINT('',(-0.0201226731844149,0.0002,0.0166732815966379));
#7369=CARTESIAN_POINT('',(-0.0201226731844149,-0.0043,0.0166732815966379));
#7370=CARTESIAN_POINT('',(-0.0202742438821972,0.0002,0.0167994786662886));
#7371=CARTESIAN_POINT('',(-0.0202742438821972,-0.0043,0.0167994786662886));
#7372=CARTESIAN_POINT('',(-0.0202794604961303,0.0002,0.0168052399645907));
#7373=CARTESIAN_POINT('',(-0.0202794604961303,-0.0043,0.0168052399645907));
#7374=CARTESIAN_POINT('',(-0.0203200271231304,0.0002,0.016842562194795));
#7375=CARTESIAN_POINT('',(-0.0203200271231304,-0.0043,0.016842562194795));
#7376=CARTESIAN_POINT('',(-0.0203656060130116,0.0002,0.0168882973150442));
#7377=CARTESIAN_POINT('',(-0.0203656060130116,-0.0043,0.0168882973150442));
#7378=CARTESIAN_POINT('',(-0.0204331173047275,0.0002,0.0169594747767151));
#7379=CARTESIAN_POINT('',(-0.0204331173047275,-0.0043,0.0169594747767151));
#7380=CARTESIAN_POINT('',(-0.0205278408051031,0.0002,0.0170656960419587));
#7381=CARTESIAN_POINT('',(-0.0205278408051031,-0.0043,0.0170656960419587));
#7382=CARTESIAN_POINT('',(-0.0207068871193589,0.0002,0.0172820763272566));
#7383=CARTESIAN_POINT('',(-0.0207068871193589,-0.0043,0.0172820763272566));
#7384=CARTESIAN_POINT('',(-0.0209804723903398,0.0002,0.0176611963355041));
#7385=CARTESIAN_POINT('',(-0.0209804723903398,-0.0043,0.0176611963355041));
#7386=CARTESIAN_POINT('',(-0.021312403665293,0.0002,0.0182061301258467));
#7387=CARTESIAN_POINT('',(-0.021312403665293,-0.0043,0.0182061301258467));
#7388=CARTESIAN_POINT('',(-0.0216343780390453,0.0002,0.0188280382304105));
#7389=CARTESIAN_POINT('',(-0.0216343780390453,-0.0043,0.0188280382304105));
#7390=CARTESIAN_POINT('',(-0.0220381996558302,0.0002,0.0197477985542416));
#7391=CARTESIAN_POINT('',(-0.0220381996558302,-0.0043,0.0197477985542416));
#7392=CARTESIAN_POINT('',(-0.0223031744590027,0.0002,0.0205270836152081));
#7393=CARTESIAN_POINT('',(-0.0223031744590027,-0.0043,0.0205270836152081));
#7394=CARTESIAN_POINT('',(-0.0224555968753879,0.0002,0.0210804688982497));
#7395=CARTESIAN_POINT('',(-0.0224555968753879,-0.0043,0.0210804688982497));
#7396=CARTESIAN_POINT('',(-0.0197009822280419,-0.0043,0.0163239028972842));
#7397=CARTESIAN_POINT('',(-0.0216128924930988,0.0002,0.0136923840882985));
#7398=CARTESIAN_POINT('',(-0.0216128924930988,-0.0043,0.0136923840882985));
#7399=CARTESIAN_POINT('',(-0.0217814407475879,0.0002,0.0137992360886872));
#7400=CARTESIAN_POINT('',(-0.0217814407475879,-0.0043,0.0137992360886872));
#7401=CARTESIAN_POINT('',(-0.0220754810967438,0.0002,0.0139854720919553));
#7402=CARTESIAN_POINT('',(-0.0220754810967438,-0.0043,0.0139854720919553));
#7403=CARTESIAN_POINT('',(-0.0222423395636364,0.0002,0.0140906273525983));
#7404=CARTESIAN_POINT('',(-0.0222423395636364,-0.0043,0.0140906273525983));
#7405=CARTESIAN_POINT('',(-0.0222494309062874,0.0002,0.0140938083081873));
#7406=CARTESIAN_POINT('',(-0.0222494309062874,-0.0043,0.0140938083081873));
#7407=CARTESIAN_POINT('',(-0.0222974622336733,0.0002,0.0141208562597388));
#7408=CARTESIAN_POINT('',(-0.0222974622336733,-0.0043,0.0141208562597388));
#7409=CARTESIAN_POINT('',(-0.022355043569368,0.0002,0.014150071430569));
#7410=CARTESIAN_POINT('',(-0.022355043569368,-0.0043,0.014150071430569));
#7411=CARTESIAN_POINT('',(-0.0224435994945558,0.0002,0.0141922834392061));
#7412=CARTESIAN_POINT('',(-0.0224435994945558,-0.0043,0.0141922834392061));
#7413=CARTESIAN_POINT('',(-0.0225738930924176,0.0002,0.0142495466653604));
#7414=CARTESIAN_POINT('',(-0.0225738930924176,-0.0043,0.0142495466653604));
#7415=CARTESIAN_POINT('',(-0.0228350113266333,0.0002,0.0143529646438472));
#7416=CARTESIAN_POINT('',(-0.0228350113266333,-0.0043,0.0143529646438472));
#7417=CARTESIAN_POINT('',(-0.0232801183790786,0.0002,0.01449600517312));
#7418=CARTESIAN_POINT('',(-0.0232801183790786,-0.0043,0.01449600517312));
#7419=CARTESIAN_POINT('',(-0.0239009536162586,0.0002,0.0146432967731013));
#7420=CARTESIAN_POINT('',(-0.0239009536162586,-0.0043,0.0146432967731013));
#7421=CARTESIAN_POINT('',(-0.0245919189248833,0.0002,0.0147573324260887));
#7422=CARTESIAN_POINT('',(-0.0245919189248833,-0.0043,0.0147573324260887));
#7423=CARTESIAN_POINT('',(-0.0255914507165752,0.0002,0.0148571680353373));
#7424=CARTESIAN_POINT('',(-0.0255914507165752,-0.0043,0.0148571680353373));
#7425=CARTESIAN_POINT('',(-0.0264144765691205,0.0002,0.0148683617212474));
#7426=CARTESIAN_POINT('',(-0.0264144765691205,-0.0043,0.0148683617212474));
#7427=CARTESIAN_POINT('',(-0.0269878783655654,0.0002,0.0148423185966831));
#7428=CARTESIAN_POINT('',(-0.0269878783655654,-0.0043,0.0148423185966831));
#7429=CARTESIAN_POINT('',(-0.0216128925361754,0.0002,0.0136923841156071));
#7430=CARTESIAN_POINT('',(-3.24064151930712E-16,0.0002,2.38662742387361E-16));
#7431=CARTESIAN_POINT('',(-0.0201091284205081,0.0002,0.0139954619133314));
#7432=CARTESIAN_POINT('',(-0.0195245376752398,0.0002,0.0148000820459936));
#7433=CARTESIAN_POINT('',(-0.0204081632024101,-0.00205,0.0154698920316426));
#7434=CARTESIAN_POINT('',(-0.0210192108765983,-0.00205,0.014628857060344));
#7435=CARTESIAN_POINT('',(-0.0136923840882984,0.0002,0.0216128924930988));
#7436=CARTESIAN_POINT('',(-0.0136923840882984,-0.0043,0.0216128924930988));
#7437=CARTESIAN_POINT('',(-0.0137992360886871,0.0002,0.0217814407475878));
#7438=CARTESIAN_POINT('',(-0.0137992360886871,-0.0043,0.0217814407475878));
#7439=CARTESIAN_POINT('',(-0.0139854720919553,0.0002,0.0220754810967438));
#7440=CARTESIAN_POINT('',(-0.0139854720919553,-0.0043,0.0220754810967438));
#7441=CARTESIAN_POINT('',(-0.0140906273525983,0.0002,0.0222423395636364));
#7442=CARTESIAN_POINT('',(-0.0140906273525983,-0.0043,0.0222423395636364));
#7443=CARTESIAN_POINT('',(-0.0140938083081873,0.0002,0.0222494309062874));
#7444=CARTESIAN_POINT('',(-0.0140938083081873,-0.0043,0.0222494309062874));
#7445=CARTESIAN_POINT('',(-0.0141208562597387,0.0002,0.0222974622336733));
#7446=CARTESIAN_POINT('',(-0.0141208562597387,-0.0043,0.0222974622336733));
#7447=CARTESIAN_POINT('',(-0.014150071430569,0.0002,0.0223550435693679));
#7448=CARTESIAN_POINT('',(-0.014150071430569,-0.0043,0.0223550435693679));
#7449=CARTESIAN_POINT('',(-0.0141922834392061,0.0002,0.0224435994945558));
#7450=CARTESIAN_POINT('',(-0.0141922834392061,-0.0043,0.0224435994945558));
#7451=CARTESIAN_POINT('',(-0.0142495466653604,0.0002,0.0225738930924176));
#7452=CARTESIAN_POINT('',(-0.0142495466653604,-0.0043,0.0225738930924176));
#7453=CARTESIAN_POINT('',(-0.0143529646438472,0.0002,0.0228350113266332));
#7454=CARTESIAN_POINT('',(-0.0143529646438472,-0.0043,0.0228350113266332));
#7455=CARTESIAN_POINT('',(-0.01449600517312,0.0002,0.0232801183790786));
#7456=CARTESIAN_POINT('',(-0.01449600517312,-0.0043,0.0232801183790786));
#7457=CARTESIAN_POINT('',(-0.0146432967731013,0.0002,0.0239009536162586));
#7458=CARTESIAN_POINT('',(-0.0146432967731013,-0.0043,0.0239009536162586));
#7459=CARTESIAN_POINT('',(-0.0147573324260887,0.0002,0.0245919189248833));
#7460=CARTESIAN_POINT('',(-0.0147573324260887,-0.0043,0.0245919189248833));
#7461=CARTESIAN_POINT('',(-0.0148571680353372,0.0002,0.0255914507165751));
#7462=CARTESIAN_POINT('',(-0.0148571680353372,-0.0043,0.0255914507165751));
#7463=CARTESIAN_POINT('',(-0.0148683617212477,0.0002,0.0264144765691205));
#7464=CARTESIAN_POINT('',(-0.0148683617212477,-0.0043,0.0264144765691205));
#7465=CARTESIAN_POINT('',(-0.0148423185966831,0.0002,0.0269878783655654));
#7466=CARTESIAN_POINT('',(-0.0148423185966831,-0.0043,0.0269878783655654));
#7467=CARTESIAN_POINT('',(-0.013692384115607,-0.0043,0.0216128925361753));
#7468=CARTESIAN_POINT('',(-0.0163239028647549,0.0002,0.0197009821887586));
#7469=CARTESIAN_POINT('',(-0.0163239028647549,-0.0043,0.0197009821887586));
#7470=CARTESIAN_POINT('',(-0.0164511826964938,0.0002,0.0198546887550168));
#7471=CARTESIAN_POINT('',(-0.0164511826964938,-0.0043,0.0198546887550168));
#7472=CARTESIAN_POINT('',(-0.016673281596638,0.0002,0.0201226731844149));
#7473=CARTESIAN_POINT('',(-0.016673281596638,-0.0043,0.0201226731844149));
#7474=CARTESIAN_POINT('',(-0.0167994786662886,0.0002,0.0202742438821972));
#7475=CARTESIAN_POINT('',(-0.0167994786662886,-0.0043,0.0202742438821972));
#7476=CARTESIAN_POINT('',(-0.0168052399645907,0.0002,0.0202794604961303));
#7477=CARTESIAN_POINT('',(-0.0168052399645907,-0.0043,0.0202794604961303));
#7478=CARTESIAN_POINT('',(-0.016842562194795,0.0002,0.0203200271231304));
#7479=CARTESIAN_POINT('',(-0.016842562194795,-0.0043,0.0203200271231304));
#7480=CARTESIAN_POINT('',(-0.0168882973150443,0.0002,0.0203656060130116));
#7481=CARTESIAN_POINT('',(-0.0168882973150443,-0.0043,0.0203656060130116));
#7482=CARTESIAN_POINT('',(-0.0169594747767151,0.0002,0.0204331173047275));
#7483=CARTESIAN_POINT('',(-0.0169594747767151,-0.0043,0.0204331173047275));
#7484=CARTESIAN_POINT('',(-0.0170656960419587,0.0002,0.0205278408051032));
#7485=CARTESIAN_POINT('',(-0.0170656960419587,-0.0043,0.0205278408051032));
#7486=CARTESIAN_POINT('',(-0.0172820763272566,0.0002,0.0207068871193589));
#7487=CARTESIAN_POINT('',(-0.0172820763272566,-0.0043,0.0207068871193589));
#7488=CARTESIAN_POINT('',(-0.0176611963355041,0.0002,0.0209804723903398));
#7489=CARTESIAN_POINT('',(-0.0176611963355041,-0.0043,0.0209804723903398));
#7490=CARTESIAN_POINT('',(-0.0182061301258468,0.0002,0.0213124036652931));
#7491=CARTESIAN_POINT('',(-0.0182061301258468,-0.0043,0.0213124036652931));
#7492=CARTESIAN_POINT('',(-0.0188280382304105,0.0002,0.0216343780390453));
#7493=CARTESIAN_POINT('',(-0.0188280382304105,-0.0043,0.0216343780390453));
#7494=CARTESIAN_POINT('',(-0.0197477985542417,0.0002,0.0220381996558303));
#7495=CARTESIAN_POINT('',(-0.0197477985542417,-0.0043,0.0220381996558303));
#7496=CARTESIAN_POINT('',(-0.0205270836152081,0.0002,0.0223031744590027));
#7497=CARTESIAN_POINT('',(-0.0205270836152081,-0.0043,0.0223031744590027));
#7498=CARTESIAN_POINT('',(-0.0210804688982496,0.0002,0.0224555968753879));
#7499=CARTESIAN_POINT('',(-0.0210804688982496,-0.0043,0.0224555968753879));
#7500=CARTESIAN_POINT('',(-0.0163239028972843,0.0002,0.019700982228042));
#7501=CARTESIAN_POINT('',(-2.34452480069541E-16,0.0002,3.27123086558666E-16));
#7502=CARTESIAN_POINT('',(-0.0148000820459936,0.0002,0.0195245376752398));
#7503=CARTESIAN_POINT('',(-0.0139954619133314,0.0002,0.0201091284205081));
#7504=CARTESIAN_POINT('',(-0.0146288570603439,-0.00205,0.0210192108765983));
#7505=CARTESIAN_POINT('',(-0.0154698920316426,-0.00205,0.0204081632024101));
#7506=CARTESIAN_POINT('',(0.00634348003282605,0.0002,-0.0247862616183415));
#7507=CARTESIAN_POINT('',(0.00634348003282605,-0.0043,-0.0247862616183415));
#7508=CARTESIAN_POINT('',(0.00639301804906555,0.0002,-0.0249795796180866));
#7509=CARTESIAN_POINT('',(0.00639301804906555,-0.0043,-0.0249795796180866));
#7510=CARTESIAN_POINT('',(0.00647927554862138,0.0002,-0.0253167786981794));
#7511=CARTESIAN_POINT('',(0.00647927554862138,-0.0043,-0.0253167786981794));
#7512=CARTESIAN_POINT('',(0.00652772204255344,0.0002,-0.0255079652930033));
#7513=CARTESIAN_POINT('',(0.00652772204255344,-0.0043,-0.0255079652930033));
#7514=CARTESIAN_POINT('',(0.00652855596570228,0.0002,-0.0255156925299761));
#7515=CARTESIAN_POINT('',(0.00652855596570228,-0.0043,-0.0255156925299761));
#7516=CARTESIAN_POINT('',(0.00653943759985309,0.0002,-0.0255697313135652));
#7517=CARTESIAN_POINT('',(0.00653943759985309,-0.0043,-0.0255697313135652));
#7518=CARTESIAN_POINT('',(0.00654942926715746,0.0002,-0.0256335224023747));
#7519=CARTESIAN_POINT('',(0.00654942926715746,-0.0043,-0.0256335224023747));
#7520=CARTESIAN_POINT('',(0.00656220998720203,0.0002,-0.0257307883201168));
#7521=CARTESIAN_POINT('',(0.00656220998720203,-0.0043,-0.0257307883201168));
#7522=CARTESIAN_POINT('',(0.00657640761558264,0.0002,-0.0258724002054291));
#7523=CARTESIAN_POINT('',(0.00657640761558264,-0.0043,-0.0258724002054291));
#7524=CARTESIAN_POINT('',(0.00659407398601071,0.0002,-0.0261526963164797));
#7525=CARTESIAN_POINT('',(0.00659407398601071,-0.0043,-0.0261526963164797));
#7526=CARTESIAN_POINT('',(0.00659256796994812,0.0002,-0.0266202202335866));
#7527=CARTESIAN_POINT('',(0.00659256796994812,-0.0043,-0.0266202202335866));
#7528=CARTESIAN_POINT('',(0.00654080196691057,0.0002,-0.027256185238975));
#7529=CARTESIAN_POINT('',(0.00654080196691057,-0.0043,-0.027256185238975));
#7530=CARTESIAN_POINT('',(0.0064357362948856,0.0002,-0.0279485712530143));
#7531=CARTESIAN_POINT('',(0.0064357362948856,-0.0043,-0.0279485712530143));
#7532=CARTESIAN_POINT('',(0.0062218132915689,0.0002,-0.0289300333766485));
#7533=CARTESIAN_POINT('',(0.0062218132915689,-0.0043,-0.0289300333766485));
#7534=CARTESIAN_POINT('',(0.00597813014424882,0.0002,-0.0297162365159674));
#7535=CARTESIAN_POINT('',(0.00597813014424882,-0.0043,-0.0297162365159674));
#7536=CARTESIAN_POINT('',(0.00577617076122046,0.0002,-0.0302535262628544));
#7537=CARTESIAN_POINT('',(0.00577617076122046,-0.0043,-0.0302535262628544));
#7538=CARTESIAN_POINT('',(0.00634348004548667,-0.0043,-0.0247862616677486));
#7539=CARTESIAN_POINT('',(0.0094370158886897,0.0002,-0.0237811108877688));
#7540=CARTESIAN_POINT('',(0.0094370158886897,-0.00430000000000001,-0.0237811108877688));
#7541=CARTESIAN_POINT('',(0.00951056826093716,0.0002,-0.0239666261502545));
#7542=CARTESIAN_POINT('',(0.00951056826093716,-0.00430000000000001,-0.0239666261502545));
#7543=CARTESIAN_POINT('',(0.00963898512426934,0.0002,-0.0242901268226757));
#7544=CARTESIAN_POINT('',(0.00963898512426934,-0.00430000000000001,-0.0242901268226757));
#7545=CARTESIAN_POINT('',(0.00971216774823388,0.0002,-0.0244732761616434));
#7546=CARTESIAN_POINT('',(0.00971216774823388,-0.00430000000000001,-0.0244732761616434));
#7547=CARTESIAN_POINT('',(0.00971603504616807,0.0002,-0.0244800177954024));
#7548=CARTESIAN_POINT('',(0.00971603504616807,-0.00430000000000001,-0.0244800177954024));
#7549=CARTESIAN_POINT('',(0.00973899481925902,0.0002,-0.0245301321537561));
#7550=CARTESIAN_POINT('',(0.00973899481925902,-0.00430000000000001,-0.0245301321537561));
#7551=CARTESIAN_POINT('',(0.00976840685183754,0.0002,-0.02458761318338));
#7552=CARTESIAN_POINT('',(0.00976840685183754,-0.00430000000000001,-0.02458761318338));
#7553=CARTESIAN_POINT('',(0.00981523850412057,0.0002,-0.0246738152825626));
#7554=CARTESIAN_POINT('',(0.00981523850412057,-0.00430000000000001,-0.0246738152825626));
#7555=CARTESIAN_POINT('',(0.00988698975921681,0.0002,-0.0247967268609654));
#7556=CARTESIAN_POINT('',(0.00988698975921681,-0.00430000000000001,-0.0247967268609654));
#7557=CARTESIAN_POINT('',(0.010037451285662,0.0002,-0.0250338752102617));
#7558=CARTESIAN_POINT('',(0.010037451285662,-0.00430000000000001,-0.0250338752102617));
#7559=CARTESIAN_POINT('',(0.0103134733418199,0.0002,-0.0254112247904466));
#7560=CARTESIAN_POINT('',(0.0103134733418199,-0.00430000000000001,-0.0254112247904466));
#7561=CARTESIAN_POINT('',(0.0107291637691496,0.0002,-0.025895303994478));
#7562=CARTESIAN_POINT('',(0.0107291637691496,-0.00430000000000001,-0.025895303994478));
#7563=CARTESIAN_POINT('',(0.011221137971289,0.0002,-0.0263936999939648));
#7564=CARTESIAN_POINT('',(0.011221137971289,-0.00430000000000001,-0.0263936999939648));
#7565=CARTESIAN_POINT('',(0.0119710942784159,0.0002,-0.0270619787448447));
#7566=CARTESIAN_POINT('',(0.0119710942784159,-0.00430000000000001,-0.0270619787448447));
#7567=CARTESIAN_POINT('',(0.012630356696438,0.0002,-0.0275547970853569));
#7568=CARTESIAN_POINT('',(0.012630356696438,-0.00430000000000001,-0.0275547970853569));
#7569=CARTESIAN_POINT('',(0.0131095562589098,0.0002,-0.0278707648745864));
#7570=CARTESIAN_POINT('',(0.0131095562589098,-0.00430000000000001,-0.0278707648745864));
#7571=CARTESIAN_POINT('',(0.00943701590748778,0.0002,-0.0237811109351816));
#7572=CARTESIAN_POINT('',(1.21890965932682E-16,0.0002,-3.83562343817045E-16));
#7573=CARTESIAN_POINT('',(0.00804230052258212,0.0002,-0.0231424156540426));
#7574=CARTESIAN_POINT('',(0.00709641282722924,0.0002,-0.0234497531966871));
#7575=CARTESIAN_POINT('',(0.00741757646397084,-0.00205,-0.024511022911499));
#7576=CARTESIAN_POINT('',(0.00840627236955401,-0.00205,-0.0241897761381903));
#7577=CARTESIAN_POINT('',(-0.00162636804588361,0.0002,-0.0255333787603416));
#7578=CARTESIAN_POINT('',(-0.00162636804588361,-0.0043,-0.0255333787603416));
#7579=CARTESIAN_POINT('',(-0.00163899313997449,0.0002,-0.0257325431926019));
#7580=CARTESIAN_POINT('',(-0.00163899313997449,-0.0043,-0.0257325431926019));
#7581=CARTESIAN_POINT('',(-0.00166115762917887,0.0002,-0.026079893608268));
#7582=CARTESIAN_POINT('',(-0.00166115762917887,-0.0043,-0.026079893608268));
#7583=CARTESIAN_POINT('',(-0.00167416218233038,0.0002,-0.0262766936550463));
#7584=CARTESIAN_POINT('',(-0.00167416218233038,-0.0043,-0.0262766936550463));
#7585=CARTESIAN_POINT('',(-0.00167575692182976,0.0002,-0.0262843003905473));
#7586=CARTESIAN_POINT('',(-0.00167575692182976,-0.0043,-0.0262843003905473));
#7587=CARTESIAN_POINT('',(-0.00168210677524707,0.0002,-0.0263390569376916));
#7588=CARTESIAN_POINT('',(-0.00168210677524707,-0.0043,-0.0263390569376916));
#7589=CARTESIAN_POINT('',(-0.00169231666548043,0.0002,-0.0264028134633846));
#7590=CARTESIAN_POINT('',(-0.00169231666548043,-0.0043,-0.0264028134633846));
#7591=CARTESIAN_POINT('',(-0.00171021829995485,0.0002,-0.0264992683079607));
#7592=CARTESIAN_POINT('',(-0.00171021829995485,-0.0043,-0.0264992683079607));
#7593=CARTESIAN_POINT('',(-0.00174047603213453,0.0002,-0.0266383365227213));
#7594=CARTESIAN_POINT('',(-0.00174047603213453,-0.0043,-0.0266383365227213));
#7595=CARTESIAN_POINT('',(-0.00181029057719148,0.0002,-0.0269103731743194));
#7596=CARTESIAN_POINT('',(-0.00181029057719148,-0.0043,-0.0269103731743194));
#7597=CARTESIAN_POINT('',(-0.0019561957192442,0.0002,-0.0273545494576505));
#7598=CARTESIAN_POINT('',(-0.0019561957192442,-0.0043,-0.0273545494576505));
#7599=CARTESIAN_POINT('',(-0.00220195210824841,0.0002,-0.0279433915454915));
#7600=CARTESIAN_POINT('',(-0.00220195210824841,-0.0043,-0.0279433915454915));
#7601=CARTESIAN_POINT('',(-0.00251583454527235,0.0002,-0.0285694226977539));
#7602=CARTESIAN_POINT('',(-0.00251583454527235,-0.0043,-0.0285694226977539));
#7603=CARTESIAN_POINT('',(-0.00302257588710044,0.0002,-0.0294367428024206));
#7604=CARTESIAN_POINT('',(-0.00302257588710044,-0.0043,-0.0294367428024206));
#7605=CARTESIAN_POINT('',(-0.00349728246335093,0.0002,-0.0301091641874363));
#7606=CARTESIAN_POINT('',(-0.00349728246335093,-0.0043,-0.0301091641874363));
#7607=CARTESIAN_POINT('',(-0.00385538891329855,0.0002,-0.0305577482208231));
#7608=CARTESIAN_POINT('',(-0.00385538891329855,-0.0043,-0.0305577482208231));
#7609=CARTESIAN_POINT('',(-0.00162636804911025,-0.0043,-0.0255333788112428));
#7610=CARTESIAN_POINT('',(0.0016263680458836,0.0002,-0.0255333787603416));
#7611=CARTESIAN_POINT('',(0.0016263680458836,-0.0043,-0.0255333787603416));
#7612=CARTESIAN_POINT('',(0.00163899313997448,0.0002,-0.0257325431926019));
#7613=CARTESIAN_POINT('',(0.00163899313997448,-0.0043,-0.0257325431926019));
#7614=CARTESIAN_POINT('',(0.00166115762917886,0.0002,-0.026079893608268));
#7615=CARTESIAN_POINT('',(0.00166115762917886,-0.0043,-0.026079893608268));
#7616=CARTESIAN_POINT('',(0.00167416218233037,0.0002,-0.0262766936550464));
#7617=CARTESIAN_POINT('',(0.00167416218233037,-0.0043,-0.0262766936550464));
#7618=CARTESIAN_POINT('',(0.00167575692182975,0.0002,-0.0262843003905473));
#7619=CARTESIAN_POINT('',(0.00167575692182975,-0.0043,-0.0262843003905473));
#7620=CARTESIAN_POINT('',(0.00168210677524707,0.0002,-0.0263390569376916));
#7621=CARTESIAN_POINT('',(0.00168210677524707,-0.0043,-0.0263390569376916));
#7622=CARTESIAN_POINT('',(0.00169231666548042,0.0002,-0.0264028134633846));
#7623=CARTESIAN_POINT('',(0.00169231666548042,-0.0043,-0.0264028134633846));
#7624=CARTESIAN_POINT('',(0.00171021829995484,0.0002,-0.0264992683079607));
#7625=CARTESIAN_POINT('',(0.00171021829995484,-0.0043,-0.0264992683079607));
#7626=CARTESIAN_POINT('',(0.00174047603213452,0.0002,-0.0266383365227213));
#7627=CARTESIAN_POINT('',(0.00174047603213452,-0.0043,-0.0266383365227213));
#7628=CARTESIAN_POINT('',(0.00181029057719147,0.0002,-0.0269103731743194));
#7629=CARTESIAN_POINT('',(0.00181029057719147,-0.0043,-0.0269103731743194));
#7630=CARTESIAN_POINT('',(0.0019561957192442,0.0002,-0.0273545494576505));
#7631=CARTESIAN_POINT('',(0.0019561957192442,-0.0043,-0.0273545494576505));
#7632=CARTESIAN_POINT('',(0.00220195210824841,0.0002,-0.0279433915454915));
#7633=CARTESIAN_POINT('',(0.00220195210824841,-0.0043,-0.0279433915454915));
#7634=CARTESIAN_POINT('',(0.00251583454527234,0.0002,-0.0285694226977539));
#7635=CARTESIAN_POINT('',(0.00251583454527234,-0.0043,-0.0285694226977539));
#7636=CARTESIAN_POINT('',(0.00302257588710044,0.0002,-0.0294367428024207));
#7637=CARTESIAN_POINT('',(0.00302257588710044,-0.0043,-0.0294367428024207));
#7638=CARTESIAN_POINT('',(0.00349728246335086,0.0002,-0.0301091641874363));
#7639=CARTESIAN_POINT('',(0.00349728246335086,-0.0043,-0.0301091641874363));
#7640=CARTESIAN_POINT('',(0.00385538891329854,0.0002,-0.030557748220823));
#7641=CARTESIAN_POINT('',(0.00385538891329854,-0.0043,-0.030557748220823));
#7642=CARTESIAN_POINT('',(0.00162636804911024,0.0002,-0.0255333788112429));
#7643=CARTESIAN_POINT('',(-2.60208521396528E-18,0.0002,-4.02455846426619E-16));
#7644=CARTESIAN_POINT('',(0.000497282590017673,0.0002,-0.0244949527459366));
#7645=CARTESIAN_POINT('',(-0.000497282590017682,0.0002,-0.0244949527459366));
#7646=CARTESIAN_POINT('',(-0.000519788197989861,-0.00205,-0.0256035252454836));
#7647=CARTESIAN_POINT('',(0.000519788197989854,-0.00205,-0.0256035252454837));
#7648=CARTESIAN_POINT('',(-0.00943701588868968,0.0002,-0.0237811108877687));
#7649=CARTESIAN_POINT('',(-0.00943701588868968,-0.0043,-0.0237811108877687));
#7650=CARTESIAN_POINT('',(-0.00951056826093714,0.0002,-0.0239666261502544));
#7651=CARTESIAN_POINT('',(-0.00951056826093714,-0.0043,-0.0239666261502544));
#7652=CARTESIAN_POINT('',(-0.00963898512426933,0.0002,-0.0242901268226757));
#7653=CARTESIAN_POINT('',(-0.00963898512426933,-0.0043,-0.0242901268226757));
#7654=CARTESIAN_POINT('',(-0.00971216774823389,0.0002,-0.0244732761616434));
#7655=CARTESIAN_POINT('',(-0.00971216774823389,-0.0043,-0.0244732761616434));
#7656=CARTESIAN_POINT('',(-0.00971603504616808,0.0002,-0.0244800177954024));
#7657=CARTESIAN_POINT('',(-0.00971603504616808,-0.0043,-0.0244800177954024));
#7658=CARTESIAN_POINT('',(-0.00973899481925901,0.0002,-0.0245301321537561));
#7659=CARTESIAN_POINT('',(-0.00973899481925901,-0.0043,-0.0245301321537561));
#7660=CARTESIAN_POINT('',(-0.00976840685183754,0.0002,-0.0245876131833799));
#7661=CARTESIAN_POINT('',(-0.00976840685183754,-0.0043,-0.0245876131833799));
#7662=CARTESIAN_POINT('',(-0.00981523850412059,0.0002,-0.0246738152825626));
#7663=CARTESIAN_POINT('',(-0.00981523850412059,-0.0043,-0.0246738152825626));
#7664=CARTESIAN_POINT('',(-0.0098869897592168,0.0002,-0.0247967268609654));
#7665=CARTESIAN_POINT('',(-0.0098869897592168,-0.0043,-0.0247967268609654));
#7666=CARTESIAN_POINT('',(-0.0100374512856621,0.0002,-0.0250338752102618));
#7667=CARTESIAN_POINT('',(-0.0100374512856621,-0.0043,-0.0250338752102618));
#7668=CARTESIAN_POINT('',(-0.0103134733418199,0.0002,-0.0254112247904466));
#7669=CARTESIAN_POINT('',(-0.0103134733418199,-0.0043,-0.0254112247904466));
#7670=CARTESIAN_POINT('',(-0.0107291637691496,0.0002,-0.025895303994478));
#7671=CARTESIAN_POINT('',(-0.0107291637691496,-0.0043,-0.025895303994478));
#7672=CARTESIAN_POINT('',(-0.011221137971289,0.0002,-0.0263936999939648));
#7673=CARTESIAN_POINT('',(-0.011221137971289,-0.0043,-0.0263936999939648));
#7674=CARTESIAN_POINT('',(-0.0119710942784158,0.0002,-0.0270619787448447));
#7675=CARTESIAN_POINT('',(-0.0119710942784158,-0.0043,-0.0270619787448447));
#7676=CARTESIAN_POINT('',(-0.0126303566964382,0.0002,-0.0275547970853569));
#7677=CARTESIAN_POINT('',(-0.0126303566964382,-0.0043,-0.0275547970853569));
#7678=CARTESIAN_POINT('',(-0.0131095562589098,0.0002,-0.0278707648745864));
#7679=CARTESIAN_POINT('',(-0.0131095562589098,-0.0043,-0.0278707648745864));
#7680=CARTESIAN_POINT('',(-0.00943701590748775,-0.0043,-0.0237811109351815));
#7681=CARTESIAN_POINT('',(-0.00634348003282608,0.0002,-0.0247862616183416));
#7682=CARTESIAN_POINT('',(-0.00634348003282608,-0.0043,-0.0247862616183416));
#7683=CARTESIAN_POINT('',(-0.00639301804906559,0.0002,-0.0249795796180867));
#7684=CARTESIAN_POINT('',(-0.00639301804906559,-0.0043,-0.0249795796180867));
#7685=CARTESIAN_POINT('',(-0.00647927554862141,0.0002,-0.0253167786981795));
#7686=CARTESIAN_POINT('',(-0.00647927554862141,-0.0043,-0.0253167786981795));
#7687=CARTESIAN_POINT('',(-0.00652772204255345,0.0002,-0.0255079652930033));
#7688=CARTESIAN_POINT('',(-0.00652772204255345,-0.0043,-0.0255079652930033));
#7689=CARTESIAN_POINT('',(-0.0065285559657023,0.0002,-0.0255156925299761));
#7690=CARTESIAN_POINT('',(-0.0065285559657023,-0.0043,-0.0255156925299761));
#7691=CARTESIAN_POINT('',(-0.0065394375998531,0.0002,-0.0255697313135653));
#7692=CARTESIAN_POINT('',(-0.0065394375998531,-0.0043,-0.0255697313135653));
#7693=CARTESIAN_POINT('',(-0.00654942926715746,0.0002,-0.0256335224023747));
#7694=CARTESIAN_POINT('',(-0.00654942926715746,-0.0043,-0.0256335224023747));
#7695=CARTESIAN_POINT('',(-0.00656220998720204,0.0002,-0.0257307883201167));
#7696=CARTESIAN_POINT('',(-0.00656220998720204,-0.0043,-0.0257307883201167));
#7697=CARTESIAN_POINT('',(-0.00657640761558266,0.0002,-0.0258724002054291));
#7698=CARTESIAN_POINT('',(-0.00657640761558266,-0.0043,-0.0258724002054291));
#7699=CARTESIAN_POINT('',(-0.00659407398601073,0.0002,-0.0261526963164797));
#7700=CARTESIAN_POINT('',(-0.00659407398601073,-0.0043,-0.0261526963164797));
#7701=CARTESIAN_POINT('',(-0.00659256796994812,0.0002,-0.0266202202335866));
#7702=CARTESIAN_POINT('',(-0.00659256796994812,-0.0043,-0.0266202202335866));
#7703=CARTESIAN_POINT('',(-0.00654080196691058,0.0002,-0.027256185238975));
#7704=CARTESIAN_POINT('',(-0.00654080196691058,-0.0043,-0.027256185238975));
#7705=CARTESIAN_POINT('',(-0.0064357362948856,0.0002,-0.0279485712530143));
#7706=CARTESIAN_POINT('',(-0.0064357362948856,-0.0043,-0.0279485712530143));
#7707=CARTESIAN_POINT('',(-0.00622181329156892,0.0002,-0.0289300333766485));
#7708=CARTESIAN_POINT('',(-0.00622181329156892,-0.0043,-0.0289300333766485));
#7709=CARTESIAN_POINT('',(-0.00597813014424883,0.0002,-0.0297162365159674));
#7710=CARTESIAN_POINT('',(-0.00597813014424883,-0.0043,-0.0297162365159674));
#7711=CARTESIAN_POINT('',(-0.00577617076122047,0.0002,-0.0302535262628544));
#7712=CARTESIAN_POINT('',(-0.00577617076122047,-0.0043,-0.0302535262628544));
#7713=CARTESIAN_POINT('',(-0.0063434800454867,0.0002,-0.0247862616677487));
#7714=CARTESIAN_POINT('',(-1.26840426130076E-16,0.0002,-3.81954166713191E-16));
#7715=CARTESIAN_POINT('',(-0.00709641282722925,0.0002,-0.0234497531966871));
#7716=CARTESIAN_POINT('',(-0.00804230052258213,0.0002,-0.0231424156540426));
#7717=CARTESIAN_POINT('',(-0.00840627236955398,-0.00205,-0.0241897761381902));
#7718=CARTESIAN_POINT('',(-0.00741757646397087,-0.00205,-0.0245110229114991));
#7719=CARTESIAN_POINT('',(-0.0163239028647548,0.0002,-0.0197009821887585));
#7720=CARTESIAN_POINT('',(-0.0163239028647548,-0.0043,-0.0197009821887585));
#7721=CARTESIAN_POINT('',(-0.0164511826964938,0.0002,-0.0198546887550167));
#7722=CARTESIAN_POINT('',(-0.0164511826964938,-0.0043,-0.0198546887550167));
#7723=CARTESIAN_POINT('',(-0.0166732815966379,0.0002,-0.0201226731844149));
#7724=CARTESIAN_POINT('',(-0.0166732815966379,-0.0043,-0.0201226731844149));
#7725=CARTESIAN_POINT('',(-0.0167994786662886,0.0002,-0.0202742438821972));
#7726=CARTESIAN_POINT('',(-0.0167994786662886,-0.0043,-0.0202742438821972));
#7727=CARTESIAN_POINT('',(-0.0168052399645907,0.0002,-0.0202794604961303));
#7728=CARTESIAN_POINT('',(-0.0168052399645907,-0.0043,-0.0202794604961303));
#7729=CARTESIAN_POINT('',(-0.016842562194795,0.0002,-0.0203200271231304));
#7730=CARTESIAN_POINT('',(-0.016842562194795,-0.0043,-0.0203200271231304));
#7731=CARTESIAN_POINT('',(-0.0168882973150442,0.0002,-0.0203656060130116));
#7732=CARTESIAN_POINT('',(-0.0168882973150442,-0.0043,-0.0203656060130116));
#7733=CARTESIAN_POINT('',(-0.0169594747767151,0.0002,-0.0204331173047275));
#7734=CARTESIAN_POINT('',(-0.0169594747767151,-0.0043,-0.0204331173047275));
#7735=CARTESIAN_POINT('',(-0.0170656960419587,0.0002,-0.0205278408051031));
#7736=CARTESIAN_POINT('',(-0.0170656960419587,-0.0043,-0.0205278408051031));
#7737=CARTESIAN_POINT('',(-0.0172820763272566,0.0002,-0.0207068871193589));
#7738=CARTESIAN_POINT('',(-0.0172820763272566,-0.0043,-0.0207068871193589));
#7739=CARTESIAN_POINT('',(-0.0176611963355041,0.0002,-0.0209804723903398));
#7740=CARTESIAN_POINT('',(-0.0176611963355041,-0.0043,-0.0209804723903398));
#7741=CARTESIAN_POINT('',(-0.0182061301258467,0.0002,-0.021312403665293));
#7742=CARTESIAN_POINT('',(-0.0182061301258467,-0.0043,-0.021312403665293));
#7743=CARTESIAN_POINT('',(-0.0188280382304105,0.0002,-0.0216343780390453));
#7744=CARTESIAN_POINT('',(-0.0188280382304105,-0.0043,-0.0216343780390453));
#7745=CARTESIAN_POINT('',(-0.0197477985542416,0.0002,-0.0220381996558302));
#7746=CARTESIAN_POINT('',(-0.0197477985542416,-0.0043,-0.0220381996558302));
#7747=CARTESIAN_POINT('',(-0.0205270836152081,0.0002,-0.0223031744590027));
#7748=CARTESIAN_POINT('',(-0.0205270836152081,-0.0043,-0.0223031744590027));
#7749=CARTESIAN_POINT('',(-0.0210804688982497,0.0002,-0.0224555968753879));
#7750=CARTESIAN_POINT('',(-0.0210804688982497,-0.0043,-0.0224555968753879));
#7751=CARTESIAN_POINT('',(-0.0163239028972842,-0.0043,-0.0197009822280419));
#7752=CARTESIAN_POINT('',(-0.0136923840882985,0.0002,-0.0216128924930988));
#7753=CARTESIAN_POINT('',(-0.0136923840882985,-0.0043,-0.0216128924930988));
#7754=CARTESIAN_POINT('',(-0.0137992360886872,0.0002,-0.0217814407475879));
#7755=CARTESIAN_POINT('',(-0.0137992360886872,-0.0043,-0.0217814407475879));
#7756=CARTESIAN_POINT('',(-0.0139854720919553,0.0002,-0.0220754810967438));
#7757=CARTESIAN_POINT('',(-0.0139854720919553,-0.0043,-0.0220754810967438));
#7758=CARTESIAN_POINT('',(-0.0140906273525983,0.0002,-0.0222423395636364));
#7759=CARTESIAN_POINT('',(-0.0140906273525983,-0.0043,-0.0222423395636364));
#7760=CARTESIAN_POINT('',(-0.0140938083081873,0.0002,-0.0222494309062874));
#7761=CARTESIAN_POINT('',(-0.0140938083081873,-0.0043,-0.0222494309062874));
#7762=CARTESIAN_POINT('',(-0.0141208562597388,0.0002,-0.0222974622336733));
#7763=CARTESIAN_POINT('',(-0.0141208562597388,-0.0043,-0.0222974622336733));
#7764=CARTESIAN_POINT('',(-0.014150071430569,0.0002,-0.022355043569368));
#7765=CARTESIAN_POINT('',(-0.014150071430569,-0.0043,-0.022355043569368));
#7766=CARTESIAN_POINT('',(-0.0141922834392061,0.0002,-0.0224435994945558));
#7767=CARTESIAN_POINT('',(-0.0141922834392061,-0.0043,-0.0224435994945558));
#7768=CARTESIAN_POINT('',(-0.0142495466653604,0.0002,-0.0225738930924176));
#7769=CARTESIAN_POINT('',(-0.0142495466653604,-0.0043,-0.0225738930924176));
#7770=CARTESIAN_POINT('',(-0.0143529646438472,0.0002,-0.0228350113266333));
#7771=CARTESIAN_POINT('',(-0.0143529646438472,-0.0043,-0.0228350113266333));
#7772=CARTESIAN_POINT('',(-0.01449600517312,0.0002,-0.0232801183790786));
#7773=CARTESIAN_POINT('',(-0.01449600517312,-0.0043,-0.0232801183790786));
#7774=CARTESIAN_POINT('',(-0.0146432967731013,0.0002,-0.0239009536162586));
#7775=CARTESIAN_POINT('',(-0.0146432967731013,-0.0043,-0.0239009536162586));
#7776=CARTESIAN_POINT('',(-0.0147573324260887,0.0002,-0.0245919189248833));
#7777=CARTESIAN_POINT('',(-0.0147573324260887,-0.0043,-0.0245919189248833));
#7778=CARTESIAN_POINT('',(-0.0148571680353373,0.0002,-0.0255914507165752));
#7779=CARTESIAN_POINT('',(-0.0148571680353373,-0.0043,-0.0255914507165752));
#7780=CARTESIAN_POINT('',(-0.0148683617212474,0.0002,-0.0264144765691205));
#7781=CARTESIAN_POINT('',(-0.0148683617212474,-0.0043,-0.0264144765691205));
#7782=CARTESIAN_POINT('',(-0.0148423185966831,0.0002,-0.0269878783655654));
#7783=CARTESIAN_POINT('',(-0.0148423185966831,-0.0043,-0.0269878783655654));
#7784=CARTESIAN_POINT('',(-0.0136923841156071,0.0002,-0.0216128925361754));
#7785=CARTESIAN_POINT('',(-2.38662742387361E-16,0.0002,-3.24064151930712E-16));
#7786=CARTESIAN_POINT('',(-0.0139954619133314,0.0002,-0.0201091284205081));
#7787=CARTESIAN_POINT('',(-0.0148000820459936,0.0002,-0.0195245376752398));
#7788=CARTESIAN_POINT('',(-0.0154698920316426,-0.00205,-0.0204081632024101));
#7789=CARTESIAN_POINT('',(-0.014628857060344,-0.00205,-0.0210192108765983));
#7790=CARTESIAN_POINT('',(-0.0216128924930988,0.0002,-0.0136923840882984));
#7791=CARTESIAN_POINT('',(-0.0216128924930988,-0.0043,-0.0136923840882984));
#7792=CARTESIAN_POINT('',(-0.0217814407475878,0.0002,-0.0137992360886871));
#7793=CARTESIAN_POINT('',(-0.0217814407475878,-0.0043,-0.0137992360886871));
#7794=CARTESIAN_POINT('',(-0.0220754810967438,0.0002,-0.0139854720919553));
#7795=CARTESIAN_POINT('',(-0.0220754810967438,-0.0043,-0.0139854720919553));
#7796=CARTESIAN_POINT('',(-0.0222423395636364,0.0002,-0.0140906273525983));
#7797=CARTESIAN_POINT('',(-0.0222423395636364,-0.0043,-0.0140906273525983));
#7798=CARTESIAN_POINT('',(-0.0222494309062874,0.0002,-0.0140938083081873));
#7799=CARTESIAN_POINT('',(-0.0222494309062874,-0.0043,-0.0140938083081873));
#7800=CARTESIAN_POINT('',(-0.0222974622336733,0.0002,-0.0141208562597387));
#7801=CARTESIAN_POINT('',(-0.0222974622336733,-0.0043,-0.0141208562597387));
#7802=CARTESIAN_POINT('',(-0.0223550435693679,0.0002,-0.014150071430569));
#7803=CARTESIAN_POINT('',(-0.0223550435693679,-0.0043,-0.014150071430569));
#7804=CARTESIAN_POINT('',(-0.0224435994945558,0.0002,-0.0141922834392061));
#7805=CARTESIAN_POINT('',(-0.0224435994945558,-0.0043,-0.0141922834392061));
#7806=CARTESIAN_POINT('',(-0.0225738930924176,0.0002,-0.0142495466653604));
#7807=CARTESIAN_POINT('',(-0.0225738930924176,-0.0043,-0.0142495466653604));
#7808=CARTESIAN_POINT('',(-0.0228350113266332,0.0002,-0.0143529646438472));
#7809=CARTESIAN_POINT('',(-0.0228350113266332,-0.0043,-0.0143529646438472));
#7810=CARTESIAN_POINT('',(-0.0232801183790786,0.0002,-0.0144960051731199));
#7811=CARTESIAN_POINT('',(-0.0232801183790786,-0.0043,-0.0144960051731199));
#7812=CARTESIAN_POINT('',(-0.0239009536162586,0.0002,-0.0146432967731013));
#7813=CARTESIAN_POINT('',(-0.0239009536162586,-0.0043,-0.0146432967731013));
#7814=CARTESIAN_POINT('',(-0.0245919189248833,0.0002,-0.0147573324260887));
#7815=CARTESIAN_POINT('',(-0.0245919189248833,-0.0043,-0.0147573324260887));
#7816=CARTESIAN_POINT('',(-0.0255914507165751,0.0002,-0.0148571680353372));
#7817=CARTESIAN_POINT('',(-0.0255914507165751,-0.0043,-0.0148571680353372));
#7818=CARTESIAN_POINT('',(-0.0264144765691205,0.0002,-0.0148683617212477));
#7819=CARTESIAN_POINT('',(-0.0264144765691205,-0.0043,-0.0148683617212477));
#7820=CARTESIAN_POINT('',(-0.0269878783655654,0.0002,-0.0148423185966831));
#7821=CARTESIAN_POINT('',(-0.0269878783655654,-0.0043,-0.0148423185966831));
#7822=CARTESIAN_POINT('',(-0.0216128925361753,-0.0043,-0.013692384115607));
#7823=CARTESIAN_POINT('',(-0.0197009821887586,0.0002,-0.0163239028647549));
#7824=CARTESIAN_POINT('',(-0.0197009821887586,-0.0043,-0.0163239028647549));
#7825=CARTESIAN_POINT('',(-0.0198546887550168,0.0002,-0.0164511826964938));
#7826=CARTESIAN_POINT('',(-0.0198546887550168,-0.0043,-0.0164511826964938));
#7827=CARTESIAN_POINT('',(-0.0201226731844149,0.0002,-0.016673281596638));
#7828=CARTESIAN_POINT('',(-0.0201226731844149,-0.0043,-0.016673281596638));
#7829=CARTESIAN_POINT('',(-0.0202742438821972,0.0002,-0.0167994786662885));
#7830=CARTESIAN_POINT('',(-0.0202742438821972,-0.0043,-0.0167994786662885));
#7831=CARTESIAN_POINT('',(-0.0202794604961303,0.0002,-0.0168052399645907));
#7832=CARTESIAN_POINT('',(-0.0202794604961303,-0.0043,-0.0168052399645907));
#7833=CARTESIAN_POINT('',(-0.0203200271231304,0.0002,-0.016842562194795));
#7834=CARTESIAN_POINT('',(-0.0203200271231304,-0.0043,-0.016842562194795));
#7835=CARTESIAN_POINT('',(-0.0203656060130116,0.0002,-0.0168882973150442));
#7836=CARTESIAN_POINT('',(-0.0203656060130116,-0.0043,-0.0168882973150442));
#7837=CARTESIAN_POINT('',(-0.0204331173047275,0.0002,-0.0169594747767151));
#7838=CARTESIAN_POINT('',(-0.0204331173047275,-0.0043,-0.0169594747767151));
#7839=CARTESIAN_POINT('',(-0.0205278408051032,0.0002,-0.0170656960419587));
#7840=CARTESIAN_POINT('',(-0.0205278408051032,-0.0043,-0.0170656960419587));
#7841=CARTESIAN_POINT('',(-0.0207068871193589,0.0002,-0.0172820763272567));
#7842=CARTESIAN_POINT('',(-0.0207068871193589,-0.0043,-0.0172820763272567));
#7843=CARTESIAN_POINT('',(-0.0209804723903398,0.0002,-0.0176611963355041));
#7844=CARTESIAN_POINT('',(-0.0209804723903398,-0.0043,-0.0176611963355041));
#7845=CARTESIAN_POINT('',(-0.0213124036652931,0.0002,-0.0182061301258468));
#7846=CARTESIAN_POINT('',(-0.0213124036652931,-0.0043,-0.0182061301258468));
#7847=CARTESIAN_POINT('',(-0.0216343780390453,0.0002,-0.0188280382304105));
#7848=CARTESIAN_POINT('',(-0.0216343780390453,-0.0043,-0.0188280382304105));
#7849=CARTESIAN_POINT('',(-0.0220381996558303,0.0002,-0.0197477985542417));
#7850=CARTESIAN_POINT('',(-0.0220381996558303,-0.0043,-0.0197477985542417));
#7851=CARTESIAN_POINT('',(-0.0223031744590027,0.0002,-0.0205270836152081));
#7852=CARTESIAN_POINT('',(-0.0223031744590027,-0.0043,-0.0205270836152081));
#7853=CARTESIAN_POINT('',(-0.0224555968753879,0.0002,-0.0210804688982496));
#7854=CARTESIAN_POINT('',(-0.0224555968753879,-0.0043,-0.0210804688982496));
#7855=CARTESIAN_POINT('',(-0.019700982228042,0.0002,-0.0163239028972843));
#7856=CARTESIAN_POINT('',(-3.27123086558666E-16,0.0002,-2.34452480069541E-16));
#7857=CARTESIAN_POINT('',(-0.0195245376752398,0.0002,-0.0148000820459936));
#7858=CARTESIAN_POINT('',(-0.0201091284205081,0.0002,-0.0139954619133314));
#7859=CARTESIAN_POINT('',(-0.0210192108765983,-0.00205,-0.0146288570603439));
#7860=CARTESIAN_POINT('',(-0.0204081632024101,-0.00205,-0.0154698920316426));
#7861=CARTESIAN_POINT('',(-0.0247862616183415,0.0002,-0.00634348003282605));
#7862=CARTESIAN_POINT('',(-0.0247862616183415,-0.0043,-0.00634348003282605));
#7863=CARTESIAN_POINT('',(-0.0249795796180866,0.0002,-0.00639301804906555));
#7864=CARTESIAN_POINT('',(-0.0249795796180866,-0.0043,-0.00639301804906555));
#7865=CARTESIAN_POINT('',(-0.0253167786981794,0.0002,-0.00647927554862139));
#7866=CARTESIAN_POINT('',(-0.0253167786981794,-0.0043,-0.00647927554862139));
#7867=CARTESIAN_POINT('',(-0.0255079652930033,0.0002,-0.00652772204255343));
#7868=CARTESIAN_POINT('',(-0.0255079652930033,-0.0043,-0.00652772204255343));
#7869=CARTESIAN_POINT('',(-0.0255156925299761,0.0002,-0.00652855596570229));
#7870=CARTESIAN_POINT('',(-0.0255156925299761,-0.0043,-0.00652855596570229));
#7871=CARTESIAN_POINT('',(-0.0255697313135652,0.0002,-0.0065394375998531));
#7872=CARTESIAN_POINT('',(-0.0255697313135652,-0.0043,-0.0065394375998531));
#7873=CARTESIAN_POINT('',(-0.0256335224023747,0.0002,-0.00654942926715745));
#7874=CARTESIAN_POINT('',(-0.0256335224023747,-0.0043,-0.00654942926715745));
#7875=CARTESIAN_POINT('',(-0.0257307883201168,0.0002,-0.00656220998720203));
#7876=CARTESIAN_POINT('',(-0.0257307883201168,-0.0043,-0.00656220998720203));
#7877=CARTESIAN_POINT('',(-0.0258724002054291,0.0002,-0.00657640761558264));
#7878=CARTESIAN_POINT('',(-0.0258724002054291,-0.0043,-0.00657640761558264));
#7879=CARTESIAN_POINT('',(-0.0261526963164797,0.0002,-0.00659407398601071));
#7880=CARTESIAN_POINT('',(-0.0261526963164797,-0.0043,-0.00659407398601071));
#7881=CARTESIAN_POINT('',(-0.0266202202335866,0.0002,-0.00659256796994813));
#7882=CARTESIAN_POINT('',(-0.0266202202335866,-0.0043,-0.00659256796994813));
#7883=CARTESIAN_POINT('',(-0.027256185238975,0.0002,-0.00654080196691057));
#7884=CARTESIAN_POINT('',(-0.027256185238975,-0.0043,-0.00654080196691057));
#7885=CARTESIAN_POINT('',(-0.0279485712530143,0.0002,-0.0064357362948856));
#7886=CARTESIAN_POINT('',(-0.0279485712530143,-0.0043,-0.0064357362948856));
#7887=CARTESIAN_POINT('',(-0.0289300333766485,0.0002,-0.00622181329156893));
#7888=CARTESIAN_POINT('',(-0.0289300333766485,-0.0043,-0.00622181329156893));
#7889=CARTESIAN_POINT('',(-0.0297162365159674,0.0002,-0.00597813014424871));
#7890=CARTESIAN_POINT('',(-0.0297162365159674,-0.0043,-0.00597813014424871));
#7891=CARTESIAN_POINT('',(-0.0302535262628544,0.0002,-0.00577617076122047));
#7892=CARTESIAN_POINT('',(-0.0302535262628544,-0.0043,-0.00577617076122047));
#7893=CARTESIAN_POINT('',(-0.0247862616677486,-0.0043,-0.00634348004548668));
#7894=CARTESIAN_POINT('',(-0.0237811108877688,0.0002,-0.0094370158886897));
#7895=CARTESIAN_POINT('',(-0.0237811108877688,-0.00430000000000001,-0.0094370158886897));
#7896=CARTESIAN_POINT('',(-0.0239666261502545,0.0002,-0.00951056826093716));
#7897=CARTESIAN_POINT('',(-0.0239666261502545,-0.00430000000000001,-0.00951056826093716));
#7898=CARTESIAN_POINT('',(-0.0242901268226757,0.0002,-0.00963898512426934));
#7899=CARTESIAN_POINT('',(-0.0242901268226757,-0.00430000000000001,-0.00963898512426934));
#7900=CARTESIAN_POINT('',(-0.0244732761616434,0.0002,-0.00971216774823389));
#7901=CARTESIAN_POINT('',(-0.0244732761616434,-0.00430000000000001,-0.00971216774823389));
#7902=CARTESIAN_POINT('',(-0.0244800177954024,0.0002,-0.00971603504616807));
#7903=CARTESIAN_POINT('',(-0.0244800177954024,-0.00430000000000001,-0.00971603504616807));
#7904=CARTESIAN_POINT('',(-0.0245301321537561,0.0002,-0.00973899481925902));
#7905=CARTESIAN_POINT('',(-0.0245301321537561,-0.00430000000000001,-0.00973899481925902));
#7906=CARTESIAN_POINT('',(-0.02458761318338,0.0002,-0.00976840685183753));
#7907=CARTESIAN_POINT('',(-0.02458761318338,-0.00430000000000001,-0.00976840685183753));
#7908=CARTESIAN_POINT('',(-0.0246738152825626,0.0002,-0.00981523850412058));
#7909=CARTESIAN_POINT('',(-0.0246738152825626,-0.00430000000000001,-0.00981523850412058));
#7910=CARTESIAN_POINT('',(-0.0247967268609654,0.0002,-0.0098869897592168));
#7911=CARTESIAN_POINT('',(-0.0247967268609654,-0.00430000000000001,-0.0098869897592168));
#7912=CARTESIAN_POINT('',(-0.0250338752102617,0.0002,-0.010037451285662));
#7913=CARTESIAN_POINT('',(-0.0250338752102617,-0.00430000000000001,-0.010037451285662));
#7914=CARTESIAN_POINT('',(-0.0254112247904466,0.0002,-0.0103134733418199));
#7915=CARTESIAN_POINT('',(-0.0254112247904466,-0.00430000000000001,-0.0103134733418199));
#7916=CARTESIAN_POINT('',(-0.025895303994478,0.0002,-0.0107291637691496));
#7917=CARTESIAN_POINT('',(-0.025895303994478,-0.00430000000000001,-0.0107291637691496));
#7918=CARTESIAN_POINT('',(-0.0263936999939648,0.0002,-0.011221137971289));
#7919=CARTESIAN_POINT('',(-0.0263936999939648,-0.00430000000000001,-0.011221137971289));
#7920=CARTESIAN_POINT('',(-0.0270619787448447,0.0002,-0.0119710942784159));
#7921=CARTESIAN_POINT('',(-0.0270619787448447,-0.00430000000000001,-0.0119710942784159));
#7922=CARTESIAN_POINT('',(-0.0275547970853569,0.0002,-0.0126303566964379));
#7923=CARTESIAN_POINT('',(-0.0275547970853569,-0.00430000000000001,-0.0126303566964379));
#7924=CARTESIAN_POINT('',(-0.0278707648745864,0.0002,-0.0131095562589098));
#7925=CARTESIAN_POINT('',(-0.0278707648745864,-0.00430000000000001,-0.0131095562589098));
#7926=CARTESIAN_POINT('',(-0.0237811109351816,0.0002,-0.00943701590748778));
#7927=CARTESIAN_POINT('',(-3.83562343817045E-16,0.0002,-1.21890965932682E-16));
#7928=CARTESIAN_POINT('',(-0.0231424156540426,0.0002,-0.00804230052258213));
#7929=CARTESIAN_POINT('',(-0.0234497531966871,0.0002,-0.00709641282722924));
#7930=CARTESIAN_POINT('',(-0.024511022911499,-0.00205,-0.00741757646397084));
#7931=CARTESIAN_POINT('',(-0.0241897761381903,-0.00205,-0.00840627236955401));
#7932=CARTESIAN_POINT('',(-0.0255333787603416,0.0002,0.0016263680458836));
#7933=CARTESIAN_POINT('',(-0.0255333787603416,-0.0043,0.0016263680458836));
#7934=CARTESIAN_POINT('',(-0.0257325431926019,0.0002,0.00163899313997449));
#7935=CARTESIAN_POINT('',(-0.0257325431926019,-0.0043,0.00163899313997449));
#7936=CARTESIAN_POINT('',(-0.026079893608268,0.0002,0.00166115762917886));
#7937=CARTESIAN_POINT('',(-0.026079893608268,-0.0043,0.00166115762917886));
#7938=CARTESIAN_POINT('',(-0.0262766936550463,0.0002,0.00167416218233038));
#7939=CARTESIAN_POINT('',(-0.0262766936550463,-0.0043,0.00167416218233038));
#7940=CARTESIAN_POINT('',(-0.0262843003905473,0.0002,0.00167575692182976));
#7941=CARTESIAN_POINT('',(-0.0262843003905473,-0.0043,0.00167575692182976));
#7942=CARTESIAN_POINT('',(-0.0263390569376916,0.0002,0.00168210677524707));
#7943=CARTESIAN_POINT('',(-0.0263390569376916,-0.0043,0.00168210677524707));
#7944=CARTESIAN_POINT('',(-0.0264028134633846,0.0002,0.00169231666548043));
#7945=CARTESIAN_POINT('',(-0.0264028134633846,-0.0043,0.00169231666548043));
#7946=CARTESIAN_POINT('',(-0.0264992683079607,0.0002,0.00171021829995484));
#7947=CARTESIAN_POINT('',(-0.0264992683079607,-0.0043,0.00171021829995484));
#7948=CARTESIAN_POINT('',(-0.0266383365227213,0.0002,0.00174047603213453));
#7949=CARTESIAN_POINT('',(-0.0266383365227213,-0.0043,0.00174047603213453));
#7950=CARTESIAN_POINT('',(-0.0269103731743194,0.0002,0.00181029057719147));
#7951=CARTESIAN_POINT('',(-0.0269103731743194,-0.0043,0.00181029057719147));
#7952=CARTESIAN_POINT('',(-0.0273545494576505,0.0002,0.00195619571924421));
#7953=CARTESIAN_POINT('',(-0.0273545494576505,-0.0043,0.00195619571924421));
#7954=CARTESIAN_POINT('',(-0.0279433915454915,0.0002,0.00220195210824842));
#7955=CARTESIAN_POINT('',(-0.0279433915454915,-0.0043,0.00220195210824842));
#7956=CARTESIAN_POINT('',(-0.0285694226977539,0.0002,0.00251583454527234));
#7957=CARTESIAN_POINT('',(-0.0285694226977539,-0.0043,0.00251583454527234));
#7958=CARTESIAN_POINT('',(-0.0294367428024206,0.0002,0.00302257588710045));
#7959=CARTESIAN_POINT('',(-0.0294367428024206,-0.0043,0.00302257588710045));
#7960=CARTESIAN_POINT('',(-0.0301091641874363,0.0002,0.00349728246335087));
#7961=CARTESIAN_POINT('',(-0.0301091641874363,-0.0043,0.00349728246335087));
#7962=CARTESIAN_POINT('',(-0.0305577482208231,0.0002,0.00385538891329855));
#7963=CARTESIAN_POINT('',(-0.0305577482208231,-0.0043,0.00385538891329855));
#7964=CARTESIAN_POINT('',(-0.0255333788112428,-0.0043,0.00162636804911025));
#7965=CARTESIAN_POINT('',(-0.0255333787603416,0.0002,-0.0016263680458836));
#7966=CARTESIAN_POINT('',(-0.0255333787603416,-0.0043,-0.0016263680458836));
#7967=CARTESIAN_POINT('',(-0.0257325431926019,0.0002,-0.00163899313997448));
#7968=CARTESIAN_POINT('',(-0.0257325431926019,-0.0043,-0.00163899313997448));
#7969=CARTESIAN_POINT('',(-0.026079893608268,0.0002,-0.00166115762917886));
#7970=CARTESIAN_POINT('',(-0.026079893608268,-0.0043,-0.00166115762917886));
#7971=CARTESIAN_POINT('',(-0.0262766936550463,0.0002,-0.00167416218233038));
#7972=CARTESIAN_POINT('',(-0.0262766936550463,-0.0043,-0.00167416218233038));
#7973=CARTESIAN_POINT('',(-0.0262843003905473,0.0002,-0.00167575692182975));
#7974=CARTESIAN_POINT('',(-0.0262843003905473,-0.0043,-0.00167575692182975));
#7975=CARTESIAN_POINT('',(-0.0263390569376916,0.0002,-0.00168210677524707));
#7976=CARTESIAN_POINT('',(-0.0263390569376916,-0.0043,-0.00168210677524707));
#7977=CARTESIAN_POINT('',(-0.0264028134633846,0.0002,-0.00169231666548042));
#7978=CARTESIAN_POINT('',(-0.0264028134633846,-0.0043,-0.00169231666548042));
#7979=CARTESIAN_POINT('',(-0.0264992683079607,0.0002,-0.00171021829995484));
#7980=CARTESIAN_POINT('',(-0.0264992683079607,-0.0043,-0.00171021829995484));
#7981=CARTESIAN_POINT('',(-0.0266383365227213,0.0002,-0.00174047603213453));
#7982=CARTESIAN_POINT('',(-0.0266383365227213,-0.0043,-0.00174047603213453));
#7983=CARTESIAN_POINT('',(-0.0269103731743194,0.0002,-0.00181029057719147));
#7984=CARTESIAN_POINT('',(-0.0269103731743194,-0.0043,-0.00181029057719147));
#7985=CARTESIAN_POINT('',(-0.0273545494576505,0.0002,-0.0019561957192442));
#7986=CARTESIAN_POINT('',(-0.0273545494576505,-0.0043,-0.0019561957192442));
#7987=CARTESIAN_POINT('',(-0.0279433915454915,0.0002,-0.00220195210824841));
#7988=CARTESIAN_POINT('',(-0.0279433915454915,-0.0043,-0.00220195210824841));
#7989=CARTESIAN_POINT('',(-0.0285694226977539,0.0002,-0.00251583454527234));
#7990=CARTESIAN_POINT('',(-0.0285694226977539,-0.0043,-0.00251583454527234));
#7991=CARTESIAN_POINT('',(-0.0294367428024207,0.0002,-0.00302257588710044));
#7992=CARTESIAN_POINT('',(-0.0294367428024207,-0.0043,-0.00302257588710044));
#7993=CARTESIAN_POINT('',(-0.0301091641874363,0.0002,-0.00349728246335086));
#7994=CARTESIAN_POINT('',(-0.0301091641874363,-0.0043,-0.00349728246335086));
#7995=CARTESIAN_POINT('',(-0.030557748220823,0.0002,-0.00385538891329854));
#7996=CARTESIAN_POINT('',(-0.030557748220823,-0.0043,-0.00385538891329854));
#7997=CARTESIAN_POINT('',(-0.0255333788112429,0.0002,-0.00162636804911025));
#7998=CARTESIAN_POINT('',(-4.02455846426619E-16,0.0002,2.60208521396526E-18));
#7999=CARTESIAN_POINT('',(-0.0244949527459366,0.0002,-0.000497282590017675));
#8000=CARTESIAN_POINT('',(-0.0244949527459366,0.0002,0.00049728259001768));
#8001=CARTESIAN_POINT('',(-0.0256035252454836,-0.00205,0.000519788197989859));
#8002=CARTESIAN_POINT('',(-0.0256035252454837,-0.00205,-0.000519788197989855));
#8003=CARTESIAN_POINT('',(-0.0237811108877687,0.0002,0.00943701588868967));
#8004=CARTESIAN_POINT('',(-0.0237811108877687,-0.0043,0.00943701588868967));
#8005=CARTESIAN_POINT('',(-0.0239666261502544,0.0002,0.00951056826093713));
#8006=CARTESIAN_POINT('',(-0.0239666261502544,-0.0043,0.00951056826093713));
#8007=CARTESIAN_POINT('',(-0.0242901268226757,0.0002,0.00963898512426933));
#8008=CARTESIAN_POINT('',(-0.0242901268226757,-0.0043,0.00963898512426933));
#8009=CARTESIAN_POINT('',(-0.0244732761616434,0.0002,0.00971216774823389));
#8010=CARTESIAN_POINT('',(-0.0244732761616434,-0.0043,0.00971216774823389));
#8011=CARTESIAN_POINT('',(-0.0244800177954024,0.0002,0.00971603504616808));
#8012=CARTESIAN_POINT('',(-0.0244800177954024,-0.0043,0.00971603504616808));
#8013=CARTESIAN_POINT('',(-0.024530132153756,0.0002,0.009738994819259));
#8014=CARTESIAN_POINT('',(-0.024530132153756,-0.0043,0.009738994819259));
#8015=CARTESIAN_POINT('',(-0.02458761318338,0.0002,0.00976840685183755));
#8016=CARTESIAN_POINT('',(-0.02458761318338,-0.0043,0.00976840685183755));
#8017=CARTESIAN_POINT('',(-0.0246738152825626,0.0002,0.00981523850412058));
#8018=CARTESIAN_POINT('',(-0.0246738152825626,-0.0043,0.00981523850412058));
#8019=CARTESIAN_POINT('',(-0.0247967268609654,0.0002,0.0098869897592168));
#8020=CARTESIAN_POINT('',(-0.0247967268609654,-0.0043,0.0098869897592168));
#8021=CARTESIAN_POINT('',(-0.0250338752102617,0.0002,0.0100374512856621));
#8022=CARTESIAN_POINT('',(-0.0250338752102617,-0.0043,0.0100374512856621));
#8023=CARTESIAN_POINT('',(-0.0254112247904466,0.0002,0.0103134733418199));
#8024=CARTESIAN_POINT('',(-0.0254112247904466,-0.0043,0.0103134733418199));
#8025=CARTESIAN_POINT('',(-0.025895303994478,0.0002,0.0107291637691496));
#8026=CARTESIAN_POINT('',(-0.025895303994478,-0.0043,0.0107291637691496));
#8027=CARTESIAN_POINT('',(-0.0263936999939648,0.0002,0.011221137971289));
#8028=CARTESIAN_POINT('',(-0.0263936999939648,-0.0043,0.011221137971289));
#8029=CARTESIAN_POINT('',(-0.0270619787448447,0.0002,0.0119710942784158));
#8030=CARTESIAN_POINT('',(-0.0270619787448447,-0.0043,0.0119710942784158));
#8031=CARTESIAN_POINT('',(-0.0275547970853569,0.0002,0.0126303566964382));
#8032=CARTESIAN_POINT('',(-0.0275547970853569,-0.0043,0.0126303566964382));
#8033=CARTESIAN_POINT('',(-0.0278707648745864,0.0002,0.0131095562589098));
#8034=CARTESIAN_POINT('',(-0.0278707648745864,-0.0043,0.0131095562589098));
#8035=CARTESIAN_POINT('',(-0.0237811109351815,-0.0043,0.00943701590748775));
#8036=CARTESIAN_POINT('',(-0.0247862616183416,0.0002,0.00634348003282608));
#8037=CARTESIAN_POINT('',(-0.0247862616183416,-0.0043,0.00634348003282608));
#8038=CARTESIAN_POINT('',(-0.0249795796180867,0.0002,0.00639301804906559));
#8039=CARTESIAN_POINT('',(-0.0249795796180867,-0.0043,0.00639301804906559));
#8040=CARTESIAN_POINT('',(-0.0253167786981795,0.0002,0.00647927554862141));
#8041=CARTESIAN_POINT('',(-0.0253167786981795,-0.0043,0.00647927554862141));
#8042=CARTESIAN_POINT('',(-0.0255079652930033,0.0002,0.00652772204255345));
#8043=CARTESIAN_POINT('',(-0.0255079652930033,-0.0043,0.00652772204255345));
#8044=CARTESIAN_POINT('',(-0.0255156925299761,0.0002,0.0065285559657023));
#8045=CARTESIAN_POINT('',(-0.0255156925299761,-0.0043,0.0065285559657023));
#8046=CARTESIAN_POINT('',(-0.0255697313135653,0.0002,0.0065394375998531));
#8047=CARTESIAN_POINT('',(-0.0255697313135653,-0.0043,0.0065394375998531));
#8048=CARTESIAN_POINT('',(-0.0256335224023747,0.0002,0.00654942926715746));
#8049=CARTESIAN_POINT('',(-0.0256335224023747,-0.0043,0.00654942926715746));
#8050=CARTESIAN_POINT('',(-0.0257307883201167,0.0002,0.00656220998720204));
#8051=CARTESIAN_POINT('',(-0.0257307883201167,-0.0043,0.00656220998720204));
#8052=CARTESIAN_POINT('',(-0.0258724002054291,0.0002,0.00657640761558265));
#8053=CARTESIAN_POINT('',(-0.0258724002054291,-0.0043,0.00657640761558265));
#8054=CARTESIAN_POINT('',(-0.0261526963164797,0.0002,0.00659407398601073));
#8055=CARTESIAN_POINT('',(-0.0261526963164797,-0.0043,0.00659407398601073));
#8056=CARTESIAN_POINT('',(-0.0266202202335866,0.0002,0.00659256796994812));
#8057=CARTESIAN_POINT('',(-0.0266202202335866,-0.0043,0.00659256796994812));
#8058=CARTESIAN_POINT('',(-0.027256185238975,0.0002,0.00654080196691058));
#8059=CARTESIAN_POINT('',(-0.027256185238975,-0.0043,0.00654080196691058));
#8060=CARTESIAN_POINT('',(-0.0279485712530143,0.0002,0.0064357362948856));
#8061=CARTESIAN_POINT('',(-0.0279485712530143,-0.0043,0.0064357362948856));
#8062=CARTESIAN_POINT('',(-0.0289300333766485,0.0002,0.00622181329156892));
#8063=CARTESIAN_POINT('',(-0.0289300333766485,-0.0043,0.00622181329156892));
#8064=CARTESIAN_POINT('',(-0.0297162365159674,0.0002,0.00597813014424883));
#8065=CARTESIAN_POINT('',(-0.0297162365159674,-0.0043,0.00597813014424883));
#8066=CARTESIAN_POINT('',(-0.0302535262628544,0.0002,0.00577617076122047));
#8067=CARTESIAN_POINT('',(-0.0302535262628544,-0.0043,0.00577617076122047));
#8068=CARTESIAN_POINT('',(-0.0247862616677487,0.0002,0.0063434800454867));
#8069=CARTESIAN_POINT('',(-3.81954166713191E-16,0.0002,1.26840426130076E-16));
#8070=CARTESIAN_POINT('',(-0.0234497531966871,0.0002,0.00709641282722924));
#8071=CARTESIAN_POINT('',(-0.0231424156540426,0.0002,0.00804230052258213));
#8072=CARTESIAN_POINT('',(-0.0241897761381902,-0.00205,0.00840627236955398));
#8073=CARTESIAN_POINT('',(-0.0245110229114991,-0.00205,0.00741757646397087));
#8074=CARTESIAN_POINT('',(0.,-0.00146,0.));
#8075=CARTESIAN_POINT('',(-0.0082477568731463,-0.00146,-0.00242018109623393));
#8076=CARTESIAN_POINT('',(-0.0141645780653942,-0.00146,-0.00209687192430308));
#8077=CARTESIAN_POINT('',(-0.01405,-0.00146,2.5804011705155E-17));
#8078=CARTESIAN_POINT('',(-0.0141645780653942,-0.00146,0.00209687192430308));
#8079=CARTESIAN_POINT('',(-0.0082477568731463,-0.00146,0.00242018109623393));
#8080=CARTESIAN_POINT('',(-0.0082477568731463,-0.00146,0.00242018109623393));
#8081=CARTESIAN_POINT('',(-0.0141645780653942,-0.00146,0.00209687192430308));
#8082=CARTESIAN_POINT('',(-0.0082477568731463,-0.00146,-0.00242018109623393));
#8083=CARTESIAN_POINT('',(-0.0141645780653942,-0.00146,-0.00209687192430308));
#8084=CARTESIAN_POINT('',(-0.01405,-0.00146,2.5804011705155E-17));
#8085=CARTESIAN_POINT('',(0.,-0.00146,0.));
#8086=CARTESIAN_POINT('',(0.00824775687314631,-0.00146,0.00242018109623393));
#8087=CARTESIAN_POINT('',(0.0141645780653942,-0.00146,0.00209687192430308));
#8088=CARTESIAN_POINT('',(0.01405,-0.00146,-2.5804011705155E-17));
#8089=CARTESIAN_POINT('',(0.0141645780653942,-0.00146,-0.00209687192430308));
#8090=CARTESIAN_POINT('',(0.0082477568731463,-0.00146,-0.00242018109623393));
#8091=CARTESIAN_POINT('',(0.00824775687314631,-0.00146,0.00242018109623393));
#8092=CARTESIAN_POINT('',(0.0141645780653942,-0.00146,0.00209687192430308));
#8093=CARTESIAN_POINT('',(0.01405,-0.00146,-2.5804011705155E-17));
#8094=CARTESIAN_POINT('',(0.0141645780653942,-0.00146,-0.00209687192430308));
#8095=CARTESIAN_POINT('',(0.0082477568731463,-0.00146,-0.00242018109623393));
#8096=CARTESIAN_POINT('',(0.,-0.0043,1.53080849893419E-19));
#8097=CARTESIAN_POINT('',(0.,-0.0038,1.53080849893419E-19));
#8098=CARTESIAN_POINT('',(-0.0025,-0.0038,1.53080849893419E-19));
#8099=CARTESIAN_POINT('',(0.,-0.0038,0.));
#8100=MECHANICAL_DESIGN_GEOMETRIC_PRESENTATION_REPRESENTATION('',(#2498),
#8101);
#8101=(
GEOMETRIC_REPRESENTATION_CONTEXT(3)
GLOBAL_UNCERTAINTY_ASSIGNED_CONTEXT((#8102))
GLOBAL_UNIT_ASSIGNED_CONTEXT((#8105,#8104,#8103))
REPRESENTATION_CONTEXT('Spur gear (20 teeth)','TOP_LEVEL_ASSEMBLY_PART')
);
#8102=UNCERTAINTY_MEASURE_WITH_UNIT(LENGTH_MEASURE(2.E-5),#8105,
'DISTANCE_ACCURACY_VALUE','Maximum Tolerance applied to model');
#8103=(
NAMED_UNIT(*)
SI_UNIT($,.STERADIAN.)
SOLID_ANGLE_UNIT()
);
#8104=(
NAMED_UNIT(*)
PLANE_ANGLE_UNIT()
SI_UNIT($,.RADIAN.)
);
#8105=(
LENGTH_UNIT()
NAMED_UNIT(*)
SI_UNIT($,.METRE.)
);
#8106=PRODUCT_DEFINITION_SHAPE('','',#8107);
#8107=PRODUCT_DEFINITION('','',#8109,#8108);
#8108=PRODUCT_DEFINITION_CONTEXT('',#8115,'design');
#8109=PRODUCT_DEFINITION_FORMATION_WITH_SPECIFIED_SOURCE('','',#8111,
 .NOT_KNOWN.);
#8110=PRODUCT_RELATED_PRODUCT_CATEGORY('','',(#8111));
#8111=PRODUCT('Spur gear (20 teeth)','Spur gear (20 teeth)',
'Spur gear (20 teeth)',(#8113));
#8112=PRODUCT_CATEGORY('','');
#8113=PRODUCT_CONTEXT('',#8115,'mechanical');
#8114=APPLICATION_PROTOCOL_DEFINITION('international standard',
'ap242_managed_model_based_3d_engineering',2011,#8115);
#8115=APPLICATION_CONTEXT('managed model based 3d engineering');
ENDSEC;
END-ISO-10303-21;
