ISO-10303-21;
HEADER;
/* Generated by software containing ST-Developer
 * from STEP Tools, Inc. (www.steptools.com) 
 */
/* OPTION: using custom renumber hook */

FILE_DESCRIPTION(
/* description */ ('STEP AP242',
'CAx-IF Rec.Pracs.---Representation and Presentation of Product Manufa
cturing Information (PMI)---4.0---2014-10-13',
'CAx-IF Rec.Pracs.---3D Tessellated Geometry---0.4---2014-09-14','2;1'),

/* implementation_level */ '2;1');

FILE_NAME(
/* name */ '6883f6484addd603f724a1dd',
/* time_stamp */ '2025-07-25T21:25:29Z',
/* author */ (''),
/* organization */ (''),
/* preprocessor_version */ 'ST-DEVELOPER v20',
/* originating_system */ 'ONSHAPE BY PTC INC, 1.201',
/* authorisation */ '  ');

FILE_SCHEMA (('AP242_MANAGED_MODEL_BASED_3D_ENGINEERING_MIM_LF { 1 0 10303 442 1 1 4 }'));
ENDSEC;

DATA;
#10=SHAPE_REPRESENTATION_RELATIONSHIP('','',#1113,#11);
#11=ADVANCED_BREP_SHAPE_REPRESENTATION('',(#1111),#5509);
#12=CYLINDRICAL_SURFACE('',#1120,0.0288749999898688);
#13=CYLINDRICAL_SURFACE('',#1122,0.0288750000000154);
#14=CYLINDRICAL_SURFACE('',#1137,0.032875);
#15=CYLINDRICAL_SURFACE('',#1156,0.035375);
#16=CYLINDRICAL_SURFACE('',#1160,0.0288749999999447);
#17=CYLINDRICAL_SURFACE('',#1162,0.0288749999968327);
#18=B_SPLINE_CURVE_WITH_KNOTS('',3,(#1510,#1511,#1512,#1513,#1514,#1515,
#1516,#1517),.UNSPECIFIED.,.F.,.F.,(4,1,1,1,1,4),(0.,0.00352378672639047,
0.00704757345278094,0.0105713601791714,0.0123332535423667,0.0140951469055619),
 .UNSPECIFIED.);
#19=B_SPLINE_CURVE_WITH_KNOTS('',3,(#1522,#1523,#1524,#1525,#1526,#1527,
#1528,#1529,#1530,#1531,#1532),.UNSPECIFIED.,.F.,.F.,(4,1,1,1,1,1,1,1,4),
(0.109508203305062,0.156387361095849,0.169690106204962,0.199944866757663,
0.22847757267104,0.252148747002444,0.278802445367289,0.302861178481745,
0.350847330122046),.UNSPECIFIED.);
#20=B_SPLINE_CURVE_WITH_KNOTS('',3,(#1536,#1537,#1538,#1539),
 .UNSPECIFIED.,.F.,.F.,(4,4),(0.,3.64149833344405E-5),.UNSPECIFIED.);
#21=B_SPLINE_CURVE_WITH_KNOTS('',3,(#1558,#1559,#1560,#1561,#1562,#1563,
#1564,#1565,#1566,#1567,#1568),.UNSPECIFIED.,.F.,.F.,(4,1,1,1,1,1,1,1,4),
(1.87036659188704E-17,0.000902285364675538,0.00180457072935106,0.0036091414587021,
0.00541371218805313,0.00721828291740417,0.00902285364675521,0.0108274243761062,
0.0144365658348083),.UNSPECIFIED.);
#22=B_SPLINE_CURVE_WITH_KNOTS('',3,(#1570,#1571,#1572,#1573,#1574,#1575,
#1576,#1577,#1578,#1579,#1580,#1581),.UNSPECIFIED.,.F.,.F.,(4,1,1,1,1,1,
1,1,1,4),(0.350948303809341,0.398159350180413,0.41320363870254,0.43771811854615,
0.460884636662514,0.48499041339219,0.508598204855515,0.538535309294688,
0.558729577479312,0.606705958293284),.UNSPECIFIED.);
#23=B_SPLINE_CURVE_WITH_KNOTS('',3,(#1585,#1586,#1587,#1588,#1589,#1590,
#1591,#1592,#1593,#1594,#1595,#1596),.UNSPECIFIED.,.F.,.F.,(4,1,1,1,1,1,
1,1,1,4),(0.350948303809341,0.398159350180413,0.41320363870254,0.43771811854615,
0.460884636662514,0.48499041339219,0.508598204855515,0.538535309294688,
0.558729577479312,0.606705958293284),.UNSPECIFIED.);
#24=B_SPLINE_CURVE_WITH_KNOTS('',3,(#1617,#1618,#1619,#1620,#1621,#1622,
#1623,#1624),.UNSPECIFIED.,.F.,.F.,(4,1,1,1,1,4),(6.83788892067404E-15,
0.00359597604117105,0.00719195208233527,0.0107879281234995,0.0125859161440816,
0.0143839041646637),.UNSPECIFIED.);
#25=B_SPLINE_CURVE_WITH_KNOTS('',3,(#1629,#1630,#1631,#1632,#1633,#1634,
#1635,#1636,#1637,#1638,#1639,#1640),.UNSPECIFIED.,.F.,.F.,(4,1,1,1,1,1,
1,1,1,4),(0.606920085169299,0.65459557711741,0.669392451178002,0.695846544588169,
0.72250054591335,0.738056597165144,0.761692345177373,0.785419057261053,
0.811577982558617,0.860062428896778),.UNSPECIFIED.);
#26=B_SPLINE_CURVE_WITH_KNOTS('',3,(#1644,#1645,#1646,#1647,#1648,#1649,
#1650,#1651,#1652,#1653,#1654,#1655),.UNSPECIFIED.,.F.,.F.,(4,1,1,1,1,1,
1,1,1,4),(0.606920085169299,0.65459557711741,0.669392451178002,0.695846544588169,
0.72250054591335,0.738056597165144,0.761692345177373,0.785419057261053,
0.811577982558617,0.860062428896778),.UNSPECIFIED.);
#27=B_SPLINE_CURVE_WITH_KNOTS('',3,(#1657,#1658,#1659,#1660),
 .UNSPECIFIED.,.F.,.F.,(4,4),(0.,0.000888490257887498),.UNSPECIFIED.);
#28=B_SPLINE_CURVE_WITH_KNOTS('',3,(#1683,#1684,#1685,#1686,#1687,#1688,
#1689,#1690),.UNSPECIFIED.,.F.,.F.,(4,1,1,1,1,4),(1.25140003406103E-14,
0.0016543587741619,0.00330871754831128,0.00661743509661005,0.00992615264490881,
0.0132348701932076),.UNSPECIFIED.);
#29=B_SPLINE_CURVE_WITH_KNOTS('',3,(#1692,#1693,#1694,#1695,#1696,#1697,
#1698,#1699,#1700,#1701,#1702,#1703,#1704,#1705),.UNSPECIFIED.,.F.,.F.,
(4,1,1,1,1,1,3,1,1,4),(0.862438790522635,0.909007243362464,0.921532856010519,
0.946305255352127,0.967403415842612,0.985732427698457,1.,1.03306151025152,
1.06094980241022,1.10882898444052),.UNSPECIFIED.);
#30=B_SPLINE_CURVE_WITH_KNOTS('',3,(#1707,#1708,#1709,#1710,#1711,#1712,
#1713,#1714,#1715,#1716,#1717,#1718,#1719,#1720),.UNSPECIFIED.,.F.,.F.,
(4,1,1,1,1,1,3,1,1,4),(0.862438790522635,0.909007243362464,0.921532856010519,
0.946305255352127,0.967403415842612,0.985732427698457,1.,1.03306151025152,
1.06094980241022,1.10882898444052),.UNSPECIFIED.);
#31=B_SPLINE_CURVE_WITH_KNOTS('',3,(#1724,#1725,#1726,#1727,#1728,#1729,
#1730,#1731,#1732,#1733,#1734,#1735,#1736,#1737),.UNSPECIFIED.,.F.,.F.,
(4,1,1,1,1,1,3,1,1,4),(0.862438790522635,0.909007243362464,0.921532856010519,
0.946305255352127,0.967403415842612,0.985732427698457,1.,1.03306151025152,
1.06094980241022,1.10882898444052),.UNSPECIFIED.);
#32=B_SPLINE_CURVE_WITH_KNOTS('',3,(#2682,#2683,#2684,#2685,#2686,#2687,
#2688,#2689,#2690,#2691,#2692,#2693),.UNSPECIFIED.,.F.,.F.,(4,1,1,1,1,1,
1,1,1,4),(4.15971064074914E-14,0.00348804632615453,0.00697609265226747,
0.0104641389783804,0.0139521853044933,0.0174402316306063,0.0209282779567192,
0.0244163242828321,0.0261603474458886,0.0279043706089451),.UNSPECIFIED.);
#33=B_SPLINE_CURVE_WITH_KNOTS('',3,(#2696,#2697,#2698,#2699,#2700,#2701,
#2702,#2703,#2704,#2705,#2706,#2707,#2708,#2709,#2710,#2711,#2712,#2713,
#2714,#2715,#2716,#2717,#2718,#2719,#2720,#2721,#2722,#2723,#2724,#2725,
#2726,#2727,#2728,#2729,#2730,#2731,#2732,#2733,#2734,#2735,#2736,#2737,
#2738,#2739,#2740,#2741,#2742,#2743,#2744,#2745,#2746,#2747,#2748,#2749,
#2750,#2751,#2752,#2753,#2754,#2755,#2756,#2757,#2758,#2759,#2760,#2761,
#2762,#2763,#2764,#2765,#2766,#2767,#2768,#2769,#2770,#2771,#2772,#2773,
#2774,#2775,#2776,#2777,#2778,#2779,#2780,#2781,#2782,#2783,#2784,#2785,
#2786,#2787,#2788,#2789,#2790,#2791,#2792,#2793,#2794,#2795,#2796,#2797,
#2798,#2799,#2800,#2801,#2802,#2803,#2804,#2805,#2806,#2807,#2808,#2809,
#2810,#2811,#2812,#2813,#2814,#2815,#2816,#2817,#2818,#2819,#2820,#2821,
#2822,#2823,#2824,#2825,#2826,#2827,#2828,#2829,#2830,#2831,#2832,#2833,
#2834,#2835,#2836,#2837,#2838,#2839,#2840,#2841,#2842,#2843,#2844,#2845,
#2846,#2847,#2848,#2849,#2850,#2851,#2852,#2853,#2854,#2855,#2856,#2857,
#2858,#2859,#2860,#2861,#2862,#2863,#2864,#2865,#2866,#2867,#2868,#2869,
#2870,#2871,#2872,#2873,#2874,#2875,#2876,#2877,#2878,#2879,#2880,#2881,
#2882,#2883,#2884,#2885,#2886,#2887,#2888,#2889,#2890,#2891,#2892,#2893,
#2894,#2895,#2896,#2897,#2898,#2899,#2900,#2901,#2902,#2903,#2904,#2905,
#2906,#2907,#2908,#2909,#2910,#2911,#2912,#2913,#2914,#2915,#2916,#2917,
#2918,#2919,#2920,#2921,#2922,#2923,#2924,#2925,#2926,#2927,#2928,#2929,
#2930,#2931,#2932,#2933,#2934,#2935,#2936,#2937,#2938,#2939,#2940,#2941,
#2942,#2943,#2944,#2945,#2946,#2947,#2948,#2949,#2950,#2951,#2952,#2953,
#2954,#2955,#2956,#2957,#2958,#2959,#2960,#2961,#2962,#2963,#2964,#2965,
#2966,#2967,#2968,#2969,#2970,#2971,#2972,#2973,#2974,#2975,#2976,#2977,
#2978,#2979,#2980,#2981,#2982,#2983,#2984,#2985,#2986,#2987,#2988,#2989,
#2990,#2991,#2992,#2993,#2994,#2995,#2996,#2997,#2998,#2999,#3000,#3001,
#3002,#3003,#3004,#3005,#3006,#3007,#3008,#3009,#3010,#3011,#3012,#3013,
#3014,#3015,#3016,#3017,#3018,#3019,#3020,#3021,#3022,#3023,#3024,#3025,
#3026,#3027,#3028,#3029,#3030,#3031,#3032,#3033,#3034,#3035,#3036,#3037,
#3038,#3039,#3040,#3041,#3042,#3043,#3044,#3045,#3046,#3047,#3048,#3049,
#3050,#3051,#3052,#3053,#3054,#3055,#3056,#3057,#3058,#3059,#3060,#3061,
#3062,#3063,#3064,#3065,#3066,#3067,#3068,#3069,#3070,#3071,#3072,#3073,
#3074,#3075,#3076,#3077,#3078,#3079,#3080,#3081,#3082,#3083,#3084,#3085,
#3086,#3087,#3088,#3089,#3090,#3091,#3092,#3093,#3094,#3095,#3096,#3097,
#3098,#3099,#3100,#3101,#3102,#3103,#3104,#3105,#3106,#3107,#3108,#3109,
#3110,#3111,#3112,#3113,#3114,#3115,#3116,#3117,#3118,#3119,#3120,#3121,
#3122,#3123,#3124,#3125,#3126,#3127,#3128,#3129,#3130,#3131,#3132,#3133,
#3134,#3135,#3136,#3137,#3138,#3139,#3140,#3141,#3142,#3143,#3144,#3145,
#3146,#3147,#3148,#3149,#3150,#3151,#3152,#3153,#3154,#3155,#3156,#3157,
#3158,#3159,#3160,#3161,#3162,#3163,#3164,#3165,#3166,#3167),
 .UNSPECIFIED.,.T.,.F.,(1,3,1,1,1,1,1,1,1,1,1,1,1,1,1,1,1,1,1,1,1,1,1,1,
1,1,1,1,1,1,1,1,1,1,1,1,1,1,1,1,1,1,1,1,1,1,1,1,1,1,1,1,1,1,1,1,1,1,1,1,
1,1,1,1,1,1,1,1,1,1,1,1,1,1,1,1,1,1,1,1,1,1,1,1,1,1,1,1,1,1,1,1,1,1,1,1,
1,1,1,1,1,1,1,1,1,1,1,1,1,1,1,1,1,1,1,1,1,1,1,1,1,1,1,1,1,1,1,1,1,1,1,1,
1,1,1,1,1,1,1,1,1,1,1,1,1,1,1,1,1,1,1,1,1,1,1,1,1,1,1,1,1,1,1,1,1,1,1,1,
1,1,1,1,1,1,1,1,1,1,1,1,1,1,1,1,1,1,1,1,1,1,1,1,1,1,1,1,1,1,1,1,1,1,1,1,
1,1,1,1,1,1,1,1,1,1,1,1,1,1,1,1,1,1,1,1,1,1,1,1,1,1,1,1,1,1,1,1,1,1,1,1,
1,1,1,1,1,1,1,1,1,1,1,1,1,1,1,1,1,1,1,1,1,1,1,1,1,1,1,1,1,1,1,1,1,1,1,1,
1,1,1,1,1,1,1,1,1,1,1,1,1,1,1,1,1,1,1,1,1,1,1,1,1,1,1,1,1,1,1,1,1,1,1,1,
1,1,1,1,1,1,1,1,1,1,1,1,1,1,1,1,1,1,1,1,1,1,1,1,1,1,1,1,1,1,1,1,1,1,1,1,
1,1,1,1,1,1,1,1,1,1,1,1,1,1,1,1,1,1,1,1,1,1,1,1,1,1,1,1,1,1,1,1,1,1,1,1,
1,1,1,1,1,1,1,1,1,1,1,1,1,1,1,1,1,1,1,1,1,1,1,1,1,1,1,1,1,1,1,1,1,1,1,1,
1,1,1,1,1,1,1,1,1,1,1,1,1,1,1,1,1,1,1,1,1,1,1,1,1,1,1,1,1,1,1,1,1,1,1,1,
1,1,1,1,1,1,1,1,1,1,1,1,1,1,3,1),(-0.0009765625,0.,0.0009765625,0.001953125,
0.00390625,0.0078125,0.01171875,0.015625,0.01953125,0.0234375,0.02734375,
0.029296875,0.03125,0.0322265625,0.033203125,0.0341796875,0.03515625,0.037109375,
0.0390625,0.04296875,0.046875,0.05078125,0.052734375,0.0546875,0.056640625,
0.05859375,0.060546875,0.0615234375,0.0625,0.064453125,0.06640625,0.0703125,
0.07421875,0.078125,0.0859375,0.08984375,0.09375,0.09765625,0.1015625,0.103515625,
0.10546875,0.107421875,0.1083984375,0.109375,0.111328125,0.11328125,0.1171875,
0.12109375,0.125,0.12890625,0.1328125,0.13671875,0.140625,0.14453125,0.146484375,
0.1484375,0.150390625,0.15234375,0.154296875,0.1552734375,0.15625,0.15673828125,
0.1572265625,0.158203125,0.1591796875,0.16015625,0.1611328125,0.162109375,
0.1630859375,0.1640625,0.1650390625,0.166015625,0.1669921875,0.16796875,
0.16845703125,0.1689453125,0.16943359375,0.169921875,0.1708984375,0.171875,
0.1728515625,0.173828125,0.17578125,0.177734375,0.1796875,0.181640625,0.18359375,
0.1875,0.19140625,0.1953125,0.197265625,0.19921875,0.2001953125,0.201171875,
0.203125,0.205078125,0.20703125,0.2109375,0.21484375,0.21875,0.22265625,
0.224609375,0.2265625,0.2275390625,0.228515625,0.2294921875,0.23046875,
0.234375,0.23828125,0.2421875,0.24609375,0.248046875,0.25,0.251953125,0.2529296875,
0.25390625,0.255859375,0.2578125,0.26171875,0.265625,0.26953125,0.2734375,
0.275390625,0.2763671875,0.27734375,0.2783203125,0.279296875,0.2802734375,
0.28125,0.283203125,0.28515625,0.287109375,0.2890625,0.29296875,0.294921875,
0.296875,0.298828125,0.30078125,0.3017578125,0.302734375,0.30322265625,
0.3037109375,0.3046875,0.3056640625,0.306640625,0.30859375,0.3125,0.31640625,
0.3203125,0.32421875,0.328125,0.33203125,0.3359375,0.33984375,0.34375,0.345703125,
0.34765625,0.349609375,0.3505859375,0.3515625,0.353515625,0.35546875,0.359375,
0.36328125,0.3671875,0.37109375,0.375,0.37890625,0.3828125,0.38671875,0.388671875,
0.390625,0.392578125,0.39453125,0.3955078125,0.396484375,0.3974609375,0.39794921875,
0.3984375,0.3994140625,0.400390625,0.4013671875,0.40234375,0.404296875,
0.40625,0.408203125,0.41015625,0.4111328125,0.412109375,0.41259765625,0.4130859375,
0.41357421875,0.4140625,0.41455078125,0.4150390625,0.416015625,0.41796875,
0.419921875,0.421875,0.42578125,0.4296875,0.431640625,0.43359375,0.435546875,
0.4375,0.4384765625,0.439453125,0.44140625,0.443359375,0.4453125,0.44921875,
0.453125,0.45703125,0.458984375,0.4609375,0.462890625,0.46484375,0.46875,
0.4765625,0.48046875,0.482421875,0.484375,0.486328125,0.48828125,0.4921875,
0.49609375,0.5,0.50390625,0.5078125,0.509765625,0.51171875,0.513671875,
0.515625,0.51953125,0.5234375,0.52734375,0.529296875,0.53125,0.533203125,
0.53515625,0.5361328125,0.537109375,0.5380859375,0.5390625,0.5400390625,
0.541015625,0.54296875,0.544921875,0.546875,0.548828125,0.55078125,0.552734375,
0.5546875,0.556640625,0.5576171875,0.55859375,0.55908203125,0.5595703125,
0.560546875,0.5615234375,0.5625,0.564453125,0.56640625,0.5703125,0.57421875,
0.578125,0.58203125,0.5859375,0.58984375,0.59375,0.59765625,0.6015625,0.60546875,
0.607421875,0.609375,0.611328125,0.61328125,0.6171875,0.62109375,0.625,
0.62890625,0.6328125,0.63671875,0.640625,0.64453125,0.646484375,0.6484375,
0.650390625,0.65234375,0.6533203125,0.654296875,0.65478515625,0.6552734375,
0.65625,0.6572265625,0.658203125,0.66015625,0.662109375,0.6640625,0.6650390625,
0.666015625,0.6669921875,0.66796875,0.6689453125,0.66943359375,0.669921875,
0.6708984375,0.671875,0.673828125,0.67578125,0.677734375,0.6796875,0.681640625,
0.68359375,0.6875,0.689453125,0.69140625,0.693359375,0.6953125,0.6962890625,
0.697265625,0.69921875,0.701171875,0.703125,0.70703125,0.7109375,0.71484375,
0.716796875,0.71875,0.720703125,0.7216796875,0.72265625,0.724609375,0.7265625,
0.728515625,0.73046875,0.734375,0.736328125,0.73828125,0.740234375,0.7421875,
0.74609375,0.75,0.75390625,0.755859375,0.7578125,0.759765625,0.7607421875,
0.76171875,0.7626953125,0.763671875,0.765625,0.767578125,0.76953125,0.7734375,
0.77734375,0.779296875,0.78125,0.783203125,0.7841796875,0.78515625,0.78564453125,
0.7861328125,0.787109375,0.7880859375,0.7890625,0.791015625,0.79296875,
0.794921875,0.796875,0.80078125,0.802734375,0.8046875,0.806640625,0.80859375,
0.810546875,0.8115234375,0.81201171875,0.8125,0.814453125,0.81640625,0.818359375,
0.8203125,0.82421875,0.828125,0.83203125,0.8359375,0.84375,0.84765625,0.8515625,
0.85546875,0.857421875,0.859375,0.8603515625,0.861328125,0.86328125,0.865234375,
0.8671875,0.87109375,0.875,0.87890625,0.8828125,0.88671875,0.890625,0.89453125,
0.8984375,0.900390625,0.90234375,0.904296875,0.90625,0.9072265625,0.908203125,
0.90869140625,0.9091796875,0.91015625,0.9111328125,0.912109375,0.9130859375,
0.9140625,0.9150390625,0.916015625,0.9169921875,0.91796875,0.9189453125,
0.919921875,0.92041015625,0.9208984375,0.92138671875,0.921630859375,0.921875,
0.92236328125,0.9228515625,0.923828125,0.9248046875,0.92578125,0.927734375,
0.9296875,0.931640625,0.93359375,0.9375,0.94140625,0.943359375,0.9453125,
0.947265625,0.94921875,0.951171875,0.953125,0.95703125,0.9609375,0.96484375,
0.966796875,0.96875,0.970703125,0.97265625,0.9765625,0.978515625,0.98046875,
0.982421875,0.9833984375,0.984375,0.9853515625,0.986328125,0.9873046875,
0.98828125,0.990234375,0.9921875,0.994140625,0.99609375,0.998046875,0.9990234375,
1.,1.0009765625),.UNSPECIFIED.);
#34=B_SPLINE_CURVE_WITH_KNOTS('',3,(#3169,#3170,#3171,#3172,#3173,#3174,
#3175,#3176,#3177,#3178,#3179,#3180,#3181),.UNSPECIFIED.,.F.,.F.,(4,1,1,
1,1,1,1,1,1,1,4),(3.76955251668109E-16,0.00178229023534536,0.00356458047069034,
0.00534687070603531,0.00712916094138029,0.0106937414120703,0.0142583218827602,
0.0178229023534502,0.0213874828241401,0.0249520632948301,0.02851664376552),
 .UNSPECIFIED.);
#35=B_SPLINE_CURVE_WITH_KNOTS('',3,(#3183,#3184,#3185,#3186,#3187,#3188,
#3189,#3190,#3191,#3192,#3193,#3194,#3195,#3196,#3197,#3198,#3199,#3200,
#3201,#3202,#3203,#3204,#3205,#3206,#3207,#3208,#3209,#3210,#3211,#3212,
#3213,#3214,#3215,#3216,#3217,#3218,#3219,#3220,#3221,#3222,#3223,#3224,
#3225,#3226,#3227,#3228,#3229,#3230,#3231,#3232,#3233,#3234,#3235,#3236,
#3237,#3238,#3239,#3240,#3241,#3242,#3243,#3244,#3245,#3246,#3247,#3248,
#3249,#3250,#3251,#3252,#3253,#3254,#3255,#3256,#3257,#3258,#3259,#3260,
#3261,#3262,#3263,#3264,#3265,#3266,#3267,#3268,#3269,#3270,#3271,#3272,
#3273,#3274,#3275,#3276,#3277,#3278,#3279,#3280,#3281,#3282,#3283,#3284,
#3285,#3286,#3287,#3288,#3289,#3290,#3291,#3292,#3293,#3294,#3295,#3296,
#3297,#3298,#3299,#3300,#3301,#3302,#3303,#3304,#3305,#3306,#3307,#3308,
#3309,#3310,#3311,#3312,#3313,#3314,#3315,#3316,#3317,#3318,#3319,#3320,
#3321,#3322,#3323,#3324,#3325,#3326,#3327,#3328,#3329,#3330,#3331,#3332,
#3333,#3334,#3335,#3336,#3337,#3338,#3339,#3340,#3341,#3342,#3343,#3344,
#3345,#3346,#3347,#3348,#3349,#3350,#3351,#3352,#3353,#3354,#3355,#3356,
#3357,#3358,#3359,#3360,#3361,#3362,#3363,#3364,#3365,#3366,#3367,#3368,
#3369,#3370,#3371,#3372,#3373,#3374,#3375,#3376,#3377,#3378,#3379,#3380,
#3381,#3382,#3383,#3384,#3385,#3386,#3387,#3388,#3389,#3390,#3391,#3392,
#3393,#3394,#3395,#3396,#3397,#3398,#3399,#3400,#3401,#3402,#3403,#3404,
#3405,#3406,#3407,#3408,#3409,#3410,#3411,#3412,#3413,#3414,#3415,#3416,
#3417,#3418,#3419,#3420,#3421,#3422,#3423,#3424,#3425,#3426,#3427,#3428,
#3429,#3430,#3431,#3432,#3433,#3434,#3435,#3436,#3437,#3438,#3439,#3440,
#3441,#3442,#3443,#3444,#3445,#3446,#3447,#3448,#3449,#3450,#3451,#3452,
#3453,#3454,#3455,#3456,#3457,#3458,#3459,#3460,#3461,#3462,#3463,#3464,
#3465,#3466,#3467,#3468,#3469,#3470,#3471,#3472,#3473,#3474,#3475,#3476,
#3477,#3478,#3479,#3480,#3481,#3482,#3483,#3484,#3485,#3486,#3487,#3488,
#3489,#3490,#3491,#3492,#3493,#3494,#3495,#3496,#3497,#3498,#3499,#3500,
#3501,#3502,#3503,#3504,#3505,#3506,#3507,#3508,#3509,#3510,#3511,#3512,
#3513,#3514,#3515,#3516,#3517,#3518,#3519,#3520,#3521,#3522,#3523,#3524,
#3525,#3526,#3527,#3528,#3529,#3530,#3531,#3532,#3533,#3534,#3535,#3536,
#3537,#3538,#3539,#3540,#3541,#3542,#3543,#3544,#3545,#3546,#3547,#3548,
#3549,#3550,#3551,#3552,#3553,#3554,#3555,#3556,#3557,#3558,#3559,#3560,
#3561,#3562,#3563,#3564,#3565,#3566,#3567,#3568,#3569,#3570,#3571,#3572,
#3573,#3574,#3575,#3576,#3577,#3578,#3579,#3580,#3581,#3582,#3583,#3584,
#3585,#3586,#3587,#3588,#3589,#3590,#3591,#3592,#3593,#3594,#3595,#3596,
#3597,#3598,#3599,#3600,#3601,#3602,#3603,#3604,#3605,#3606,#3607,#3608,
#3609,#3610,#3611,#3612,#3613,#3614,#3615,#3616,#3617,#3618,#3619,#3620,
#3621,#3622,#3623,#3624,#3625,#3626,#3627,#3628,#3629,#3630,#3631,#3632,
#3633,#3634,#3635,#3636,#3637,#3638,#3639,#3640,#3641,#3642,#3643,#3644,
#3645,#3646,#3647,#3648,#3649,#3650,#3651,#3652,#3653,#3654),
 .UNSPECIFIED.,.T.,.F.,(1,3,1,1,1,1,1,1,1,1,1,1,1,1,1,1,1,1,1,1,1,1,1,1,
1,1,1,1,1,1,1,1,1,1,1,1,1,1,1,1,1,1,1,1,1,1,1,1,1,1,1,1,1,1,1,1,1,1,1,1,
1,1,1,1,1,1,1,1,1,1,1,1,1,1,1,1,1,1,1,1,1,1,1,1,1,1,1,1,1,1,1,1,1,1,1,1,
1,1,1,1,1,1,1,1,1,1,1,1,1,1,1,1,1,1,1,1,1,1,1,1,1,1,1,1,1,1,1,1,1,1,1,1,
1,1,1,1,1,1,1,1,1,1,1,1,1,1,1,1,1,1,1,1,1,1,1,1,1,1,1,1,1,1,1,1,1,1,1,1,
1,1,1,1,1,1,1,1,1,1,1,1,1,1,1,1,1,1,1,1,1,1,1,1,1,1,1,1,1,1,1,1,1,1,1,1,
1,1,1,1,1,1,1,1,1,1,1,1,1,1,1,1,1,1,1,1,1,1,1,1,1,1,1,1,1,1,1,1,1,1,1,1,
1,1,1,1,1,1,1,1,1,1,1,1,1,1,1,1,1,1,1,1,1,1,1,1,1,1,1,1,1,1,1,1,1,1,1,1,
1,1,1,1,1,1,1,1,1,1,1,1,1,1,1,1,1,1,1,1,1,1,1,1,1,1,1,1,1,1,1,1,1,1,1,1,
1,1,1,1,1,1,1,1,1,1,1,1,1,1,1,1,1,1,1,1,1,1,1,1,1,1,1,1,1,1,1,1,1,1,1,1,
1,1,1,1,1,1,1,1,1,1,1,1,1,1,1,1,1,1,1,1,1,1,1,1,1,1,1,1,1,1,1,1,1,1,1,1,
1,1,1,1,1,1,1,1,1,1,1,1,1,1,1,1,1,1,1,1,1,1,1,1,1,1,1,1,1,1,1,1,1,1,1,1,
1,1,1,1,1,1,1,1,1,1,1,1,1,1,1,1,1,1,1,1,1,1,1,1,1,1,1,1,1,1,1,1,1,1,1,1,
1,1,1,1,1,1,1,1,1,1,1,1,1,1,3,1),(-0.0009765625,0.,0.0009765625,0.001953125,
0.00390625,0.0078125,0.01171875,0.015625,0.01953125,0.0234375,0.02734375,
0.029296875,0.03125,0.0322265625,0.033203125,0.0341796875,0.03515625,0.037109375,
0.0390625,0.04296875,0.046875,0.05078125,0.052734375,0.0546875,0.056640625,
0.05859375,0.060546875,0.0615234375,0.0625,0.064453125,0.06640625,0.0703125,
0.07421875,0.078125,0.0859375,0.08984375,0.09375,0.09765625,0.1015625,0.103515625,
0.10546875,0.107421875,0.1083984375,0.109375,0.111328125,0.11328125,0.1171875,
0.12109375,0.125,0.12890625,0.1328125,0.13671875,0.140625,0.14453125,0.146484375,
0.1484375,0.150390625,0.15234375,0.154296875,0.1552734375,0.15625,0.15673828125,
0.1572265625,0.158203125,0.1591796875,0.16015625,0.1611328125,0.162109375,
0.1630859375,0.1640625,0.1650390625,0.166015625,0.1669921875,0.16796875,
0.16845703125,0.1689453125,0.16943359375,0.169921875,0.1708984375,0.171875,
0.1728515625,0.173828125,0.17578125,0.177734375,0.1796875,0.181640625,0.18359375,
0.1875,0.19140625,0.1953125,0.197265625,0.19921875,0.2001953125,0.201171875,
0.203125,0.205078125,0.20703125,0.2109375,0.21484375,0.21875,0.22265625,
0.224609375,0.2265625,0.2275390625,0.228515625,0.2294921875,0.23046875,
0.234375,0.23828125,0.2421875,0.24609375,0.248046875,0.25,0.251953125,0.2529296875,
0.25390625,0.255859375,0.2578125,0.26171875,0.265625,0.26953125,0.2734375,
0.275390625,0.2763671875,0.27734375,0.2783203125,0.279296875,0.2802734375,
0.28125,0.283203125,0.28515625,0.287109375,0.2890625,0.29296875,0.294921875,
0.296875,0.298828125,0.30078125,0.3017578125,0.302734375,0.30322265625,
0.3037109375,0.3046875,0.3056640625,0.306640625,0.30859375,0.3125,0.31640625,
0.3203125,0.32421875,0.328125,0.33203125,0.3359375,0.33984375,0.34375,0.345703125,
0.34765625,0.349609375,0.3505859375,0.3515625,0.353515625,0.35546875,0.359375,
0.36328125,0.3671875,0.37109375,0.375,0.37890625,0.3828125,0.38671875,0.388671875,
0.390625,0.392578125,0.39453125,0.3955078125,0.396484375,0.3974609375,0.39794921875,
0.3984375,0.3994140625,0.400390625,0.4013671875,0.40234375,0.404296875,
0.40625,0.408203125,0.41015625,0.4111328125,0.412109375,0.41259765625,0.4130859375,
0.41357421875,0.4140625,0.41455078125,0.4150390625,0.416015625,0.41796875,
0.419921875,0.421875,0.42578125,0.4296875,0.431640625,0.43359375,0.435546875,
0.4375,0.4384765625,0.439453125,0.44140625,0.443359375,0.4453125,0.44921875,
0.453125,0.45703125,0.458984375,0.4609375,0.462890625,0.46484375,0.46875,
0.4765625,0.48046875,0.482421875,0.484375,0.486328125,0.48828125,0.4921875,
0.49609375,0.5,0.50390625,0.5078125,0.509765625,0.51171875,0.513671875,
0.515625,0.51953125,0.5234375,0.52734375,0.529296875,0.53125,0.533203125,
0.53515625,0.5361328125,0.537109375,0.5380859375,0.5390625,0.5400390625,
0.541015625,0.54296875,0.544921875,0.546875,0.548828125,0.55078125,0.552734375,
0.5546875,0.556640625,0.5576171875,0.55859375,0.55908203125,0.5595703125,
0.560546875,0.5615234375,0.5625,0.564453125,0.56640625,0.5703125,0.57421875,
0.578125,0.58203125,0.5859375,0.58984375,0.59375,0.59765625,0.6015625,0.60546875,
0.607421875,0.609375,0.611328125,0.61328125,0.6171875,0.62109375,0.625,
0.62890625,0.6328125,0.63671875,0.640625,0.64453125,0.646484375,0.6484375,
0.650390625,0.65234375,0.6533203125,0.654296875,0.65478515625,0.6552734375,
0.65625,0.6572265625,0.658203125,0.66015625,0.662109375,0.6640625,0.6650390625,
0.666015625,0.6669921875,0.66796875,0.6689453125,0.66943359375,0.669921875,
0.6708984375,0.671875,0.673828125,0.67578125,0.677734375,0.6796875,0.681640625,
0.68359375,0.6875,0.689453125,0.69140625,0.693359375,0.6953125,0.6962890625,
0.697265625,0.69921875,0.701171875,0.703125,0.70703125,0.7109375,0.71484375,
0.716796875,0.71875,0.720703125,0.7216796875,0.72265625,0.724609375,0.7265625,
0.728515625,0.73046875,0.734375,0.736328125,0.73828125,0.740234375,0.7421875,
0.74609375,0.75,0.75390625,0.755859375,0.7578125,0.759765625,0.7607421875,
0.76171875,0.7626953125,0.763671875,0.765625,0.767578125,0.76953125,0.7734375,
0.77734375,0.779296875,0.78125,0.783203125,0.7841796875,0.78515625,0.78564453125,
0.7861328125,0.787109375,0.7880859375,0.7890625,0.791015625,0.79296875,
0.794921875,0.796875,0.80078125,0.802734375,0.8046875,0.806640625,0.80859375,
0.810546875,0.8115234375,0.81201171875,0.8125,0.814453125,0.81640625,0.818359375,
0.8203125,0.82421875,0.828125,0.83203125,0.8359375,0.84375,0.84765625,0.8515625,
0.85546875,0.857421875,0.859375,0.8603515625,0.861328125,0.86328125,0.865234375,
0.8671875,0.87109375,0.875,0.87890625,0.8828125,0.88671875,0.890625,0.89453125,
0.8984375,0.900390625,0.90234375,0.904296875,0.90625,0.9072265625,0.908203125,
0.90869140625,0.9091796875,0.91015625,0.9111328125,0.912109375,0.9130859375,
0.9140625,0.9150390625,0.916015625,0.9169921875,0.91796875,0.9189453125,
0.919921875,0.92041015625,0.9208984375,0.92138671875,0.921630859375,0.921875,
0.92236328125,0.9228515625,0.923828125,0.9248046875,0.92578125,0.927734375,
0.9296875,0.931640625,0.93359375,0.9375,0.94140625,0.943359375,0.9453125,
0.947265625,0.94921875,0.951171875,0.953125,0.95703125,0.9609375,0.96484375,
0.966796875,0.96875,0.970703125,0.97265625,0.9765625,0.978515625,0.98046875,
0.982421875,0.9833984375,0.984375,0.9853515625,0.986328125,0.9873046875,
0.98828125,0.990234375,0.9921875,0.994140625,0.99609375,0.998046875,0.9990234375,
1.,1.0009765625),.UNSPECIFIED.);
#36=B_SPLINE_CURVE_WITH_KNOTS('',3,(#3656,#3657,#3658,#3659,#3660,#3661,
#3662,#3663,#3664,#3665,#3666,#3667),.UNSPECIFIED.,.F.,.F.,(4,1,1,1,1,1,
1,1,1,4),(2.90726664558209E-16,0.0034864650789171,0.0069729301578339,0.0104593952367507,
0.0139458603156675,0.0174323253945843,0.0209187904735011,0.0244052555524179,
0.0261484880918763,0.0278917206313347),.UNSPECIFIED.);
#37=B_SPLINE_CURVE_WITH_KNOTS('',3,(#3669,#3670,#3671,#3672,#3673,#3674,
#3675,#3676,#3677,#3678,#3679,#3680,#3681,#3682,#3683,#3684,#3685,#3686,
#3687,#3688,#3689,#3690,#3691,#3692,#3693,#3694,#3695,#3696,#3697,#3698,
#3699,#3700,#3701,#3702,#3703,#3704,#3705,#3706,#3707,#3708,#3709,#3710,
#3711,#3712,#3713,#3714,#3715,#3716,#3717,#3718,#3719,#3720,#3721,#3722,
#3723,#3724,#3725,#3726,#3727,#3728,#3729,#3730,#3731,#3732,#3733,#3734,
#3735,#3736,#3737,#3738,#3739,#3740,#3741,#3742,#3743,#3744,#3745,#3746,
#3747,#3748,#3749,#3750,#3751,#3752,#3753,#3754,#3755,#3756,#3757,#3758,
#3759,#3760,#3761,#3762,#3763,#3764,#3765,#3766,#3767,#3768,#3769,#3770,
#3771,#3772,#3773,#3774,#3775,#3776,#3777,#3778,#3779,#3780,#3781,#3782,
#3783,#3784,#3785,#3786,#3787,#3788,#3789,#3790,#3791,#3792,#3793,#3794,
#3795,#3796,#3797,#3798,#3799,#3800,#3801,#3802,#3803,#3804,#3805,#3806,
#3807,#3808,#3809,#3810,#3811,#3812,#3813,#3814,#3815,#3816,#3817,#3818,
#3819,#3820,#3821,#3822,#3823,#3824,#3825,#3826,#3827,#3828,#3829,#3830,
#3831,#3832,#3833,#3834,#3835,#3836,#3837,#3838,#3839,#3840,#3841,#3842,
#3843,#3844,#3845,#3846,#3847,#3848,#3849,#3850,#3851,#3852,#3853,#3854,
#3855,#3856,#3857,#3858,#3859,#3860,#3861,#3862,#3863,#3864,#3865,#3866,
#3867,#3868,#3869,#3870,#3871,#3872,#3873,#3874,#3875,#3876,#3877,#3878,
#3879,#3880,#3881,#3882,#3883,#3884,#3885,#3886,#3887,#3888,#3889,#3890,
#3891,#3892,#3893,#3894,#3895,#3896,#3897,#3898,#3899,#3900,#3901,#3902,
#3903,#3904,#3905,#3906,#3907,#3908,#3909,#3910,#3911,#3912,#3913,#3914,
#3915,#3916,#3917,#3918,#3919,#3920,#3921,#3922,#3923,#3924,#3925,#3926,
#3927,#3928,#3929,#3930,#3931,#3932,#3933,#3934,#3935,#3936,#3937,#3938,
#3939,#3940,#3941,#3942,#3943,#3944,#3945,#3946,#3947,#3948,#3949,#3950,
#3951,#3952,#3953,#3954,#3955,#3956,#3957,#3958,#3959,#3960,#3961,#3962,
#3963,#3964,#3965,#3966,#3967,#3968,#3969,#3970,#3971,#3972,#3973,#3974,
#3975,#3976,#3977,#3978,#3979,#3980,#3981,#3982,#3983,#3984,#3985,#3986,
#3987,#3988,#3989,#3990,#3991,#3992,#3993,#3994,#3995,#3996,#3997,#3998,
#3999,#4000,#4001,#4002,#4003,#4004,#4005,#4006,#4007,#4008,#4009,#4010,
#4011,#4012,#4013,#4014,#4015,#4016,#4017,#4018,#4019,#4020,#4021,#4022,
#4023,#4024,#4025,#4026,#4027,#4028,#4029,#4030,#4031,#4032,#4033,#4034,
#4035,#4036,#4037,#4038,#4039,#4040,#4041,#4042,#4043,#4044,#4045,#4046,
#4047,#4048,#4049,#4050,#4051,#4052,#4053,#4054,#4055,#4056,#4057,#4058,
#4059,#4060,#4061,#4062,#4063,#4064,#4065,#4066,#4067,#4068,#4069,#4070,
#4071,#4072,#4073,#4074,#4075,#4076,#4077,#4078,#4079,#4080,#4081,#4082,
#4083,#4084,#4085,#4086,#4087,#4088,#4089,#4090,#4091,#4092,#4093,#4094,
#4095,#4096,#4097,#4098,#4099,#4100,#4101,#4102,#4103,#4104,#4105,#4106,
#4107,#4108,#4109,#4110,#4111,#4112,#4113,#4114,#4115,#4116,#4117,#4118,
#4119,#4120,#4121,#4122,#4123,#4124,#4125,#4126,#4127,#4128,#4129,#4130,
#4131,#4132,#4133,#4134,#4135,#4136,#4137,#4138,#4139,#4140),
 .UNSPECIFIED.,.T.,.F.,(1,3,1,1,1,1,1,1,1,1,1,1,1,1,1,1,1,1,1,1,1,1,1,1,
1,1,1,1,1,1,1,1,1,1,1,1,1,1,1,1,1,1,1,1,1,1,1,1,1,1,1,1,1,1,1,1,1,1,1,1,
1,1,1,1,1,1,1,1,1,1,1,1,1,1,1,1,1,1,1,1,1,1,1,1,1,1,1,1,1,1,1,1,1,1,1,1,
1,1,1,1,1,1,1,1,1,1,1,1,1,1,1,1,1,1,1,1,1,1,1,1,1,1,1,1,1,1,1,1,1,1,1,1,
1,1,1,1,1,1,1,1,1,1,1,1,1,1,1,1,1,1,1,1,1,1,1,1,1,1,1,1,1,1,1,1,1,1,1,1,
1,1,1,1,1,1,1,1,1,1,1,1,1,1,1,1,1,1,1,1,1,1,1,1,1,1,1,1,1,1,1,1,1,1,1,1,
1,1,1,1,1,1,1,1,1,1,1,1,1,1,1,1,1,1,1,1,1,1,1,1,1,1,1,1,1,1,1,1,1,1,1,1,
1,1,1,1,1,1,1,1,1,1,1,1,1,1,1,1,1,1,1,1,1,1,1,1,1,1,1,1,1,1,1,1,1,1,1,1,
1,1,1,1,1,1,1,1,1,1,1,1,1,1,1,1,1,1,1,1,1,1,1,1,1,1,1,1,1,1,1,1,1,1,1,1,
1,1,1,1,1,1,1,1,1,1,1,1,1,1,1,1,1,1,1,1,1,1,1,1,1,1,1,1,1,1,1,1,1,1,1,1,
1,1,1,1,1,1,1,1,1,1,1,1,1,1,1,1,1,1,1,1,1,1,1,1,1,1,1,1,1,1,1,1,1,1,1,1,
1,1,1,1,1,1,1,1,1,1,1,1,1,1,1,1,1,1,1,1,1,1,1,1,1,1,1,1,1,1,1,1,1,1,1,1,
1,1,1,1,1,1,1,1,1,1,1,1,1,1,1,1,1,1,1,1,1,1,1,1,1,1,1,1,1,1,1,1,1,1,1,1,
1,1,1,1,1,1,1,1,1,1,1,1,1,1,3,1),(-0.0009765625,0.,0.0009765625,0.001953125,
0.00390625,0.0078125,0.01171875,0.015625,0.01953125,0.0234375,0.02734375,
0.029296875,0.03125,0.0322265625,0.033203125,0.0341796875,0.03515625,0.037109375,
0.0390625,0.04296875,0.046875,0.05078125,0.052734375,0.0546875,0.056640625,
0.05859375,0.060546875,0.0615234375,0.0625,0.064453125,0.06640625,0.0703125,
0.07421875,0.078125,0.0859375,0.08984375,0.09375,0.09765625,0.1015625,0.103515625,
0.10546875,0.107421875,0.1083984375,0.109375,0.111328125,0.11328125,0.1171875,
0.12109375,0.125,0.12890625,0.1328125,0.13671875,0.140625,0.14453125,0.146484375,
0.1484375,0.150390625,0.15234375,0.154296875,0.1552734375,0.15625,0.15673828125,
0.1572265625,0.158203125,0.1591796875,0.16015625,0.1611328125,0.162109375,
0.1630859375,0.1640625,0.1650390625,0.166015625,0.1669921875,0.16796875,
0.16845703125,0.1689453125,0.16943359375,0.169921875,0.1708984375,0.171875,
0.1728515625,0.173828125,0.17578125,0.177734375,0.1796875,0.181640625,0.18359375,
0.1875,0.19140625,0.1953125,0.197265625,0.19921875,0.2001953125,0.201171875,
0.203125,0.205078125,0.20703125,0.2109375,0.21484375,0.21875,0.22265625,
0.224609375,0.2265625,0.2275390625,0.228515625,0.2294921875,0.23046875,
0.234375,0.23828125,0.2421875,0.24609375,0.248046875,0.25,0.251953125,0.2529296875,
0.25390625,0.255859375,0.2578125,0.26171875,0.265625,0.26953125,0.2734375,
0.275390625,0.2763671875,0.27734375,0.2783203125,0.279296875,0.2802734375,
0.28125,0.283203125,0.28515625,0.287109375,0.2890625,0.29296875,0.294921875,
0.296875,0.298828125,0.30078125,0.3017578125,0.302734375,0.30322265625,
0.3037109375,0.3046875,0.3056640625,0.306640625,0.30859375,0.3125,0.31640625,
0.3203125,0.32421875,0.328125,0.33203125,0.3359375,0.33984375,0.34375,0.345703125,
0.34765625,0.349609375,0.3505859375,0.3515625,0.353515625,0.35546875,0.359375,
0.36328125,0.3671875,0.37109375,0.375,0.37890625,0.3828125,0.38671875,0.388671875,
0.390625,0.392578125,0.39453125,0.3955078125,0.396484375,0.3974609375,0.39794921875,
0.3984375,0.3994140625,0.400390625,0.4013671875,0.40234375,0.404296875,
0.40625,0.408203125,0.41015625,0.4111328125,0.412109375,0.41259765625,0.4130859375,
0.41357421875,0.4140625,0.41455078125,0.4150390625,0.416015625,0.41796875,
0.419921875,0.421875,0.42578125,0.4296875,0.431640625,0.43359375,0.435546875,
0.4375,0.4384765625,0.439453125,0.44140625,0.443359375,0.4453125,0.44921875,
0.453125,0.45703125,0.458984375,0.4609375,0.462890625,0.46484375,0.46875,
0.4765625,0.48046875,0.482421875,0.484375,0.486328125,0.48828125,0.4921875,
0.49609375,0.5,0.50390625,0.5078125,0.509765625,0.51171875,0.513671875,
0.515625,0.51953125,0.5234375,0.52734375,0.529296875,0.53125,0.533203125,
0.53515625,0.5361328125,0.537109375,0.5380859375,0.5390625,0.5400390625,
0.541015625,0.54296875,0.544921875,0.546875,0.548828125,0.55078125,0.552734375,
0.5546875,0.556640625,0.5576171875,0.55859375,0.55908203125,0.5595703125,
0.560546875,0.5615234375,0.5625,0.564453125,0.56640625,0.5703125,0.57421875,
0.578125,0.58203125,0.5859375,0.58984375,0.59375,0.59765625,0.6015625,0.60546875,
0.607421875,0.609375,0.611328125,0.61328125,0.6171875,0.62109375,0.625,
0.62890625,0.6328125,0.63671875,0.640625,0.64453125,0.646484375,0.6484375,
0.650390625,0.65234375,0.6533203125,0.654296875,0.65478515625,0.6552734375,
0.65625,0.6572265625,0.658203125,0.66015625,0.662109375,0.6640625,0.6650390625,
0.666015625,0.6669921875,0.66796875,0.6689453125,0.66943359375,0.669921875,
0.6708984375,0.671875,0.673828125,0.67578125,0.677734375,0.6796875,0.681640625,
0.68359375,0.6875,0.689453125,0.69140625,0.693359375,0.6953125,0.6962890625,
0.697265625,0.69921875,0.701171875,0.703125,0.70703125,0.7109375,0.71484375,
0.716796875,0.71875,0.720703125,0.7216796875,0.72265625,0.724609375,0.7265625,
0.728515625,0.73046875,0.734375,0.736328125,0.73828125,0.740234375,0.7421875,
0.74609375,0.75,0.75390625,0.755859375,0.7578125,0.759765625,0.7607421875,
0.76171875,0.7626953125,0.763671875,0.765625,0.767578125,0.76953125,0.7734375,
0.77734375,0.779296875,0.78125,0.783203125,0.7841796875,0.78515625,0.78564453125,
0.7861328125,0.787109375,0.7880859375,0.7890625,0.791015625,0.79296875,
0.794921875,0.796875,0.80078125,0.802734375,0.8046875,0.806640625,0.80859375,
0.810546875,0.8115234375,0.81201171875,0.8125,0.814453125,0.81640625,0.818359375,
0.8203125,0.82421875,0.828125,0.83203125,0.8359375,0.84375,0.84765625,0.8515625,
0.85546875,0.857421875,0.859375,0.8603515625,0.861328125,0.86328125,0.865234375,
0.8671875,0.87109375,0.875,0.87890625,0.8828125,0.88671875,0.890625,0.89453125,
0.8984375,0.900390625,0.90234375,0.904296875,0.90625,0.9072265625,0.908203125,
0.90869140625,0.9091796875,0.91015625,0.9111328125,0.912109375,0.9130859375,
0.9140625,0.9150390625,0.916015625,0.9169921875,0.91796875,0.9189453125,
0.919921875,0.92041015625,0.9208984375,0.92138671875,0.921630859375,0.921875,
0.92236328125,0.9228515625,0.923828125,0.9248046875,0.92578125,0.927734375,
0.9296875,0.931640625,0.93359375,0.9375,0.94140625,0.943359375,0.9453125,
0.947265625,0.94921875,0.951171875,0.953125,0.95703125,0.9609375,0.96484375,
0.966796875,0.96875,0.970703125,0.97265625,0.9765625,0.978515625,0.98046875,
0.982421875,0.9833984375,0.984375,0.9853515625,0.986328125,0.9873046875,
0.98828125,0.990234375,0.9921875,0.994140625,0.99609375,0.998046875,0.9990234375,
1.,1.0009765625),.UNSPECIFIED.);
#38=B_SPLINE_CURVE_WITH_KNOTS('',3,(#4142,#4143,#4144,#4145,#4146,#4147,
#4148,#4149,#4150,#4151,#4152,#4153),.UNSPECIFIED.,.F.,.F.,(4,1,1,1,1,1,
1,1,1,4),(3.18991073394671E-16,0.00177876013710615,0.00355752027421199,
0.00711504054842366,0.0106725608226353,0.014230081096847,0.0177876013710587,
0.0213451216452703,0.024902641919482,0.0284601621936937),.UNSPECIFIED.);
#39=B_SPLINE_CURVE_WITH_KNOTS('',3,(#4155,#4156,#4157,#4158,#4159,#4160,
#4161,#4162,#4163,#4164,#4165,#4166,#4167,#4168,#4169,#4170,#4171,#4172,
#4173,#4174,#4175,#4176,#4177,#4178,#4179,#4180,#4181,#4182,#4183,#4184,
#4185,#4186,#4187,#4188,#4189,#4190,#4191,#4192,#4193,#4194,#4195,#4196,
#4197,#4198,#4199,#4200,#4201,#4202,#4203,#4204,#4205,#4206,#4207,#4208,
#4209,#4210,#4211,#4212,#4213,#4214,#4215,#4216,#4217,#4218,#4219,#4220,
#4221,#4222,#4223,#4224,#4225,#4226,#4227,#4228,#4229,#4230,#4231,#4232,
#4233,#4234,#4235,#4236,#4237,#4238,#4239,#4240,#4241,#4242,#4243,#4244,
#4245,#4246,#4247,#4248,#4249,#4250,#4251,#4252,#4253,#4254,#4255,#4256,
#4257,#4258,#4259,#4260,#4261,#4262,#4263,#4264,#4265,#4266,#4267,#4268,
#4269,#4270,#4271,#4272,#4273,#4274,#4275,#4276,#4277,#4278,#4279,#4280,
#4281,#4282,#4283,#4284,#4285,#4286,#4287,#4288,#4289,#4290,#4291,#4292,
#4293,#4294,#4295,#4296,#4297,#4298,#4299,#4300,#4301,#4302,#4303,#4304,
#4305,#4306,#4307,#4308,#4309,#4310,#4311,#4312,#4313,#4314,#4315,#4316,
#4317,#4318,#4319,#4320,#4321,#4322,#4323,#4324,#4325,#4326,#4327,#4328,
#4329,#4330,#4331,#4332,#4333,#4334,#4335,#4336,#4337,#4338,#4339,#4340,
#4341,#4342,#4343,#4344,#4345,#4346,#4347,#4348,#4349,#4350,#4351,#4352,
#4353,#4354,#4355,#4356,#4357,#4358,#4359,#4360,#4361,#4362,#4363,#4364,
#4365,#4366,#4367,#4368,#4369,#4370,#4371,#4372,#4373,#4374,#4375,#4376,
#4377,#4378,#4379,#4380,#4381,#4382,#4383,#4384,#4385,#4386,#4387,#4388,
#4389,#4390,#4391,#4392,#4393,#4394,#4395,#4396,#4397,#4398,#4399,#4400,
#4401,#4402,#4403,#4404,#4405,#4406,#4407,#4408,#4409,#4410,#4411,#4412,
#4413,#4414,#4415,#4416,#4417,#4418,#4419,#4420,#4421,#4422,#4423,#4424,
#4425,#4426,#4427,#4428,#4429,#4430,#4431,#4432,#4433,#4434,#4435,#4436,
#4437,#4438,#4439,#4440,#4441,#4442,#4443,#4444,#4445,#4446,#4447,#4448,
#4449,#4450,#4451,#4452,#4453,#4454,#4455,#4456,#4457,#4458,#4459,#4460,
#4461,#4462,#4463,#4464,#4465,#4466,#4467,#4468,#4469,#4470,#4471,#4472,
#4473,#4474,#4475,#4476,#4477,#4478,#4479,#4480,#4481,#4482,#4483,#4484,
#4485,#4486,#4487,#4488,#4489,#4490,#4491,#4492,#4493,#4494,#4495,#4496,
#4497,#4498,#4499,#4500,#4501,#4502,#4503,#4504,#4505,#4506,#4507,#4508,
#4509,#4510,#4511,#4512,#4513,#4514,#4515,#4516,#4517,#4518,#4519,#4520,
#4521,#4522,#4523,#4524,#4525,#4526,#4527,#4528,#4529,#4530,#4531,#4532,
#4533,#4534,#4535,#4536,#4537,#4538,#4539,#4540,#4541,#4542,#4543,#4544,
#4545,#4546,#4547,#4548,#4549,#4550,#4551,#4552,#4553,#4554,#4555,#4556,
#4557,#4558,#4559,#4560,#4561,#4562,#4563,#4564,#4565,#4566,#4567,#4568,
#4569,#4570,#4571,#4572,#4573,#4574,#4575,#4576,#4577,#4578,#4579,#4580,
#4581,#4582,#4583,#4584,#4585,#4586,#4587,#4588,#4589,#4590,#4591,#4592,
#4593,#4594,#4595,#4596,#4597,#4598,#4599,#4600,#4601,#4602,#4603,#4604,
#4605,#4606,#4607,#4608,#4609,#4610,#4611,#4612,#4613,#4614,#4615,#4616,
#4617,#4618,#4619,#4620,#4621,#4622,#4623,#4624,#4625,#4626),
 .UNSPECIFIED.,.T.,.F.,(1,3,1,1,1,1,1,1,1,1,1,1,1,1,1,1,1,1,1,1,1,1,1,1,
1,1,1,1,1,1,1,1,1,1,1,1,1,1,1,1,1,1,1,1,1,1,1,1,1,1,1,1,1,1,1,1,1,1,1,1,
1,1,1,1,1,1,1,1,1,1,1,1,1,1,1,1,1,1,1,1,1,1,1,1,1,1,1,1,1,1,1,1,1,1,1,1,
1,1,1,1,1,1,1,1,1,1,1,1,1,1,1,1,1,1,1,1,1,1,1,1,1,1,1,1,1,1,1,1,1,1,1,1,
1,1,1,1,1,1,1,1,1,1,1,1,1,1,1,1,1,1,1,1,1,1,1,1,1,1,1,1,1,1,1,1,1,1,1,1,
1,1,1,1,1,1,1,1,1,1,1,1,1,1,1,1,1,1,1,1,1,1,1,1,1,1,1,1,1,1,1,1,1,1,1,1,
1,1,1,1,1,1,1,1,1,1,1,1,1,1,1,1,1,1,1,1,1,1,1,1,1,1,1,1,1,1,1,1,1,1,1,1,
1,1,1,1,1,1,1,1,1,1,1,1,1,1,1,1,1,1,1,1,1,1,1,1,1,1,1,1,1,1,1,1,1,1,1,1,
1,1,1,1,1,1,1,1,1,1,1,1,1,1,1,1,1,1,1,1,1,1,1,1,1,1,1,1,1,1,1,1,1,1,1,1,
1,1,1,1,1,1,1,1,1,1,1,1,1,1,1,1,1,1,1,1,1,1,1,1,1,1,1,1,1,1,1,1,1,1,1,1,
1,1,1,1,1,1,1,1,1,1,1,1,1,1,1,1,1,1,1,1,1,1,1,1,1,1,1,1,1,1,1,1,1,1,1,1,
1,1,1,1,1,1,1,1,1,1,1,1,1,1,1,1,1,1,1,1,1,1,1,1,1,1,1,1,1,1,1,1,1,1,1,1,
1,1,1,1,1,1,1,1,1,1,1,1,1,1,1,1,1,1,1,1,1,1,1,1,1,1,1,1,1,1,1,1,1,1,1,1,
1,1,1,1,1,1,1,1,1,1,1,1,1,1,3,1),(-0.0009765625,0.,0.0009765625,0.001953125,
0.00390625,0.0078125,0.01171875,0.015625,0.01953125,0.0234375,0.02734375,
0.029296875,0.03125,0.0322265625,0.033203125,0.0341796875,0.03515625,0.037109375,
0.0390625,0.04296875,0.046875,0.05078125,0.052734375,0.0546875,0.056640625,
0.05859375,0.060546875,0.0615234375,0.0625,0.064453125,0.06640625,0.0703125,
0.07421875,0.078125,0.0859375,0.08984375,0.09375,0.09765625,0.1015625,0.103515625,
0.10546875,0.107421875,0.1083984375,0.109375,0.111328125,0.11328125,0.1171875,
0.12109375,0.125,0.12890625,0.1328125,0.13671875,0.140625,0.14453125,0.146484375,
0.1484375,0.150390625,0.15234375,0.154296875,0.1552734375,0.15625,0.15673828125,
0.1572265625,0.158203125,0.1591796875,0.16015625,0.1611328125,0.162109375,
0.1630859375,0.1640625,0.1650390625,0.166015625,0.1669921875,0.16796875,
0.16845703125,0.1689453125,0.16943359375,0.169921875,0.1708984375,0.171875,
0.1728515625,0.173828125,0.17578125,0.177734375,0.1796875,0.181640625,0.18359375,
0.1875,0.19140625,0.1953125,0.197265625,0.19921875,0.2001953125,0.201171875,
0.203125,0.205078125,0.20703125,0.2109375,0.21484375,0.21875,0.22265625,
0.224609375,0.2265625,0.2275390625,0.228515625,0.2294921875,0.23046875,
0.234375,0.23828125,0.2421875,0.24609375,0.248046875,0.25,0.251953125,0.2529296875,
0.25390625,0.255859375,0.2578125,0.26171875,0.265625,0.26953125,0.2734375,
0.275390625,0.2763671875,0.27734375,0.2783203125,0.279296875,0.2802734375,
0.28125,0.283203125,0.28515625,0.287109375,0.2890625,0.29296875,0.294921875,
0.296875,0.298828125,0.30078125,0.3017578125,0.302734375,0.30322265625,
0.3037109375,0.3046875,0.3056640625,0.306640625,0.30859375,0.3125,0.31640625,
0.3203125,0.32421875,0.328125,0.33203125,0.3359375,0.33984375,0.34375,0.345703125,
0.34765625,0.349609375,0.3505859375,0.3515625,0.353515625,0.35546875,0.359375,
0.36328125,0.3671875,0.37109375,0.375,0.37890625,0.3828125,0.38671875,0.388671875,
0.390625,0.392578125,0.39453125,0.3955078125,0.396484375,0.3974609375,0.39794921875,
0.3984375,0.3994140625,0.400390625,0.4013671875,0.40234375,0.404296875,
0.40625,0.408203125,0.41015625,0.4111328125,0.412109375,0.41259765625,0.4130859375,
0.41357421875,0.4140625,0.41455078125,0.4150390625,0.416015625,0.41796875,
0.419921875,0.421875,0.42578125,0.4296875,0.431640625,0.43359375,0.435546875,
0.4375,0.4384765625,0.439453125,0.44140625,0.443359375,0.4453125,0.44921875,
0.453125,0.45703125,0.458984375,0.4609375,0.462890625,0.46484375,0.46875,
0.4765625,0.48046875,0.482421875,0.484375,0.486328125,0.48828125,0.4921875,
0.49609375,0.5,0.50390625,0.5078125,0.509765625,0.51171875,0.513671875,
0.515625,0.51953125,0.5234375,0.52734375,0.529296875,0.53125,0.533203125,
0.53515625,0.5361328125,0.537109375,0.5380859375,0.5390625,0.5400390625,
0.541015625,0.54296875,0.544921875,0.546875,0.548828125,0.55078125,0.552734375,
0.5546875,0.556640625,0.5576171875,0.55859375,0.55908203125,0.5595703125,
0.560546875,0.5615234375,0.5625,0.564453125,0.56640625,0.5703125,0.57421875,
0.578125,0.58203125,0.5859375,0.58984375,0.59375,0.59765625,0.6015625,0.60546875,
0.607421875,0.609375,0.611328125,0.61328125,0.6171875,0.62109375,0.625,
0.62890625,0.6328125,0.63671875,0.640625,0.64453125,0.646484375,0.6484375,
0.650390625,0.65234375,0.6533203125,0.654296875,0.65478515625,0.6552734375,
0.65625,0.6572265625,0.658203125,0.66015625,0.662109375,0.6640625,0.6650390625,
0.666015625,0.6669921875,0.66796875,0.6689453125,0.66943359375,0.669921875,
0.6708984375,0.671875,0.673828125,0.67578125,0.677734375,0.6796875,0.681640625,
0.68359375,0.6875,0.689453125,0.69140625,0.693359375,0.6953125,0.6962890625,
0.697265625,0.69921875,0.701171875,0.703125,0.70703125,0.7109375,0.71484375,
0.716796875,0.71875,0.720703125,0.7216796875,0.72265625,0.724609375,0.7265625,
0.728515625,0.73046875,0.734375,0.736328125,0.73828125,0.740234375,0.7421875,
0.74609375,0.75,0.75390625,0.755859375,0.7578125,0.759765625,0.7607421875,
0.76171875,0.7626953125,0.763671875,0.765625,0.767578125,0.76953125,0.7734375,
0.77734375,0.779296875,0.78125,0.783203125,0.7841796875,0.78515625,0.78564453125,
0.7861328125,0.787109375,0.7880859375,0.7890625,0.791015625,0.79296875,
0.794921875,0.796875,0.80078125,0.802734375,0.8046875,0.806640625,0.80859375,
0.810546875,0.8115234375,0.81201171875,0.8125,0.814453125,0.81640625,0.818359375,
0.8203125,0.82421875,0.828125,0.83203125,0.8359375,0.84375,0.84765625,0.8515625,
0.85546875,0.857421875,0.859375,0.8603515625,0.861328125,0.86328125,0.865234375,
0.8671875,0.87109375,0.875,0.87890625,0.8828125,0.88671875,0.890625,0.89453125,
0.8984375,0.900390625,0.90234375,0.904296875,0.90625,0.9072265625,0.908203125,
0.90869140625,0.9091796875,0.91015625,0.9111328125,0.912109375,0.9130859375,
0.9140625,0.9150390625,0.916015625,0.9169921875,0.91796875,0.9189453125,
0.919921875,0.92041015625,0.9208984375,0.92138671875,0.921630859375,0.921875,
0.92236328125,0.9228515625,0.923828125,0.9248046875,0.92578125,0.927734375,
0.9296875,0.931640625,0.93359375,0.9375,0.94140625,0.943359375,0.9453125,
0.947265625,0.94921875,0.951171875,0.953125,0.95703125,0.9609375,0.96484375,
0.966796875,0.96875,0.970703125,0.97265625,0.9765625,0.978515625,0.98046875,
0.982421875,0.9833984375,0.984375,0.9853515625,0.986328125,0.9873046875,
0.98828125,0.990234375,0.9921875,0.994140625,0.99609375,0.998046875,0.9990234375,
1.,1.0009765625),.UNSPECIFIED.);
#40=B_SPLINE_CURVE_WITH_KNOTS('',3,(#4627,#4628,#4629,#4630,#4631,#4632,
#4633,#4634,#4635,#4636,#4637,#4638,#4639,#4640,#4641,#4642,#4643,#4644,
#4645,#4646,#4647,#4648,#4649,#4650,#4651,#4652,#4653,#4654,#4655,#4656,
#4657,#4658,#4659,#4660,#4661,#4662,#4663,#4664,#4665,#4666,#4667,#4668,
#4669,#4670,#4671,#4672,#4673,#4674,#4675,#4676,#4677,#4678,#4679,#4680,
#4681,#4682,#4683,#4684,#4685,#4686,#4687,#4688,#4689,#4690,#4691,#4692,
#4693,#4694,#4695,#4696,#4697,#4698,#4699,#4700,#4701,#4702,#4703,#4704,
#4705,#4706,#4707,#4708,#4709,#4710,#4711,#4712,#4713,#4714,#4715,#4716,
#4717,#4718,#4719,#4720,#4721,#4722,#4723,#4724,#4725,#4726,#4727,#4728,
#4729,#4730,#4731,#4732,#4733,#4734,#4735,#4736,#4737,#4738,#4739,#4740,
#4741,#4742,#4743,#4744,#4745,#4746,#4747,#4748,#4749,#4750,#4751,#4752,
#4753,#4754,#4755,#4756,#4757,#4758,#4759,#4760,#4761,#4762,#4763,#4764,
#4765,#4766,#4767,#4768,#4769,#4770,#4771,#4772,#4773,#4774,#4775,#4776,
#4777,#4778,#4779,#4780,#4781,#4782,#4783,#4784,#4785,#4786,#4787,#4788,
#4789,#4790,#4791,#4792,#4793,#4794,#4795,#4796,#4797,#4798,#4799,#4800,
#4801,#4802,#4803,#4804,#4805,#4806,#4807,#4808,#4809,#4810,#4811,#4812,
#4813,#4814,#4815,#4816,#4817,#4818,#4819,#4820,#4821,#4822,#4823,#4824,
#4825,#4826,#4827,#4828,#4829,#4830,#4831,#4832,#4833,#4834,#4835,#4836,
#4837,#4838,#4839,#4840,#4841,#4842,#4843,#4844,#4845,#4846,#4847,#4848,
#4849,#4850,#4851,#4852,#4853,#4854,#4855,#4856,#4857,#4858,#4859,#4860,
#4861,#4862,#4863,#4864,#4865,#4866,#4867,#4868,#4869,#4870,#4871,#4872,
#4873,#4874,#4875,#4876,#4877,#4878,#4879,#4880,#4881,#4882,#4883,#4884,
#4885,#4886,#4887,#4888,#4889,#4890,#4891,#4892,#4893,#4894,#4895,#4896,
#4897,#4898,#4899,#4900,#4901,#4902,#4903,#4904,#4905,#4906,#4907,#4908,
#4909,#4910,#4911,#4912,#4913,#4914,#4915,#4916,#4917,#4918,#4919,#4920,
#4921,#4922,#4923,#4924,#4925,#4926,#4927,#4928,#4929,#4930,#4931,#4932,
#4933,#4934,#4935,#4936,#4937,#4938,#4939,#4940,#4941,#4942,#4943,#4944,
#4945,#4946,#4947,#4948,#4949,#4950,#4951,#4952,#4953,#4954,#4955,#4956,
#4957,#4958,#4959,#4960,#4961,#4962,#4963,#4964,#4965,#4966,#4967,#4968,
#4969,#4970,#4971,#4972,#4973,#4974,#4975,#4976,#4977,#4978,#4979,#4980,
#4981,#4982,#4983,#4984,#4985,#4986,#4987,#4988,#4989,#4990,#4991,#4992,
#4993,#4994,#4995,#4996,#4997,#4998,#4999,#5000,#5001,#5002,#5003,#5004,
#5005,#5006,#5007,#5008,#5009,#5010,#5011,#5012,#5013,#5014,#5015,#5016,
#5017,#5018,#5019,#5020,#5021,#5022,#5023,#5024,#5025,#5026,#5027,#5028,
#5029,#5030,#5031,#5032,#5033,#5034,#5035,#5036,#5037,#5038,#5039,#5040,
#5041,#5042,#5043,#5044,#5045,#5046,#5047,#5048,#5049,#5050,#5051,#5052,
#5053,#5054,#5055,#5056,#5057,#5058,#5059,#5060,#5061,#5062,#5063,#5064,
#5065,#5066,#5067,#5068,#5069,#5070,#5071,#5072,#5073,#5074,#5075,#5076,
#5077,#5078,#5079,#5080,#5081,#5082,#5083,#5084,#5085,#5086,#5087,#5088,
#5089,#5090,#5091,#5092,#5093,#5094,#5095,#5096,#5097,#5098),
 .UNSPECIFIED.,.T.,.F.,(1,3,1,1,1,1,1,1,1,1,1,1,1,1,1,1,1,1,1,1,1,1,1,1,
1,1,1,1,1,1,1,1,1,1,1,1,1,1,1,1,1,1,1,1,1,1,1,1,1,1,1,1,1,1,1,1,1,1,1,1,
1,1,1,1,1,1,1,1,1,1,1,1,1,1,1,1,1,1,1,1,1,1,1,1,1,1,1,1,1,1,1,1,1,1,1,1,
1,1,1,1,1,1,1,1,1,1,1,1,1,1,1,1,1,1,1,1,1,1,1,1,1,1,1,1,1,1,1,1,1,1,1,1,
1,1,1,1,1,1,1,1,1,1,1,1,1,1,1,1,1,1,1,1,1,1,1,1,1,1,1,1,1,1,1,1,1,1,1,1,
1,1,1,1,1,1,1,1,1,1,1,1,1,1,1,1,1,1,1,1,1,1,1,1,1,1,1,1,1,1,1,1,1,1,1,1,
1,1,1,1,1,1,1,1,1,1,1,1,1,1,1,1,1,1,1,1,1,1,1,1,1,1,1,1,1,1,1,1,1,1,1,1,
1,1,1,1,1,1,1,1,1,1,1,1,1,1,1,1,1,1,1,1,1,1,1,1,1,1,1,1,1,1,1,1,1,1,1,1,
1,1,1,1,1,1,1,1,1,1,1,1,1,1,1,1,1,1,1,1,1,1,1,1,1,1,1,1,1,1,1,1,1,1,1,1,
1,1,1,1,1,1,1,1,1,1,1,1,1,1,1,1,1,1,1,1,1,1,1,1,1,1,1,1,1,1,1,1,1,1,1,1,
1,1,1,1,1,1,1,1,1,1,1,1,1,1,1,1,1,1,1,1,1,1,1,1,1,1,1,1,1,1,1,1,1,1,1,1,
1,1,1,1,1,1,1,1,1,1,1,1,1,1,1,1,1,1,1,1,1,1,1,1,1,1,1,1,1,1,1,1,1,1,1,1,
1,1,1,1,1,1,1,1,1,1,1,1,1,1,1,1,1,1,1,1,1,1,1,1,1,1,1,1,1,1,1,1,1,1,1,1,
1,1,1,1,1,1,1,1,1,1,1,1,1,1,3,1),(-0.0009765625,0.,0.0009765625,0.001953125,
0.00390625,0.0078125,0.01171875,0.015625,0.01953125,0.0234375,0.02734375,
0.029296875,0.03125,0.0322265625,0.033203125,0.0341796875,0.03515625,0.037109375,
0.0390625,0.04296875,0.046875,0.05078125,0.052734375,0.0546875,0.056640625,
0.05859375,0.060546875,0.0615234375,0.0625,0.064453125,0.06640625,0.0703125,
0.07421875,0.078125,0.0859375,0.08984375,0.09375,0.09765625,0.1015625,0.103515625,
0.10546875,0.107421875,0.1083984375,0.109375,0.111328125,0.11328125,0.1171875,
0.12109375,0.125,0.12890625,0.1328125,0.13671875,0.140625,0.14453125,0.146484375,
0.1484375,0.150390625,0.15234375,0.154296875,0.1552734375,0.15625,0.15673828125,
0.1572265625,0.158203125,0.1591796875,0.16015625,0.1611328125,0.162109375,
0.1630859375,0.1640625,0.1650390625,0.166015625,0.1669921875,0.16796875,
0.16845703125,0.1689453125,0.16943359375,0.169921875,0.1708984375,0.171875,
0.1728515625,0.173828125,0.17578125,0.177734375,0.1796875,0.181640625,0.18359375,
0.1875,0.19140625,0.1953125,0.197265625,0.19921875,0.2001953125,0.201171875,
0.203125,0.205078125,0.20703125,0.2109375,0.21484375,0.21875,0.22265625,
0.224609375,0.2265625,0.2275390625,0.228515625,0.2294921875,0.23046875,
0.234375,0.23828125,0.2421875,0.24609375,0.248046875,0.25,0.251953125,0.2529296875,
0.25390625,0.255859375,0.2578125,0.26171875,0.265625,0.26953125,0.2734375,
0.275390625,0.2763671875,0.27734375,0.2783203125,0.279296875,0.2802734375,
0.28125,0.283203125,0.28515625,0.287109375,0.2890625,0.29296875,0.294921875,
0.296875,0.298828125,0.30078125,0.3017578125,0.302734375,0.30322265625,
0.3037109375,0.3046875,0.3056640625,0.306640625,0.30859375,0.3125,0.31640625,
0.3203125,0.32421875,0.328125,0.33203125,0.3359375,0.33984375,0.34375,0.345703125,
0.34765625,0.349609375,0.3505859375,0.3515625,0.353515625,0.35546875,0.359375,
0.36328125,0.3671875,0.37109375,0.375,0.37890625,0.3828125,0.38671875,0.388671875,
0.390625,0.392578125,0.39453125,0.3955078125,0.396484375,0.3974609375,0.39794921875,
0.3984375,0.3994140625,0.400390625,0.4013671875,0.40234375,0.404296875,
0.40625,0.408203125,0.41015625,0.4111328125,0.412109375,0.41259765625,0.4130859375,
0.41357421875,0.4140625,0.41455078125,0.4150390625,0.416015625,0.41796875,
0.419921875,0.421875,0.42578125,0.4296875,0.431640625,0.43359375,0.435546875,
0.4375,0.4384765625,0.439453125,0.44140625,0.443359375,0.4453125,0.44921875,
0.453125,0.45703125,0.458984375,0.4609375,0.462890625,0.46484375,0.46875,
0.4765625,0.48046875,0.482421875,0.484375,0.486328125,0.48828125,0.4921875,
0.49609375,0.5,0.50390625,0.5078125,0.509765625,0.51171875,0.513671875,
0.515625,0.51953125,0.5234375,0.52734375,0.529296875,0.53125,0.533203125,
0.53515625,0.5361328125,0.537109375,0.5380859375,0.5390625,0.5400390625,
0.541015625,0.54296875,0.544921875,0.546875,0.548828125,0.55078125,0.552734375,
0.5546875,0.556640625,0.5576171875,0.55859375,0.55908203125,0.5595703125,
0.560546875,0.5615234375,0.5625,0.564453125,0.56640625,0.5703125,0.57421875,
0.578125,0.58203125,0.5859375,0.58984375,0.59375,0.59765625,0.6015625,0.60546875,
0.607421875,0.609375,0.611328125,0.61328125,0.6171875,0.62109375,0.625,
0.62890625,0.6328125,0.63671875,0.640625,0.64453125,0.646484375,0.6484375,
0.650390625,0.65234375,0.6533203125,0.654296875,0.65478515625,0.6552734375,
0.65625,0.6572265625,0.658203125,0.66015625,0.662109375,0.6640625,0.6650390625,
0.666015625,0.6669921875,0.66796875,0.6689453125,0.66943359375,0.669921875,
0.6708984375,0.671875,0.673828125,0.67578125,0.677734375,0.6796875,0.681640625,
0.68359375,0.6875,0.689453125,0.69140625,0.693359375,0.6953125,0.6962890625,
0.697265625,0.69921875,0.701171875,0.703125,0.70703125,0.7109375,0.71484375,
0.716796875,0.71875,0.720703125,0.7216796875,0.72265625,0.724609375,0.7265625,
0.728515625,0.73046875,0.734375,0.736328125,0.73828125,0.740234375,0.7421875,
0.74609375,0.75,0.75390625,0.755859375,0.7578125,0.759765625,0.7607421875,
0.76171875,0.7626953125,0.763671875,0.765625,0.767578125,0.76953125,0.7734375,
0.77734375,0.779296875,0.78125,0.783203125,0.7841796875,0.78515625,0.78564453125,
0.7861328125,0.787109375,0.7880859375,0.7890625,0.791015625,0.79296875,
0.794921875,0.796875,0.80078125,0.802734375,0.8046875,0.806640625,0.80859375,
0.810546875,0.8115234375,0.81201171875,0.8125,0.814453125,0.81640625,0.818359375,
0.8203125,0.82421875,0.828125,0.83203125,0.8359375,0.84375,0.84765625,0.8515625,
0.85546875,0.857421875,0.859375,0.8603515625,0.861328125,0.86328125,0.865234375,
0.8671875,0.87109375,0.875,0.87890625,0.8828125,0.88671875,0.890625,0.89453125,
0.8984375,0.900390625,0.90234375,0.904296875,0.90625,0.9072265625,0.908203125,
0.90869140625,0.9091796875,0.91015625,0.9111328125,0.912109375,0.9130859375,
0.9140625,0.9150390625,0.916015625,0.9169921875,0.91796875,0.9189453125,
0.919921875,0.92041015625,0.9208984375,0.92138671875,0.921630859375,0.921875,
0.92236328125,0.9228515625,0.923828125,0.9248046875,0.92578125,0.927734375,
0.9296875,0.931640625,0.93359375,0.9375,0.94140625,0.943359375,0.9453125,
0.947265625,0.94921875,0.951171875,0.953125,0.95703125,0.9609375,0.96484375,
0.966796875,0.96875,0.970703125,0.97265625,0.9765625,0.978515625,0.98046875,
0.982421875,0.9833984375,0.984375,0.9853515625,0.986328125,0.9873046875,
0.98828125,0.990234375,0.9921875,0.994140625,0.99609375,0.998046875,0.9990234375,
1.,1.0009765625),.UNSPECIFIED.);
#41=B_SPLINE_CURVE_WITH_KNOTS('',3,(#5105,#5106,#5107,#5108,#5109,#5110,
#5111,#5112,#5113,#5114,#5115,#5116),.UNSPECIFIED.,.F.,.F.,(4,1,1,1,1,1,
1,1,1,4),(0.350948303809341,0.398159350180413,0.41320363870254,0.43771811854615,
0.460884636662514,0.48499041339219,0.508598204855515,0.538535309294688,
0.558729577479312,0.606705958293284),.UNSPECIFIED.);
#42=B_SPLINE_CURVE_WITH_KNOTS('',3,(#5121,#5122,#5123,#5124,#5125,#5126,
#5127,#5128,#5129,#5130,#5131,#5132),.UNSPECIFIED.,.F.,.F.,(4,1,1,1,1,1,
1,1,1,4),(0.350948303809341,0.398159350180413,0.41320363870254,0.43771811854615,
0.460884636662514,0.48499041339219,0.508598204855515,0.538535309294688,
0.558729577479312,0.606705958293284),.UNSPECIFIED.);
#43=B_SPLINE_CURVE_WITH_KNOTS('',3,(#5199,#5200,#5201,#5202,#5203,#5204,
#5205,#5206,#5207,#5208,#5209,#5210),.UNSPECIFIED.,.F.,.F.,(4,1,1,1,1,1,
1,1,1,4),(0.606920085169299,0.65459557711741,0.669392451178002,0.695846544588169,
0.72250054591335,0.738056597165144,0.761692345177373,0.785419057261053,
0.811577982558617,0.860062428896778),.UNSPECIFIED.);
#44=B_SPLINE_CURVE_WITH_KNOTS('',3,(#5217,#5218,#5219,#5220,#5221,#5222,
#5223,#5224,#5225,#5226,#5227,#5228,#5229,#5230),.UNSPECIFIED.,.F.,.F.,
(4,1,1,1,1,1,3,1,1,4),(0.862438790522635,0.909007243362464,0.921532856010519,
0.946305255352127,0.967403415842612,0.985732427698457,1.,1.03306151025152,
1.06094980241022,1.10882898444052),.UNSPECIFIED.);
#45=B_SPLINE_CURVE_WITH_KNOTS('',3,(#5237,#5238,#5239,#5240,#5241,#5242,
#5243,#5244,#5245,#5246,#5247,#5248),.UNSPECIFIED.,.F.,.F.,(4,1,1,1,1,1,
1,1,1,4),(0.350948303809341,0.398159350180413,0.41320363870254,0.43771811854615,
0.460884636662514,0.48499041339219,0.508598204855515,0.538535309294688,
0.558729577479312,0.606705958293284),.UNSPECIFIED.);
#46=B_SPLINE_CURVE_WITH_KNOTS('',3,(#5269,#5270,#5271,#5272,#5273,#5274,
#5275,#5276),.UNSPECIFIED.,.F.,.F.,(4,1,1,1,1,4),(0.,0.0017642753260372,
0.00352855065207439,0.00705710130414879,0.0105856519562232,0.0141142026082976),
 .UNSPECIFIED.);
#47=B_SPLINE_CURVE_WITH_KNOTS('',3,(#5280,#5281,#5282,#5283,#5284,#5285,
#5286,#5287,#5288,#5289,#5290,#5291,#5292,#5293),.UNSPECIFIED.,.F.,.F.,
(4,1,1,1,1,1,3,1,1,4),(0.862438790522635,0.909007243362464,0.921532856010519,
0.946305255352127,0.967403415842612,0.985732427698457,1.,1.03306151025152,
1.06094980241022,1.10882898444052),.UNSPECIFIED.);
#48=B_SPLINE_CURVE_WITH_KNOTS('',3,(#5295,#5296,#5297,#5298),
 .UNSPECIFIED.,.F.,.F.,(4,4),(1.0315216161979E-15,0.000246315002020259),
 .UNSPECIFIED.);
#49=B_SPLINE_CURVE_WITH_KNOTS('',3,(#5311,#5312,#5313,#5314,#5315,#5316,
#5317,#5318,#5319,#5320),.UNSPECIFIED.,.F.,.F.,(4,1,1,1,1,1,1,4),(0.,0.00339321296274062,
0.00678642592548124,0.00848303240685155,0.0101796388882219,0.0118762453695922,
0.0127245486102773,0.0135728518509625),.UNSPECIFIED.);
#50=B_SPLINE_CURVE_WITH_KNOTS('',3,(#5321,#5322,#5323,#5324,#5325,#5326,
#5327,#5328,#5329,#5330,#5331),.UNSPECIFIED.,.F.,.F.,(4,1,1,1,1,1,1,1,4),
(0.109508203305062,0.156387361095849,0.169690106204962,0.199944866757663,
0.22847757267104,0.252148747002444,0.278802445367289,0.302861178481745,
0.350847330122046),.UNSPECIFIED.);
#51=B_SPLINE_CURVE_WITH_KNOTS('',3,(#5340,#5341,#5342,#5343,#5344,#5345,
#5346,#5347,#5348,#5349,#5350,#5351),.UNSPECIFIED.,.F.,.F.,(4,1,1,1,1,1,
1,1,1,4),(0.350948303809341,0.398159350180413,0.41320363870254,0.43771811854615,
0.460884636662514,0.48499041339219,0.508598204855515,0.538535309294688,
0.558729577479312,0.606705958293284),.UNSPECIFIED.);
#52=B_SPLINE_CURVE_WITH_KNOTS('',3,(#5370,#5371,#5372,#5373,#5374,#5375,
#5376,#5377),.UNSPECIFIED.,.F.,.F.,(4,1,1,1,1,4),(1.91606470571538E-17,
0.00172552251979345,0.00345104503958688,0.00690209007917375,0.0103531351187606,
0.0138041801583475),.UNSPECIFIED.);
#53=B_SPLINE_CURVE_WITH_KNOTS('',3,(#5381,#5382,#5383,#5384,#5385,#5386,
#5387,#5388,#5389,#5390,#5391,#5392),.UNSPECIFIED.,.F.,.F.,(4,1,1,1,1,1,
1,1,1,4),(0.350948303809341,0.398159350180413,0.41320363870254,0.43771811854615,
0.460884636662514,0.48499041339219,0.508598204855515,0.538535309294688,
0.558729577479312,0.606705958293284),.UNSPECIFIED.);
#54=B_SPLINE_CURVE_WITH_KNOTS('',3,(#5394,#5395,#5396,#5397),
 .UNSPECIFIED.,.F.,.F.,(4,4),(0.,7.93003959492575E-5),.UNSPECIFIED.);
#55=B_SPLINE_CURVE_WITH_KNOTS('',3,(#5416,#5417,#5418,#5419,#5420,#5421,
#5422,#5423,#5424,#5425),.UNSPECIFIED.,.F.,.F.,(4,1,1,1,1,1,1,4),(0.,0.00351149102594859,
0.00702298205189718,0.00877872756487147,0.0105344730778458,0.0122902185908201,
0.0131680913473072,0.0140459641037944),.UNSPECIFIED.);
#56=B_SPLINE_CURVE_WITH_KNOTS('',3,(#5426,#5427,#5428,#5429,#5430,#5431,
#5432,#5433,#5434,#5435,#5436,#5437),.UNSPECIFIED.,.F.,.F.,(4,1,1,1,1,1,
1,1,1,4),(0.606920085169299,0.65459557711741,0.669392451178002,0.695846544588169,
0.72250054591335,0.738056597165144,0.761692345177373,0.785419057261053,
0.811577982558617,0.860062428896778),.UNSPECIFIED.);
#57=B_SPLINE_SURFACE_WITH_KNOTS('',3,1,((#1502,#1503),(#1504,#1505),(#1506,
#1507),(#1508,#1509)),.SURF_OF_LINEAR_EXTRUSION.,.F.,.F.,.F.,(4,4),(2,2),
(0.302861178481621,0.350847330122046),(0.,1.),.PIECEWISE_BEZIER_KNOTS.);
#58=B_SPLINE_SURFACE_WITH_KNOTS('',3,1,((#1544,#1545),(#1546,#1547),(#1548,
#1549),(#1550,#1551),(#1552,#1553),(#1554,#1555),(#1556,#1557)),
 .SURF_OF_LINEAR_EXTRUSION.,.F.,.F.,.F.,(4,1,1,1,4),(2,2),(0.350948303809341,
0.366512137532641,0.382075971255941,0.39763980497924,0.41320363870254),
(0.,1.),.UNSPECIFIED.);
#59=B_SPLINE_SURFACE_WITH_KNOTS('',3,1,((#1597,#1598),(#1599,#1600),(#1601,
#1602),(#1603,#1604),(#1605,#1606),(#1607,#1608),(#1609,#1610),(#1611,#1612),
(#1613,#1614),(#1615,#1616)),.SURF_OF_LINEAR_EXTRUSION.,.F.,.F.,.F.,(4,
1,1,1,1,1,1,4),(2,2),(0.785419057261691,0.794749478716077,0.804079900170463,
0.813410321624849,0.822740743079235,0.832071164533621,0.841401585988006,
0.860062428896778),(0.,1.),.UNSPECIFIED.);
#60=B_SPLINE_SURFACE_WITH_KNOTS('',3,1,((#1665,#1666),(#1667,#1668),(#1669,
#1670),(#1671,#1672),(#1673,#1674),(#1675,#1676),(#1677,#1678),(#1679,#1680),
(#1681,#1682)),.SURF_OF_LINEAR_EXTRUSION.,.F.,.F.,.F.,(4,1,1,1,1,1,4),(2,
2),(0.862438790522635,0.877212306894622,0.891985823266609,0.899372581452602,
0.906759339638595,0.914146097824589,0.921532856010582),(0.,1.),
 .UNSPECIFIED.);
#61=B_SPLINE_SURFACE_WITH_KNOTS('',3,1,((#1738,#1739),(#1740,#1741),(#1742,
#1743),(#1744,#1745),(#1746,#1747),(#1748,#1749),(#1750,#1751),(#1752,#1753),
(#1754,#1755),(#1756,#1757),(#1758,#1759),(#1760,#1761),(#1762,#1763),(#1764,
#1765),(#1766,#1767),(#1768,#1769),(#1770,#1771),(#1772,#1773),(#1774,#1775),
(#1776,#1777),(#1778,#1779),(#1780,#1781),(#1782,#1783),(#1784,#1785),(#1786,
#1787),(#1788,#1789),(#1790,#1791),(#1792,#1793),(#1794,#1795),(#1796,#1797),
(#1798,#1799),(#1800,#1801),(#1802,#1803),(#1804,#1805),(#1806,#1807),(#1808,
#1809),(#1810,#1811),(#1812,#1813),(#1814,#1815),(#1816,#1817),(#1818,#1819),
(#1820,#1821),(#1822,#1823),(#1824,#1825),(#1826,#1827),(#1828,#1829),(#1830,
#1831),(#1832,#1833),(#1834,#1835),(#1836,#1837),(#1838,#1839),(#1840,#1841),
(#1842,#1843),(#1844,#1845),(#1846,#1847),(#1848,#1849),(#1850,#1851),(#1852,
#1853),(#1854,#1855),(#1856,#1857),(#1858,#1859),(#1860,#1861),(#1862,#1863),
(#1864,#1865),(#1866,#1867),(#1868,#1869),(#1870,#1871),(#1872,#1873),(#1874,
#1875),(#1876,#1877),(#1878,#1879),(#1880,#1881),(#1882,#1883),(#1884,#1885),
(#1886,#1887),(#1888,#1889),(#1890,#1891),(#1892,#1893),(#1894,#1895),(#1896,
#1897),(#1898,#1899),(#1900,#1901),(#1902,#1903),(#1904,#1905),(#1906,#1907),
(#1908,#1909),(#1910,#1911),(#1912,#1913),(#1914,#1915),(#1916,#1917),(#1918,
#1919),(#1920,#1921),(#1922,#1923),(#1924,#1925),(#1926,#1927),(#1928,#1929),
(#1930,#1931),(#1932,#1933),(#1934,#1935),(#1936,#1937),(#1938,#1939),(#1940,
#1941),(#1942,#1943),(#1944,#1945),(#1946,#1947),(#1948,#1949),(#1950,#1951),
(#1952,#1953),(#1954,#1955),(#1956,#1957),(#1958,#1959),(#1960,#1961),(#1962,
#1963),(#1964,#1965),(#1966,#1967),(#1968,#1969),(#1970,#1971),(#1972,#1973),
(#1974,#1975),(#1976,#1977),(#1978,#1979),(#1980,#1981),(#1982,#1983),(#1984,
#1985),(#1986,#1987),(#1988,#1989),(#1990,#1991),(#1992,#1993),(#1994,#1995),
(#1996,#1997),(#1998,#1999),(#2000,#2001),(#2002,#2003),(#2004,#2005),(#2006,
#2007),(#2008,#2009),(#2010,#2011),(#2012,#2013),(#2014,#2015),(#2016,#2017),
(#2018,#2019),(#2020,#2021),(#2022,#2023),(#2024,#2025),(#2026,#2027),(#2028,
#2029),(#2030,#2031),(#2032,#2033),(#2034,#2035),(#2036,#2037),(#2038,#2039),
(#2040,#2041),(#2042,#2043),(#2044,#2045),(#2046,#2047),(#2048,#2049),(#2050,
#2051),(#2052,#2053),(#2054,#2055),(#2056,#2057),(#2058,#2059),(#2060,#2061),
(#2062,#2063),(#2064,#2065),(#2066,#2067),(#2068,#2069),(#2070,#2071),(#2072,
#2073),(#2074,#2075),(#2076,#2077),(#2078,#2079),(#2080,#2081),(#2082,#2083),
(#2084,#2085),(#2086,#2087),(#2088,#2089),(#2090,#2091),(#2092,#2093),(#2094,
#2095),(#2096,#2097),(#2098,#2099),(#2100,#2101),(#2102,#2103),(#2104,#2105),
(#2106,#2107),(#2108,#2109),(#2110,#2111),(#2112,#2113),(#2114,#2115),(#2116,
#2117),(#2118,#2119),(#2120,#2121),(#2122,#2123),(#2124,#2125),(#2126,#2127),
(#2128,#2129),(#2130,#2131),(#2132,#2133),(#2134,#2135),(#2136,#2137),(#2138,
#2139),(#2140,#2141),(#2142,#2143),(#2144,#2145),(#2146,#2147),(#2148,#2149),
(#2150,#2151),(#2152,#2153),(#2154,#2155),(#2156,#2157),(#2158,#2159),(#2160,
#2161),(#2162,#2163),(#2164,#2165),(#2166,#2167),(#2168,#2169),(#2170,#2171),
(#2172,#2173),(#2174,#2175),(#2176,#2177),(#2178,#2179),(#2180,#2181),(#2182,
#2183),(#2184,#2185),(#2186,#2187),(#2188,#2189),(#2190,#2191),(#2192,#2193),
(#2194,#2195),(#2196,#2197),(#2198,#2199),(#2200,#2201),(#2202,#2203),(#2204,
#2205),(#2206,#2207),(#2208,#2209),(#2210,#2211),(#2212,#2213),(#2214,#2215),
(#2216,#2217),(#2218,#2219),(#2220,#2221),(#2222,#2223),(#2224,#2225),(#2226,
#2227),(#2228,#2229),(#2230,#2231),(#2232,#2233),(#2234,#2235),(#2236,#2237),
(#2238,#2239),(#2240,#2241),(#2242,#2243),(#2244,#2245),(#2246,#2247),(#2248,
#2249),(#2250,#2251),(#2252,#2253),(#2254,#2255),(#2256,#2257),(#2258,#2259),
(#2260,#2261),(#2262,#2263),(#2264,#2265),(#2266,#2267),(#2268,#2269),(#2270,
#2271),(#2272,#2273),(#2274,#2275),(#2276,#2277),(#2278,#2279),(#2280,#2281),
(#2282,#2283),(#2284,#2285),(#2286,#2287),(#2288,#2289),(#2290,#2291),(#2292,
#2293),(#2294,#2295),(#2296,#2297),(#2298,#2299),(#2300,#2301),(#2302,#2303),
(#2304,#2305),(#2306,#2307),(#2308,#2309),(#2310,#2311),(#2312,#2313),(#2314,
#2315),(#2316,#2317),(#2318,#2319),(#2320,#2321),(#2322,#2323),(#2324,#2325),
(#2326,#2327),(#2328,#2329),(#2330,#2331),(#2332,#2333),(#2334,#2335),(#2336,
#2337),(#2338,#2339),(#2340,#2341),(#2342,#2343),(#2344,#2345),(#2346,#2347),
(#2348,#2349),(#2350,#2351),(#2352,#2353),(#2354,#2355),(#2356,#2357),(#2358,
#2359),(#2360,#2361),(#2362,#2363),(#2364,#2365),(#2366,#2367),(#2368,#2369),
(#2370,#2371),(#2372,#2373),(#2374,#2375),(#2376,#2377),(#2378,#2379),(#2380,
#2381),(#2382,#2383),(#2384,#2385),(#2386,#2387),(#2388,#2389),(#2390,#2391),
(#2392,#2393),(#2394,#2395),(#2396,#2397),(#2398,#2399),(#2400,#2401),(#2402,
#2403),(#2404,#2405),(#2406,#2407),(#2408,#2409),(#2410,#2411),(#2412,#2413),
(#2414,#2415),(#2416,#2417),(#2418,#2419),(#2420,#2421),(#2422,#2423),(#2424,
#2425),(#2426,#2427),(#2428,#2429),(#2430,#2431),(#2432,#2433),(#2434,#2435),
(#2436,#2437),(#2438,#2439),(#2440,#2441),(#2442,#2443),(#2444,#2445),(#2446,
#2447),(#2448,#2449),(#2450,#2451),(#2452,#2453),(#2454,#2455),(#2456,#2457),
(#2458,#2459),(#2460,#2461),(#2462,#2463),(#2464,#2465),(#2466,#2467),(#2468,
#2469),(#2470,#2471),(#2472,#2473),(#2474,#2475),(#2476,#2477),(#2478,#2479),
(#2480,#2481),(#2482,#2483),(#2484,#2485),(#2486,#2487),(#2488,#2489),(#2490,
#2491),(#2492,#2493),(#2494,#2495),(#2496,#2497),(#2498,#2499),(#2500,#2501),
(#2502,#2503),(#2504,#2505),(#2506,#2507),(#2508,#2509),(#2510,#2511),(#2512,
#2513),(#2514,#2515),(#2516,#2517),(#2518,#2519),(#2520,#2521),(#2522,#2523),
(#2524,#2525),(#2526,#2527),(#2528,#2529),(#2530,#2531),(#2532,#2533),(#2534,
#2535),(#2536,#2537),(#2538,#2539),(#2540,#2541),(#2542,#2543),(#2544,#2545),
(#2546,#2547),(#2548,#2549),(#2550,#2551),(#2552,#2553),(#2554,#2555),(#2556,
#2557),(#2558,#2559),(#2560,#2561),(#2562,#2563),(#2564,#2565),(#2566,#2567),
(#2568,#2569),(#2570,#2571),(#2572,#2573),(#2574,#2575),(#2576,#2577),(#2578,
#2579),(#2580,#2581),(#2582,#2583),(#2584,#2585),(#2586,#2587),(#2588,#2589),
(#2590,#2591),(#2592,#2593),(#2594,#2595),(#2596,#2597),(#2598,#2599),(#2600,
#2601),(#2602,#2603),(#2604,#2605),(#2606,#2607),(#2608,#2609),(#2610,#2611),
(#2612,#2613),(#2614,#2615),(#2616,#2617),(#2618,#2619),(#2620,#2621),(#2622,
#2623),(#2624,#2625),(#2626,#2627),(#2628,#2629),(#2630,#2631),(#2632,#2633),
(#2634,#2635),(#2636,#2637),(#2638,#2639),(#2640,#2641),(#2642,#2643),(#2644,
#2645),(#2646,#2647),(#2648,#2649),(#2650,#2651),(#2652,#2653),(#2654,#2655),
(#2656,#2657),(#2658,#2659),(#2660,#2661),(#2662,#2663),(#2664,#2665),(#2666,
#2667),(#2668,#2669),(#2670,#2671),(#2672,#2673),(#2674,#2675),(#2676,#2677),
(#2678,#2679),(#2680,#2681)),.SURF_OF_LINEAR_EXTRUSION.,.T.,.F.,.F.,(1,
3,1,1,1,1,1,1,1,1,1,1,1,1,1,1,1,1,1,1,1,1,1,1,1,1,1,1,1,1,1,1,1,1,1,1,1,
1,1,1,1,1,1,1,1,1,1,1,1,1,1,1,1,1,1,1,1,1,1,1,1,1,1,1,1,1,1,1,1,1,1,1,1,
1,1,1,1,1,1,1,1,1,1,1,1,1,1,1,1,1,1,1,1,1,1,1,1,1,1,1,1,1,1,1,1,1,1,1,1,
1,1,1,1,1,1,1,1,1,1,1,1,1,1,1,1,1,1,1,1,1,1,1,1,1,1,1,1,1,1,1,1,1,1,1,1,
1,1,1,1,1,1,1,1,1,1,1,1,1,1,1,1,1,1,1,1,1,1,1,1,1,1,1,1,1,1,1,1,1,1,1,1,
1,1,1,1,1,1,1,1,1,1,1,1,1,1,1,1,1,1,1,1,1,1,1,1,1,1,1,1,1,1,1,1,1,1,1,1,
1,1,1,1,1,1,1,1,1,1,1,1,1,1,1,1,1,1,1,1,1,1,1,1,1,1,1,1,1,1,1,1,1,1,1,1,
1,1,1,1,1,1,1,1,1,1,1,1,1,1,1,1,1,1,1,1,1,1,1,1,1,1,1,1,1,1,1,1,1,1,1,1,
1,1,1,1,1,1,1,1,1,1,1,1,1,1,1,1,1,1,1,1,1,1,1,1,1,1,1,1,1,1,1,1,1,1,1,1,
1,1,1,1,1,1,1,1,1,1,1,1,1,1,1,1,1,1,1,1,1,1,1,1,1,1,1,1,1,1,1,1,1,1,1,1,
1,1,1,1,1,1,1,1,1,1,1,1,1,1,1,1,1,1,1,1,1,1,1,1,1,1,1,1,1,1,1,1,1,1,1,1,
1,1,1,1,1,1,1,1,1,1,1,1,1,1,1,1,1,1,1,1,1,1,1,1,1,1,1,1,1,1,1,1,1,1,1,1,
1,1,1,1,1,1,1,1,1,1,1,1,1,1,1,1,1,1,1,1,1,1,1,1,1,1,1,1,1,1,1,1,1,1,1,1,
1,3,1),(2,2),(-0.0009765625,0.,0.0009765625,0.001953125,0.00390625,0.0078125,
0.01171875,0.015625,0.01953125,0.0234375,0.02734375,0.029296875,0.03125,
0.0322265625,0.033203125,0.0341796875,0.03515625,0.037109375,0.0390625,
0.04296875,0.046875,0.05078125,0.052734375,0.0546875,0.056640625,0.05859375,
0.060546875,0.0615234375,0.0625,0.064453125,0.06640625,0.0703125,0.07421875,
0.078125,0.0859375,0.08984375,0.09375,0.09765625,0.1015625,0.103515625,
0.10546875,0.107421875,0.1083984375,0.109375,0.111328125,0.11328125,0.1171875,
0.12109375,0.125,0.12890625,0.1328125,0.13671875,0.140625,0.14453125,0.146484375,
0.1484375,0.150390625,0.15234375,0.154296875,0.1552734375,0.15625,0.15673828125,
0.1572265625,0.158203125,0.1591796875,0.16015625,0.1611328125,0.162109375,
0.1630859375,0.1640625,0.1650390625,0.166015625,0.1669921875,0.16796875,
0.16845703125,0.1689453125,0.16943359375,0.169921875,0.1708984375,0.171875,
0.1728515625,0.173828125,0.17578125,0.177734375,0.1796875,0.181640625,0.18359375,
0.1875,0.19140625,0.1953125,0.197265625,0.19921875,0.2001953125,0.201171875,
0.203125,0.205078125,0.20703125,0.2109375,0.21484375,0.21875,0.22265625,
0.224609375,0.2265625,0.2275390625,0.228515625,0.2294921875,0.23046875,
0.234375,0.23828125,0.2421875,0.24609375,0.248046875,0.25,0.251953125,0.2529296875,
0.25390625,0.255859375,0.2578125,0.26171875,0.265625,0.26953125,0.2734375,
0.275390625,0.2763671875,0.27734375,0.2783203125,0.279296875,0.2802734375,
0.28125,0.283203125,0.28515625,0.287109375,0.2890625,0.29296875,0.294921875,
0.296875,0.298828125,0.30078125,0.3017578125,0.302734375,0.30322265625,
0.3037109375,0.3046875,0.3056640625,0.306640625,0.30859375,0.3125,0.31640625,
0.3203125,0.32421875,0.328125,0.33203125,0.3359375,0.33984375,0.34375,0.345703125,
0.34765625,0.349609375,0.3505859375,0.3515625,0.353515625,0.35546875,0.359375,
0.36328125,0.3671875,0.37109375,0.375,0.37890625,0.3828125,0.38671875,0.388671875,
0.390625,0.392578125,0.39453125,0.3955078125,0.396484375,0.3974609375,0.39794921875,
0.3984375,0.3994140625,0.400390625,0.4013671875,0.40234375,0.404296875,
0.40625,0.408203125,0.41015625,0.4111328125,0.412109375,0.41259765625,0.4130859375,
0.41357421875,0.4140625,0.41455078125,0.4150390625,0.416015625,0.41796875,
0.419921875,0.421875,0.42578125,0.4296875,0.431640625,0.43359375,0.435546875,
0.4375,0.4384765625,0.439453125,0.44140625,0.443359375,0.4453125,0.44921875,
0.453125,0.45703125,0.458984375,0.4609375,0.462890625,0.46484375,0.46875,
0.4765625,0.48046875,0.482421875,0.484375,0.486328125,0.48828125,0.4921875,
0.49609375,0.5,0.50390625,0.5078125,0.509765625,0.51171875,0.513671875,
0.515625,0.51953125,0.5234375,0.52734375,0.529296875,0.53125,0.533203125,
0.53515625,0.5361328125,0.537109375,0.5380859375,0.5390625,0.5400390625,
0.541015625,0.54296875,0.544921875,0.546875,0.548828125,0.55078125,0.552734375,
0.5546875,0.556640625,0.5576171875,0.55859375,0.55908203125,0.5595703125,
0.560546875,0.5615234375,0.5625,0.564453125,0.56640625,0.5703125,0.57421875,
0.578125,0.58203125,0.5859375,0.58984375,0.59375,0.59765625,0.6015625,0.60546875,
0.607421875,0.609375,0.611328125,0.61328125,0.6171875,0.62109375,0.625,
0.62890625,0.6328125,0.63671875,0.640625,0.64453125,0.646484375,0.6484375,
0.650390625,0.65234375,0.6533203125,0.654296875,0.65478515625,0.6552734375,
0.65625,0.6572265625,0.658203125,0.66015625,0.662109375,0.6640625,0.6650390625,
0.666015625,0.6669921875,0.66796875,0.6689453125,0.66943359375,0.669921875,
0.6708984375,0.671875,0.673828125,0.67578125,0.677734375,0.6796875,0.681640625,
0.68359375,0.6875,0.689453125,0.69140625,0.693359375,0.6953125,0.6962890625,
0.697265625,0.69921875,0.701171875,0.703125,0.70703125,0.7109375,0.71484375,
0.716796875,0.71875,0.720703125,0.7216796875,0.72265625,0.724609375,0.7265625,
0.728515625,0.73046875,0.734375,0.736328125,0.73828125,0.740234375,0.7421875,
0.74609375,0.75,0.75390625,0.755859375,0.7578125,0.759765625,0.7607421875,
0.76171875,0.7626953125,0.763671875,0.765625,0.767578125,0.76953125,0.7734375,
0.77734375,0.779296875,0.78125,0.783203125,0.7841796875,0.78515625,0.78564453125,
0.7861328125,0.787109375,0.7880859375,0.7890625,0.791015625,0.79296875,
0.794921875,0.796875,0.80078125,0.802734375,0.8046875,0.806640625,0.80859375,
0.810546875,0.8115234375,0.81201171875,0.8125,0.814453125,0.81640625,0.818359375,
0.8203125,0.82421875,0.828125,0.83203125,0.8359375,0.84375,0.84765625,0.8515625,
0.85546875,0.857421875,0.859375,0.8603515625,0.861328125,0.86328125,0.865234375,
0.8671875,0.87109375,0.875,0.87890625,0.8828125,0.88671875,0.890625,0.89453125,
0.8984375,0.900390625,0.90234375,0.904296875,0.90625,0.9072265625,0.908203125,
0.90869140625,0.9091796875,0.91015625,0.9111328125,0.912109375,0.9130859375,
0.9140625,0.9150390625,0.916015625,0.9169921875,0.91796875,0.9189453125,
0.919921875,0.92041015625,0.9208984375,0.92138671875,0.921630859375,0.921875,
0.92236328125,0.9228515625,0.923828125,0.9248046875,0.92578125,0.927734375,
0.9296875,0.931640625,0.93359375,0.9375,0.94140625,0.943359375,0.9453125,
0.947265625,0.94921875,0.951171875,0.953125,0.95703125,0.9609375,0.96484375,
0.966796875,0.96875,0.970703125,0.97265625,0.9765625,0.978515625,0.98046875,
0.982421875,0.9833984375,0.984375,0.9853515625,0.986328125,0.9873046875,
0.98828125,0.990234375,0.9921875,0.994140625,0.99609375,0.998046875,0.9990234375,
1.,1.0009765625),(0.,1.),.UNSPECIFIED.);
#62=B_SPLINE_SURFACE_WITH_KNOTS('',3,1,((#5249,#5250),(#5251,#5252),(#5253,
#5254),(#5255,#5256),(#5257,#5258),(#5259,#5260),(#5261,#5262),(#5263,#5264),
(#5265,#5266),(#5267,#5268)),.SURF_OF_LINEAR_EXTRUSION.,.F.,.F.,.F.,(4,
1,1,1,1,1,1,4),(2,2),(1.03306151025152,1.04253244452514,1.05200337879877,
1.06147431307239,1.07094524734602,1.08041618161964,1.08988711589327,1.10882898444052),
(0.,1.),.UNSPECIFIED.);
#63=B_SPLINE_SURFACE_WITH_KNOTS('',3,1,((#5303,#5304),(#5305,#5306),(#5307,
#5308),(#5309,#5310)),.SURF_OF_LINEAR_EXTRUSION.,.F.,.F.,.F.,(4,4),(2,2),
(0.109508203305062,0.156387361096567),(0.,1.),.PIECEWISE_BEZIER_KNOTS.);
#64=B_SPLINE_SURFACE_WITH_KNOTS('',3,1,((#5332,#5333),(#5334,#5335),(#5336,
#5337),(#5338,#5339)),.SURF_OF_LINEAR_EXTRUSION.,.F.,.F.,.F.,(4,4),(2,2),
(0.484990413399085,0.508598204855463),(0.,1.),.PIECEWISE_BEZIER_KNOTS.);
#65=B_SPLINE_SURFACE_WITH_KNOTS('',3,1,((#5352,#5353),(#5354,#5355),(#5356,
#5357),(#5358,#5359),(#5360,#5361),(#5362,#5363),(#5364,#5365),(#5366,#5367),
(#5368,#5369)),.SURF_OF_LINEAR_EXTRUSION.,.F.,.F.,.F.,(4,1,1,1,1,1,4),(2,
2),(0.538535309295026,0.547056640419809,0.555577971544591,0.564099302669373,
0.572620633794155,0.58966329604372,0.606705958293284),(0.,1.),
 .UNSPECIFIED.);
#66=B_SPLINE_SURFACE_WITH_KNOTS('',3,1,((#5402,#5403),(#5404,#5405),(#5406,
#5407),(#5408,#5409),(#5410,#5411),(#5412,#5413),(#5414,#5415)),
 .SURF_OF_LINEAR_EXTRUSION.,.F.,.F.,.F.,(4,1,1,1,4),(2,2),(0.606920085169299,
0.622538176671477,0.638156268173655,0.653774359675833,0.669392451178011),
(0.,1.),.UNSPECIFIED.);
#67=B_SPLINE_SURFACE_WITH_KNOTS('',3,1,((#5441,#5442),(#5443,#5444),(#5445,
#5446),(#5447,#5448),(#5449,#5450)),.SURF_OF_LINEAR_EXTRUSION.,.F.,.F.,
 .F.,(4,1,4),(2,2),(0.,0.5,1.),(0.,1.),.UNSPECIFIED.);
#68=B_SPLINE_SURFACE_WITH_KNOTS('',3,1,((#5451,#5452),(#5453,#5454),(#5455,
#5456),(#5457,#5458),(#5459,#5460)),.SURF_OF_LINEAR_EXTRUSION.,.F.,.F.,
 .F.,(4,1,4),(2,2),(0.,0.5,1.),(0.,1.),.UNSPECIFIED.);
#69=B_SPLINE_SURFACE_WITH_KNOTS('',3,1,((#5461,#5462),(#5463,#5464),(#5465,
#5466),(#5467,#5468),(#5469,#5470)),.SURF_OF_LINEAR_EXTRUSION.,.F.,.F.,
 .F.,(4,1,4),(2,2),(0.,0.5,1.),(0.,1.),.UNSPECIFIED.);
#70=B_SPLINE_SURFACE_WITH_KNOTS('',3,1,((#5471,#5472),(#5473,#5474),(#5475,
#5476),(#5477,#5478),(#5479,#5480)),.SURF_OF_LINEAR_EXTRUSION.,.F.,.F.,
 .F.,(4,1,4),(2,2),(-2.19759223082161E-14,0.499999999999989,1.),(0.,1.),
 .UNSPECIFIED.);
#71=LINE('',#1410,#171);
#72=LINE('',#1413,#172);
#73=LINE('',#1415,#173);
#74=LINE('',#1417,#174);
#75=LINE('',#1419,#175);
#76=LINE('',#1421,#176);
#77=LINE('',#1422,#177);
#78=LINE('',#1425,#178);
#79=LINE('',#1427,#179);
#80=LINE('',#1429,#180);
#81=LINE('',#1431,#181);
#82=LINE('',#1433,#182);
#83=LINE('',#1435,#183);
#84=LINE('',#1437,#184);
#85=LINE('',#1441,#185);
#86=LINE('',#1444,#186);
#87=LINE('',#1446,#187);
#88=LINE('',#1448,#188);
#89=LINE('',#1450,#189);
#90=LINE('',#1452,#190);
#91=LINE('',#1453,#191);
#92=LINE('',#1456,#192);
#93=LINE('',#1458,#193);
#94=LINE('',#1460,#194);
#95=LINE('',#1462,#195);
#96=LINE('',#1464,#196);
#97=LINE('',#1466,#197);
#98=LINE('',#1468,#198);
#99=LINE('',#1470,#199);
#100=LINE('',#1473,#200);
#101=LINE('',#1475,#201);
#102=LINE('',#1477,#202);
#103=LINE('',#1479,#203);
#104=LINE('',#1481,#204);
#105=LINE('',#1482,#205);
#106=LINE('',#1485,#206);
#107=LINE('',#1487,#207);
#108=LINE('',#1489,#208);
#109=LINE('',#1491,#209);
#110=LINE('',#1493,#210);
#111=LINE('',#1495,#211);
#112=LINE('',#1497,#212);
#113=LINE('',#1499,#213);
#114=LINE('',#1501,#214);
#115=LINE('',#1520,#215);
#116=LINE('',#1534,#216);
#117=LINE('',#1541,#217);
#118=LINE('',#1583,#218);
#119=LINE('',#1627,#219);
#120=LINE('',#1642,#220);
#121=LINE('',#1662,#221);
#122=LINE('',#1722,#222);
#123=LINE('',#5137,#223);
#124=LINE('',#5138,#224);
#125=LINE('',#5140,#225);
#126=LINE('',#5142,#226);
#127=LINE('',#5144,#227);
#128=LINE('',#5146,#228);
#129=LINE('',#5152,#229);
#130=LINE('',#5156,#230);
#131=LINE('',#5157,#231);
#132=LINE('',#5163,#232);
#133=LINE('',#5167,#233);
#134=LINE('',#5175,#234);
#135=LINE('',#5178,#235);
#136=LINE('',#5179,#236);
#137=LINE('',#5181,#237);
#138=LINE('',#5184,#238);
#139=LINE('',#5185,#239);
#140=LINE('',#5186,#240);
#141=LINE('',#5188,#241);
#142=LINE('',#5190,#242);
#143=LINE('',#5192,#243);
#144=LINE('',#5198,#244);
#145=LINE('',#5212,#245);
#146=LINE('',#5213,#246);
#147=LINE('',#5214,#247);
#148=LINE('',#5215,#248);
#149=LINE('',#5231,#249);
#150=LINE('',#5232,#250);
#151=LINE('',#5233,#251);
#152=LINE('',#5235,#252);
#153=LINE('',#5278,#253);
#154=LINE('',#5300,#254);
#155=LINE('',#5379,#255);
#156=LINE('',#5399,#256);
#157=LINE('',#5440,#257);
#158=LINE('',#5482,#258);
#159=LINE('',#5484,#259);
#160=LINE('',#5486,#260);
#161=LINE('',#5488,#261);
#162=LINE('',#5490,#262);
#163=LINE('',#5493,#263);
#164=LINE('',#5494,#264);
#165=LINE('',#5496,#265);
#166=LINE('',#5498,#266);
#167=LINE('',#5500,#267);
#168=LINE('',#5502,#268);
#169=LINE('',#5504,#269);
#170=LINE('',#5506,#270);
#171=VECTOR('',#1184,1.);
#172=VECTOR('',#1185,1.);
#173=VECTOR('',#1186,1.);
#174=VECTOR('',#1187,1.);
#175=VECTOR('',#1188,1.);
#176=VECTOR('',#1189,1.);
#177=VECTOR('',#1190,1.);
#178=VECTOR('',#1191,1.);
#179=VECTOR('',#1192,1.);
#180=VECTOR('',#1193,1.);
#181=VECTOR('',#1194,1.);
#182=VECTOR('',#1195,1.);
#183=VECTOR('',#1196,1.);
#184=VECTOR('',#1197,1.);
#185=VECTOR('',#1202,1.);
#186=VECTOR('',#1203,1.);
#187=VECTOR('',#1204,1.);
#188=VECTOR('',#1205,1.);
#189=VECTOR('',#1206,1.);
#190=VECTOR('',#1207,1.);
#191=VECTOR('',#1208,1.);
#192=VECTOR('',#1209,1.);
#193=VECTOR('',#1210,1.);
#194=VECTOR('',#1211,1.);
#195=VECTOR('',#1212,1.);
#196=VECTOR('',#1213,1.);
#197=VECTOR('',#1214,1.);
#198=VECTOR('',#1215,1.);
#199=VECTOR('',#1218,1.);
#200=VECTOR('',#1219,1.);
#201=VECTOR('',#1220,1.);
#202=VECTOR('',#1221,1.);
#203=VECTOR('',#1222,1.);
#204=VECTOR('',#1223,1.);
#205=VECTOR('',#1224,1.);
#206=VECTOR('',#1225,1.);
#207=VECTOR('',#1226,1.);
#208=VECTOR('',#1227,1.);
#209=VECTOR('',#1228,1.);
#210=VECTOR('',#1229,1.);
#211=VECTOR('',#1230,1.);
#212=VECTOR('',#1231,1.);
#213=VECTOR('',#1232,1.);
#214=VECTOR('',#1233,1.);
#215=VECTOR('',#1234,1.);
#216=VECTOR('',#1235,1.);
#217=VECTOR('',#1238,1.);
#218=VECTOR('',#1241,1.);
#219=VECTOR('',#1242,1.);
#220=VECTOR('',#1243,1.);
#221=VECTOR('',#1246,1.);
#222=VECTOR('',#1249,1.);
#223=VECTOR('',#1268,1.);
#224=VECTOR('',#1269,1.);
#225=VECTOR('',#1272,1.);
#226=VECTOR('',#1275,1.);
#227=VECTOR('',#1278,1.);
#228=VECTOR('',#1281,1.);
#229=VECTOR('',#1288,1.);
#230=VECTOR('',#1291,1.);
#231=VECTOR('',#1292,1.);
#232=VECTOR('',#1299,1.);
#233=VECTOR('',#1302,1.);
#234=VECTOR('',#1311,1.);
#235=VECTOR('',#1316,1.);
#236=VECTOR('',#1317,1.);
#237=VECTOR('',#1320,1.);
#238=VECTOR('',#1321,1.);
#239=VECTOR('',#1322,1.);
#240=VECTOR('',#1323,1.);
#241=VECTOR('',#1326,1.);
#242=VECTOR('',#1329,1.);
#243=VECTOR('',#1332,1.);
#244=VECTOR('',#1341,1.);
#245=VECTOR('',#1342,1.);
#246=VECTOR('',#1343,1.);
#247=VECTOR('',#1344,1.);
#248=VECTOR('',#1345,1.);
#249=VECTOR('',#1346,1.);
#250=VECTOR('',#1347,1.);
#251=VECTOR('',#1348,1.);
#252=VECTOR('',#1351,1.);
#253=VECTOR('',#1352,1.);
#254=VECTOR('',#1355,1.);
#255=VECTOR('',#1358,1.);
#256=VECTOR('',#1361,1.);
#257=VECTOR('',#1368,1.);
#258=VECTOR('',#1371,1.);
#259=VECTOR('',#1372,1.);
#260=VECTOR('',#1375,1.);
#261=VECTOR('',#1376,1.);
#262=VECTOR('',#1379,1.);
#263=VECTOR('',#1384,1.);
#264=VECTOR('',#1385,1.);
#265=VECTOR('',#1388,1.);
#266=VECTOR('',#1391,1.);
#267=VECTOR('',#1394,1.);
#268=VECTOR('',#1397,1.);
#269=VECTOR('',#1400,1.);
#270=VECTOR('',#1403,1.);
#271=ORIENTED_EDGE('',*,*,#593,.T.);
#272=ORIENTED_EDGE('',*,*,#594,.F.);
#273=ORIENTED_EDGE('',*,*,#595,.F.);
#274=ORIENTED_EDGE('',*,*,#596,.F.);
#275=ORIENTED_EDGE('',*,*,#597,.F.);
#276=ORIENTED_EDGE('',*,*,#598,.F.);
#277=ORIENTED_EDGE('',*,*,#599,.F.);
#278=ORIENTED_EDGE('',*,*,#600,.T.);
#279=ORIENTED_EDGE('',*,*,#601,.T.);
#280=ORIENTED_EDGE('',*,*,#602,.T.);
#281=ORIENTED_EDGE('',*,*,#603,.F.);
#282=ORIENTED_EDGE('',*,*,#604,.F.);
#283=ORIENTED_EDGE('',*,*,#605,.F.);
#284=ORIENTED_EDGE('',*,*,#606,.F.);
#285=ORIENTED_EDGE('',*,*,#607,.T.);
#286=ORIENTED_EDGE('',*,*,#608,.F.);
#287=ORIENTED_EDGE('',*,*,#609,.F.);
#288=ORIENTED_EDGE('',*,*,#610,.F.);
#289=ORIENTED_EDGE('',*,*,#611,.F.);
#290=ORIENTED_EDGE('',*,*,#612,.F.);
#291=ORIENTED_EDGE('',*,*,#613,.F.);
#292=ORIENTED_EDGE('',*,*,#614,.F.);
#293=ORIENTED_EDGE('',*,*,#615,.T.);
#294=ORIENTED_EDGE('',*,*,#616,.T.);
#295=ORIENTED_EDGE('',*,*,#617,.T.);
#296=ORIENTED_EDGE('',*,*,#618,.F.);
#297=ORIENTED_EDGE('',*,*,#619,.F.);
#298=ORIENTED_EDGE('',*,*,#620,.F.);
#299=ORIENTED_EDGE('',*,*,#621,.F.);
#300=ORIENTED_EDGE('',*,*,#622,.T.);
#301=ORIENTED_EDGE('',*,*,#623,.T.);
#302=ORIENTED_EDGE('',*,*,#624,.T.);
#303=ORIENTED_EDGE('',*,*,#625,.T.);
#304=ORIENTED_EDGE('',*,*,#626,.T.);
#305=ORIENTED_EDGE('',*,*,#627,.T.);
#306=ORIENTED_EDGE('',*,*,#628,.T.);
#307=ORIENTED_EDGE('',*,*,#629,.T.);
#308=ORIENTED_EDGE('',*,*,#630,.T.);
#309=ORIENTED_EDGE('',*,*,#631,.T.);
#310=ORIENTED_EDGE('',*,*,#632,.T.);
#311=ORIENTED_EDGE('',*,*,#633,.T.);
#312=ORIENTED_EDGE('',*,*,#634,.T.);
#313=ORIENTED_EDGE('',*,*,#635,.T.);
#314=ORIENTED_EDGE('',*,*,#636,.T.);
#315=ORIENTED_EDGE('',*,*,#637,.T.);
#316=ORIENTED_EDGE('',*,*,#638,.F.);
#317=ORIENTED_EDGE('',*,*,#639,.F.);
#318=ORIENTED_EDGE('',*,*,#640,.F.);
#319=ORIENTED_EDGE('',*,*,#641,.F.);
#320=ORIENTED_EDGE('',*,*,#642,.T.);
#321=ORIENTED_EDGE('',*,*,#640,.T.);
#322=ORIENTED_EDGE('',*,*,#643,.T.);
#323=ORIENTED_EDGE('',*,*,#644,.F.);
#324=ORIENTED_EDGE('',*,*,#645,.T.);
#325=ORIENTED_EDGE('',*,*,#646,.F.);
#326=ORIENTED_EDGE('',*,*,#647,.T.);
#327=ORIENTED_EDGE('',*,*,#648,.F.);
#328=ORIENTED_EDGE('',*,*,#649,.F.);
#329=ORIENTED_EDGE('',*,*,#644,.T.);
#330=ORIENTED_EDGE('',*,*,#650,.F.);
#331=ORIENTED_EDGE('',*,*,#651,.F.);
#332=ORIENTED_EDGE('',*,*,#652,.F.);
#333=ORIENTED_EDGE('',*,*,#653,.T.);
#334=ORIENTED_EDGE('',*,*,#654,.T.);
#335=ORIENTED_EDGE('',*,*,#651,.T.);
#336=ORIENTED_EDGE('',*,*,#655,.T.);
#337=ORIENTED_EDGE('',*,*,#656,.F.);
#338=ORIENTED_EDGE('',*,*,#657,.T.);
#339=ORIENTED_EDGE('',*,*,#658,.F.);
#340=ORIENTED_EDGE('',*,*,#659,.T.);
#341=ORIENTED_EDGE('',*,*,#660,.T.);
#342=ORIENTED_EDGE('',*,*,#661,.F.);
#343=ORIENTED_EDGE('',*,*,#662,.F.);
#344=ORIENTED_EDGE('',*,*,#656,.T.);
#345=ORIENTED_EDGE('',*,*,#663,.F.);
#346=ORIENTED_EDGE('',*,*,#664,.F.);
#347=ORIENTED_EDGE('',*,*,#665,.T.);
#348=ORIENTED_EDGE('',*,*,#666,.F.);
#349=ORIENTED_EDGE('',*,*,#667,.F.);
#350=ORIENTED_EDGE('',*,*,#668,.F.);
#351=ORIENTED_EDGE('',*,*,#669,.T.);
#352=ORIENTED_EDGE('',*,*,#670,.F.);
#353=ORIENTED_EDGE('',*,*,#671,.T.);
#354=ORIENTED_EDGE('',*,*,#660,.F.);
#355=ORIENTED_EDGE('',*,*,#672,.F.);
#356=ORIENTED_EDGE('',*,*,#654,.F.);
#357=ORIENTED_EDGE('',*,*,#673,.F.);
#358=ORIENTED_EDGE('',*,*,#674,.F.);
#359=ORIENTED_EDGE('',*,*,#675,.F.);
#360=ORIENTED_EDGE('',*,*,#676,.F.);
#361=ORIENTED_EDGE('',*,*,#677,.F.);
#362=ORIENTED_EDGE('',*,*,#678,.T.);
#363=ORIENTED_EDGE('',*,*,#624,.F.);
#364=ORIENTED_EDGE('',*,*,#679,.F.);
#365=ORIENTED_EDGE('',*,*,#594,.T.);
#366=ORIENTED_EDGE('',*,*,#680,.T.);
#367=ORIENTED_EDGE('',*,*,#625,.F.);
#368=ORIENTED_EDGE('',*,*,#678,.F.);
#369=ORIENTED_EDGE('',*,*,#599,.T.);
#370=ORIENTED_EDGE('',*,*,#681,.T.);
#371=ORIENTED_EDGE('',*,*,#626,.F.);
#372=ORIENTED_EDGE('',*,*,#680,.F.);
#373=ORIENTED_EDGE('',*,*,#598,.T.);
#374=ORIENTED_EDGE('',*,*,#682,.T.);
#375=ORIENTED_EDGE('',*,*,#627,.F.);
#376=ORIENTED_EDGE('',*,*,#681,.F.);
#377=ORIENTED_EDGE('',*,*,#597,.T.);
#378=ORIENTED_EDGE('',*,*,#683,.T.);
#379=ORIENTED_EDGE('',*,*,#628,.F.);
#380=ORIENTED_EDGE('',*,*,#682,.F.);
#381=ORIENTED_EDGE('',*,*,#596,.T.);
#382=ORIENTED_EDGE('',*,*,#593,.F.);
#383=ORIENTED_EDGE('',*,*,#684,.T.);
#384=ORIENTED_EDGE('',*,*,#685,.T.);
#385=ORIENTED_EDGE('',*,*,#675,.T.);
#386=ORIENTED_EDGE('',*,*,#686,.F.);
#387=ORIENTED_EDGE('',*,*,#687,.T.);
#388=ORIENTED_EDGE('',*,*,#688,.T.);
#389=ORIENTED_EDGE('',*,*,#677,.T.);
#390=ORIENTED_EDGE('',*,*,#689,.F.);
#391=ORIENTED_EDGE('',*,*,#690,.T.);
#392=ORIENTED_EDGE('',*,*,#648,.T.);
#393=ORIENTED_EDGE('',*,*,#691,.T.);
#394=ORIENTED_EDGE('',*,*,#642,.F.);
#395=ORIENTED_EDGE('',*,*,#692,.T.);
#396=ORIENTED_EDGE('',*,*,#693,.T.);
#397=ORIENTED_EDGE('',*,*,#694,.T.);
#398=ORIENTED_EDGE('',*,*,#695,.F.);
#399=ORIENTED_EDGE('',*,*,#696,.T.);
#400=ORIENTED_EDGE('',*,*,#661,.T.);
#401=ORIENTED_EDGE('',*,*,#672,.T.);
#402=ORIENTED_EDGE('',*,*,#697,.T.);
#403=ORIENTED_EDGE('',*,*,#698,.T.);
#404=ORIENTED_EDGE('',*,*,#673,.T.);
#405=ORIENTED_EDGE('',*,*,#653,.F.);
#406=ORIENTED_EDGE('',*,*,#699,.T.);
#407=ORIENTED_EDGE('',*,*,#700,.T.);
#408=ORIENTED_EDGE('',*,*,#679,.T.);
#409=ORIENTED_EDGE('',*,*,#623,.F.);
#410=ORIENTED_EDGE('',*,*,#683,.F.);
#411=ORIENTED_EDGE('',*,*,#595,.T.);
#412=ORIENTED_EDGE('',*,*,#609,.T.);
#413=ORIENTED_EDGE('',*,*,#701,.F.);
#414=ORIENTED_EDGE('',*,*,#636,.F.);
#415=ORIENTED_EDGE('',*,*,#702,.T.);
#416=ORIENTED_EDGE('',*,*,#703,.T.);
#417=ORIENTED_EDGE('',*,*,#704,.T.);
#418=ORIENTED_EDGE('',*,*,#637,.F.);
#419=ORIENTED_EDGE('',*,*,#701,.T.);
#420=ORIENTED_EDGE('',*,*,#614,.T.);
#421=ORIENTED_EDGE('',*,*,#705,.F.);
#422=ORIENTED_EDGE('',*,*,#631,.F.);
#423=ORIENTED_EDGE('',*,*,#706,.F.);
#424=ORIENTED_EDGE('',*,*,#613,.T.);
#425=ORIENTED_EDGE('',*,*,#707,.F.);
#426=ORIENTED_EDGE('',*,*,#632,.F.);
#427=ORIENTED_EDGE('',*,*,#705,.T.);
#428=ORIENTED_EDGE('',*,*,#612,.T.);
#429=ORIENTED_EDGE('',*,*,#708,.F.);
#430=ORIENTED_EDGE('',*,*,#633,.F.);
#431=ORIENTED_EDGE('',*,*,#707,.T.);
#432=ORIENTED_EDGE('',*,*,#611,.T.);
#433=ORIENTED_EDGE('',*,*,#709,.F.);
#434=ORIENTED_EDGE('',*,*,#634,.F.);
#435=ORIENTED_EDGE('',*,*,#708,.T.);
#436=ORIENTED_EDGE('',*,*,#610,.T.);
#437=ORIENTED_EDGE('',*,*,#702,.F.);
#438=ORIENTED_EDGE('',*,*,#635,.F.);
#439=ORIENTED_EDGE('',*,*,#709,.T.);
#440=ORIENTED_EDGE('',*,*,#608,.T.);
#441=ORIENTED_EDGE('',*,*,#710,.T.);
#442=ORIENTED_EDGE('',*,*,#664,.T.);
#443=ORIENTED_EDGE('',*,*,#711,.T.);
#444=ORIENTED_EDGE('',*,*,#684,.F.);
#445=ORIENTED_EDGE('',*,*,#712,.F.);
#446=ORIENTED_EDGE('',*,*,#713,.F.);
#447=ORIENTED_EDGE('',*,*,#670,.T.);
#448=ORIENTED_EDGE('',*,*,#714,.F.);
#449=ORIENTED_EDGE('',*,*,#698,.F.);
#450=ORIENTED_EDGE('',*,*,#715,.T.);
#451=ORIENTED_EDGE('',*,*,#668,.T.);
#452=ORIENTED_EDGE('',*,*,#716,.F.);
#453=ORIENTED_EDGE('',*,*,#717,.F.);
#454=ORIENTED_EDGE('',*,*,#694,.F.);
#455=ORIENTED_EDGE('',*,*,#718,.T.);
#456=ORIENTED_EDGE('',*,*,#666,.T.);
#457=ORIENTED_EDGE('',*,*,#719,.T.);
#458=ORIENTED_EDGE('',*,*,#691,.F.);
#459=ORIENTED_EDGE('',*,*,#647,.F.);
#460=ORIENTED_EDGE('',*,*,#720,.F.);
#461=ORIENTED_EDGE('',*,*,#710,.F.);
#462=ORIENTED_EDGE('',*,*,#685,.F.);
#463=ORIENTED_EDGE('',*,*,#721,.T.);
#464=ORIENTED_EDGE('',*,*,#722,.F.);
#465=ORIENTED_EDGE('',*,*,#717,.T.);
#466=ORIENTED_EDGE('',*,*,#723,.T.);
#467=ORIENTED_EDGE('',*,*,#724,.F.);
#468=ORIENTED_EDGE('',*,*,#725,.F.);
#469=ORIENTED_EDGE('',*,*,#695,.T.);
#470=ORIENTED_EDGE('',*,*,#726,.F.);
#471=ORIENTED_EDGE('',*,*,#727,.F.);
#472=ORIENTED_EDGE('',*,*,#728,.T.);
#473=ORIENTED_EDGE('',*,*,#724,.T.);
#474=ORIENTED_EDGE('',*,*,#727,.T.);
#475=ORIENTED_EDGE('',*,*,#729,.T.);
#476=ORIENTED_EDGE('',*,*,#693,.F.);
#477=ORIENTED_EDGE('',*,*,#730,.F.);
#478=ORIENTED_EDGE('',*,*,#676,.T.);
#479=ORIENTED_EDGE('',*,*,#688,.F.);
#480=ORIENTED_EDGE('',*,*,#731,.F.);
#481=ORIENTED_EDGE('',*,*,#689,.T.);
#482=ORIENTED_EDGE('',*,*,#722,.T.);
#483=ORIENTED_EDGE('',*,*,#732,.T.);
#484=ORIENTED_EDGE('',*,*,#733,.F.);
#485=ORIENTED_EDGE('',*,*,#734,.F.);
#486=ORIENTED_EDGE('',*,*,#686,.T.);
#487=ORIENTED_EDGE('',*,*,#674,.T.);
#488=ORIENTED_EDGE('',*,*,#735,.F.);
#489=ORIENTED_EDGE('',*,*,#736,.F.);
#490=ORIENTED_EDGE('',*,*,#737,.T.);
#491=ORIENTED_EDGE('',*,*,#733,.T.);
#492=ORIENTED_EDGE('',*,*,#736,.T.);
#493=ORIENTED_EDGE('',*,*,#738,.T.);
#494=ORIENTED_EDGE('',*,*,#712,.T.);
#495=ORIENTED_EDGE('',*,*,#700,.F.);
#496=ORIENTED_EDGE('',*,*,#739,.F.);
#497=ORIENTED_EDGE('',*,*,#725,.T.);
#498=ORIENTED_EDGE('',*,*,#728,.F.);
#499=ORIENTED_EDGE('',*,*,#730,.T.);
#500=ORIENTED_EDGE('',*,*,#692,.F.);
#501=ORIENTED_EDGE('',*,*,#641,.T.);
#502=ORIENTED_EDGE('',*,*,#645,.F.);
#503=ORIENTED_EDGE('',*,*,#649,.T.);
#504=ORIENTED_EDGE('',*,*,#690,.F.);
#505=ORIENTED_EDGE('',*,*,#731,.T.);
#506=ORIENTED_EDGE('',*,*,#687,.F.);
#507=ORIENTED_EDGE('',*,*,#734,.T.);
#508=ORIENTED_EDGE('',*,*,#737,.F.);
#509=ORIENTED_EDGE('',*,*,#739,.T.);
#510=ORIENTED_EDGE('',*,*,#699,.F.);
#511=ORIENTED_EDGE('',*,*,#652,.T.);
#512=ORIENTED_EDGE('',*,*,#657,.F.);
#513=ORIENTED_EDGE('',*,*,#662,.T.);
#514=ORIENTED_EDGE('',*,*,#696,.F.);
#515=ORIENTED_EDGE('',*,*,#671,.F.);
#516=ORIENTED_EDGE('',*,*,#659,.F.);
#517=ORIENTED_EDGE('',*,*,#740,.T.);
#518=ORIENTED_EDGE('',*,*,#697,.F.);
#519=ORIENTED_EDGE('',*,*,#639,.T.);
#520=ORIENTED_EDGE('',*,*,#719,.F.);
#521=ORIENTED_EDGE('',*,*,#665,.F.);
#522=ORIENTED_EDGE('',*,*,#720,.T.);
#523=ORIENTED_EDGE('',*,*,#646,.T.);
#524=ORIENTED_EDGE('',*,*,#643,.F.);
#525=ORIENTED_EDGE('',*,*,#650,.T.);
#526=ORIENTED_EDGE('',*,*,#714,.T.);
#527=ORIENTED_EDGE('',*,*,#669,.F.);
#528=ORIENTED_EDGE('',*,*,#715,.F.);
#529=ORIENTED_EDGE('',*,*,#740,.F.);
#530=ORIENTED_EDGE('',*,*,#658,.T.);
#531=ORIENTED_EDGE('',*,*,#655,.F.);
#532=ORIENTED_EDGE('',*,*,#663,.T.);
#533=ORIENTED_EDGE('',*,*,#713,.T.);
#534=ORIENTED_EDGE('',*,*,#738,.F.);
#535=ORIENTED_EDGE('',*,*,#735,.T.);
#536=ORIENTED_EDGE('',*,*,#732,.F.);
#537=ORIENTED_EDGE('',*,*,#721,.F.);
#538=ORIENTED_EDGE('',*,*,#711,.F.);
#539=ORIENTED_EDGE('',*,*,#667,.T.);
#540=ORIENTED_EDGE('',*,*,#718,.F.);
#541=ORIENTED_EDGE('',*,*,#729,.F.);
#542=ORIENTED_EDGE('',*,*,#726,.T.);
#543=ORIENTED_EDGE('',*,*,#723,.F.);
#544=ORIENTED_EDGE('',*,*,#716,.T.);
#545=ORIENTED_EDGE('',*,*,#704,.F.);
#546=ORIENTED_EDGE('',*,*,#741,.F.);
#547=ORIENTED_EDGE('',*,*,#742,.T.);
#548=ORIENTED_EDGE('',*,*,#638,.T.);
#549=ORIENTED_EDGE('',*,*,#703,.F.);
#550=ORIENTED_EDGE('',*,*,#743,.F.);
#551=ORIENTED_EDGE('',*,*,#744,.T.);
#552=ORIENTED_EDGE('',*,*,#741,.T.);
#553=ORIENTED_EDGE('',*,*,#706,.T.);
#554=ORIENTED_EDGE('',*,*,#630,.F.);
#555=ORIENTED_EDGE('',*,*,#745,.F.);
#556=ORIENTED_EDGE('',*,*,#743,.T.);
#557=ORIENTED_EDGE('',*,*,#742,.F.);
#558=ORIENTED_EDGE('',*,*,#744,.F.);
#559=ORIENTED_EDGE('',*,*,#745,.T.);
#560=ORIENTED_EDGE('',*,*,#629,.F.);
#561=ORIENTED_EDGE('',*,*,#746,.T.);
#562=ORIENTED_EDGE('',*,*,#600,.F.);
#563=ORIENTED_EDGE('',*,*,#747,.F.);
#564=ORIENTED_EDGE('',*,*,#616,.F.);
#565=ORIENTED_EDGE('',*,*,#747,.T.);
#566=ORIENTED_EDGE('',*,*,#607,.F.);
#567=ORIENTED_EDGE('',*,*,#748,.F.);
#568=ORIENTED_EDGE('',*,*,#617,.F.);
#569=ORIENTED_EDGE('',*,*,#618,.T.);
#570=ORIENTED_EDGE('',*,*,#748,.T.);
#571=ORIENTED_EDGE('',*,*,#606,.T.);
#572=ORIENTED_EDGE('',*,*,#749,.F.);
#573=ORIENTED_EDGE('',*,*,#619,.T.);
#574=ORIENTED_EDGE('',*,*,#749,.T.);
#575=ORIENTED_EDGE('',*,*,#605,.T.);
#576=ORIENTED_EDGE('',*,*,#750,.F.);
#577=ORIENTED_EDGE('',*,*,#620,.T.);
#578=ORIENTED_EDGE('',*,*,#750,.T.);
#579=ORIENTED_EDGE('',*,*,#604,.T.);
#580=ORIENTED_EDGE('',*,*,#751,.F.);
#581=ORIENTED_EDGE('',*,*,#621,.T.);
#582=ORIENTED_EDGE('',*,*,#751,.T.);
#583=ORIENTED_EDGE('',*,*,#603,.T.);
#584=ORIENTED_EDGE('',*,*,#752,.F.);
#585=ORIENTED_EDGE('',*,*,#752,.T.);
#586=ORIENTED_EDGE('',*,*,#602,.F.);
#587=ORIENTED_EDGE('',*,*,#753,.F.);
#588=ORIENTED_EDGE('',*,*,#622,.F.);
#589=ORIENTED_EDGE('',*,*,#753,.T.);
#590=ORIENTED_EDGE('',*,*,#601,.F.);
#591=ORIENTED_EDGE('',*,*,#746,.F.);
#592=ORIENTED_EDGE('',*,*,#615,.F.);
#593=EDGE_CURVE('',#754,#754,#860,.T.);
#594=EDGE_CURVE('',#755,#756,#71,.T.);
#595=EDGE_CURVE('',#757,#755,#72,.T.);
#596=EDGE_CURVE('',#758,#757,#73,.T.);
#597=EDGE_CURVE('',#759,#758,#74,.T.);
#598=EDGE_CURVE('',#760,#759,#75,.T.);
#599=EDGE_CURVE('',#756,#760,#76,.T.);
#600=EDGE_CURVE('',#761,#762,#77,.T.);
#601=EDGE_CURVE('',#762,#763,#78,.T.);
#602=EDGE_CURVE('',#763,#764,#79,.T.);
#603=EDGE_CURVE('',#765,#764,#80,.T.);
#604=EDGE_CURVE('',#766,#765,#81,.T.);
#605=EDGE_CURVE('',#767,#766,#82,.T.);
#606=EDGE_CURVE('',#768,#767,#83,.T.);
#607=EDGE_CURVE('',#768,#761,#84,.T.);
#608=EDGE_CURVE('',#769,#769,#861,.T.);
#609=EDGE_CURVE('',#770,#771,#85,.T.);
#610=EDGE_CURVE('',#772,#770,#86,.T.);
#611=EDGE_CURVE('',#773,#772,#87,.T.);
#612=EDGE_CURVE('',#774,#773,#88,.T.);
#613=EDGE_CURVE('',#775,#774,#89,.T.);
#614=EDGE_CURVE('',#771,#775,#90,.T.);
#615=EDGE_CURVE('',#776,#777,#91,.T.);
#616=EDGE_CURVE('',#777,#778,#92,.T.);
#617=EDGE_CURVE('',#778,#779,#93,.T.);
#618=EDGE_CURVE('',#780,#779,#94,.T.);
#619=EDGE_CURVE('',#781,#780,#95,.T.);
#620=EDGE_CURVE('',#782,#781,#96,.T.);
#621=EDGE_CURVE('',#783,#782,#97,.T.);
#622=EDGE_CURVE('',#783,#776,#98,.T.);
#623=EDGE_CURVE('',#784,#785,#99,.T.);
#624=EDGE_CURVE('',#785,#786,#100,.T.);
#625=EDGE_CURVE('',#786,#787,#101,.T.);
#626=EDGE_CURVE('',#787,#788,#102,.T.);
#627=EDGE_CURVE('',#788,#789,#103,.T.);
#628=EDGE_CURVE('',#789,#784,#104,.T.);
#629=EDGE_CURVE('',#790,#791,#105,.T.);
#630=EDGE_CURVE('',#791,#792,#106,.T.);
#631=EDGE_CURVE('',#792,#793,#107,.T.);
#632=EDGE_CURVE('',#793,#794,#108,.T.);
#633=EDGE_CURVE('',#794,#795,#109,.T.);
#634=EDGE_CURVE('',#795,#796,#110,.T.);
#635=EDGE_CURVE('',#796,#797,#111,.T.);
#636=EDGE_CURVE('',#797,#798,#112,.T.);
#637=EDGE_CURVE('',#798,#799,#113,.T.);
#638=EDGE_CURVE('',#790,#799,#114,.T.);
#639=EDGE_CURVE('',#800,#801,#18,.T.);
#640=EDGE_CURVE('',#802,#800,#115,.T.);
#641=EDGE_CURVE('',#803,#802,#19,.T.);
#642=EDGE_CURVE('',#803,#801,#116,.T.);
#643=EDGE_CURVE('',#800,#804,#20,.T.);
#644=EDGE_CURVE('',#805,#804,#117,.T.);
#645=EDGE_CURVE('',#805,#802,#862,.T.);
#646=EDGE_CURVE('',#806,#804,#21,.T.);
#647=EDGE_CURVE('',#806,#807,#22,.T.);
#648=EDGE_CURVE('',#808,#807,#118,.T.);
#649=EDGE_CURVE('',#805,#808,#23,.T.);
#650=EDGE_CURVE('',#809,#810,#24,.T.);
#651=EDGE_CURVE('',#811,#809,#119,.T.);
#652=EDGE_CURVE('',#812,#811,#25,.T.);
#653=EDGE_CURVE('',#812,#813,#120,.T.);
#654=EDGE_CURVE('',#813,#810,#26,.T.);
#655=EDGE_CURVE('',#809,#814,#27,.T.);
#656=EDGE_CURVE('',#815,#814,#121,.T.);
#657=EDGE_CURVE('',#815,#811,#863,.T.);
#658=EDGE_CURVE('',#816,#814,#28,.T.);
#659=EDGE_CURVE('',#816,#817,#29,.T.);
#660=EDGE_CURVE('',#817,#818,#30,.T.);
#661=EDGE_CURVE('',#819,#818,#122,.T.);
#662=EDGE_CURVE('',#815,#819,#31,.T.);
#663=EDGE_CURVE('',#820,#821,#32,.T.);
#664=EDGE_CURVE('',#822,#820,#33,.T.);
#665=EDGE_CURVE('',#822,#823,#34,.T.);
#666=EDGE_CURVE('',#824,#823,#35,.T.);
#667=EDGE_CURVE('',#825,#824,#36,.T.);
#668=EDGE_CURVE('',#826,#825,#37,.T.);
#669=EDGE_CURVE('',#826,#827,#38,.T.);
#670=EDGE_CURVE('',#821,#827,#39,.T.);
#671=EDGE_CURVE('',#828,#828,#40,.T.);
#672=EDGE_CURVE('',#818,#817,#864,.T.);
#673=EDGE_CURVE('',#810,#813,#865,.T.);
#674=EDGE_CURVE('',#829,#830,#41,.T.);
#675=EDGE_CURVE('',#830,#829,#866,.T.);
#676=EDGE_CURVE('',#831,#832,#42,.T.);
#677=EDGE_CURVE('',#832,#831,#867,.T.);
#678=EDGE_CURVE('',#756,#786,#123,.T.);
#679=EDGE_CURVE('',#755,#785,#124,.T.);
#680=EDGE_CURVE('',#760,#787,#125,.T.);
#681=EDGE_CURVE('',#759,#788,#126,.T.);
#682=EDGE_CURVE('',#758,#789,#127,.T.);
#683=EDGE_CURVE('',#757,#784,#128,.T.);
#684=EDGE_CURVE('',#833,#834,#868,.T.);
#685=EDGE_CURVE('',#834,#830,#869,.T.);
#686=EDGE_CURVE('',#835,#829,#129,.T.);
#687=EDGE_CURVE('',#835,#836,#870,.T.);
#688=EDGE_CURVE('',#836,#832,#130,.T.);
#689=EDGE_CURVE('',#837,#831,#131,.T.);
#690=EDGE_CURVE('',#837,#808,#871,.T.);
#691=EDGE_CURVE('',#807,#801,#872,.T.);
#692=EDGE_CURVE('',#803,#838,#873,.T.);
#693=EDGE_CURVE('',#838,#839,#132,.T.);
#694=EDGE_CURVE('',#839,#840,#874,.T.);
#695=EDGE_CURVE('',#841,#840,#133,.T.);
#696=EDGE_CURVE('',#841,#819,#875,.T.);
#697=EDGE_CURVE('',#817,#842,#876,.T.);
#698=EDGE_CURVE('',#842,#810,#877,.T.);
#699=EDGE_CURVE('',#812,#843,#878,.T.);
#700=EDGE_CURVE('',#843,#833,#134,.T.);
#701=EDGE_CURVE('',#798,#771,#135,.T.);
#702=EDGE_CURVE('',#797,#770,#136,.T.);
#703=EDGE_CURVE('',#844,#845,#137,.T.);
#704=EDGE_CURVE('',#845,#799,#138,.T.);
#705=EDGE_CURVE('',#793,#775,#139,.T.);
#706=EDGE_CURVE('',#844,#792,#140,.T.);
#707=EDGE_CURVE('',#794,#774,#141,.T.);
#708=EDGE_CURVE('',#795,#773,#142,.T.);
#709=EDGE_CURVE('',#796,#772,#143,.T.);
#710=EDGE_CURVE('',#846,#846,#879,.T.);
#711=EDGE_CURVE('',#820,#834,#144,.T.);
#712=EDGE_CURVE('',#847,#833,#43,.T.);
#713=EDGE_CURVE('',#821,#847,#145,.T.);
#714=EDGE_CURVE('',#810,#827,#146,.T.);
#715=EDGE_CURVE('',#842,#826,#147,.T.);
#716=EDGE_CURVE('',#848,#825,#148,.T.);
#717=EDGE_CURVE('',#840,#848,#44,.T.);
#718=EDGE_CURVE('',#839,#824,#149,.T.);
#719=EDGE_CURVE('',#823,#801,#150,.T.);
#720=EDGE_CURVE('',#822,#806,#151,.T.);
#721=EDGE_CURVE('',#834,#849,#152,.T.);
#722=EDGE_CURVE('',#830,#849,#45,.T.);
#723=EDGE_CURVE('',#848,#850,#46,.T.);
#724=EDGE_CURVE('',#851,#850,#153,.T.);
#725=EDGE_CURVE('',#841,#851,#47,.T.);
#726=EDGE_CURVE('',#852,#850,#48,.T.);
#727=EDGE_CURVE('',#853,#852,#154,.T.);
#728=EDGE_CURVE('',#853,#851,#880,.T.);
#729=EDGE_CURVE('',#852,#839,#49,.T.);
#730=EDGE_CURVE('',#853,#838,#50,.T.);
#731=EDGE_CURVE('',#837,#836,#51,.T.);
#732=EDGE_CURVE('',#849,#854,#52,.T.);
#733=EDGE_CURVE('',#855,#854,#155,.T.);
#734=EDGE_CURVE('',#835,#855,#53,.T.);
#735=EDGE_CURVE('',#856,#854,#54,.T.);
#736=EDGE_CURVE('',#857,#856,#156,.T.);
#737=EDGE_CURVE('',#857,#855,#881,.T.);
#738=EDGE_CURVE('',#856,#847,#55,.T.);
#739=EDGE_CURVE('',#857,#843,#56,.T.);
#740=EDGE_CURVE('',#816,#842,#157,.T.);
#741=EDGE_CURVE('',#858,#845,#158,.T.);
#742=EDGE_CURVE('',#858,#790,#159,.T.);
#743=EDGE_CURVE('',#859,#844,#160,.T.);
#744=EDGE_CURVE('',#859,#858,#161,.T.);
#745=EDGE_CURVE('',#859,#791,#162,.T.);
#746=EDGE_CURVE('',#777,#762,#163,.T.);
#747=EDGE_CURVE('',#778,#761,#164,.T.);
#748=EDGE_CURVE('',#779,#768,#165,.T.);
#749=EDGE_CURVE('',#780,#767,#166,.T.);
#750=EDGE_CURVE('',#781,#766,#167,.T.);
#751=EDGE_CURVE('',#782,#765,#168,.T.);
#752=EDGE_CURVE('',#783,#764,#169,.T.);
#753=EDGE_CURVE('',#776,#763,#170,.T.);
#754=VERTEX_POINT('',#1409);
#755=VERTEX_POINT('',#1411);
#756=VERTEX_POINT('',#1412);
#757=VERTEX_POINT('',#1414);
#758=VERTEX_POINT('',#1416);
#759=VERTEX_POINT('',#1418);
#760=VERTEX_POINT('',#1420);
#761=VERTEX_POINT('',#1423);
#762=VERTEX_POINT('',#1424);
#763=VERTEX_POINT('',#1426);
#764=VERTEX_POINT('',#1428);
#765=VERTEX_POINT('',#1430);
#766=VERTEX_POINT('',#1432);
#767=VERTEX_POINT('',#1434);
#768=VERTEX_POINT('',#1436);
#769=VERTEX_POINT('',#1440);
#770=VERTEX_POINT('',#1442);
#771=VERTEX_POINT('',#1443);
#772=VERTEX_POINT('',#1445);
#773=VERTEX_POINT('',#1447);
#774=VERTEX_POINT('',#1449);
#775=VERTEX_POINT('',#1451);
#776=VERTEX_POINT('',#1454);
#777=VERTEX_POINT('',#1455);
#778=VERTEX_POINT('',#1457);
#779=VERTEX_POINT('',#1459);
#780=VERTEX_POINT('',#1461);
#781=VERTEX_POINT('',#1463);
#782=VERTEX_POINT('',#1465);
#783=VERTEX_POINT('',#1467);
#784=VERTEX_POINT('',#1471);
#785=VERTEX_POINT('',#1472);
#786=VERTEX_POINT('',#1474);
#787=VERTEX_POINT('',#1476);
#788=VERTEX_POINT('',#1478);
#789=VERTEX_POINT('',#1480);
#790=VERTEX_POINT('',#1483);
#791=VERTEX_POINT('',#1484);
#792=VERTEX_POINT('',#1486);
#793=VERTEX_POINT('',#1488);
#794=VERTEX_POINT('',#1490);
#795=VERTEX_POINT('',#1492);
#796=VERTEX_POINT('',#1494);
#797=VERTEX_POINT('',#1496);
#798=VERTEX_POINT('',#1498);
#799=VERTEX_POINT('',#1500);
#800=VERTEX_POINT('',#1518);
#801=VERTEX_POINT('',#1519);
#802=VERTEX_POINT('',#1521);
#803=VERTEX_POINT('',#1533);
#804=VERTEX_POINT('',#1540);
#805=VERTEX_POINT('',#1542);
#806=VERTEX_POINT('',#1569);
#807=VERTEX_POINT('',#1582);
#808=VERTEX_POINT('',#1584);
#809=VERTEX_POINT('',#1625);
#810=VERTEX_POINT('',#1626);
#811=VERTEX_POINT('',#1628);
#812=VERTEX_POINT('',#1641);
#813=VERTEX_POINT('',#1643);
#814=VERTEX_POINT('',#1661);
#815=VERTEX_POINT('',#1663);
#816=VERTEX_POINT('',#1691);
#817=VERTEX_POINT('',#1706);
#818=VERTEX_POINT('',#1721);
#819=VERTEX_POINT('',#1723);
#820=VERTEX_POINT('',#2694);
#821=VERTEX_POINT('',#2695);
#822=VERTEX_POINT('',#3168);
#823=VERTEX_POINT('',#3182);
#824=VERTEX_POINT('',#3655);
#825=VERTEX_POINT('',#3668);
#826=VERTEX_POINT('',#4141);
#827=VERTEX_POINT('',#4154);
#828=VERTEX_POINT('',#5099);
#829=VERTEX_POINT('',#5117);
#830=VERTEX_POINT('',#5118);
#831=VERTEX_POINT('',#5133);
#832=VERTEX_POINT('',#5134);
#833=VERTEX_POINT('',#5149);
#834=VERTEX_POINT('',#5150);
#835=VERTEX_POINT('',#5153);
#836=VERTEX_POINT('',#5155);
#837=VERTEX_POINT('',#5158);
#838=VERTEX_POINT('',#5162);
#839=VERTEX_POINT('',#5164);
#840=VERTEX_POINT('',#5166);
#841=VERTEX_POINT('',#5168);
#842=VERTEX_POINT('',#5171);
#843=VERTEX_POINT('',#5174);
#844=VERTEX_POINT('',#5182);
#845=VERTEX_POINT('',#5183);
#846=VERTEX_POINT('',#5196);
#847=VERTEX_POINT('',#5211);
#848=VERTEX_POINT('',#5216);
#849=VERTEX_POINT('',#5236);
#850=VERTEX_POINT('',#5277);
#851=VERTEX_POINT('',#5279);
#852=VERTEX_POINT('',#5299);
#853=VERTEX_POINT('',#5301);
#854=VERTEX_POINT('',#5378);
#855=VERTEX_POINT('',#5380);
#856=VERTEX_POINT('',#5398);
#857=VERTEX_POINT('',#5400);
#858=VERTEX_POINT('',#5483);
#859=VERTEX_POINT('',#5487);
#860=CIRCLE('',#1116,0.032875);
#861=CIRCLE('',#1118,0.035375);
#862=CIRCLE('',#1121,0.0288749999898688);
#863=CIRCLE('',#1123,0.0288750000000154);
#864=CIRCLE('',#1125,0.032875);
#865=CIRCLE('',#1127,0.032875);
#866=CIRCLE('',#1129,0.032875);
#867=CIRCLE('',#1131,0.032875);
#868=CIRCLE('',#1138,0.032875);
#869=CIRCLE('',#1139,0.032875);
#870=CIRCLE('',#1140,0.032875);
#871=CIRCLE('',#1141,0.032875);
#872=CIRCLE('',#1142,0.032875);
#873=CIRCLE('',#1143,0.032875);
#874=CIRCLE('',#1144,0.032875);
#875=CIRCLE('',#1145,0.032875);
#876=CIRCLE('',#1146,0.032875);
#877=CIRCLE('',#1147,0.032875);
#878=CIRCLE('',#1148,0.032875);
#879=CIRCLE('',#1157,0.035375);
#880=CIRCLE('',#1161,0.0288749999999447);
#881=CIRCLE('',#1163,0.0288749999968327);
#882=EDGE_LOOP('',(#271));
#883=EDGE_LOOP('',(#272,#273,#274,#275,#276,#277));
#884=EDGE_LOOP('',(#278,#279,#280,#281,#282,#283,#284,#285));
#885=EDGE_LOOP('',(#286));
#886=EDGE_LOOP('',(#287,#288,#289,#290,#291,#292));
#887=EDGE_LOOP('',(#293,#294,#295,#296,#297,#298,#299,#300));
#888=EDGE_LOOP('',(#301,#302,#303,#304,#305,#306));
#889=EDGE_LOOP('',(#307,#308,#309,#310,#311,#312,#313,#314,#315,#316));
#890=EDGE_LOOP('',(#317,#318,#319,#320));
#891=EDGE_LOOP('',(#321,#322,#323,#324));
#892=EDGE_LOOP('',(#325,#326,#327,#328,#329));
#893=EDGE_LOOP('',(#330,#331,#332,#333,#334));
#894=EDGE_LOOP('',(#335,#336,#337,#338));
#895=EDGE_LOOP('',(#339,#340,#341,#342,#343,#344));
#896=EDGE_LOOP('',(#345,#346,#347,#348,#349,#350,#351,#352));
#897=EDGE_LOOP('',(#353));
#898=EDGE_LOOP('',(#354,#355));
#899=EDGE_LOOP('',(#356,#357));
#900=EDGE_LOOP('',(#358,#359));
#901=EDGE_LOOP('',(#360,#361));
#902=EDGE_LOOP('',(#362,#363,#364,#365));
#903=EDGE_LOOP('',(#366,#367,#368,#369));
#904=EDGE_LOOP('',(#370,#371,#372,#373));
#905=EDGE_LOOP('',(#374,#375,#376,#377));
#906=EDGE_LOOP('',(#378,#379,#380,#381));
#907=EDGE_LOOP('',(#382));
#908=EDGE_LOOP('',(#383,#384,#385,#386,#387,#388,#389,#390,#391,#392,#393,
#394,#395,#396,#397,#398,#399,#400,#401,#402,#403,#404,#405,#406,#407));
#909=EDGE_LOOP('',(#408,#409,#410,#411));
#910=EDGE_LOOP('',(#412,#413,#414,#415));
#911=EDGE_LOOP('',(#416,#417,#418,#419,#420,#421,#422,#423));
#912=EDGE_LOOP('',(#424,#425,#426,#427));
#913=EDGE_LOOP('',(#428,#429,#430,#431));
#914=EDGE_LOOP('',(#432,#433,#434,#435));
#915=EDGE_LOOP('',(#436,#437,#438,#439));
#916=EDGE_LOOP('',(#440));
#917=EDGE_LOOP('',(#441));
#918=EDGE_LOOP('',(#442,#443,#444,#445,#446,#447,#448,#449,#450,#451,#452,
#453,#454,#455,#456,#457,#458,#459,#460));
#919=EDGE_LOOP('',(#461));
#920=EDGE_LOOP('',(#462,#463,#464));
#921=EDGE_LOOP('',(#465,#466,#467,#468,#469));
#922=EDGE_LOOP('',(#470,#471,#472,#473));
#923=EDGE_LOOP('',(#474,#475,#476,#477));
#924=EDGE_LOOP('',(#478,#479,#480,#481));
#925=EDGE_LOOP('',(#482,#483,#484,#485,#486,#487));
#926=EDGE_LOOP('',(#488,#489,#490,#491));
#927=EDGE_LOOP('',(#492,#493,#494,#495,#496));
#928=EDGE_LOOP('',(#497,#498,#499,#500,#501,#502,#503,#504,#505,#506,#507,
#508,#509,#510,#511,#512,#513,#514));
#929=EDGE_LOOP('',(#515));
#930=EDGE_LOOP('',(#516,#517,#518));
#931=EDGE_LOOP('',(#519,#520,#521,#522,#523,#524));
#932=EDGE_LOOP('',(#525,#526,#527,#528,#529,#530,#531));
#933=EDGE_LOOP('',(#532,#533,#534,#535,#536,#537,#538));
#934=EDGE_LOOP('',(#539,#540,#541,#542,#543,#544));
#935=EDGE_LOOP('',(#545,#546,#547,#548));
#936=EDGE_LOOP('',(#549,#550,#551,#552));
#937=EDGE_LOOP('',(#553,#554,#555,#556));
#938=EDGE_LOOP('',(#557,#558,#559,#560));
#939=EDGE_LOOP('',(#561,#562,#563,#564));
#940=EDGE_LOOP('',(#565,#566,#567,#568));
#941=EDGE_LOOP('',(#569,#570,#571,#572));
#942=EDGE_LOOP('',(#573,#574,#575,#576));
#943=EDGE_LOOP('',(#577,#578,#579,#580));
#944=EDGE_LOOP('',(#581,#582,#583,#584));
#945=EDGE_LOOP('',(#585,#586,#587,#588));
#946=EDGE_LOOP('',(#589,#590,#591,#592));
#947=FACE_BOUND('',#882,.T.);
#948=FACE_BOUND('',#883,.T.);
#949=FACE_BOUND('',#884,.T.);
#950=FACE_BOUND('',#885,.T.);
#951=FACE_BOUND('',#886,.T.);
#952=FACE_BOUND('',#887,.T.);
#953=FACE_BOUND('',#888,.T.);
#954=FACE_BOUND('',#889,.T.);
#955=FACE_BOUND('',#890,.T.);
#956=FACE_BOUND('',#891,.T.);
#957=FACE_BOUND('',#892,.T.);
#958=FACE_BOUND('',#893,.T.);
#959=FACE_BOUND('',#894,.T.);
#960=FACE_BOUND('',#895,.T.);
#961=FACE_BOUND('',#896,.T.);
#962=FACE_BOUND('',#897,.T.);
#963=FACE_BOUND('',#898,.T.);
#964=FACE_BOUND('',#899,.T.);
#965=FACE_BOUND('',#900,.T.);
#966=FACE_BOUND('',#901,.T.);
#967=FACE_BOUND('',#902,.T.);
#968=FACE_BOUND('',#903,.T.);
#969=FACE_BOUND('',#904,.T.);
#970=FACE_BOUND('',#905,.T.);
#971=FACE_BOUND('',#906,.T.);
#972=FACE_BOUND('',#907,.T.);
#973=FACE_BOUND('',#908,.T.);
#974=FACE_BOUND('',#909,.T.);
#975=FACE_BOUND('',#910,.T.);
#976=FACE_BOUND('',#911,.T.);
#977=FACE_BOUND('',#912,.T.);
#978=FACE_BOUND('',#913,.T.);
#979=FACE_BOUND('',#914,.T.);
#980=FACE_BOUND('',#915,.T.);
#981=FACE_BOUND('',#916,.T.);
#982=FACE_BOUND('',#917,.T.);
#983=FACE_BOUND('',#918,.T.);
#984=FACE_BOUND('',#919,.T.);
#985=FACE_BOUND('',#920,.T.);
#986=FACE_BOUND('',#921,.T.);
#987=FACE_BOUND('',#922,.T.);
#988=FACE_BOUND('',#923,.T.);
#989=FACE_BOUND('',#924,.T.);
#990=FACE_BOUND('',#925,.T.);
#991=FACE_BOUND('',#926,.T.);
#992=FACE_BOUND('',#927,.T.);
#993=FACE_BOUND('',#928,.T.);
#994=FACE_BOUND('',#929,.T.);
#995=FACE_BOUND('',#930,.T.);
#996=FACE_BOUND('',#931,.T.);
#997=FACE_BOUND('',#932,.T.);
#998=FACE_BOUND('',#933,.T.);
#999=FACE_BOUND('',#934,.T.);
#1000=FACE_BOUND('',#935,.T.);
#1001=FACE_BOUND('',#936,.T.);
#1002=FACE_BOUND('',#937,.T.);
#1003=FACE_BOUND('',#938,.T.);
#1004=FACE_BOUND('',#939,.T.);
#1005=FACE_BOUND('',#940,.T.);
#1006=FACE_BOUND('',#941,.T.);
#1007=FACE_BOUND('',#942,.T.);
#1008=FACE_BOUND('',#943,.T.);
#1009=FACE_BOUND('',#944,.T.);
#1010=FACE_BOUND('',#945,.T.);
#1011=FACE_BOUND('',#946,.T.);
#1012=PLANE('',#1115);
#1013=PLANE('',#1117);
#1014=PLANE('',#1119);
#1015=PLANE('',#1124);
#1016=PLANE('',#1126);
#1017=PLANE('',#1128);
#1018=PLANE('',#1130);
#1019=PLANE('',#1132);
#1020=PLANE('',#1133);
#1021=PLANE('',#1134);
#1022=PLANE('',#1135);
#1023=PLANE('',#1136);
#1024=PLANE('',#1149);
#1025=PLANE('',#1150);
#1026=PLANE('',#1151);
#1027=PLANE('',#1152);
#1028=PLANE('',#1153);
#1029=PLANE('',#1154);
#1030=PLANE('',#1155);
#1031=PLANE('',#1158);
#1032=PLANE('',#1159);
#1033=PLANE('',#1164);
#1034=PLANE('',#1165);
#1035=PLANE('',#1166);
#1036=PLANE('',#1167);
#1037=PLANE('',#1168);
#1038=PLANE('',#1169);
#1039=PLANE('',#1170);
#1040=PLANE('',#1171);
#1041=PLANE('',#1172);
#1042=PLANE('',#1173);
#1043=PLANE('',#1174);
#1044=PLANE('',#1175);
#1045=PLANE('',#1176);
#1046=PLANE('',#1177);
#1047=ADVANCED_FACE('',(#947,#948,#949),#1012,.F.);
#1048=ADVANCED_FACE('',(#950,#951,#952),#1013,.T.);
#1049=ADVANCED_FACE('',(#953,#954),#1014,.T.);
#1050=ADVANCED_FACE('',(#955),#57,.F.);
#1051=ADVANCED_FACE('',(#956),#12,.F.);
#1052=ADVANCED_FACE('',(#957),#58,.F.);
#1053=ADVANCED_FACE('',(#958),#59,.F.);
#1054=ADVANCED_FACE('',(#959),#13,.F.);
#1055=ADVANCED_FACE('',(#960),#60,.F.);
#1056=ADVANCED_FACE('',(#961,#962),#61,.T.);
#1057=ADVANCED_FACE('',(#963),#1015,.F.);
#1058=ADVANCED_FACE('',(#964),#1016,.F.);
#1059=ADVANCED_FACE('',(#965),#1017,.F.);
#1060=ADVANCED_FACE('',(#966),#1018,.F.);
#1061=ADVANCED_FACE('',(#967),#1019,.T.);
#1062=ADVANCED_FACE('',(#968),#1020,.T.);
#1063=ADVANCED_FACE('',(#969),#1021,.T.);
#1064=ADVANCED_FACE('',(#970),#1022,.T.);
#1065=ADVANCED_FACE('',(#971),#1023,.T.);
#1066=ADVANCED_FACE('',(#972,#973),#14,.F.);
#1067=ADVANCED_FACE('',(#974),#1024,.T.);
#1068=ADVANCED_FACE('',(#975),#1025,.F.);
#1069=ADVANCED_FACE('',(#976),#1026,.F.);
#1070=ADVANCED_FACE('',(#977),#1027,.F.);
#1071=ADVANCED_FACE('',(#978),#1028,.F.);
#1072=ADVANCED_FACE('',(#979),#1029,.F.);
#1073=ADVANCED_FACE('',(#980),#1030,.F.);
#1074=ADVANCED_FACE('',(#981,#982),#15,.T.);
#1075=ADVANCED_FACE('',(#983,#984),#1031,.F.);
#1076=ADVANCED_FACE('',(#985),#1032,.F.);
#1077=ADVANCED_FACE('',(#986),#62,.F.);
#1078=ADVANCED_FACE('',(#987),#16,.F.);
#1079=ADVANCED_FACE('',(#988),#63,.F.);
#1080=ADVANCED_FACE('',(#989),#64,.F.);
#1081=ADVANCED_FACE('',(#990),#65,.F.);
#1082=ADVANCED_FACE('',(#991),#17,.F.);
#1083=ADVANCED_FACE('',(#992),#66,.F.);
#1084=ADVANCED_FACE('',(#993,#994),#1033,.T.);
#1085=ADVANCED_FACE('',(#995),#1034,.F.);
#1086=ADVANCED_FACE('',(#996),#67,.T.);
#1087=ADVANCED_FACE('',(#997),#68,.T.);
#1088=ADVANCED_FACE('',(#998),#69,.F.);
#1089=ADVANCED_FACE('',(#999),#70,.F.);
#1090=ADVANCED_FACE('',(#1000),#1035,.T.);
#1091=ADVANCED_FACE('',(#1001),#1036,.T.);
#1092=ADVANCED_FACE('',(#1002),#1037,.F.);
#1093=ADVANCED_FACE('',(#1003),#1038,.T.);
#1094=ADVANCED_FACE('',(#1004),#1039,.T.);
#1095=ADVANCED_FACE('',(#1005),#1040,.T.);
#1096=ADVANCED_FACE('',(#1006),#1041,.F.);
#1097=ADVANCED_FACE('',(#1007),#1042,.F.);
#1098=ADVANCED_FACE('',(#1008),#1043,.F.);
#1099=ADVANCED_FACE('',(#1009),#1044,.F.);
#1100=ADVANCED_FACE('',(#1010),#1045,.T.);
#1101=ADVANCED_FACE('',(#1011),#1046,.T.);
#1102=CLOSED_SHELL('',(#1047,#1048,#1049,#1050,#1051,#1052,#1053,#1054,
#1055,#1056,#1057,#1058,#1059,#1060,#1061,#1062,#1063,#1064,#1065,#1066,
#1067,#1068,#1069,#1070,#1071,#1072,#1073,#1074,#1075,#1076,#1077,#1078,
#1079,#1080,#1081,#1082,#1083,#1084,#1085,#1086,#1087,#1088,#1089,#1090,
#1091,#1092,#1093,#1094,#1095,#1096,#1097,#1098,#1099,#1100,#1101));
#1103=STYLED_ITEM('',(#1104),#1111);
#1104=PRESENTATION_STYLE_ASSIGNMENT((#1105));
#1105=SURFACE_STYLE_USAGE(.BOTH.,#1106);
#1106=SURFACE_SIDE_STYLE('',(#1107));
#1107=SURFACE_STYLE_FILL_AREA(#1108);
#1108=FILL_AREA_STYLE('',(#1109));
#1109=FILL_AREA_STYLE_COLOUR('',#1110);
#1110=COLOUR_RGB('',0.615686274509804,0.811764705882353,0.929411764705882);
#1111=MANIFOLD_SOLID_BREP('Part 1',#1102);
#1112=SHAPE_DEFINITION_REPRESENTATION(#5514,#1113);
#1113=SHAPE_REPRESENTATION('Part 1',(#1114),#5509);
#1114=AXIS2_PLACEMENT_3D('',#1406,#1178,#1179);
#1115=AXIS2_PLACEMENT_3D('',#1407,#1180,#1181);
#1116=AXIS2_PLACEMENT_3D('',#1408,#1182,#1183);
#1117=AXIS2_PLACEMENT_3D('',#1438,#1198,#1199);
#1118=AXIS2_PLACEMENT_3D('',#1439,#1200,#1201);
#1119=AXIS2_PLACEMENT_3D('',#1469,#1216,#1217);
#1120=AXIS2_PLACEMENT_3D('',#1535,#1236,#1237);
#1121=AXIS2_PLACEMENT_3D('',#1543,#1239,#1240);
#1122=AXIS2_PLACEMENT_3D('',#1656,#1244,#1245);
#1123=AXIS2_PLACEMENT_3D('',#1664,#1247,#1248);
#1124=AXIS2_PLACEMENT_3D('',#5100,#1250,#1251);
#1125=AXIS2_PLACEMENT_3D('',#5101,#1252,#1253);
#1126=AXIS2_PLACEMENT_3D('',#5102,#1254,#1255);
#1127=AXIS2_PLACEMENT_3D('',#5103,#1256,#1257);
#1128=AXIS2_PLACEMENT_3D('',#5104,#1258,#1259);
#1129=AXIS2_PLACEMENT_3D('',#5119,#1260,#1261);
#1130=AXIS2_PLACEMENT_3D('',#5120,#1262,#1263);
#1131=AXIS2_PLACEMENT_3D('',#5135,#1264,#1265);
#1132=AXIS2_PLACEMENT_3D('',#5136,#1266,#1267);
#1133=AXIS2_PLACEMENT_3D('',#5139,#1270,#1271);
#1134=AXIS2_PLACEMENT_3D('',#5141,#1273,#1274);
#1135=AXIS2_PLACEMENT_3D('',#5143,#1276,#1277);
#1136=AXIS2_PLACEMENT_3D('',#5145,#1279,#1280);
#1137=AXIS2_PLACEMENT_3D('',#5147,#1282,#1283);
#1138=AXIS2_PLACEMENT_3D('',#5148,#1284,#1285);
#1139=AXIS2_PLACEMENT_3D('',#5151,#1286,#1287);
#1140=AXIS2_PLACEMENT_3D('',#5154,#1289,#1290);
#1141=AXIS2_PLACEMENT_3D('',#5159,#1293,#1294);
#1142=AXIS2_PLACEMENT_3D('',#5160,#1295,#1296);
#1143=AXIS2_PLACEMENT_3D('',#5161,#1297,#1298);
#1144=AXIS2_PLACEMENT_3D('',#5165,#1300,#1301);
#1145=AXIS2_PLACEMENT_3D('',#5169,#1303,#1304);
#1146=AXIS2_PLACEMENT_3D('',#5170,#1305,#1306);
#1147=AXIS2_PLACEMENT_3D('',#5172,#1307,#1308);
#1148=AXIS2_PLACEMENT_3D('',#5173,#1309,#1310);
#1149=AXIS2_PLACEMENT_3D('',#5176,#1312,#1313);
#1150=AXIS2_PLACEMENT_3D('',#5177,#1314,#1315);
#1151=AXIS2_PLACEMENT_3D('',#5180,#1318,#1319);
#1152=AXIS2_PLACEMENT_3D('',#5187,#1324,#1325);
#1153=AXIS2_PLACEMENT_3D('',#5189,#1327,#1328);
#1154=AXIS2_PLACEMENT_3D('',#5191,#1330,#1331);
#1155=AXIS2_PLACEMENT_3D('',#5193,#1333,#1334);
#1156=AXIS2_PLACEMENT_3D('',#5194,#1335,#1336);
#1157=AXIS2_PLACEMENT_3D('',#5195,#1337,#1338);
#1158=AXIS2_PLACEMENT_3D('',#5197,#1339,#1340);
#1159=AXIS2_PLACEMENT_3D('',#5234,#1349,#1350);
#1160=AXIS2_PLACEMENT_3D('',#5294,#1353,#1354);
#1161=AXIS2_PLACEMENT_3D('',#5302,#1356,#1357);
#1162=AXIS2_PLACEMENT_3D('',#5393,#1359,#1360);
#1163=AXIS2_PLACEMENT_3D('',#5401,#1362,#1363);
#1164=AXIS2_PLACEMENT_3D('',#5438,#1364,#1365);
#1165=AXIS2_PLACEMENT_3D('',#5439,#1366,#1367);
#1166=AXIS2_PLACEMENT_3D('',#5481,#1369,#1370);
#1167=AXIS2_PLACEMENT_3D('',#5485,#1373,#1374);
#1168=AXIS2_PLACEMENT_3D('',#5489,#1377,#1378);
#1169=AXIS2_PLACEMENT_3D('',#5491,#1380,#1381);
#1170=AXIS2_PLACEMENT_3D('',#5492,#1382,#1383);
#1171=AXIS2_PLACEMENT_3D('',#5495,#1386,#1387);
#1172=AXIS2_PLACEMENT_3D('',#5497,#1389,#1390);
#1173=AXIS2_PLACEMENT_3D('',#5499,#1392,#1393);
#1174=AXIS2_PLACEMENT_3D('',#5501,#1395,#1396);
#1175=AXIS2_PLACEMENT_3D('',#5503,#1398,#1399);
#1176=AXIS2_PLACEMENT_3D('',#5505,#1401,#1402);
#1177=AXIS2_PLACEMENT_3D('',#5507,#1404,#1405);
#1178=DIRECTION('',(0.,0.,1.));
#1179=DIRECTION('',(1.,0.,0.));
#1180=DIRECTION('',(0.,0.,1.));
#1181=DIRECTION('',(1.,0.,0.));
#1182=DIRECTION('',(0.,0.,1.));
#1183=DIRECTION('',(0.,-1.,0.));
#1184=DIRECTION('',(-0.866025403784439,-0.5,0.));
#1185=DIRECTION('',(-0.866025403784439,0.5,0.));
#1186=DIRECTION('',(2.40370335797945E-16,1.,0.));
#1187=DIRECTION('',(0.866025403784439,0.5,0.));
#1188=DIRECTION('',(0.866025403784439,-0.5,0.));
#1189=DIRECTION('',(0.,-1.,0.));
#1190=DIRECTION('',(-0.707106781186554,0.707106781186541,0.));
#1191=DIRECTION('',(-1.,0.,0.));
#1192=DIRECTION('',(-0.707106781186549,-0.707106781186546,0.));
#1193=DIRECTION('',(0.,1.,0.));
#1194=DIRECTION('',(-0.707106781186548,0.707106781186547,0.));
#1195=DIRECTION('',(-1.,0.,0.));
#1196=DIRECTION('',(-0.707106781186548,-0.707106781186548,0.));
#1197=DIRECTION('',(0.,1.,0.));
#1198=DIRECTION('',(0.,0.,1.));
#1199=DIRECTION('',(1.,0.,0.));
#1200=DIRECTION('',(0.,0.,1.));
#1201=DIRECTION('',(0.,-1.,0.));
#1202=DIRECTION('',(0.866025403784439,0.5,0.));
#1203=DIRECTION('',(0.,1.,0.));
#1204=DIRECTION('',(-0.866025403784439,0.5,0.));
#1205=DIRECTION('',(-0.866025403784439,-0.5,0.));
#1206=DIRECTION('',(-5.46296217722604E-16,-1.,0.));
#1207=DIRECTION('',(0.866025403784439,-0.5,0.));
#1208=DIRECTION('',(1.,0.,0.));
#1209=DIRECTION('',(0.707106781186554,-0.707106781186541,0.));
#1210=DIRECTION('',(0.,-1.,0.));
#1211=DIRECTION('',(0.707106781186548,0.707106781186548,0.));
#1212=DIRECTION('',(1.,0.,0.));
#1213=DIRECTION('',(0.707106781186548,-0.707106781186547,0.));
#1214=DIRECTION('',(0.,-1.,0.));
#1215=DIRECTION('',(0.707106781186549,0.707106781186546,0.));
#1216=DIRECTION('',(0.,0.,1.));
#1217=DIRECTION('',(1.,0.,0.));
#1218=DIRECTION('',(-0.866025403784439,0.5,0.));
#1219=DIRECTION('',(-0.866025403784439,-0.5,0.));
#1220=DIRECTION('',(0.,-1.,0.));
#1221=DIRECTION('',(0.866025403784439,-0.5,0.));
#1222=DIRECTION('',(0.866025403784439,0.5,0.));
#1223=DIRECTION('',(2.40370335797945E-16,1.,0.));
#1224=DIRECTION('',(0.866025403784439,-0.5,0.));
#1225=DIRECTION('',(-0.5,-0.866025403784439,0.));
#1226=DIRECTION('',(0.866025403784439,-0.5,0.));
#1227=DIRECTION('',(-5.46296217722604E-16,-1.,0.));
#1228=DIRECTION('',(-0.866025403784439,-0.5,0.));
#1229=DIRECTION('',(-0.866025403784439,0.5,0.));
#1230=DIRECTION('',(0.,1.,0.));
#1231=DIRECTION('',(0.866025403784439,0.5,0.));
#1232=DIRECTION('',(0.866025403784439,-0.5,0.));
#1233=DIRECTION('',(-0.5,-0.866025403784439,0.));
#1234=DIRECTION('',(0.,0.,-1.));
#1235=DIRECTION('',(0.,0.,-1.));
#1236=DIRECTION('',(0.,0.,-1.));
#1237=DIRECTION('',(0.,1.,0.));
#1238=DIRECTION('',(0.,0.,-1.));
#1239=DIRECTION('',(0.,0.,1.));
#1240=DIRECTION('',(0.,-1.,0.));
#1241=DIRECTION('',(0.,0.,-1.));
#1242=DIRECTION('',(0.,0.,-1.));
#1243=DIRECTION('',(0.,0.,-1.));
#1244=DIRECTION('',(0.,0.,-1.));
#1245=DIRECTION('',(0.,1.,0.));
#1246=DIRECTION('',(0.,0.,-1.));
#1247=DIRECTION('',(0.,0.,1.));
#1248=DIRECTION('',(0.,-1.,0.));
#1249=DIRECTION('',(0.,0.,-1.));
#1250=DIRECTION('',(0.,0.,-1.));
#1251=DIRECTION('',(-1.,0.,0.));
#1252=DIRECTION('',(0.,0.,1.));
#1253=DIRECTION('',(0.,-1.,0.));
#1254=DIRECTION('',(0.,0.,-1.));
#1255=DIRECTION('',(-1.,0.,0.));
#1256=DIRECTION('',(0.,0.,1.));
#1257=DIRECTION('',(0.,-1.,0.));
#1258=DIRECTION('',(0.,0.,-1.));
#1259=DIRECTION('',(-1.,0.,0.));
#1260=DIRECTION('',(0.,0.,1.));
#1261=DIRECTION('',(0.,-1.,0.));
#1262=DIRECTION('',(0.,0.,-1.));
#1263=DIRECTION('',(-1.,0.,0.));
#1264=DIRECTION('',(0.,0.,1.));
#1265=DIRECTION('',(0.,-1.,0.));
#1266=DIRECTION('',(-0.5,0.866025403784439,0.));
#1267=DIRECTION('',(0.866025403784439,0.5,0.));
#1268=DIRECTION('',(0.,0.,1.));
#1269=DIRECTION('',(0.,0.,1.));
#1270=DIRECTION('',(-1.,0.,0.));
#1271=DIRECTION('',(0.,1.,0.));
#1272=DIRECTION('',(0.,0.,1.));
#1273=DIRECTION('',(-0.5,-0.866025403784439,0.));
#1274=DIRECTION('',(-0.866025403784439,0.5,0.));
#1275=DIRECTION('',(0.,0.,1.));
#1276=DIRECTION('',(0.5,-0.866025403784439,0.));
#1277=DIRECTION('',(-0.866025403784439,-0.5,0.));
#1278=DIRECTION('',(0.,0.,1.));
#1279=DIRECTION('',(1.,-2.40370335797945E-16,0.));
#1280=DIRECTION('',(-2.40370335797945E-16,-1.,0.));
#1281=DIRECTION('',(0.,0.,1.));
#1282=DIRECTION('',(0.,0.,1.));
#1283=DIRECTION('',(0.,-1.,0.));
#1284=DIRECTION('',(0.,0.,1.));
#1285=DIRECTION('',(0.,-1.,0.));
#1286=DIRECTION('',(0.,0.,1.));
#1287=DIRECTION('',(0.,-1.,0.));
#1288=DIRECTION('',(0.,0.,-1.));
#1289=DIRECTION('',(0.,0.,1.));
#1290=DIRECTION('',(0.,-1.,0.));
#1291=DIRECTION('',(0.,0.,-1.));
#1292=DIRECTION('',(0.,0.,-1.));
#1293=DIRECTION('',(0.,0.,1.));
#1294=DIRECTION('',(0.,-1.,0.));
#1295=DIRECTION('',(0.,0.,1.));
#1296=DIRECTION('',(0.,-1.,0.));
#1297=DIRECTION('',(0.,0.,1.));
#1298=DIRECTION('',(0.,-1.,0.));
#1299=DIRECTION('',(0.,0.,-1.));
#1300=DIRECTION('',(0.,0.,1.));
#1301=DIRECTION('',(0.,-1.,0.));
#1302=DIRECTION('',(0.,0.,-1.));
#1303=DIRECTION('',(0.,0.,1.));
#1304=DIRECTION('',(0.,-1.,0.));
#1305=DIRECTION('',(0.,0.,1.));
#1306=DIRECTION('',(0.,-1.,0.));
#1307=DIRECTION('',(0.,0.,1.));
#1308=DIRECTION('',(0.,-1.,0.));
#1309=DIRECTION('',(0.,0.,1.));
#1310=DIRECTION('',(0.,-1.,0.));
#1311=DIRECTION('',(0.,0.,-1.));
#1312=DIRECTION('',(0.5,0.866025403784439,0.));
#1313=DIRECTION('',(0.866025403784439,-0.5,0.));
#1314=DIRECTION('',(-0.5,0.866025403784439,0.));
#1315=DIRECTION('',(0.866025403784439,0.5,0.));
#1316=DIRECTION('',(0.,0.,-1.));
#1317=DIRECTION('',(0.,0.,-1.));
#1318=DIRECTION('',(0.5,0.866025403784439,0.));
#1319=DIRECTION('',(0.866025403784439,-0.5,0.));
#1320=DIRECTION('',(-0.866025403784439,0.5,-1.13752359080446E-15));
#1321=DIRECTION('',(-4.81463813523329E-15,2.77973262342758E-15,1.));
#1322=DIRECTION('',(0.,0.,-1.));
#1323=DIRECTION('',(-1.04374568480272E-15,6.02606852086362E-16,1.));
#1324=DIRECTION('',(1.,-5.46296217722603E-16,0.));
#1325=DIRECTION('',(-5.46296217722604E-16,-1.,0.));
#1326=DIRECTION('',(0.,0.,-1.));
#1327=DIRECTION('',(0.5,-0.866025403784439,0.));
#1328=DIRECTION('',(-0.866025403784439,-0.5,0.));
#1329=DIRECTION('',(0.,0.,-1.));
#1330=DIRECTION('',(-0.5,-0.866025403784439,0.));
#1331=DIRECTION('',(-0.866025403784439,0.5,0.));
#1332=DIRECTION('',(0.,0.,-1.));
#1333=DIRECTION('',(-1.,0.,0.));
#1334=DIRECTION('',(0.,1.,0.));
#1335=DIRECTION('',(0.,0.,-1.));
#1336=DIRECTION('',(0.,1.,0.));
#1337=DIRECTION('',(0.,0.,-1.));
#1338=DIRECTION('',(0.,1.,0.));
#1339=DIRECTION('',(0.,0.,-1.));
#1340=DIRECTION('',(-1.,0.,0.));
#1341=DIRECTION('',(0.,1.,0.));
#1342=DIRECTION('',(0.,1.,0.));
#1343=DIRECTION('',(-1.,0.,0.));
#1344=DIRECTION('',(-1.,0.,0.));
#1345=DIRECTION('',(0.,1.,0.));
#1346=DIRECTION('',(0.,1.,0.));
#1347=DIRECTION('',(-1.,0.,0.));
#1348=DIRECTION('',(-1.,0.,0.));
#1349=DIRECTION('',(0.,0.,1.));
#1350=DIRECTION('',(1.,0.,0.));
#1351=DIRECTION('',(0.,1.,0.));
#1352=DIRECTION('',(0.,0.,-1.));
#1353=DIRECTION('',(0.,0.,-1.));
#1354=DIRECTION('',(0.,1.,0.));
#1355=DIRECTION('',(0.,0.,-1.));
#1356=DIRECTION('',(0.,0.,1.));
#1357=DIRECTION('',(0.,-1.,0.));
#1358=DIRECTION('',(0.,0.,-1.));
#1359=DIRECTION('',(0.,0.,-1.));
#1360=DIRECTION('',(0.,1.,0.));
#1361=DIRECTION('',(0.,0.,-1.));
#1362=DIRECTION('',(0.,0.,1.));
#1363=DIRECTION('',(0.,-1.,0.));
#1364=DIRECTION('',(0.,0.,1.));
#1365=DIRECTION('',(1.,0.,0.));
#1366=DIRECTION('',(0.,0.,1.));
#1367=DIRECTION('',(1.,0.,0.));
#1368=DIRECTION('',(-1.,0.,0.));
#1369=DIRECTION('',(0.866025403784439,-0.5,5.55946524685515E-15));
#1370=DIRECTION('',(-0.5,-0.866025403784439,0.));
#1371=DIRECTION('',(-0.5,-0.866025403784439,0.));
#1372=DIRECTION('',(-4.81463813523329E-15,2.77973262342758E-15,1.));
#1373=DIRECTION('',(-9.85124327040759E-16,5.68761795402231E-16,1.));
#1374=DIRECTION('',(1.,0.,9.85124327040759E-16));
#1375=DIRECTION('',(-0.5,-0.866025403784439,0.));
#1376=DIRECTION('',(-0.866025403784439,0.5,-1.13752359080446E-15));
#1377=DIRECTION('',(0.866025403784439,-0.5,1.20521370417272E-15));
#1378=DIRECTION('',(-0.5,-0.866025403784439,0.));
#1379=DIRECTION('',(-1.04374568480272E-15,6.02606852086362E-16,1.));
#1380=DIRECTION('',(-0.5,-0.866025403784439,0.));
#1381=DIRECTION('',(0.866025403784439,-0.5,0.));
#1382=DIRECTION('',(-0.707106781186541,-0.707106781186554,0.));
#1383=DIRECTION('',(-0.707106781186554,0.707106781186541,0.));
#1384=DIRECTION('',(0.,0.,-1.));
#1385=DIRECTION('',(0.,0.,-1.));
#1386=DIRECTION('',(-1.,0.,0.));
#1387=DIRECTION('',(0.,1.,0.));
#1388=DIRECTION('',(0.,0.,-1.));
#1389=DIRECTION('',(0.707106781186548,-0.707106781186548,0.));
#1390=DIRECTION('',(-0.707106781186548,-0.707106781186548,0.));
#1391=DIRECTION('',(0.,0.,-1.));
#1392=DIRECTION('',(0.,-1.,0.));
#1393=DIRECTION('',(-1.,0.,0.));
#1394=DIRECTION('',(0.,0.,-1.));
#1395=DIRECTION('',(-0.707106781186547,-0.707106781186548,0.));
#1396=DIRECTION('',(-0.707106781186548,0.707106781186547,0.));
#1397=DIRECTION('',(0.,0.,-1.));
#1398=DIRECTION('',(-1.,0.,0.));
#1399=DIRECTION('',(0.,1.,0.));
#1400=DIRECTION('',(0.,0.,-1.));
#1401=DIRECTION('',(0.707106781186546,-0.707106781186549,0.));
#1402=DIRECTION('',(-0.707106781186549,-0.707106781186546,0.));
#1403=DIRECTION('',(0.,0.,-1.));
#1404=DIRECTION('',(0.,-1.,0.));
#1405=DIRECTION('',(-1.,0.,0.));
#1406=CARTESIAN_POINT('',(0.,0.,0.));
#1407=CARTESIAN_POINT('',(1.04083408558608E-17,0.,-0.0065));
#1408=CARTESIAN_POINT('',(0.,2.01301317609846E-18,-0.0065));
#1409=CARTESIAN_POINT('',(0.,-0.032875,-0.0065));
#1410=CARTESIAN_POINT('',(-0.025,0.0433012701892219,-0.0065));
#1411=CARTESIAN_POINT('',(-6.93889390390723E-18,0.0577350269189626,-0.0065));
#1412=CARTESIAN_POINT('',(-0.05,0.0288675134594813,-0.0065));
#1413=CARTESIAN_POINT('',(0.025,0.0433012701892219,-0.0065));
#1414=CARTESIAN_POINT('',(0.05,0.0288675134594812,-0.0065));
#1415=CARTESIAN_POINT('',(0.05,-6.93889390390723E-18,-0.0065));
#1416=CARTESIAN_POINT('',(0.05,-0.0288675134594813,-0.0065));
#1417=CARTESIAN_POINT('',(0.025,-0.0433012701892219,-0.0065));
#1418=CARTESIAN_POINT('',(-6.93889390390723E-18,-0.0577350269189626,-0.0065));
#1419=CARTESIAN_POINT('',(-0.025,-0.0433012701892219,-0.0065));
#1420=CARTESIAN_POINT('',(-0.05,-0.0288675134594813,-0.0065));
#1421=CARTESIAN_POINT('',(-0.05,0.,-0.0065));
#1422=CARTESIAN_POINT('',(-0.0383786796564404,0.00912132034355964,-0.0065));
#1423=CARTESIAN_POINT('',(-0.0375,0.0082426406871193,-0.0065));
#1424=CARTESIAN_POINT('',(-0.0392573593128808,0.01,-0.0065));
#1425=CARTESIAN_POINT('',(-0.0411213203435596,0.01,-0.0065));
#1426=CARTESIAN_POINT('',(-0.0417426406871193,0.01,-0.0065));
#1427=CARTESIAN_POINT('',(-0.0426213203435597,0.00912132034355967,-0.0065));
#1428=CARTESIAN_POINT('',(-0.0435,0.00824264068711932,-0.0065));
#1429=CARTESIAN_POINT('',(-0.0435,-0.00762132034355966,-0.0065));
#1430=CARTESIAN_POINT('',(-0.0435,-0.00824264068711932,-0.0065));
#1431=CARTESIAN_POINT('',(-0.0426213203435597,-0.00912132034355966,-0.0065));
#1432=CARTESIAN_POINT('',(-0.0417426406871193,-0.01,-0.0065));
#1433=CARTESIAN_POINT('',(-0.0398786796564403,-0.01,-0.0065));
#1434=CARTESIAN_POINT('',(-0.0392573593128807,-0.01,-0.0065));
#1435=CARTESIAN_POINT('',(-0.0383786796564404,-0.00912132034355966,-0.0065));
#1436=CARTESIAN_POINT('',(-0.0375,-0.00824264068711933,-0.0065));
#1437=CARTESIAN_POINT('',(-0.0375,0.00762132034355965,-0.0065));
#1438=CARTESIAN_POINT('',(1.04083408558608E-17,0.,0.));
#1439=CARTESIAN_POINT('',(0.,2.16609402599188E-18,0.));
#1440=CARTESIAN_POINT('',(0.,-0.035375,0.));
#1441=CARTESIAN_POINT('',(-0.022,0.0381051177665153,0.));
#1442=CARTESIAN_POINT('',(-0.044,0.0254034118443436,0.));
#1443=CARTESIAN_POINT('',(1.7347234759768E-17,0.0508068236886871,0.));
#1444=CARTESIAN_POINT('',(-0.044,-6.93889390390723E-18,0.));
#1445=CARTESIAN_POINT('',(-0.044,-0.0254034118443436,0.));
#1446=CARTESIAN_POINT('',(-0.022,-0.0381051177665153,0.));
#1447=CARTESIAN_POINT('',(0.,-0.0508068236886871,0.));
#1448=CARTESIAN_POINT('',(0.022,-0.0381051177665153,0.));
#1449=CARTESIAN_POINT('',(0.044,-0.0254034118443436,0.));
#1450=CARTESIAN_POINT('',(0.044,-1.38777878078145E-17,0.));
#1451=CARTESIAN_POINT('',(0.044,0.0254034118443435,0.));
#1452=CARTESIAN_POINT('',(0.022,0.0381051177665153,0.));
#1453=CARTESIAN_POINT('',(1.04083408558608E-17,0.01,0.));
#1454=CARTESIAN_POINT('',(-0.0417426406871193,0.01,0.));
#1455=CARTESIAN_POINT('',(-0.0392573593128808,0.01,0.));
#1456=CARTESIAN_POINT('',(-0.01462867965644,-0.0146286796564403,0.));
#1457=CARTESIAN_POINT('',(-0.0375,0.0082426406871193,0.));
#1458=CARTESIAN_POINT('',(-0.0375,0.,0.));
#1459=CARTESIAN_POINT('',(-0.0375,-0.00824264068711933,0.));
#1460=CARTESIAN_POINT('',(-0.0146286796564403,0.0146286796564403,0.));
#1461=CARTESIAN_POINT('',(-0.0392573593128807,-0.01,0.));
#1462=CARTESIAN_POINT('',(1.04083408558608E-17,-0.01,0.));
#1463=CARTESIAN_POINT('',(-0.0417426406871193,-0.01,0.));
#1464=CARTESIAN_POINT('',(-0.0258713203435596,-0.0258713203435596,0.));
#1465=CARTESIAN_POINT('',(-0.0435,-0.00824264068711932,0.));
#1466=CARTESIAN_POINT('',(-0.0435,0.,0.));
#1467=CARTESIAN_POINT('',(-0.0435,0.00824264068711932,0.));
#1468=CARTESIAN_POINT('',(-0.0258713203435595,0.0258713203435597,0.));
#1469=CARTESIAN_POINT('',(0.,6.93889390390723E-18,0.093));
#1470=CARTESIAN_POINT('',(0.025,0.0433012701892219,0.093));
#1471=CARTESIAN_POINT('',(0.05,0.0288675134594812,0.093));
#1472=CARTESIAN_POINT('',(-6.93889390390723E-18,0.0577350269189626,0.093));
#1473=CARTESIAN_POINT('',(-0.025,0.0433012701892219,0.093));
#1474=CARTESIAN_POINT('',(-0.05,0.0288675134594813,0.093));
#1475=CARTESIAN_POINT('',(-0.05,0.,0.093));
#1476=CARTESIAN_POINT('',(-0.05,-0.0288675134594813,0.093));
#1477=CARTESIAN_POINT('',(-0.025,-0.0433012701892219,0.093));
#1478=CARTESIAN_POINT('',(-6.93889390390723E-18,-0.0577350269189626,0.093));
#1479=CARTESIAN_POINT('',(0.025,-0.0433012701892219,0.093));
#1480=CARTESIAN_POINT('',(0.05,-0.0288675134594813,0.093));
#1481=CARTESIAN_POINT('',(0.05,-6.93889390390723E-18,0.093));
#1482=CARTESIAN_POINT('',(0.023175,0.0401402774654087,0.093));
#1483=CARTESIAN_POINT('',(0.0154449388368552,0.0446032303588026,0.093));
#1484=CARTESIAN_POINT('',(0.0365759586891955,0.0324032303588027,0.093));
#1485=CARTESIAN_POINT('',(0.0365759586891955,0.0324032303588027,0.093));
#1486=CARTESIAN_POINT('',(0.0354009586891955,0.0303680706599092,0.093));
#1487=CARTESIAN_POINT('',(0.022,0.0381051177665153,0.093));
#1488=CARTESIAN_POINT('',(0.044,0.0254034118443435,0.093));
#1489=CARTESIAN_POINT('',(0.044,-1.38777878078145E-17,0.093));
#1490=CARTESIAN_POINT('',(0.044,-0.0254034118443436,0.093));
#1491=CARTESIAN_POINT('',(0.022,-0.0381051177665153,0.093));
#1492=CARTESIAN_POINT('',(0.,-0.0508068236886871,0.093));
#1493=CARTESIAN_POINT('',(-0.022,-0.0381051177665153,0.093));
#1494=CARTESIAN_POINT('',(-0.044,-0.0254034118443436,0.093));
#1495=CARTESIAN_POINT('',(-0.044,-6.93889390390723E-18,0.093));
#1496=CARTESIAN_POINT('',(-0.044,0.0254034118443436,0.093));
#1497=CARTESIAN_POINT('',(-0.022,0.0381051177665153,0.093));
#1498=CARTESIAN_POINT('',(1.7347234759768E-17,0.0508068236886871,0.093));
#1499=CARTESIAN_POINT('',(0.022,0.0381051177665153,0.093));
#1500=CARTESIAN_POINT('',(0.0142699388368552,0.0425680706599093,0.093));
#1501=CARTESIAN_POINT('',(0.0154449388368552,0.0446032303588026,0.093));
#1502=CARTESIAN_POINT('',(0.0297118737462282,0.0140701877559818,0.00825));
#1503=CARTESIAN_POINT('',(0.0297118737462282,0.0140701877559818,0.0059865));
#1504=CARTESIAN_POINT('',(0.030199433239999,0.0112739267872171,0.00825));
#1505=CARTESIAN_POINT('',(0.030199433239999,0.0112739267872171,0.0059865));
#1506=CARTESIAN_POINT('',(0.0288741347431226,0.00580433587916615,0.00825));
#1507=CARTESIAN_POINT('',(0.0288741347431226,0.00580433587916615,0.0059865));
#1508=CARTESIAN_POINT('',(0.0288749770380977,3.64149607273751E-5,0.00825));
#1509=CARTESIAN_POINT('',(0.0288749770380977,3.64149607273751E-5,0.0059865));
#1510=CARTESIAN_POINT('',(0.0288749770380977,3.64149607273804E-5,0.00694996598980012));
#1511=CARTESIAN_POINT('',(0.0288748048953426,0.00121522502991342,0.00694844857736489));
#1512=CARTESIAN_POINT('',(0.0289848159160012,0.00356116383988589,0.00686495884787649));
#1513=CARTESIAN_POINT('',(0.0293429289583555,0.00705955878666036,0.00659561623575556));
#1514=CARTESIAN_POINT('',(0.0296909136850449,0.00996895258942325,0.00632589969427935));
#1515=CARTESIAN_POINT('',(0.0298431491588932,0.0123041914425027,0.00612615876172748));
#1516=CARTESIAN_POINT('',(0.0298150929894022,0.0134782026862466,0.00603878710744524));
#1517=CARTESIAN_POINT('',(0.0297118737462319,0.0140701877559603,0.006));
#1518=CARTESIAN_POINT('',(0.0288749770380978,3.64149602128775E-5,0.00694996598980078));
#1519=CARTESIAN_POINT('',(0.0297118737462319,0.0140701877559603,0.006));
#1520=CARTESIAN_POINT('',(0.0288749770380978,3.64149602128695E-5,0.00825));
#1521=CARTESIAN_POINT('',(0.0288749770380978,3.64149602128695E-5,0.00825));
#1522=CARTESIAN_POINT('',(0.000246311107951267,0.0288739494326302,0.00825));
#1523=CARTESIAN_POINT('',(0.00592027280146289,0.0288669389439926,0.00825));
#1524=CARTESIAN_POINT('',(0.0138141102906165,0.0303627761785341,0.00825));
#1525=CARTESIAN_POINT('',(0.0146142597719374,0.0293003626893511,0.00825));
#1526=CARTESIAN_POINT('',(0.0198562221922749,0.0265721582065754,0.00825));
#1527=CARTESIAN_POINT('',(0.0232089364951976,0.0233100332904224,0.00825));
#1528=CARTESIAN_POINT('',(0.025603809553858,0.020839780287319,0.00825));
#1529=CARTESIAN_POINT('',(0.0279916191225875,0.017010799950249,0.00825));
#1530=CARTESIAN_POINT('',(0.0308638958347878,0.0140162060365884,0.00825));
#1531=CARTESIAN_POINT('',(0.0288741347431226,0.0058043358791513,0.00825));
#1532=CARTESIAN_POINT('',(0.0288749770380977,3.64149607273751E-5,0.00825));
#1533=CARTESIAN_POINT('',(0.0297118737462319,0.0140701877559603,0.00825));
#1534=CARTESIAN_POINT('',(0.0297118737462319,0.0140701877559603,0.00825));
#1535=CARTESIAN_POINT('',(1.01312742917248E-11,8.2532266571038E-15,0.00825));
#1536=CARTESIAN_POINT('',(0.0288749770380978,3.64149602128775E-5,0.00694996598980078));
#1537=CARTESIAN_POINT('',(0.0288749923460275,2.42766489732346E-5,0.00694998161473032));
#1538=CARTESIAN_POINT('',(0.028875,1.21383289077081E-5,0.00694999295727274));
#1539=CARTESIAN_POINT('',(0.028875,8.06913514796007E-18,0.00695));
#1540=CARTESIAN_POINT('',(0.028875,6.50688240033047E-18,0.00695));
#1541=CARTESIAN_POINT('',(0.028875,1.3010426069826E-18,0.00825));
#1542=CARTESIAN_POINT('',(0.028875,1.3010426069826E-18,0.00825));
#1543=CARTESIAN_POINT('',(1.01312742917248E-11,8.2532266571038E-15,0.00825));
#1544=CARTESIAN_POINT('',(0.028875,1.3010426069826E-18,0.00825));
#1545=CARTESIAN_POINT('',(0.028875,1.3010426069826E-18,0.006));
#1546=CARTESIAN_POINT('',(0.0288770878397111,-0.00187117190839972,0.00825));
#1547=CARTESIAN_POINT('',(0.0288770878397111,-0.00187117190839972,0.006));
#1548=CARTESIAN_POINT('',(0.0291618747802229,-0.00567621328343919,0.00825));
#1549=CARTESIAN_POINT('',(0.0291618747802229,-0.00567621328343919,0.006));
#1550=CARTESIAN_POINT('',(0.029825299981928,-0.0106307943043107,0.00825));
#1551=CARTESIAN_POINT('',(0.029825299981928,-0.0106307943043107,0.006));
#1552=CARTESIAN_POINT('',(0.0301269705887572,-0.0139266889332252,0.00825));
#1553=CARTESIAN_POINT('',(0.0301269705887572,-0.0139266889332252,0.006));
#1554=CARTESIAN_POINT('',(0.0296705392576414,-0.0143318313366937,0.00825));
#1555=CARTESIAN_POINT('',(0.0296705392576414,-0.0143318313366937,0.006));
#1556=CARTESIAN_POINT('',(0.0293612195324374,-0.0147879820316368,0.00825));
#1557=CARTESIAN_POINT('',(0.0293612195324374,-0.0147879820316368,0.006));
#1558=CARTESIAN_POINT('',(0.0296944142394487,-0.0143107481931926,0.006));
#1559=CARTESIAN_POINT('',(0.0298579063841485,-0.01405215571449,0.00601618682562588));
#1560=CARTESIAN_POINT('',(0.0300074551731425,-0.013455629631057,0.00605573904518641));
#1561=CARTESIAN_POINT('',(0.0299648937563177,-0.0122565275671769,0.00614449750798031));
#1562=CARTESIAN_POINT('',(0.0298201978115124,-0.0107651283755909,0.00626810049054406));
#1563=CARTESIAN_POINT('',(0.0295980165427738,-0.00897946736387527,0.00642649685357681));
#1564=CARTESIAN_POINT('',(0.0293788993848982,-0.00719389344842122,0.00658381641431188));
#1565=CARTESIAN_POINT('',(0.0291803017374909,-0.00540506900908081,0.00672839950037589));
#1566=CARTESIAN_POINT('',(0.0289640406591909,-0.00301233159333816,0.00688788172543448));
#1567=CARTESIAN_POINT('',(0.0288763454074197,-0.00120578632341309,0.00695069960406203));
#1568=CARTESIAN_POINT('',(0.028875,1.3010426069826E-18,0.00695));
#1569=CARTESIAN_POINT('',(0.0296944142394487,-0.0143107481931926,0.006));
#1570=CARTESIAN_POINT('',(0.028875,1.3010426069826E-18,0.006));
#1571=CARTESIAN_POINT('',(0.0288813332145002,-0.00567597838079299,0.006));
#1572=CARTESIAN_POINT('',(0.0305908076190724,-0.0135350769302164,0.006));
#1573=CARTESIAN_POINT('',(0.0292937707650122,-0.0146667948562041,0.006));
#1574=CARTESIAN_POINT('',(0.0275436401965883,-0.0181676808513185,0.006));
#1575=CARTESIAN_POINT('',(0.0256984630824212,-0.020578405525358,0.006));
#1576=CARTESIAN_POINT('',(0.0231870679922223,-0.0233544746318481,0.006));
#1577=CARTESIAN_POINT('',(0.0209248910802824,-0.0255805971397946,0.006));
#1578=CARTESIAN_POINT('',(0.0160404460697289,-0.0285577571548007,0.006));
#1579=CARTESIAN_POINT('',(0.0140175604649078,-0.0305938397432809,0.006));
#1580=CARTESIAN_POINT('',(0.00592159721601312,-0.0288884121860192,0.006));
#1581=CARTESIAN_POINT('',(1.4896434334486E-12,-0.0288750000000034,0.006));
#1582=CARTESIAN_POINT('',(0.0293612195324374,-0.0147879820316368,0.006));
#1583=CARTESIAN_POINT('',(0.0293612195324374,-0.0147879820316368,0.00825));
#1584=CARTESIAN_POINT('',(0.0293612195324374,-0.0147879820316368,0.00825));
#1585=CARTESIAN_POINT('',(0.028875,1.3010426069826E-18,0.00825));
#1586=CARTESIAN_POINT('',(0.0288813332145002,-0.00567597838079299,0.00825));
#1587=CARTESIAN_POINT('',(0.0305908076190724,-0.0135350769302164,0.00825));
#1588=CARTESIAN_POINT('',(0.0292937707650122,-0.0146667948562041,0.00825));
#1589=CARTESIAN_POINT('',(0.0275436401965883,-0.0181676808513185,0.00825));
#1590=CARTESIAN_POINT('',(0.0256984630824212,-0.020578405525358,0.00825));
#1591=CARTESIAN_POINT('',(0.0231870679922223,-0.0233544746318481,0.00825));
#1592=CARTESIAN_POINT('',(0.0209248910802824,-0.0255805971397946,0.00825));
#1593=CARTESIAN_POINT('',(0.0160404460697289,-0.0285577571548007,0.00825));
#1594=CARTESIAN_POINT('',(0.0140175604649078,-0.0305938397432809,0.00825));
#1595=CARTESIAN_POINT('',(0.00592159721601312,-0.0288884121860192,0.00825));
#1596=CARTESIAN_POINT('',(1.4896434334486E-12,-0.0288750000000034,0.00825));
#1597=CARTESIAN_POINT('',(-0.0275464887357558,-0.0179431486459508,0.00825));
#1598=CARTESIAN_POINT('',(-0.0275464887357558,-0.0179431486459508,0.006));
#1599=CARTESIAN_POINT('',(-0.0278202930353453,-0.0175860181654076,0.00825));
#1600=CARTESIAN_POINT('',(-0.0278202930353453,-0.0175860181654076,0.006));
#1601=CARTESIAN_POINT('',(-0.0284063122129247,-0.0168737809255371,0.00825));
#1602=CARTESIAN_POINT('',(-0.0284063122129247,-0.0168737809255371,0.006));
#1603=CARTESIAN_POINT('',(-0.0292113863863042,-0.015636023852042,0.00825));
#1604=CARTESIAN_POINT('',(-0.0292113863863042,-0.015636023852042,0.006));
#1605=CARTESIAN_POINT('',(-0.0297352430645371,-0.0140398430764269,0.00825));
#1606=CARTESIAN_POINT('',(-0.0297352430645371,-0.0140398430764269,0.006));
#1607=CARTESIAN_POINT('',(-0.0298363328840121,-0.0119454746561148,0.00825));
#1608=CARTESIAN_POINT('',(-0.0298363328840121,-0.0119454746561148,0.006));
#1609=CARTESIAN_POINT('',(-0.0296714768855986,-0.00943681163878778,0.00825));
#1610=CARTESIAN_POINT('',(-0.0296714768855986,-0.00943681163878778,0.006));
#1611=CARTESIAN_POINT('',(-0.029259499962744,-0.00561640919669177,0.00825));
#1612=CARTESIAN_POINT('',(-0.029259499962744,-0.00561640919669177,0.006));
#1613=CARTESIAN_POINT('',(-0.0289308724623221,-0.00231298963300297,0.00825));
#1614=CARTESIAN_POINT('',(-0.0289308724623221,-0.00231298963300297,0.006));
#1615=CARTESIAN_POINT('',(-0.0288750000000893,-3.69605034989967E-12,0.00825));
#1616=CARTESIAN_POINT('',(-0.0288750000000893,-3.69605034989967E-12,0.006));
#1617=CARTESIAN_POINT('',(-0.0288750000000893,-3.69604469029489E-12,0.00695000000000217));
#1618=CARTESIAN_POINT('',(-0.0289040249858573,-0.00120156672170321,0.00695069715573881));
#1619=CARTESIAN_POINT('',(-0.0290519571182871,-0.00359345960645657,0.00686784616471949));
#1620=CARTESIAN_POINT('',(-0.0294261932041634,-0.00716196540444369,0.0065930498331722));
#1621=CARTESIAN_POINT('',(-0.0297440083001699,-0.0101327982913061,0.00632076347784897));
#1622=CARTESIAN_POINT('',(-0.0298219420665891,-0.0125151333646963,0.00612286881687112));
#1623=CARTESIAN_POINT('',(-0.0297293122734344,-0.0137105652690561,0.00603756898261453));
#1624=CARTESIAN_POINT('',(-0.0295967584568144,-0.0143107481931925,0.006));
#1625=CARTESIAN_POINT('',(-0.028875,-3.69606187951142E-12,0.00695000000000217));
#1626=CARTESIAN_POINT('',(-0.0295967584567319,-0.0143107481931926,0.006));
#1627=CARTESIAN_POINT('',(-0.0288750000000893,-3.69605031040292E-12,0.00825));
#1628=CARTESIAN_POINT('',(-0.0288750000000893,-3.69605031040292E-12,0.00825));
#1629=CARTESIAN_POINT('',(-7.93003171159217E-5,-0.0288748911073207,0.00825));
#1630=CARTESIAN_POINT('',(-0.00596565719687713,-0.0288720384809856,0.00825));
#1631=CARTESIAN_POINT('',(-0.013942831947532,-0.0303888361737585,0.00825));
#1632=CARTESIAN_POINT('',(-0.015056491219435,-0.0290795073215854,0.00825));
#1633=CARTESIAN_POINT('',(-0.0189411518931747,-0.0271346838727996,0.00825));
#1634=CARTESIAN_POINT('',(-0.0221835164602592,-0.0242816406605687,0.00825));
#1635=CARTESIAN_POINT('',(-0.0232287658023565,-0.0232865483762292,0.00825));
#1636=CARTESIAN_POINT('',(-0.0257115020727414,-0.020679642929621,0.00825));
#1637=CARTESIAN_POINT('',(-0.0274791500907264,-0.0178414977216222,0.00825));
#1638=CARTESIAN_POINT('',(-0.0309409506776806,-0.0141117638161593,0.00825));
#1639=CARTESIAN_POINT('',(-0.0290201673652588,-0.00600959035881023,0.00825));
#1640=CARTESIAN_POINT('',(-0.0288750000000893,-3.69605034989967E-12,0.00825));
#1641=CARTESIAN_POINT('',(-0.0275464887357792,-0.0179431486459203,0.00825));
#1642=CARTESIAN_POINT('',(-0.0275464887357792,-0.0179431486459203,0.00825));
#1643=CARTESIAN_POINT('',(-0.0275464887357792,-0.0179431486459203,0.006));
#1644=CARTESIAN_POINT('',(-7.93003171159217E-5,-0.0288748911073207,0.006));
#1645=CARTESIAN_POINT('',(-0.00596565719687713,-0.0288720384809856,0.006));
#1646=CARTESIAN_POINT('',(-0.013942831947532,-0.0303888361737585,0.006));
#1647=CARTESIAN_POINT('',(-0.015056491219435,-0.0290795073215854,0.006));
#1648=CARTESIAN_POINT('',(-0.0189411518931747,-0.0271346838727996,0.006));
#1649=CARTESIAN_POINT('',(-0.0221835164602592,-0.0242816406605687,0.006));
#1650=CARTESIAN_POINT('',(-0.0232287658023565,-0.0232865483762292,0.006));
#1651=CARTESIAN_POINT('',(-0.0257115020727414,-0.020679642929621,0.006));
#1652=CARTESIAN_POINT('',(-0.0274791500907264,-0.0178414977216222,0.006));
#1653=CARTESIAN_POINT('',(-0.0309409506776806,-0.0141117638161593,0.006));
#1654=CARTESIAN_POINT('',(-0.0290201673652588,-0.00600959035881023,0.006));
#1655=CARTESIAN_POINT('',(-0.0288750000000893,-3.69605034989967E-12,0.006));
#1656=CARTESIAN_POINT('',(1.53835277849624E-14,-1.42360200682878E-16,0.00825));
#1657=CARTESIAN_POINT('',(-0.028875,-3.69606187951142E-12,0.00695000000000217));
#1658=CARTESIAN_POINT('',(-0.0288750000000379,0.000296208761772781,0.00694982813801815));
#1659=CARTESIAN_POINT('',(-0.0288704431993849,0.000592324532108697,0.00694709603922005));
#1660=CARTESIAN_POINT('',(-0.0288613315689922,0.00088834962975918,0.00694206015776736));
#1661=CARTESIAN_POINT('',(-0.0288613315689922,0.000888349629759182,0.0069420601577674));
#1662=CARTESIAN_POINT('',(-0.0288613315689922,0.000888349629759177,0.00825));
#1663=CARTESIAN_POINT('',(-0.0288613315689922,0.000888349629759177,0.00825));
#1664=CARTESIAN_POINT('',(1.53835277849624E-14,-1.42360200682878E-16,0.00825));
#1665=CARTESIAN_POINT('',(-0.0288613315689922,0.000888349629759177,0.00825));
#1666=CARTESIAN_POINT('',(-0.0288613315689922,0.000888349629759177,0.006));
#1667=CARTESIAN_POINT('',(-0.0288483586968094,0.00273762438671458,0.00825));
#1668=CARTESIAN_POINT('',(-0.0288483586968094,0.00273762438671458,0.006));
#1669=CARTESIAN_POINT('',(-0.0290063489391067,0.00652212319219831,0.00825));
#1670=CARTESIAN_POINT('',(-0.0290063489391067,0.00652212319219831,0.006));
#1671=CARTESIAN_POINT('',(-0.0293413039683925,0.0106619022575845,0.00825));
#1672=CARTESIAN_POINT('',(-0.0293413039683925,0.0106619022575845,0.006));
#1673=CARTESIAN_POINT('',(-0.0294978082913985,0.0131249567586309,0.00825000000000001));
#1674=CARTESIAN_POINT('',(-0.0294978082913985,0.0131249567586309,0.00600000000000001));
#1675=CARTESIAN_POINT('',(-0.0295120367331319,0.0144466376732301,0.00825));
#1676=CARTESIAN_POINT('',(-0.0295120367331319,0.0144466376732301,0.006));
#1677=CARTESIAN_POINT('',(-0.029370789698846,0.0150385839417487,0.00825));
#1678=CARTESIAN_POINT('',(-0.029370789698846,0.0150385839417487,0.006));
#1679=CARTESIAN_POINT('',(-0.029159201695774,0.0152534471802492,0.00825));
#1680=CARTESIAN_POINT('',(-0.029159201695774,0.0152534471802492,0.006));
#1681=CARTESIAN_POINT('',(-0.0290229316016337,0.0154413427604867,0.00825));
#1682=CARTESIAN_POINT('',(-0.0290229316016337,0.0154413427604867,0.006));
#1683=CARTESIAN_POINT('',(-0.0294969163737921,0.0140701877559603,0.006));
#1684=CARTESIAN_POINT('',(-0.0295101735102612,0.0135183416476621,0.00603615718603537));
#1685=CARTESIAN_POINT('',(-0.0294548619483047,0.0124197756563828,0.00611724031201865));
#1686=CARTESIAN_POINT('',(-0.0293041098988326,0.0102267245297072,0.00630285392118397));
#1687=CARTESIAN_POINT('',(-0.0290919036670054,0.00748829749649608,0.00655620802339713));
#1688=CARTESIAN_POINT('',(-0.0289027916827121,0.00419650144444845,0.00682169487729603));
#1689=CARTESIAN_POINT('',(-0.0288535790107551,0.00199347192246684,0.00692326018134315));
#1690=CARTESIAN_POINT('',(-0.0288613315689922,0.000888349629759177,0.00694206015776737));
#1691=CARTESIAN_POINT('',(-0.0294969163740248,0.0140701877559603,0.006));
#1692=CARTESIAN_POINT('',(-0.0288613315689922,0.000888349629759177,0.006));
#1693=CARTESIAN_POINT('',(-0.0288204390305313,0.00671755522569019,0.006));
#1694=CARTESIAN_POINT('',(-0.0299283188625256,0.0146602993057996,0.006));
#1695=CARTESIAN_POINT('',(-0.028971327474812,0.0153165838223644,0.006));
#1696=CARTESIAN_POINT('',(-0.0270813218790539,0.0188359865506464,0.006));
#1697=CARTESIAN_POINT('',(-0.0255722699418359,0.0206941966322198,0.006));
#1698=CARTESIAN_POINT('',(-0.0240463202311867,0.0224087821386573,0.006));
#1699=CARTESIAN_POINT('',(-0.0236763389366741,0.0228609688511075,0.006));
#1700=CARTESIAN_POINT('',(-0.0232461354315078,0.0232461354315078,0.006));
#1701=CARTESIAN_POINT('',(-0.0222492470123925,0.024138662105094,0.006));
#1702=CARTESIAN_POINT('',(-0.0177559073458413,0.0276376008558342,0.006));
#1703=CARTESIAN_POINT('',(-0.0140241006401523,0.0309794394792046,0.006));
#1704=CARTESIAN_POINT('',(-0.00577988088488235,0.0289173900016381,0.006));
#1705=CARTESIAN_POINT('',(-1.09050022557269E-15,0.028875,0.006));
#1706=CARTESIAN_POINT('',(-0.029459790367922,0.0145906263223375,0.006));
#1707=CARTESIAN_POINT('',(-0.0288613315689922,0.000888349629759177,0.006));
#1708=CARTESIAN_POINT('',(-0.0288204390305313,0.00671755522569019,0.006));
#1709=CARTESIAN_POINT('',(-0.0299283188625256,0.0146602993057996,0.006));
#1710=CARTESIAN_POINT('',(-0.028971327474812,0.0153165838223644,0.006));
#1711=CARTESIAN_POINT('',(-0.0270813218790539,0.0188359865506464,0.006));
#1712=CARTESIAN_POINT('',(-0.0255722699418359,0.0206941966322198,0.006));
#1713=CARTESIAN_POINT('',(-0.0240463202311867,0.0224087821386573,0.006));
#1714=CARTESIAN_POINT('',(-0.0236763389366741,0.0228609688511075,0.006));
#1715=CARTESIAN_POINT('',(-0.0232461354315078,0.0232461354315078,0.006));
#1716=CARTESIAN_POINT('',(-0.0222492470123925,0.024138662105094,0.006));
#1717=CARTESIAN_POINT('',(-0.0177559073458413,0.0276376008558342,0.006));
#1718=CARTESIAN_POINT('',(-0.0140241006401523,0.0309794394792046,0.006));
#1719=CARTESIAN_POINT('',(-0.00577988088488235,0.0289173900016381,0.006));
#1720=CARTESIAN_POINT('',(-1.09050022557269E-15,0.028875,0.006));
#1721=CARTESIAN_POINT('',(-0.0290229316016372,0.0154413427604819,0.006));
#1722=CARTESIAN_POINT('',(-0.0290229316016372,0.0154413427604819,0.00825));
#1723=CARTESIAN_POINT('',(-0.0290229316016372,0.0154413427604819,0.00825));
#1724=CARTESIAN_POINT('',(-0.0288613315689922,0.000888349629759177,0.00825));
#1725=CARTESIAN_POINT('',(-0.0288204390305313,0.00671755522569019,0.00825));
#1726=CARTESIAN_POINT('',(-0.0299283188625256,0.0146602993057996,0.00825));
#1727=CARTESIAN_POINT('',(-0.028971327474812,0.0153165838223644,0.00825));
#1728=CARTESIAN_POINT('',(-0.0270813218790539,0.0188359865506464,0.00825));
#1729=CARTESIAN_POINT('',(-0.0255722699418359,0.0206941966322198,0.00825));
#1730=CARTESIAN_POINT('',(-0.0240463202311867,0.0224087821386573,0.00825));
#1731=CARTESIAN_POINT('',(-0.0236763389366741,0.0228609688511075,0.00825));
#1732=CARTESIAN_POINT('',(-0.0232461354315078,0.0232461354315078,0.00825));
#1733=CARTESIAN_POINT('',(-0.0222492470123925,0.024138662105094,0.00825));
#1734=CARTESIAN_POINT('',(-0.0177559073458413,0.0276376008558342,0.00825));
#1735=CARTESIAN_POINT('',(-0.0140241006401523,0.0309794394792046,0.00825));
#1736=CARTESIAN_POINT('',(-0.00577988088488235,0.0289173900016381,0.00825));
#1737=CARTESIAN_POINT('',(-1.09050022557269E-15,0.028875,0.00825));
#1738=CARTESIAN_POINT('',(-0.02424668496752,0.0243636776571019,0.00825));
#1739=CARTESIAN_POINT('',(-0.02424668496752,0.0243636776571019,0.006));
#1740=CARTESIAN_POINT('',(-0.0242138014259132,0.024393118911368,0.00825));
#1741=CARTESIAN_POINT('',(-0.0242138014259132,0.024393118911368,0.006));
#1742=CARTESIAN_POINT('',(-0.0241460258878567,0.0244532457381219,0.00825));
#1743=CARTESIAN_POINT('',(-0.0241460258878567,0.0244532457381219,0.006));
#1744=CARTESIAN_POINT('',(-0.0240030778206088,0.0245781052261854,0.00825));
#1745=CARTESIAN_POINT('',(-0.0240030778206088,0.0245781052261854,0.006));
#1746=CARTESIAN_POINT('',(-0.0237330190355413,0.024809531581374,0.00825));
#1747=CARTESIAN_POINT('',(-0.0237330190355413,0.024809531581374,0.006));
#1748=CARTESIAN_POINT('',(-0.0232928839736228,0.0251766184219629,0.00825));
#1749=CARTESIAN_POINT('',(-0.0232928839736228,0.0251766184219629,0.006));
#1750=CARTESIAN_POINT('',(-0.0226928500760389,0.0256666301869642,0.00825));
#1751=CARTESIAN_POINT('',(-0.0226928500760389,0.0256666301869642,0.006));
#1752=CARTESIAN_POINT('',(-0.0220399001154442,0.0261935026255669,0.00825));
#1753=CARTESIAN_POINT('',(-0.0220399001154442,0.0261935026255669,0.006));
#1754=CARTESIAN_POINT('',(-0.0213541601945311,0.026743532098998,0.00825));
#1755=CARTESIAN_POINT('',(-0.0213541601945311,0.026743532098998,0.006));
#1756=CARTESIAN_POINT('',(-0.0206564510149209,0.027302396811594,0.00825));
#1757=CARTESIAN_POINT('',(-0.0206564510149209,0.027302396811594,0.006));
#1758=CARTESIAN_POINT('',(-0.0200827645758974,0.0277632361713395,0.00825));
#1759=CARTESIAN_POINT('',(-0.0200827645758974,0.0277632361713395,0.006));
#1760=CARTESIAN_POINT('',(-0.0196392736128211,0.0281214662311346,0.00825));
#1761=CARTESIAN_POINT('',(-0.0196392736128211,0.0281214662311346,0.006));
#1762=CARTESIAN_POINT('',(-0.0193708984456045,0.0283393503664995,0.00825));
#1763=CARTESIAN_POINT('',(-0.0193708984456045,0.0283393503664995,0.006));
#1764=CARTESIAN_POINT('',(-0.0191627436164437,0.0285091793741629,0.00825));
#1765=CARTESIAN_POINT('',(-0.0191627436164437,0.0285091793741629,0.006));
#1766=CARTESIAN_POINT('',(-0.0190106300909189,0.0286337633515525,0.00825));
#1767=CARTESIAN_POINT('',(-0.0190106300909189,0.0286337633515525,0.006));
#1768=CARTESIAN_POINT('',(-0.0188612605860726,0.0287565923254826,0.00825));
#1769=CARTESIAN_POINT('',(-0.0188612605860726,0.0287565923254826,0.006));
#1770=CARTESIAN_POINT('',(-0.0186643414951272,0.0289187213020123,0.00825));
#1771=CARTESIAN_POINT('',(-0.0186643414951272,0.0289187213020123,0.006));
#1772=CARTESIAN_POINT('',(-0.0184217182080118,0.029118048902152,0.00825));
#1773=CARTESIAN_POINT('',(-0.0184217182080118,0.029118048902152,0.006));
#1774=CARTESIAN_POINT('',(-0.0180362720859587,0.0294299933576104,0.00825));
#1775=CARTESIAN_POINT('',(-0.0180362720859587,0.0294299933576104,0.006));
#1776=CARTESIAN_POINT('',(-0.017550932503889,0.0298064649884787,0.00825));
#1777=CARTESIAN_POINT('',(-0.017550932503889,0.0298064649884787,0.006));
#1778=CARTESIAN_POINT('',(-0.0169352745708454,0.0302308824136029,0.00825));
#1779=CARTESIAN_POINT('',(-0.0169352745708454,0.0302308824136029,0.006));
#1780=CARTESIAN_POINT('',(-0.016374851239751,0.0305498516774605,0.00825));
#1781=CARTESIAN_POINT('',(-0.016374851239751,0.0305498516774605,0.006));
#1782=CARTESIAN_POINT('',(-0.0158915617208712,0.0307736905215957,0.00825));
#1783=CARTESIAN_POINT('',(-0.0158915617208712,0.0307736905215957,0.006));
#1784=CARTESIAN_POINT('',(-0.0155112827364782,0.0309232499015077,0.00825));
#1785=CARTESIAN_POINT('',(-0.0155112827364782,0.0309232499015077,0.006));
#1786=CARTESIAN_POINT('',(-0.0151132078306807,0.0310522923688174,0.00825));
#1787=CARTESIAN_POINT('',(-0.0151132078306807,0.0310522923688174,0.006));
#1788=CARTESIAN_POINT('',(-0.0146976224745928,0.0311592544186244,0.00825));
#1789=CARTESIAN_POINT('',(-0.0146976224745928,0.0311592544186244,0.006));
#1790=CARTESIAN_POINT('',(-0.0143368652546197,0.0312293201497335,0.00825));
#1791=CARTESIAN_POINT('',(-0.0143368652546197,0.0312293201497335,0.006));
#1792=CARTESIAN_POINT('',(-0.0140393110648327,0.0312737871829522,0.00825));
#1793=CARTESIAN_POINT('',(-0.0140393110648327,0.0312737871829522,0.006));
#1794=CARTESIAN_POINT('',(-0.0137391092930586,0.0313103842490186,0.00825));
#1795=CARTESIAN_POINT('',(-0.0137391092930586,0.0313103842490186,0.006));
#1796=CARTESIAN_POINT('',(-0.0133577308013209,0.0313427290299186,0.00825));
#1797=CARTESIAN_POINT('',(-0.0133577308013209,0.0313427290299186,0.006));
#1798=CARTESIAN_POINT('',(-0.0127336408888343,0.0313697614537817,0.00825));
#1799=CARTESIAN_POINT('',(-0.0127336408888343,0.0313697614537817,0.006));
#1800=CARTESIAN_POINT('',(-0.011925267767438,0.031363495766319,0.00825));
#1801=CARTESIAN_POINT('',(-0.011925267767438,0.031363495766319,0.006));
#1802=CARTESIAN_POINT('',(-0.0109059243545885,0.0313073028150396,0.00825));
#1803=CARTESIAN_POINT('',(-0.0109059243545885,0.0313073028150396,0.006));
#1804=CARTESIAN_POINT('',(-0.00947960211657378,0.0311836620999573,0.00825));
#1805=CARTESIAN_POINT('',(-0.00947960211657378,0.0311836620999573,0.006));
#1806=CARTESIAN_POINT('',(-0.00795392006138662,0.0310087302593296,0.00825));
#1807=CARTESIAN_POINT('',(-0.00795392006138662,0.0310087302593296,0.006));
#1808=CARTESIAN_POINT('',(-0.00634080808433664,0.0308222331583836,0.00825));
#1809=CARTESIAN_POINT('',(-0.00634080808433664,0.0308222331583836,0.006));
#1810=CARTESIAN_POINT('',(-0.00509171664275709,0.0306860621557633,0.00825));
#1811=CARTESIAN_POINT('',(-0.00509171664275709,0.0306860621557633,0.006));
#1812=CARTESIAN_POINT('',(-0.00380800169407863,0.0305630563438576,0.00825));
#1813=CARTESIAN_POINT('',(-0.00380800169407863,0.0305630563438576,0.006));
#1814=CARTESIAN_POINT('',(-0.00271360931672001,0.0304792952369208,0.00825));
#1815=CARTESIAN_POINT('',(-0.00271360931672001,0.0304792952369208,0.006));
#1816=CARTESIAN_POINT('',(-0.00182596235342564,0.0304281424311669,0.00825));
#1817=CARTESIAN_POINT('',(-0.00182596235342564,0.0304281424311669,0.006));
#1818=CARTESIAN_POINT('',(-0.00115483790267169,0.0303988434615006,0.00825));
#1819=CARTESIAN_POINT('',(-0.00115483790267169,0.0303988434615006,0.006));
#1820=CARTESIAN_POINT('',(-0.00059165084447465,0.0303829309847177,0.00825));
#1821=CARTESIAN_POINT('',(-0.00059165084447465,0.0303829309847177,0.006));
#1822=CARTESIAN_POINT('',(-0.000139082105735467,0.0303758537513359,0.00825));
#1823=CARTESIAN_POINT('',(-0.000139082105735467,0.0303758537513359,0.006));
#1824=CARTESIAN_POINT('',(0.000314674153940152,0.0303727667724538,0.00825));
#1825=CARTESIAN_POINT('',(0.000314674153940152,0.0303727667724538,0.006));
#1826=CARTESIAN_POINT('',(0.00088701177805211,0.0303763293352583,0.00825));
#1827=CARTESIAN_POINT('',(0.00088701177805211,0.0303763293352583,0.006));
#1828=CARTESIAN_POINT('',(0.00180977162428153,0.0303964967078992,0.00825));
#1829=CARTESIAN_POINT('',(0.00180977162428153,0.0303964967078992,0.006));
#1830=CARTESIAN_POINT('',(0.00297083009371554,0.0304464014897196,0.00825));
#1831=CARTESIAN_POINT('',(0.00297083009371554,0.0304464014897196,0.006));
#1832=CARTESIAN_POINT('',(0.00435771436798651,0.0305376522918754,0.00825));
#1833=CARTESIAN_POINT('',(0.00435771436798651,0.0305376522918754,0.006));
#1834=CARTESIAN_POINT('',(0.00572027846367998,0.0306519374185457,0.00825));
#1835=CARTESIAN_POINT('',(0.00572027846367998,0.0306519374185457,0.006));
#1836=CARTESIAN_POINT('',(0.00704097805733104,0.0307808245514876,0.00825));
#1837=CARTESIAN_POINT('',(0.00704097805733104,0.0307808245514876,0.006));
#1838=CARTESIAN_POINT('',(0.00830275137908398,0.0309158337213897,0.00825));
#1839=CARTESIAN_POINT('',(0.00830275137908398,0.0309158337213897,0.006));
#1840=CARTESIAN_POINT('',(0.00948913349017535,0.0310484765467533,0.00825));
#1841=CARTESIAN_POINT('',(0.00948913349017535,0.0310484765467533,0.006));
#1842=CARTESIAN_POINT('',(0.0105846289710272,0.0311702799116362,0.00825));
#1843=CARTESIAN_POINT('',(0.0105846289710272,0.0311702799116362,0.006));
#1844=CARTESIAN_POINT('',(0.0114102138240699,0.0312557144279248,0.00825));
#1845=CARTESIAN_POINT('',(0.0114102138240699,0.0312557144279248,0.006));
#1846=CARTESIAN_POINT('',(0.0120132995662706,0.0313101401570434,0.00825));
#1847=CARTESIAN_POINT('',(0.0120132995662706,0.0313101401570434,0.006));
#1848=CARTESIAN_POINT('',(0.0124364603585193,0.0313428680666364,0.00825));
#1849=CARTESIAN_POINT('',(0.0124364603585193,0.0313428680666364,0.006));
#1850=CARTESIAN_POINT('',(0.0128307843916567,0.0313662726427276,0.00825));
#1851=CARTESIAN_POINT('',(0.0128307843916567,0.0313662726427276,0.006));
#1852=CARTESIAN_POINT('',(0.0131982220324148,0.0313788089046535,0.00825));
#1853=CARTESIAN_POINT('',(0.0131982220324148,0.0313788089046535,0.006));
#1854=CARTESIAN_POINT('',(0.0134859553858604,0.0313783626412902,0.00825));
#1855=CARTESIAN_POINT('',(0.0134859553858604,0.0313783626412902,0.006));
#1856=CARTESIAN_POINT('',(0.0137106465439674,0.0313691292052468,0.00825));
#1857=CARTESIAN_POINT('',(0.0137106465439674,0.0313691292052468,0.006));
#1858=CARTESIAN_POINT('',(0.0138509879100213,0.0313586911844135,0.00825));
#1859=CARTESIAN_POINT('',(0.0138509879100213,0.0313586911844135,0.006));
#1860=CARTESIAN_POINT('',(0.0139649178909523,0.0313465642005171,0.00825));
#1861=CARTESIAN_POINT('',(0.0139649178909523,0.0313465642005171,0.006));
#1862=CARTESIAN_POINT('',(0.0140787682780021,0.0313317326880284,0.00825));
#1863=CARTESIAN_POINT('',(0.0140787682780021,0.0313317326880284,0.006));
#1864=CARTESIAN_POINT('',(0.0142219033998383,0.0313075445990931,0.00825));
#1865=CARTESIAN_POINT('',(0.0142219033998383,0.0313075445990931,0.006));
#1866=CARTESIAN_POINT('',(0.0143948501910295,0.0312677500275116,0.00825));
#1867=CARTESIAN_POINT('',(0.0143948501910295,0.0312677500275116,0.006));
#1868=CARTESIAN_POINT('',(0.0145668516016618,0.031216081045256,0.00825));
#1869=CARTESIAN_POINT('',(0.0145668516016618,0.031216081045256,0.006));
#1870=CARTESIAN_POINT('',(0.0147335519975939,0.0311530084282522,0.00825));
#1871=CARTESIAN_POINT('',(0.0147335519975939,0.0311530084282522,0.006));
#1872=CARTESIAN_POINT('',(0.0148894130221864,0.0310812313158268,0.00825));
#1873=CARTESIAN_POINT('',(0.0148894130221864,0.0310812313158268,0.006));
#1874=CARTESIAN_POINT('',(0.0150294632046484,0.0310053945176855,0.00825));
#1875=CARTESIAN_POINT('',(0.0150294632046484,0.0310053945176855,0.006));
#1876=CARTESIAN_POINT('',(0.0151508920407637,0.0309307508284417,0.00825));
#1877=CARTESIAN_POINT('',(0.0151508920407637,0.0309307508284417,0.006));
#1878=CARTESIAN_POINT('',(0.0152535979357173,0.0308615379835118,0.00825));
#1879=CARTESIAN_POINT('',(0.0152535979357173,0.0308615379835118,0.006));
#1880=CARTESIAN_POINT('',(0.0153397070227499,0.0307999932345273,0.00825));
#1881=CARTESIAN_POINT('',(0.0153397070227499,0.0307999932345273,0.006));
#1882=CARTESIAN_POINT('',(0.015412689911074,0.030746288183783,0.00825));
#1883=CARTESIAN_POINT('',(0.015412689911074,0.030746288183783,0.006));
#1884=CARTESIAN_POINT('',(0.0154659481227731,0.0307069433621903,0.00825));
#1885=CARTESIAN_POINT('',(0.0154659481227731,0.0307069433621903,0.006));
#1886=CARTESIAN_POINT('',(0.0155061076066797,0.0306776283716512,0.00825));
#1887=CARTESIAN_POINT('',(0.0155061076066797,0.0306776283716512,0.006));
#1888=CARTESIAN_POINT('',(0.0155354928725603,0.0306564383625236,0.00825));
#1889=CARTESIAN_POINT('',(0.0155354928725603,0.0306564383625236,0.006));
#1890=CARTESIAN_POINT('',(0.0155647207638928,0.0306356981194294,0.00825));
#1891=CARTESIAN_POINT('',(0.0155647207638928,0.0306356981194294,0.006));
#1892=CARTESIAN_POINT('',(0.0156037241648057,0.0306085500727575,0.00825));
#1893=CARTESIAN_POINT('',(0.0156037241648057,0.0306085500727575,0.006));
#1894=CARTESIAN_POINT('',(0.0156612778829114,0.0305696212907942,0.00825));
#1895=CARTESIAN_POINT('',(0.0156612778829114,0.0305696212907942,0.006));
#1896=CARTESIAN_POINT('',(0.0157419487132262,0.0305167959272089,0.00825));
#1897=CARTESIAN_POINT('',(0.0157419487132262,0.0305167959272089,0.006));
#1898=CARTESIAN_POINT('',(0.0158332889789308,0.0304585238480189,0.00825));
#1899=CARTESIAN_POINT('',(0.0158332889789308,0.0304585238480189,0.006));
#1900=CARTESIAN_POINT('',(0.0159679250950909,0.0303744401518501,0.00825));
#1901=CARTESIAN_POINT('',(0.0159679250950909,0.0303744401518501,0.006));
#1902=CARTESIAN_POINT('',(0.0161582680543153,0.0302585304445453,0.00825));
#1903=CARTESIAN_POINT('',(0.0161582680543153,0.0302585304445453,0.006));
#1904=CARTESIAN_POINT('',(0.0164165846438769,0.0301048178203971,0.00825));
#1905=CARTESIAN_POINT('',(0.0164165846438769,0.0301048178203971,0.006));
#1906=CARTESIAN_POINT('',(0.0167004543292412,0.0299382983789083,0.00825));
#1907=CARTESIAN_POINT('',(0.0167004543292412,0.0299382983789083,0.006));
#1908=CARTESIAN_POINT('',(0.0170060274203831,0.0297604006276639,0.00825));
#1909=CARTESIAN_POINT('',(0.0170060274203831,0.0297604006276639,0.006));
#1910=CARTESIAN_POINT('',(0.0174377164929345,0.0295096035041916,0.00825));
#1911=CARTESIAN_POINT('',(0.0174377164929345,0.0295096035041916,0.006));
#1912=CARTESIAN_POINT('',(0.0180144790542054,0.0291732407810224,0.00825));
#1913=CARTESIAN_POINT('',(0.0180144790542054,0.0291732407810224,0.006));
#1914=CARTESIAN_POINT('',(0.0187412029078022,0.028740155129978,0.00825));
#1915=CARTESIAN_POINT('',(0.0187412029078022,0.028740155129978,0.006));
#1916=CARTESIAN_POINT('',(0.0193562153593734,0.0283597113016449,0.00825));
#1917=CARTESIAN_POINT('',(0.0193562153593734,0.0283597113016449,0.006));
#1918=CARTESIAN_POINT('',(0.0198429819810633,0.0280459205847846,0.00825));
#1919=CARTESIAN_POINT('',(0.0198429819810633,0.0280459205847846,0.006));
#1920=CARTESIAN_POINT('',(0.0201427435449562,0.0278463046093316,0.00825));
#1921=CARTESIAN_POINT('',(0.0201427435449562,0.0278463046093316,0.006));
#1922=CARTESIAN_POINT('',(0.0203789753614609,0.0276843848138348,0.00825));
#1923=CARTESIAN_POINT('',(0.0203789753614609,0.0276843848138348,0.006));
#1924=CARTESIAN_POINT('',(0.0206109722988237,0.027522073198906,0.00825));
#1925=CARTESIAN_POINT('',(0.0206109722988237,0.027522073198906,0.006));
#1926=CARTESIAN_POINT('',(0.0208927540518861,0.0273189287825755,0.00825));
#1927=CARTESIAN_POINT('',(0.0208927540518861,0.0273189287825755,0.006));
#1928=CARTESIAN_POINT('',(0.0212183331284209,0.027075050172484,0.00825));
#1929=CARTESIAN_POINT('',(0.0212183331284209,0.027075050172484,0.006));
#1930=CARTESIAN_POINT('',(0.0216362564350667,0.0267503411106993,0.00825));
#1931=CARTESIAN_POINT('',(0.0216362564350667,0.0267503411106993,0.006));
#1932=CARTESIAN_POINT('',(0.0221294892392498,0.0263463750691289,0.00825));
#1933=CARTESIAN_POINT('',(0.0221294892392498,0.0263463750691289,0.006));
#1934=CARTESIAN_POINT('',(0.022678407169951,0.0258682087690888,0.00825));
#1935=CARTESIAN_POINT('',(0.022678407169951,0.0258682087690888,0.006));
#1936=CARTESIAN_POINT('',(0.0231881295198268,0.0254002229710091,0.00825));
#1937=CARTESIAN_POINT('',(0.0231881295198268,0.0254002229710091,0.006));
#1938=CARTESIAN_POINT('',(0.0235833737471523,0.0250217462330666,0.00825));
#1939=CARTESIAN_POINT('',(0.0235833737471523,0.0250217462330666,0.006));
#1940=CARTESIAN_POINT('',(0.0238837320026702,0.0247276699308641,0.00825));
#1941=CARTESIAN_POINT('',(0.0238837320026702,0.0247276699308641,0.006));
#1942=CARTESIAN_POINT('',(0.0240652116214309,0.0245478994677589,0.00825));
#1943=CARTESIAN_POINT('',(0.0240652116214309,0.0245478994677589,0.006));
#1944=CARTESIAN_POINT('',(0.0242069370111988,0.0244066573711742,0.00825));
#1945=CARTESIAN_POINT('',(0.0242069370111988,0.0244066573711742,0.006));
#1946=CARTESIAN_POINT('',(0.0243113933483035,0.0243022326276697,0.00825));
#1947=CARTESIAN_POINT('',(0.0243113933483035,0.0243022326276697,0.006));
#1948=CARTESIAN_POINT('',(0.0244147367433897,0.024198693559439,0.00825));
#1949=CARTESIAN_POINT('',(0.0244147367433897,0.024198693559439,0.006));
#1950=CARTESIAN_POINT('',(0.0246203426807485,0.0239920706199905,0.00825));
#1951=CARTESIAN_POINT('',(0.0246203426807485,0.0239920706199905,0.006));
#1952=CARTESIAN_POINT('',(0.0249242921542472,0.0236836563661608,0.00825));
#1953=CARTESIAN_POINT('',(0.0249242921542472,0.0236836563661608,0.006));
#1954=CARTESIAN_POINT('',(0.0253235696209834,0.0232667545071548,0.00825));
#1955=CARTESIAN_POINT('',(0.0253235696209834,0.0232667545071548,0.006));
#1956=CARTESIAN_POINT('',(0.0257192714746218,0.0228361334712178,0.00825));
#1957=CARTESIAN_POINT('',(0.0257192714746218,0.0228361334712178,0.006));
#1958=CARTESIAN_POINT('',(0.0260475664846496,0.0224596224712275,0.00825));
#1959=CARTESIAN_POINT('',(0.0260475664846496,0.0224596224712275,0.006));
#1960=CARTESIAN_POINT('',(0.0263100855165995,0.0221443556238961,0.00825));
#1961=CARTESIAN_POINT('',(0.0263100855165995,0.0221443556238961,0.006));
#1962=CARTESIAN_POINT('',(0.0265070710229652,0.0219000928599555,0.00825));
#1963=CARTESIAN_POINT('',(0.0265070710229652,0.0219000928599555,0.006));
#1964=CARTESIAN_POINT('',(0.0266715883350431,0.0216892129623525,0.00825));
#1965=CARTESIAN_POINT('',(0.0266715883350431,0.0216892129623525,0.006));
#1966=CARTESIAN_POINT('',(0.0268032782620517,0.0215160108026043,0.00825));
#1967=CARTESIAN_POINT('',(0.0268032782620517,0.0215160108026043,0.006));
#1968=CARTESIAN_POINT('',(0.0269340066050856,0.0213413247123139,0.00825));
#1969=CARTESIAN_POINT('',(0.0269340066050856,0.0213413247123139,0.006));
#1970=CARTESIAN_POINT('',(0.0270961592454809,0.0211199627489358,0.00825));
#1971=CARTESIAN_POINT('',(0.0270961592454809,0.0211199627489358,0.006));
#1972=CARTESIAN_POINT('',(0.0273530379453293,0.0207610690495952,0.00825));
#1973=CARTESIAN_POINT('',(0.0273530379453293,0.0207610690495952,0.006));
#1974=CARTESIAN_POINT('',(0.0276697573922698,0.0203063796755739,0.00825));
#1975=CARTESIAN_POINT('',(0.0276697573922698,0.0203063796755739,0.006));
#1976=CARTESIAN_POINT('',(0.0280428974235086,0.0197609592065972,0.00825));
#1977=CARTESIAN_POINT('',(0.0280428974235086,0.0197609592065972,0.006));
#1978=CARTESIAN_POINT('',(0.0284082465438268,0.019226410170142,0.00825));
#1979=CARTESIAN_POINT('',(0.0284082465438268,0.019226410170142,0.006));
#1980=CARTESIAN_POINT('',(0.0287048172042011,0.0187994867555989,0.00825));
#1981=CARTESIAN_POINT('',(0.0287048172042011,0.0187994867555989,0.006));
#1982=CARTESIAN_POINT('',(0.0289070944037063,0.0185157129194718,0.00825));
#1983=CARTESIAN_POINT('',(0.0289070944037063,0.0185157129194718,0.006));
#1984=CARTESIAN_POINT('',(0.0290209301446615,0.0183586639637793,0.00825));
#1985=CARTESIAN_POINT('',(0.0290209301446615,0.0183586639637793,0.006));
#1986=CARTESIAN_POINT('',(0.0291053441927667,0.0182436686663334,0.00825));
#1987=CARTESIAN_POINT('',(0.0291053441927667,0.0182436686663334,0.006));
#1988=CARTESIAN_POINT('',(0.0291888031641613,0.0181315526547606,0.00825));
#1989=CARTESIAN_POINT('',(0.0291888031641613,0.0181315526547606,0.006));
#1990=CARTESIAN_POINT('',(0.0292709132589165,0.0180229993447442,0.00825));
#1991=CARTESIAN_POINT('',(0.0292709132589165,0.0180229993447442,0.006));
#1992=CARTESIAN_POINT('',(0.0293548318494358,0.0179136464399666,0.00825));
#1993=CARTESIAN_POINT('',(0.0293548318494358,0.0179136464399666,0.006));
#1994=CARTESIAN_POINT('',(0.0294686838729249,0.0177666400575693,0.00825));
#1995=CARTESIAN_POINT('',(0.0294686838729249,0.0177666400575693,0.006));
#1996=CARTESIAN_POINT('',(0.0296147624587846,0.0175792494029689,0.00825));
#1997=CARTESIAN_POINT('',(0.0296147624587846,0.0175792494029689,0.006));
#1998=CARTESIAN_POINT('',(0.0297952042570918,0.0173449718261545,0.00825));
#1999=CARTESIAN_POINT('',(0.0297952042570918,0.0173449718261545,0.006));
#2000=CARTESIAN_POINT('',(0.0299793157719407,0.0170976342183232,0.00825));
#2001=CARTESIAN_POINT('',(0.0299793157719407,0.0170976342183232,0.006));
#2002=CARTESIAN_POINT('',(0.0302266027471185,0.0167459091080057,0.00825));
#2003=CARTESIAN_POINT('',(0.0302266027471185,0.0167459091080057,0.006));
#2004=CARTESIAN_POINT('',(0.0304706413286466,0.0163546416813834,0.00825));
#2005=CARTESIAN_POINT('',(0.0304706413286466,0.0163546416813834,0.006));
#2006=CARTESIAN_POINT('',(0.030695039144494,0.0159156803468759,0.00825));
#2007=CARTESIAN_POINT('',(0.030695039144494,0.0159156803468759,0.006));
#2008=CARTESIAN_POINT('',(0.0308489614974383,0.0155622038639054,0.00825));
#2009=CARTESIAN_POINT('',(0.0308489614974383,0.0155622038639054,0.006));
#2010=CARTESIAN_POINT('',(0.0309845196193678,0.0151846397413677,0.00825));
#2011=CARTESIAN_POINT('',(0.0309845196193678,0.0151846397413677,0.006));
#2012=CARTESIAN_POINT('',(0.0310795096542408,0.0148504964864881,0.00825));
#2013=CARTESIAN_POINT('',(0.0310795096542408,0.0148504964864881,0.006));
#2014=CARTESIAN_POINT('',(0.0311436299829327,0.0145718078776073,0.00825));
#2015=CARTESIAN_POINT('',(0.0311436299829327,0.0145718078776073,0.006));
#2016=CARTESIAN_POINT('',(0.0311786348689739,0.014392833299456,0.00825));
#2017=CARTESIAN_POINT('',(0.0311786348689739,0.014392833299456,0.006));
#2018=CARTESIAN_POINT('',(0.0312034851031803,0.0142469550438289,0.00825));
#2019=CARTESIAN_POINT('',(0.0312034851031803,0.0142469550438289,0.006));
#2020=CARTESIAN_POINT('',(0.0312260893944444,0.014100525489278,0.00825));
#2021=CARTESIAN_POINT('',(0.0312260893944444,0.014100525489278,0.006));
#2022=CARTESIAN_POINT('',(0.031250427317313,0.0139159095100501,0.00825));
#2023=CARTESIAN_POINT('',(0.031250427317313,0.0139159095100501,0.006));
#2024=CARTESIAN_POINT('',(0.0312738921275911,0.0136917921487172,0.00825));
#2025=CARTESIAN_POINT('',(0.0312738921275911,0.0136917921487172,0.006));
#2026=CARTESIAN_POINT('',(0.031298174990433,0.0133892194725518,0.00825));
#2027=CARTESIAN_POINT('',(0.031298174990433,0.0133892194725518,0.006));
#2028=CARTESIAN_POINT('',(0.0313237563128451,0.0128492998007255,0.00825));
#2029=CARTESIAN_POINT('',(0.0313237563128451,0.0128492998007255,0.006));
#2030=CARTESIAN_POINT('',(0.031319202117448,0.0120451112209927,0.00825));
#2031=CARTESIAN_POINT('',(0.031319202117448,0.0120451112209927,0.006));
#2032=CARTESIAN_POINT('',(0.0312645237477278,0.0110224642188668,0.00825));
#2033=CARTESIAN_POINT('',(0.0312645237477278,0.0110224642188668,0.006));
#2034=CARTESIAN_POINT('',(0.0311731804100583,0.00994185921110256,0.00825));
#2035=CARTESIAN_POINT('',(0.0311731804100583,0.00994185921110256,0.006));
#2036=CARTESIAN_POINT('',(0.031056272647466,0.00880584478191463,0.00825));
#2037=CARTESIAN_POINT('',(0.031056272647466,0.00880584478191463,0.006));
#2038=CARTESIAN_POINT('',(0.0309241914131171,0.00761886423205512,0.00825));
#2039=CARTESIAN_POINT('',(0.0309241914131171,0.00761886423205512,0.006));
#2040=CARTESIAN_POINT('',(0.0307870153263532,0.0063865764465621,0.00825));
#2041=CARTESIAN_POINT('',(0.0307870153263532,0.0063865764465621,0.006));
#2042=CARTESIAN_POINT('',(0.0306546499542624,0.00511545787364501,0.00825));
#2043=CARTESIAN_POINT('',(0.0306546499542624,0.00511545787364501,0.006));
#2044=CARTESIAN_POINT('',(0.0305368815456809,0.00381255306744175,0.00825));
#2045=CARTESIAN_POINT('',(0.0305368815456809,0.00381255306744175,0.006));
#2046=CARTESIAN_POINT('',(0.0304589658603158,0.00270652183234307,0.00825));
#2047=CARTESIAN_POINT('',(0.0304589658603158,0.00270652183234307,0.006));
#2048=CARTESIAN_POINT('',(0.0304135335407636,0.00181340951283762,0.00825));
#2049=CARTESIAN_POINT('',(0.0304135335407636,0.00181340951283762,0.006));
#2050=CARTESIAN_POINT('',(0.0303890816229923,0.00114042747837198,0.00825));
#2051=CARTESIAN_POINT('',(0.0303890816229923,0.00114042747837198,0.006));
#2052=CARTESIAN_POINT('',(0.0303776986352318,0.000577811217389704,0.00825));
#2053=CARTESIAN_POINT('',(0.0303776986352318,0.000577811217389704,0.006));
#2054=CARTESIAN_POINT('',(0.0303745516843588,0.000127163075535444,0.00825));
#2055=CARTESIAN_POINT('',(0.0303745516843588,0.000127163075535444,0.006));
#2056=CARTESIAN_POINT('',(0.0303756048213887,-0.000323749858802563,0.00825));
#2057=CARTESIAN_POINT('',(0.0303756048213887,-0.000323749858802563,0.006));
#2058=CARTESIAN_POINT('',(0.0303846968740032,-0.000890890285535039,0.00825));
#2059=CARTESIAN_POINT('',(0.0303846968740032,-0.000890890285535039,0.006));
#2060=CARTESIAN_POINT('',(0.0304143382907261,-0.00180210781123568,0.00825));
#2061=CARTESIAN_POINT('',(0.0304143382907261,-0.00180210781123568,0.006));
#2062=CARTESIAN_POINT('',(0.030477020852514,-0.00294362524258617,0.00825));
#2063=CARTESIAN_POINT('',(0.030477020852514,-0.00294362524258617,0.006));
#2064=CARTESIAN_POINT('',(0.0305843408851107,-0.00430149711903093,0.00825));
#2065=CARTESIAN_POINT('',(0.0305843408851107,-0.00430149711903093,0.006));
#2066=CARTESIAN_POINT('',(0.0307146690353492,-0.00563209026607254,0.00825));
#2067=CARTESIAN_POINT('',(0.0307146690353492,-0.00563209026607254,0.006));
#2068=CARTESIAN_POINT('',(0.0308588057909264,-0.00692046164721434,0.00825));
#2069=CARTESIAN_POINT('',(0.0308588057909264,-0.00692046164721434,0.006));
#2070=CARTESIAN_POINT('',(0.0310074987273473,-0.00815220045990461,0.00825));
#2071=CARTESIAN_POINT('',(0.0310074987273473,-0.00815220045990461,0.006));
#2072=CARTESIAN_POINT('',(0.0311514800308157,-0.00931358998073185,0.00825));
#2073=CARTESIAN_POINT('',(0.0311514800308157,-0.00931358998073185,0.006));
#2074=CARTESIAN_POINT('',(0.0312814729575815,-0.0103920563472344,0.00825));
#2075=CARTESIAN_POINT('',(0.0312814729575815,-0.0103920563472344,0.006));
#2076=CARTESIAN_POINT('',(0.0313703899634017,-0.011212754366439,0.00825));
#2077=CARTESIAN_POINT('',(0.0313703899634017,-0.011212754366439,0.006));
#2078=CARTESIAN_POINT('',(0.0314250347778545,-0.0118193501029521,0.00825));
#2079=CARTESIAN_POINT('',(0.0314250347778545,-0.0118193501029521,0.006));
#2080=CARTESIAN_POINT('',(0.0314564418985969,-0.0122493602862386,0.00825));
#2081=CARTESIAN_POINT('',(0.0314564418985969,-0.0122493602862386,0.006));
#2082=CARTESIAN_POINT('',(0.0314767484270267,-0.0126552807826196,0.00825));
#2083=CARTESIAN_POINT('',(0.0314767484270267,-0.0126552807826196,0.006));
#2084=CARTESIAN_POINT('',(0.031482808040226,-0.0129753969047791,0.00825));
#2085=CARTESIAN_POINT('',(0.031482808040226,-0.0129753969047791,0.006));
#2086=CARTESIAN_POINT('',(0.0314796045139897,-0.0132231248044353,0.00825));
#2087=CARTESIAN_POINT('',(0.0314796045139897,-0.0132231248044353,0.006));
#2088=CARTESIAN_POINT('',(0.0314725645419984,-0.0134058012547851,0.00825));
#2089=CARTESIAN_POINT('',(0.0314725645419984,-0.0134058012547851,0.006));
#2090=CARTESIAN_POINT('',(0.0314621419248567,-0.013556592140833,0.00825));
#2091=CARTESIAN_POINT('',(0.0314621419248567,-0.013556592140833,0.006));
#2092=CARTESIAN_POINT('',(0.0314504447123582,-0.0136772962683067,0.00825));
#2093=CARTESIAN_POINT('',(0.0314504447123582,-0.0136772962683067,0.006));
#2094=CARTESIAN_POINT('',(0.031436178000088,-0.0137985526343301,0.00825));
#2095=CARTESIAN_POINT('',(0.031436178000088,-0.0137985526343301,0.006));
#2096=CARTESIAN_POINT('',(0.0314135586644797,-0.013947894950535,0.00825));
#2097=CARTESIAN_POINT('',(0.0314135586644797,-0.013947894950535,0.006));
#2098=CARTESIAN_POINT('',(0.0313779780901784,-0.0141243331538509,0.00825));
#2099=CARTESIAN_POINT('',(0.0313779780901784,-0.0141243331538509,0.006));
#2100=CARTESIAN_POINT('',(0.0313334360209264,-0.0142972708728178,0.00825));
#2101=CARTESIAN_POINT('',(0.0313334360209264,-0.0142972708728178,0.006));
#2102=CARTESIAN_POINT('',(0.0312621830975659,-0.0145213043005258,0.00825));
#2103=CARTESIAN_POINT('',(0.0312621830975659,-0.0145213043005258,0.006));
#2104=CARTESIAN_POINT('',(0.0311523788432165,-0.0147836205127092,0.00825));
#2105=CARTESIAN_POINT('',(0.0311523788432165,-0.0147836205127092,0.006));
#2106=CARTESIAN_POINT('',(0.0310046582951794,-0.0150507731587282,0.00825));
#2107=CARTESIAN_POINT('',(0.0310046582951794,-0.0150507731587282,0.006));
#2108=CARTESIAN_POINT('',(0.0308647263618521,-0.0152623705451808,0.00825));
#2109=CARTESIAN_POINT('',(0.0308647263618521,-0.0152623705451808,0.006));
#2110=CARTESIAN_POINT('',(0.0307662431466048,-0.0153992881602104,0.00825));
#2111=CARTESIAN_POINT('',(0.0307662431466048,-0.0153992881602104,0.006));
#2112=CARTESIAN_POINT('',(0.030698108823899,-0.0154936728623356,0.00825));
#2113=CARTESIAN_POINT('',(0.030698108823899,-0.0154936728623356,0.006));
#2114=CARTESIAN_POINT('',(0.0306590947216578,-0.0155483690037832,0.00825));
#2115=CARTESIAN_POINT('',(0.0306590947216578,-0.0155483690037832,0.006));
#2116=CARTESIAN_POINT('',(0.0306294079867022,-0.0155908252994006,0.00825));
#2117=CARTESIAN_POINT('',(0.0306294079867022,-0.0155908252994006,0.006));
#2118=CARTESIAN_POINT('',(0.0306078212573017,-0.0156222044625163,0.00825));
#2119=CARTESIAN_POINT('',(0.0306078212573017,-0.0156222044625163,0.006));
#2120=CARTESIAN_POINT('',(0.0305864117723508,-0.0156539351293046,0.00825));
#2121=CARTESIAN_POINT('',(0.0305864117723508,-0.0156539351293046,0.006));
#2122=CARTESIAN_POINT('',(0.0305634715780698,-0.0156885749948448,0.00825));
#2123=CARTESIAN_POINT('',(0.0305634715780698,-0.0156885749948448,0.006));
#2124=CARTESIAN_POINT('',(0.0305395087072426,-0.0157253914532504,0.00825));
#2125=CARTESIAN_POINT('',(0.0305395087072426,-0.0157253914532504,0.006));
#2126=CARTESIAN_POINT('',(0.0305061647723344,-0.0157774383003469,0.00825));
#2127=CARTESIAN_POINT('',(0.0305061647723344,-0.0157774383003469,0.006));
#2128=CARTESIAN_POINT('',(0.0304445115564702,-0.0158757637905438,0.00825));
#2129=CARTESIAN_POINT('',(0.0304445115564702,-0.0158757637905438,0.006));
#2130=CARTESIAN_POINT('',(0.0303482426429453,-0.0160349729846336,0.00825));
#2131=CARTESIAN_POINT('',(0.0303482426429453,-0.0160349729846336,0.006));
#2132=CARTESIAN_POINT('',(0.0302224430529556,-0.0162507055984838,0.00825));
#2133=CARTESIAN_POINT('',(0.0302224430529556,-0.0162507055984838,0.006));
#2134=CARTESIAN_POINT('',(0.0300434959843066,-0.0165654947787249,0.00825));
#2135=CARTESIAN_POINT('',(0.0300434959843066,-0.0165654947787249,0.006));
#2136=CARTESIAN_POINT('',(0.0298024378200709,-0.0170002028794194,0.00825));
#2137=CARTESIAN_POINT('',(0.0298024378200709,-0.0170002028794194,0.006));
#2138=CARTESIAN_POINT('',(0.0295450683225111,-0.0174676659156264,0.00825));
#2139=CARTESIAN_POINT('',(0.0295450683225111,-0.0174676659156264,0.006));
#2140=CARTESIAN_POINT('',(0.0293322360886215,-0.0178496566410003,0.00825));
#2141=CARTESIAN_POINT('',(0.0293322360886215,-0.0178496566410003,0.006));
#2142=CARTESIAN_POINT('',(0.0291696743904423,-0.0181374998436861,0.00825));
#2143=CARTESIAN_POINT('',(0.0291696743904423,-0.0181374998436861,0.006));
#2144=CARTESIAN_POINT('',(0.0290046366130061,-0.0184240925616707,0.00825));
#2145=CARTESIAN_POINT('',(0.0290046366130061,-0.0184240925616707,0.006));
#2146=CARTESIAN_POINT('',(0.0288651822780336,-0.0186600669334517,0.00825));
#2147=CARTESIAN_POINT('',(0.0288651822780336,-0.0186600669334517,0.006));
#2148=CARTESIAN_POINT('',(0.0287526765861782,-0.0188457111352746,0.00825));
#2149=CARTESIAN_POINT('',(0.0287526765861782,-0.0188457111352746,0.006));
#2150=CARTESIAN_POINT('',(0.0286404368401956,-0.0190277338291933,0.00825));
#2151=CARTESIAN_POINT('',(0.0286404368401956,-0.0190277338291933,0.006));
#2152=CARTESIAN_POINT('',(0.0285001388120257,-0.019249424729583,0.00825));
#2153=CARTESIAN_POINT('',(0.0285001388120257,-0.019249424729583,0.006));
#2154=CARTESIAN_POINT('',(0.0283315581484329,-0.0195067818951463,0.00825));
#2155=CARTESIAN_POINT('',(0.0283315581484329,-0.0195067818951463,0.006));
#2156=CARTESIAN_POINT('',(0.0281060317181242,-0.0198395857360982,0.00825));
#2157=CARTESIAN_POINT('',(0.0281060317181242,-0.0198395857360982,0.006));
#2158=CARTESIAN_POINT('',(0.0278220231820526,-0.0202382961894487,0.00825));
#2159=CARTESIAN_POINT('',(0.0278220231820526,-0.0202382961894487,0.006));
#2160=CARTESIAN_POINT('',(0.0274757999073066,-0.020696037871319,0.00825));
#2161=CARTESIAN_POINT('',(0.0274757999073066,-0.020696037871319,0.006));
#2162=CARTESIAN_POINT('',(0.0271810876934418,-0.0210663690311042,0.00825));
#2163=CARTESIAN_POINT('',(0.0271810876934418,-0.0210663690311042,0.006));
#2164=CARTESIAN_POINT('',(0.0269402745276876,-0.0213601168687883,0.00825));
#2165=CARTESIAN_POINT('',(0.0269402745276876,-0.0213601168687883,0.006));
#2166=CARTESIAN_POINT('',(0.026756912934963,-0.0215800842400442,0.00825));
#2167=CARTESIAN_POINT('',(0.026756912934963,-0.0215800842400442,0.006));
#2168=CARTESIAN_POINT('',(0.0265697324531953,-0.0218015981737888,0.00825));
#2169=CARTESIAN_POINT('',(0.0265697324531953,-0.0218015981737888,0.006));
#2170=CARTESIAN_POINT('',(0.0263150941989646,-0.0220991557592416,0.00825));
#2171=CARTESIAN_POINT('',(0.0263150941989646,-0.0220991557592416,0.006));
#2172=CARTESIAN_POINT('',(0.0258586163129177,-0.0226232505593304,0.00825));
#2173=CARTESIAN_POINT('',(0.0258586163129177,-0.0226232505593304,0.006));
#2174=CARTESIAN_POINT('',(0.0253211024659426,-0.0232212685202953,0.00825));
#2175=CARTESIAN_POINT('',(0.0253211024659426,-0.0232212685202953,0.006));
#2176=CARTESIAN_POINT('',(0.0248533519922069,-0.0237275284570594,0.00825));
#2177=CARTESIAN_POINT('',(0.0248533519922069,-0.0237275284570594,0.006));
#2178=CARTESIAN_POINT('',(0.0245891473026718,-0.0240096340227802,0.00825));
#2179=CARTESIAN_POINT('',(0.0245891473026718,-0.0240096340227802,0.006));
#2180=CARTESIAN_POINT('',(0.0243931021889873,-0.0242170314932938,0.00825));
#2181=CARTESIAN_POINT('',(0.0243931021889873,-0.0242170314932938,0.006));
#2182=CARTESIAN_POINT('',(0.0241997939514585,-0.0244197124051205,0.00825));
#2183=CARTESIAN_POINT('',(0.0241997939514585,-0.0244197124051205,0.006));
#2184=CARTESIAN_POINT('',(0.0239411418166734,-0.0246876127622534,0.00825));
#2185=CARTESIAN_POINT('',(0.0239411418166734,-0.0246876127622534,0.006));
#2186=CARTESIAN_POINT('',(0.0236128965064963,-0.0250190644377535,0.00825));
#2187=CARTESIAN_POINT('',(0.0236128965064963,-0.0250190644377535,0.006));
#2188=CARTESIAN_POINT('',(0.0231993024569666,-0.0254162028669191,0.00825));
#2189=CARTESIAN_POINT('',(0.0231993024569666,-0.0254162028669191,0.006));
#2190=CARTESIAN_POINT('',(0.0227558746168774,-0.0258159698605616,0.00825));
#2191=CARTESIAN_POINT('',(0.0227558746168774,-0.0258159698605616,0.006));
#2192=CARTESIAN_POINT('',(0.0222731229283575,-0.0262215744379318,0.00825));
#2193=CARTESIAN_POINT('',(0.0222731229283575,-0.0262215744379318,0.006));
#2194=CARTESIAN_POINT('',(0.0218305180217248,-0.026567607709797,0.00825));
#2195=CARTESIAN_POINT('',(0.0218305180217248,-0.026567607709797,0.006));
#2196=CARTESIAN_POINT('',(0.0214467110661459,-0.0268519882921252,0.00825));
#2197=CARTESIAN_POINT('',(0.0214467110661459,-0.0268519882921252,0.006));
#2198=CARTESIAN_POINT('',(0.0211483553846029,-0.0270663810673797,0.00825));
#2199=CARTESIAN_POINT('',(0.0211483553846029,-0.0270663810673797,0.006));
#2200=CARTESIAN_POINT('',(0.0208409211719783,-0.027282016873207,0.00825));
#2201=CARTESIAN_POINT('',(0.0208409211719783,-0.027282016873207,0.006));
#2202=CARTESIAN_POINT('',(0.020421627491063,-0.0275704227082234,0.00825));
#2203=CARTESIAN_POINT('',(0.020421627491063,-0.0275704227082234,0.006));
#2204=CARTESIAN_POINT('',(0.0198849954845062,-0.0279312071092366,0.00825));
#2205=CARTESIAN_POINT('',(0.0198849954845062,-0.0279312071092366,0.006));
#2206=CARTESIAN_POINT('',(0.0192386918528185,-0.0283586823980135,0.00825));
#2207=CARTESIAN_POINT('',(0.0192386918528185,-0.0283586823980135,0.006));
#2208=CARTESIAN_POINT('',(0.0187138376026173,-0.0287045818397511,0.00825));
#2209=CARTESIAN_POINT('',(0.0187138376026173,-0.0287045818397511,0.006));
#2210=CARTESIAN_POINT('',(0.0183121653238663,-0.0289711747265787,0.00825));
#2211=CARTESIAN_POINT('',(0.0183121653238663,-0.0289711747265787,0.006));
#2212=CARTESIAN_POINT('',(0.0180226513893966,-0.0291649552055393,0.00825));
#2213=CARTESIAN_POINT('',(0.0180226513893966,-0.0291649552055393,0.006));
#2214=CARTESIAN_POINT('',(0.0177476061600665,-0.0293513868703935,0.00825));
#2215=CARTESIAN_POINT('',(0.0177476061600665,-0.0293513868703935,0.006));
#2216=CARTESIAN_POINT('',(0.0175328744100733,-0.0294995082155356,0.00825));
#2217=CARTESIAN_POINT('',(0.0175328744100733,-0.0294995082155356,0.006));
#2218=CARTESIAN_POINT('',(0.0173713242231437,-0.0296128869862664,0.00825));
#2219=CARTESIAN_POINT('',(0.0173713242231437,-0.0296128869862664,0.006));
#2220=CARTESIAN_POINT('',(0.0172557389810418,-0.0296951086450385,0.00825));
#2221=CARTESIAN_POINT('',(0.0172557389810418,-0.0296951086450385,0.006));
#2222=CARTESIAN_POINT('',(0.0171460344381636,-0.0297743554107396,0.00825));
#2223=CARTESIAN_POINT('',(0.0171460344381636,-0.0297743554107396,0.006));
#2224=CARTESIAN_POINT('',(0.0170432271977545,-0.0298499882991478,0.00825));
#2225=CARTESIAN_POINT('',(0.0170432271977545,-0.0298499882991478,0.006));
#2226=CARTESIAN_POINT('',(0.0169416172431721,-0.029925980109927,0.00825));
#2227=CARTESIAN_POINT('',(0.0169416172431721,-0.029925980109927,0.006));
#2228=CARTESIAN_POINT('',(0.0168070010756432,-0.0300276552813281,0.00825));
#2229=CARTESIAN_POINT('',(0.0168070010756432,-0.0300276552813281,0.006));
#2230=CARTESIAN_POINT('',(0.0166373734276203,-0.0301564472370116,0.00825));
#2231=CARTESIAN_POINT('',(0.0166373734276203,-0.0301564472370116,0.006));
#2232=CARTESIAN_POINT('',(0.016423288913928,-0.0303151784086823,0.00825));
#2233=CARTESIAN_POINT('',(0.016423288913928,-0.0303151784086823,0.006));
#2234=CARTESIAN_POINT('',(0.016190687225563,-0.0304776051189008,0.00825));
#2235=CARTESIAN_POINT('',(0.016190687225563,-0.0304776051189008,0.006));
#2236=CARTESIAN_POINT('',(0.0159330558169357,-0.0306403155028337,0.00825));
#2237=CARTESIAN_POINT('',(0.0159330558169357,-0.0306403155028337,0.006));
#2238=CARTESIAN_POINT('',(0.0156466588439673,-0.0307969420678154,0.00825));
#2239=CARTESIAN_POINT('',(0.0156466588439673,-0.0307969420678154,0.006));
#2240=CARTESIAN_POINT('',(0.0153315473222694,-0.0309395263031671,0.00825));
#2241=CARTESIAN_POINT('',(0.0153315473222694,-0.0309395263031671,0.006));
#2242=CARTESIAN_POINT('',(0.0149910130872234,-0.0310610311254303,0.00825));
#2243=CARTESIAN_POINT('',(0.0149910130872234,-0.0310610311254303,0.006));
#2244=CARTESIAN_POINT('',(0.014689559284513,-0.0311413633515463,0.00825));
#2245=CARTESIAN_POINT('',(0.014689559284513,-0.0311413633515463,0.006));
#2246=CARTESIAN_POINT('',(0.0144389785343009,-0.0311927367798189,0.00825));
#2247=CARTESIAN_POINT('',(0.0144389785343009,-0.0311927367798189,0.006));
#2248=CARTESIAN_POINT('',(0.0142783508322128,-0.0312196187821514,0.00825));
#2249=CARTESIAN_POINT('',(0.0142783508322128,-0.0312196187821514,0.006));
#2250=CARTESIAN_POINT('',(0.0141474973485508,-0.0312380549072793,0.00825));
#2251=CARTESIAN_POINT('',(0.0141474973485508,-0.0312380549072793,0.006));
#2252=CARTESIAN_POINT('',(0.0140161994034139,-0.0312543921078089,0.00825));
#2253=CARTESIAN_POINT('',(0.0140161994034139,-0.0312543921078089,0.006));
#2254=CARTESIAN_POINT('',(0.0138505673110441,-0.0312712223285765,0.00825));
#2255=CARTESIAN_POINT('',(0.0138505673110441,-0.0312712223285765,0.006));
#2256=CARTESIAN_POINT('',(0.0136489212222539,-0.0312863432938902,0.00825));
#2257=CARTESIAN_POINT('',(0.0136489212222539,-0.0312863432938902,0.006));
#2258=CARTESIAN_POINT('',(0.0133754962765405,-0.0313004630600867,0.00825));
#2259=CARTESIAN_POINT('',(0.0133754962765405,-0.0313004630600867,0.006));
#2260=CARTESIAN_POINT('',(0.0130241181433064,-0.0313079117451751,0.00825));
#2261=CARTESIAN_POINT('',(0.0130241181433064,-0.0313079117451751,0.006));
#2262=CARTESIAN_POINT('',(0.0124383959145828,-0.031301596354286,0.00825));
#2263=CARTESIAN_POINT('',(0.0124383959145828,-0.031301596354286,0.006));
#2264=CARTESIAN_POINT('',(0.0116586553153428,-0.031264484804693,0.00825));
#2265=CARTESIAN_POINT('',(0.0116586553153428,-0.031264484804693,0.006));
#2266=CARTESIAN_POINT('',(0.0106438800659804,-0.0311849945313011,0.00825));
#2267=CARTESIAN_POINT('',(0.0106438800659804,-0.0311849945313011,0.006));
#2268=CARTESIAN_POINT('',(0.00955315407257292,-0.0310801229376162,0.00825));
#2269=CARTESIAN_POINT('',(0.00955315407257292,-0.0310801229376162,0.006));
#2270=CARTESIAN_POINT('',(0.00839242323457896,-0.0309588673681742,0.00825));
#2271=CARTESIAN_POINT('',(0.00839242323457896,-0.0309588673681742,0.006));
#2272=CARTESIAN_POINT('',(0.00716933284833385,-0.0308299627646984,0.00825));
#2273=CARTESIAN_POINT('',(0.00716933284833385,-0.0308299627646984,0.006));
#2274=CARTESIAN_POINT('',(0.00589251473252697,-0.0307020508320538,0.00825));
#2275=CARTESIAN_POINT('',(0.00589251473252697,-0.0307020508320538,0.006));
#2276=CARTESIAN_POINT('',(0.00457126374240508,-0.0305837179210219,0.00825));
#2277=CARTESIAN_POINT('',(0.00457126374240508,-0.0305837179210219,0.006));
#2278=CARTESIAN_POINT('',(0.00321526776983788,-0.0304834854015466,0.00825));
#2279=CARTESIAN_POINT('',(0.00321526776983788,-0.0304834854015466,0.006));
#2280=CARTESIAN_POINT('',(0.00183475574731752,-0.0304098368786983,0.00825));
#2281=CARTESIAN_POINT('',(0.00183475574731752,-0.0304098368786983,0.006));
#2282=CARTESIAN_POINT('',(0.000672010366461119,-0.0303774797103601,0.00825));
#2283=CARTESIAN_POINT('',(0.000672010366461119,-0.0303774797103601,0.006));
#2284=CARTESIAN_POINT('',(-0.000259171593503436,-0.0303733030012572,0.00825));
#2285=CARTESIAN_POINT('',(-0.000259171593503436,-0.0303733030012572,0.006));
#2286=CARTESIAN_POINT('',(-0.000961355622706407,-0.0303813956649206,0.00825));
#2287=CARTESIAN_POINT('',(-0.000961355622706407,-0.0303813956649206,0.006));
#2288=CARTESIAN_POINT('',(-0.00166543857825626,-0.0303995239249245,0.00825));
#2289=CARTESIAN_POINT('',(-0.00166543857825626,-0.0303995239249245,0.006));
#2290=CARTESIAN_POINT('',(-0.00260412252496334,-0.0304358422769528,0.00825));
#2291=CARTESIAN_POINT('',(-0.00260412252496334,-0.0304358422769528,0.006));
#2292=CARTESIAN_POINT('',(-0.00377248749521428,-0.0305014906961675,0.00825));
#2293=CARTESIAN_POINT('',(-0.00377248749521428,-0.0305014906961675,0.006));
#2294=CARTESIAN_POINT('',(-0.00515139015538275,-0.0306045814236617,0.00825));
#2295=CARTESIAN_POINT('',(-0.00515139015538275,-0.0306045814236617,0.006));
#2296=CARTESIAN_POINT('',(-0.00649238697789888,-0.0307237709943658,0.00825));
#2297=CARTESIAN_POINT('',(-0.00649238697789888,-0.0307237709943658,0.006));
#2298=CARTESIAN_POINT('',(-0.00778110816395503,-0.0308507937900078,0.00825));
#2299=CARTESIAN_POINT('',(-0.00778110816395503,-0.0308507937900078,0.006));
#2300=CARTESIAN_POINT('',(-0.00900371155577638,-0.0309773543543299,0.00825));
#2301=CARTESIAN_POINT('',(-0.00900371155577638,-0.0309773543543299,0.006));
#2302=CARTESIAN_POINT('',(-0.0101471182376818,-0.0310951474969123,0.00825));
#2303=CARTESIAN_POINT('',(-0.0101471182376818,-0.0310951474969123,0.006));
#2304=CARTESIAN_POINT('',(-0.0111995919106191,-0.0311958280840629,0.00825));
#2305=CARTESIAN_POINT('',(-0.0111995919106191,-0.0311958280840629,0.006));
#2306=CARTESIAN_POINT('',(-0.0119929990413213,-0.031258424765545,0.00825));
#2307=CARTESIAN_POINT('',(-0.0119929990413213,-0.031258424765545,0.006));
#2308=CARTESIAN_POINT('',(-0.0125756750903429,-0.0312911092482209,0.00825));
#2309=CARTESIAN_POINT('',(-0.0125756750903429,-0.0312911092482209,0.006));
#2310=CARTESIAN_POINT('',(-0.0129873150519875,-0.0313055471517696,0.00825));
#2311=CARTESIAN_POINT('',(-0.0129873150519875,-0.0313055471517696,0.006));
#2312=CARTESIAN_POINT('',(-0.013375394481285,-0.0313081731113955,0.00825));
#2313=CARTESIAN_POINT('',(-0.013375394481285,-0.0313081731113955,0.006));
#2314=CARTESIAN_POINT('',(-0.0136823850091008,-0.0312984458511814,0.00825));
#2315=CARTESIAN_POINT('',(-0.0136823850091008,-0.0312984458511814,0.006));
#2316=CARTESIAN_POINT('',(-0.0139222128234907,-0.0312811571123296,0.00825));
#2317=CARTESIAN_POINT('',(-0.0139222128234907,-0.0312811571123296,0.006));
#2318=CARTESIAN_POINT('',(-0.0140709387289924,-0.0312655557453702,0.00825));
#2319=CARTESIAN_POINT('',(-0.0140709387289924,-0.0312655557453702,0.006));
#2320=CARTESIAN_POINT('',(-0.0141906641181796,-0.0312493706153072,0.00825));
#2321=CARTESIAN_POINT('',(-0.0141906641181796,-0.0312493706153072,0.006));
#2322=CARTESIAN_POINT('',(-0.014309300597242,-0.0312306942091259,0.00825));
#2323=CARTESIAN_POINT('',(-0.014309300597242,-0.0312306942091259,0.006));
#2324=CARTESIAN_POINT('',(-0.0144556427408208,-0.0312024798652246,0.00825));
#2325=CARTESIAN_POINT('',(-0.0144556427408208,-0.0312024798652246,0.006));
#2326=CARTESIAN_POINT('',(-0.0146280954189028,-0.031160110656073,0.00825));
#2327=CARTESIAN_POINT('',(-0.0146280954189028,-0.031160110656073,0.006));
#2328=CARTESIAN_POINT('',(-0.0148524839513741,-0.0310919474713995,0.00825));
#2329=CARTESIAN_POINT('',(-0.0148524839513741,-0.0310919474713995,0.006));
#2330=CARTESIAN_POINT('',(-0.01511816499111,-0.030985246984378,0.00825));
#2331=CARTESIAN_POINT('',(-0.01511816499111,-0.030985246984378,0.006));
#2332=CARTESIAN_POINT('',(-0.0153932879888039,-0.0308369185426757,0.00825));
#2333=CARTESIAN_POINT('',(-0.0153932879888039,-0.0308369185426757,0.006));
#2334=CARTESIAN_POINT('',(-0.0155758257899739,-0.0307169509919449,0.00825));
#2335=CARTESIAN_POINT('',(-0.0155758257899739,-0.0307169509919449,0.006));
#2336=CARTESIAN_POINT('',(-0.015696385493761,-0.0306316927964775,0.00825));
#2337=CARTESIAN_POINT('',(-0.015696385493761,-0.0306316927964775,0.006));
#2338=CARTESIAN_POINT('',(-0.0157759916455656,-0.0305736349404601,0.00825));
#2339=CARTESIAN_POINT('',(-0.0157759916455656,-0.0305736349404601,0.006));
#2340=CARTESIAN_POINT('',(-0.0158469415498407,-0.0305213515213684,0.00825));
#2341=CARTESIAN_POINT('',(-0.0158469415498407,-0.0305213515213684,0.006));
#2342=CARTESIAN_POINT('',(-0.0159115669985276,-0.0304740754555352,0.00825));
#2343=CARTESIAN_POINT('',(-0.0159115669985276,-0.0304740754555352,0.006));
#2344=CARTESIAN_POINT('',(-0.0159625880946555,-0.0304375969570772,0.00825));
#2345=CARTESIAN_POINT('',(-0.0159625880946555,-0.0304375969570772,0.006));
#2346=CARTESIAN_POINT('',(-0.016002268614245,-0.030409960316147,0.00825));
#2347=CARTESIAN_POINT('',(-0.016002268614245,-0.030409960316147,0.006));
#2348=CARTESIAN_POINT('',(-0.0160441548647415,-0.0303813677571172,0.00825));
#2349=CARTESIAN_POINT('',(-0.0160441548647415,-0.0303813677571172,0.006));
#2350=CARTESIAN_POINT('',(-0.0161030969496041,-0.0303421996234943,0.00825));
#2351=CARTESIAN_POINT('',(-0.0161030969496041,-0.0303421996234943,0.006));
#2352=CARTESIAN_POINT('',(-0.0162091297362073,-0.0302739109690286,0.00825));
#2353=CARTESIAN_POINT('',(-0.0162091297362073,-0.0302739109690286,0.006));
#2354=CARTESIAN_POINT('',(-0.0163622654139997,-0.0301789393882536,0.00825));
#2355=CARTESIAN_POINT('',(-0.0163622654139997,-0.0301789393882536,0.006));
#2356=CARTESIAN_POINT('',(-0.0165738720555394,-0.030052391477342,0.00825));
#2357=CARTESIAN_POINT('',(-0.0165738720555394,-0.030052391477342,0.006));
#2358=CARTESIAN_POINT('',(-0.0168094452822808,-0.0299148097989278,0.00825));
#2359=CARTESIAN_POINT('',(-0.0168094452822808,-0.0299148097989278,0.006));
#2360=CARTESIAN_POINT('',(-0.0170656316660064,-0.0297672387839749,0.00825));
#2361=CARTESIAN_POINT('',(-0.0170656316660064,-0.0297672387839749,0.006));
#2362=CARTESIAN_POINT('',(-0.0173394849039474,-0.0296103703152106,0.00825));
#2363=CARTESIAN_POINT('',(-0.0173394849039474,-0.0296103703152106,0.006));
#2364=CARTESIAN_POINT('',(-0.0177246066693647,-0.0293894476974829,0.00825));
#2365=CARTESIAN_POINT('',(-0.0177246066693647,-0.0293894476974829,0.006));
#2366=CARTESIAN_POINT('',(-0.0181346544818986,-0.0291515866090929,0.00825));
#2367=CARTESIAN_POINT('',(-0.0181346544818986,-0.0291515866090929,0.006));
#2368=CARTESIAN_POINT('',(-0.0185603960288043,-0.0288975039902773,0.00825));
#2369=CARTESIAN_POINT('',(-0.0185603960288043,-0.0288975039902773,0.006));
#2370=CARTESIAN_POINT('',(-0.018885393995042,-0.0286988752686142,0.00825));
#2371=CARTESIAN_POINT('',(-0.018885393995042,-0.0286988752686142,0.006));
#2372=CARTESIAN_POINT('',(-0.0192140169328416,-0.0284921331075705,0.00825));
#2373=CARTESIAN_POINT('',(-0.0192140169328416,-0.0284921331075705,0.006));
#2374=CARTESIAN_POINT('',(-0.0194890716009042,-0.0283131014899106,0.00825));
#2375=CARTESIAN_POINT('',(-0.0194890716009042,-0.0283131014899106,0.006));
#2376=CARTESIAN_POINT('',(-0.0197091233000888,-0.0281655015386006,0.00825));
#2377=CARTESIAN_POINT('',(-0.0197091233000888,-0.0281655015386006,0.006));
#2378=CARTESIAN_POINT('',(-0.0199267226042561,-0.0280165507623403,0.00825));
#2379=CARTESIAN_POINT('',(-0.0199267226042561,-0.0280165507623403,0.006));
#2380=CARTESIAN_POINT('',(-0.0201941903160659,-0.0278281831491726,0.00825));
#2381=CARTESIAN_POINT('',(-0.0201941903160659,-0.0278281831491726,0.006));
#2382=CARTESIAN_POINT('',(-0.0205071809285253,-0.0276000852916503,0.00825));
#2383=CARTESIAN_POINT('',(-0.0205071809285253,-0.0276000852916503,0.006));
#2384=CARTESIAN_POINT('',(-0.0209129784748648,-0.0272950769127052,0.00825));
#2385=CARTESIAN_POINT('',(-0.0209129784748648,-0.0272950769127052,0.006));
#2386=CARTESIAN_POINT('',(-0.0213967965925475,-0.0269156937482843,0.00825));
#2387=CARTESIAN_POINT('',(-0.0213967965925475,-0.0269156937482843,0.006));
#2388=CARTESIAN_POINT('',(-0.0219336611156258,-0.0264747861239087,0.00825));
#2389=CARTESIAN_POINT('',(-0.0219336611156258,-0.0264747861239087,0.006));
#2390=CARTESIAN_POINT('',(-0.0223390435007843,-0.0261289030973875,0.00825));
#2391=CARTESIAN_POINT('',(-0.0223390435007843,-0.0261289030973875,0.006));
#2392=CARTESIAN_POINT('',(-0.0226345726529932,-0.0258710032591112,0.00825));
#2393=CARTESIAN_POINT('',(-0.0226345726529932,-0.0258710032591112,0.006));
#2394=CARTESIAN_POINT('',(-0.0228408912986844,-0.0256884843102712,0.00825));
#2395=CARTESIAN_POINT('',(-0.0228408912986844,-0.0256884843102712,0.006));
#2396=CARTESIAN_POINT('',(-0.0229991867934901,-0.0255467975151543,0.00825));
#2397=CARTESIAN_POINT('',(-0.0229991867934901,-0.0255467975151543,0.006));
#2398=CARTESIAN_POINT('',(-0.0231171863181852,-0.0254404294478004,0.00825));
#2399=CARTESIAN_POINT('',(-0.0231171863181852,-0.0254404294478004,0.006));
#2400=CARTESIAN_POINT('',(-0.0232289495963596,-0.0253392620930317,0.00825));
#2401=CARTESIAN_POINT('',(-0.0232289495963596,-0.0253392620930317,0.006));
#2402=CARTESIAN_POINT('',(-0.0233588903978174,-0.0252209653867922,0.00825));
#2403=CARTESIAN_POINT('',(-0.0233588903978174,-0.0252209653867922,0.006));
#2404=CARTESIAN_POINT('',(-0.0235039713009719,-0.025087447406529,0.00825));
#2405=CARTESIAN_POINT('',(-0.0235039713009719,-0.025087447406529,0.006));
#2406=CARTESIAN_POINT('',(-0.0236416112566522,-0.0249589992225392,0.00825));
#2407=CARTESIAN_POINT('',(-0.0236416112566522,-0.0249589992225392,0.006));
#2408=CARTESIAN_POINT('',(-0.0238196645449607,-0.0247900956026281,0.00825));
#2409=CARTESIAN_POINT('',(-0.0238196645449607,-0.0247900956026281,0.006));
#2410=CARTESIAN_POINT('',(-0.0239953215302495,-0.0246190184123985,0.00825));
#2411=CARTESIAN_POINT('',(-0.0239953215302495,-0.0246190184123985,0.006));
#2412=CARTESIAN_POINT('',(-0.0241811451533144,-0.0244337774920551,0.00825));
#2413=CARTESIAN_POINT('',(-0.0241811451533144,-0.0244337774920551,0.006));
#2414=CARTESIAN_POINT('',(-0.024328952312663,-0.0242846356532909,0.00825));
#2415=CARTESIAN_POINT('',(-0.024328952312663,-0.0242846356532909,0.006));
#2416=CARTESIAN_POINT('',(-0.0244903287886311,-0.0241202648660694,0.00825));
#2417=CARTESIAN_POINT('',(-0.0244903287886311,-0.0241202648660694,0.006));
#2418=CARTESIAN_POINT('',(-0.0247219525899034,-0.0238818649725701,0.00825));
#2419=CARTESIAN_POINT('',(-0.0247219525899034,-0.0238818649725701,0.006));
#2420=CARTESIAN_POINT('',(-0.0250377631916358,-0.0235514248346269,0.00825));
#2421=CARTESIAN_POINT('',(-0.0250377631916358,-0.0235514248346269,0.006));
#2422=CARTESIAN_POINT('',(-0.0254453283874792,-0.0231132793585765,0.00825));
#2423=CARTESIAN_POINT('',(-0.0254453283874792,-0.0231132793585765,0.006));
#2424=CARTESIAN_POINT('',(-0.0257976376357309,-0.0227218946808978,0.00825));
#2425=CARTESIAN_POINT('',(-0.0257976376357309,-0.0227218946808978,0.006));
#2426=CARTESIAN_POINT('',(-0.0260805642873334,-0.0223977767480159,0.00825));
#2427=CARTESIAN_POINT('',(-0.0260805642873334,-0.0223977767480159,0.006));
#2428=CARTESIAN_POINT('',(-0.0262916990899715,-0.0221502973565991,0.00825));
#2429=CARTESIAN_POINT('',(-0.0262916990899715,-0.0221502973565991,0.006));
#2430=CARTESIAN_POINT('',(-0.026465486521508,-0.0219412371069123,0.00825));
#2431=CARTESIAN_POINT('',(-0.026465486521508,-0.0219412371069123,0.006));
#2432=CARTESIAN_POINT('',(-0.0266023968436833,-0.0217728404378694,0.00825));
#2433=CARTESIAN_POINT('',(-0.0266023968436833,-0.0217728404378694,0.006));
#2434=CARTESIAN_POINT('',(-0.0267040002112916,-0.0216458618007399,0.00825));
#2435=CARTESIAN_POINT('',(-0.0267040002112916,-0.0216458618007399,0.006));
#2436=CARTESIAN_POINT('',(-0.0268036666827563,-0.0215191525361381,0.00825));
#2437=CARTESIAN_POINT('',(-0.0268036666827563,-0.0215191525361381,0.006));
#2438=CARTESIAN_POINT('',(-0.0269333782822056,-0.0213515625327584,0.00825));
#2439=CARTESIAN_POINT('',(-0.0269333782822056,-0.0213515625327584,0.006));
#2440=CARTESIAN_POINT('',(-0.0270901984740054,-0.0211442638516833,0.00825));
#2441=CARTESIAN_POINT('',(-0.0270901984740054,-0.0211442638516833,0.006));
#2442=CARTESIAN_POINT('',(-0.0272707172785009,-0.0208993907013684,0.00825));
#2443=CARTESIAN_POINT('',(-0.0272707172785009,-0.0208993907013684,0.006));
#2444=CARTESIAN_POINT('',(-0.0275025238768644,-0.0205782918012304,0.00825));
#2445=CARTESIAN_POINT('',(-0.0275025238768644,-0.0205782918012304,0.006));
#2446=CARTESIAN_POINT('',(-0.0277780660138611,-0.0201874783291672,0.00825));
#2447=CARTESIAN_POINT('',(-0.0277780660138611,-0.0201874783291672,0.006));
#2448=CARTESIAN_POINT('',(-0.0280413178257688,-0.0198111941971269,0.00825));
#2449=CARTESIAN_POINT('',(-0.0280413178257688,-0.0198111941971269,0.006));
#2450=CARTESIAN_POINT('',(-0.0282485888794964,-0.019518567552513,0.00825));
#2451=CARTESIAN_POINT('',(-0.0282485888794964,-0.019518567552513,0.006));
#2452=CARTESIAN_POINT('',(-0.0284033946258135,-0.0193031027528579,0.00825));
#2453=CARTESIAN_POINT('',(-0.0284033946258135,-0.0193031027528579,0.006));
#2454=CARTESIAN_POINT('',(-0.0285327276035469,-0.0191266635223852,0.00825));
#2455=CARTESIAN_POINT('',(-0.0285327276035469,-0.0191266635223852,0.006));
#2456=CARTESIAN_POINT('',(-0.028636891164802,-0.0189872490994248,0.00825));
#2457=CARTESIAN_POINT('',(-0.028636891164802,-0.0189872490994248,0.006));
#2458=CARTESIAN_POINT('',(-0.0287024425352451,-0.0189007338524817,0.00825));
#2459=CARTESIAN_POINT('',(-0.0287024425352451,-0.0189007338524817,0.006));
#2460=CARTESIAN_POINT('',(-0.0287551028538721,-0.0188320290431827,0.00825));
#2461=CARTESIAN_POINT('',(-0.0287551028538721,-0.0188320290431827,0.006));
#2462=CARTESIAN_POINT('',(-0.028808874627814,-0.0187623886489869,0.00825));
#2463=CARTESIAN_POINT('',(-0.028808874627814,-0.0187623886489869,0.006));
#2464=CARTESIAN_POINT('',(-0.0288779988371844,-0.0186736748366811,0.00825));
#2465=CARTESIAN_POINT('',(-0.0288779988371844,-0.0186736748366811,0.006));
#2466=CARTESIAN_POINT('',(-0.0289638252429762,-0.0185643774489583,0.00825));
#2467=CARTESIAN_POINT('',(-0.0289638252429762,-0.0185643774489583,0.006));
#2468=CARTESIAN_POINT('',(-0.0290817721500345,-0.0184146743172114,0.00825));
#2469=CARTESIAN_POINT('',(-0.0290817721500345,-0.0184146743172114,0.006));
#2470=CARTESIAN_POINT('',(-0.0292351783023361,-0.0182196927019065,0.00825));
#2471=CARTESIAN_POINT('',(-0.0292351783023361,-0.0182196927019065,0.006));
#2472=CARTESIAN_POINT('',(-0.0294266261580262,-0.0179717492326408,0.00825));
#2473=CARTESIAN_POINT('',(-0.0294266261580262,-0.0179717492326408,0.006));
#2474=CARTESIAN_POINT('',(-0.029622991324762,-0.0177082934171894,0.00825));
#2475=CARTESIAN_POINT('',(-0.029622991324762,-0.0177082934171894,0.006));
#2476=CARTESIAN_POINT('',(-0.0298877726816283,-0.0173342091721641,0.00825));
#2477=CARTESIAN_POINT('',(-0.0298877726816283,-0.0173342091721641,0.006));
#2478=CARTESIAN_POINT('',(-0.0301512411118132,-0.0169226141792325,0.00825));
#2479=CARTESIAN_POINT('',(-0.0301512411118132,-0.0169226141792325,0.006));
#2480=CARTESIAN_POINT('',(-0.0304004581966934,-0.0164680220555804,0.00825));
#2481=CARTESIAN_POINT('',(-0.0304004581966934,-0.0164680220555804,0.006));
#2482=CARTESIAN_POINT('',(-0.0305767708599823,-0.0161046709754542,0.00825));
#2483=CARTESIAN_POINT('',(-0.0305767708599823,-0.0161046709754542,0.006));
#2484=CARTESIAN_POINT('',(-0.0307390677687884,-0.0157183106694621,0.00825));
#2485=CARTESIAN_POINT('',(-0.0307390677687884,-0.0157183106694621,0.006));
#2486=CARTESIAN_POINT('',(-0.0308840738716107,-0.0153086562925007,0.00825));
#2487=CARTESIAN_POINT('',(-0.0308840738716107,-0.0153086562925007,0.006));
#2488=CARTESIAN_POINT('',(-0.0309879613785065,-0.0149480478091491,0.00825));
#2489=CARTESIAN_POINT('',(-0.0309879613785065,-0.0149480478091491,0.006));
#2490=CARTESIAN_POINT('',(-0.0310507031270621,-0.0146853426448308,0.00825));
#2491=CARTESIAN_POINT('',(-0.0310507031270621,-0.0146853426448308,0.006));
#2492=CARTESIAN_POINT('',(-0.0310834679125414,-0.0145327083558495,0.00825));
#2493=CARTESIAN_POINT('',(-0.0310834679125414,-0.0145327083558495,0.006));
#2494=CARTESIAN_POINT('',(-0.0311292670059337,-0.0143028584683903,0.00825));
#2495=CARTESIAN_POINT('',(-0.0311292670059337,-0.0143028584683903,0.006));
#2496=CARTESIAN_POINT('',(-0.0311861637510197,-0.0139533877621358,0.00825));
#2497=CARTESIAN_POINT('',(-0.0311861637510197,-0.0139533877621358,0.006));
#2498=CARTESIAN_POINT('',(-0.031240034544894,-0.0134774527472941,0.00825));
#2499=CARTESIAN_POINT('',(-0.031240034544894,-0.0134774527472941,0.006));
#2500=CARTESIAN_POINT('',(-0.031274686908558,-0.0129909438149904,0.00825));
#2501=CARTESIAN_POINT('',(-0.031274686908558,-0.0129909438149904,0.006));
#2502=CARTESIAN_POINT('',(-0.031298358996648,-0.0123275356304323,0.00825));
#2503=CARTESIAN_POINT('',(-0.031298358996648,-0.0123275356304323,0.006));
#2504=CARTESIAN_POINT('',(-0.0312908509223302,-0.0114694882568877,0.00825));
#2505=CARTESIAN_POINT('',(-0.0312908509223302,-0.0114694882568877,0.006));
#2506=CARTESIAN_POINT('',(-0.0312360214979459,-0.0103915753877923,0.00825));
#2507=CARTESIAN_POINT('',(-0.0312360214979459,-0.0103915753877923,0.006));
#2508=CARTESIAN_POINT('',(-0.0311467057814649,-0.00926505416524129,0.00825));
#2509=CARTESIAN_POINT('',(-0.0311467057814649,-0.00926505416524129,0.006));
#2510=CARTESIAN_POINT('',(-0.0309953731255119,-0.00769973016959104,0.00825));
#2511=CARTESIAN_POINT('',(-0.0309953731255119,-0.00769973016959104,0.006));
#2512=CARTESIAN_POINT('',(-0.0308152520121764,-0.00604354783058291,0.00825));
#2513=CARTESIAN_POINT('',(-0.0308152520121764,-0.00604354783058291,0.006));
#2514=CARTESIAN_POINT('',(-0.0306437608988298,-0.00430941271755362,0.00825));
#2515=CARTESIAN_POINT('',(-0.0306437608988298,-0.00430941271755362,0.006));
#2516=CARTESIAN_POINT('',(-0.0305285555740779,-0.00297387889483133,0.00825));
#2517=CARTESIAN_POINT('',(-0.0305285555740779,-0.00297387889483133,0.006));
#2518=CARTESIAN_POINT('',(-0.0304512705953203,-0.00183525067947798,0.00825));
#2519=CARTESIAN_POINT('',(-0.0304512705953203,-0.00183525067947798,0.006));
#2520=CARTESIAN_POINT('',(-0.0304051475049841,-0.000911188734793251,0.00825));
#2521=CARTESIAN_POINT('',(-0.0304051475049841,-0.000911188734793251,0.006));
#2522=CARTESIAN_POINT('',(-0.0303837753793412,-0.000328509153625212,0.00825));
#2523=CARTESIAN_POINT('',(-0.0303837753793412,-0.000328509153625212,0.006));
#2524=CARTESIAN_POINT('',(-0.0303717291762919,0.000140135684210696,0.00825));
#2525=CARTESIAN_POINT('',(-0.0303717291762919,0.000140135684210696,0.006));
#2526=CARTESIAN_POINT('',(-0.030363120287292,0.000611761589512785,0.00825));
#2527=CARTESIAN_POINT('',(-0.030363120287292,0.000611761589512785,0.006));
#2528=CARTESIAN_POINT('',(-0.030358491837156,0.0012063575806617,0.00825));
#2529=CARTESIAN_POINT('',(-0.030358491837156,0.0012063575806617,0.006));
#2530=CARTESIAN_POINT('',(-0.0303619628403361,0.00192543586342262,0.00825));
#2531=CARTESIAN_POINT('',(-0.0303619628403361,0.00192543586342262,0.006));
#2532=CARTESIAN_POINT('',(-0.0303775139431276,0.00288842450298221,0.00825));
#2533=CARTESIAN_POINT('',(-0.0303775139431276,0.00288842450298221,0.006));
#2534=CARTESIAN_POINT('',(-0.0304153408360164,0.00409406164268591,0.00825));
#2535=CARTESIAN_POINT('',(-0.0304153408360164,0.00409406164268591,0.006));
#2536=CARTESIAN_POINT('',(-0.0304833158353715,0.00552505026213361,0.00825));
#2537=CARTESIAN_POINT('',(-0.0304833158353715,0.00552505026213361,0.006));
#2538=CARTESIAN_POINT('',(-0.0305669335788802,0.00692183805481562,0.00825));
#2539=CARTESIAN_POINT('',(-0.0305669335788802,0.00692183805481562,0.006));
#2540=CARTESIAN_POINT('',(-0.0306592034354597,0.00826637524478092,0.00825));
#2541=CARTESIAN_POINT('',(-0.0306592034354597,0.00826637524478092,0.006));
#2542=CARTESIAN_POINT('',(-0.0307531093197861,0.00954106516016573,0.00825));
#2543=CARTESIAN_POINT('',(-0.0307531093197861,0.00954106516016573,0.006));
#2544=CARTESIAN_POINT('',(-0.0308416286811946,0.0107289397851233,0.00825));
#2545=CARTESIAN_POINT('',(-0.0308416286811946,0.0107289397851233,0.006));
#2546=CARTESIAN_POINT('',(-0.0309177226805655,0.0118141475252783,0.00825));
#2547=CARTESIAN_POINT('',(-0.0309177226805655,0.0118141475252783,0.006));
#2548=CARTESIAN_POINT('',(-0.0309648802286956,0.0126213211547246,0.00825));
#2549=CARTESIAN_POINT('',(-0.0309648802286956,0.0126213211547246,0.006));
#2550=CARTESIAN_POINT('',(-0.0309890947446941,0.0132044016275738,0.00825));
#2551=CARTESIAN_POINT('',(-0.0309890947446941,0.0132044016275738,0.006));
#2552=CARTESIAN_POINT('',(-0.0309994181332949,0.0136103827256201,0.00825));
#2553=CARTESIAN_POINT('',(-0.0309994181332949,0.0136103827256201,0.006));
#2554=CARTESIAN_POINT('',(-0.0310005641576423,0.0139862586647472,0.00825));
#2555=CARTESIAN_POINT('',(-0.0310005641576423,0.0139862586647472,0.006));
#2556=CARTESIAN_POINT('',(-0.0309922797514298,0.0142774181863044,0.00825));
#2557=CARTESIAN_POINT('',(-0.0309922797514298,0.0142774181863044,0.006));
#2558=CARTESIAN_POINT('',(-0.0309781580554945,0.0145016482916408,0.00825));
#2559=CARTESIAN_POINT('',(-0.0309781580554945,0.0145016482916408,0.006));
#2560=CARTESIAN_POINT('',(-0.0309654112864834,0.0146400011966509,0.00825));
#2561=CARTESIAN_POINT('',(-0.0309654112864834,0.0146400011966509,0.006));
#2562=CARTESIAN_POINT('',(-0.0309521031124153,0.014751066113078,0.00825));
#2563=CARTESIAN_POINT('',(-0.0309521031124153,0.014751066113078,0.006));
#2564=CARTESIAN_POINT('',(-0.030936241197594,0.0148634871884801,0.00825));
#2565=CARTESIAN_POINT('',(-0.030936241197594,0.0148634871884801,0.006));
#2566=CARTESIAN_POINT('',(-0.0309113378036072,0.0150042072452981,0.00825));
#2567=CARTESIAN_POINT('',(-0.0309113378036072,0.0150042072452981,0.006));
#2568=CARTESIAN_POINT('',(-0.0308714365466122,0.0151743537018361,0.00825));
#2569=CARTESIAN_POINT('',(-0.0308714365466122,0.0151743537018361,0.006));
#2570=CARTESIAN_POINT('',(-0.0308198145267931,0.0153448961561803,0.00825));
#2571=CARTESIAN_POINT('',(-0.0308198145267931,0.0153448961561803,0.006));
#2572=CARTESIAN_POINT('',(-0.0307560753415146,0.0155122420825661,0.00825));
#2573=CARTESIAN_POINT('',(-0.0307560753415146,0.0155122420825661,0.006));
#2574=CARTESIAN_POINT('',(-0.0306821980088676,0.015670619190806,0.00825));
#2575=CARTESIAN_POINT('',(-0.0306821980088676,0.015670619190806,0.006));
#2576=CARTESIAN_POINT('',(-0.0306028677401963,0.0158137757711527,0.00825));
#2577=CARTESIAN_POINT('',(-0.0306028677401963,0.0158137757711527,0.006));
#2578=CARTESIAN_POINT('',(-0.0305243273745193,0.0159372133279994,0.00825));
#2579=CARTESIAN_POINT('',(-0.0305243273745193,0.0159372133279994,0.006));
#2580=CARTESIAN_POINT('',(-0.0304522599470212,0.0160395222989622,0.00825));
#2581=CARTESIAN_POINT('',(-0.0304522599470212,0.0160395222989622,0.006));
#2582=CARTESIAN_POINT('',(-0.030390064973159,0.0161222472097051,0.00825));
#2583=CARTESIAN_POINT('',(-0.030390064973159,0.0161222472097051,0.006));
#2584=CARTESIAN_POINT('',(-0.0303383745554038,0.0161888934602375,0.00825));
#2585=CARTESIAN_POINT('',(-0.0303383745554038,0.0161888934602375,0.006));
#2586=CARTESIAN_POINT('',(-0.0303027477281879,0.0162347429646626,0.00825));
#2587=CARTESIAN_POINT('',(-0.0303027477281879,0.0162347429646626,0.006));
#2588=CARTESIAN_POINT('',(-0.0302773114202658,0.0162679892158099,0.00825));
#2589=CARTESIAN_POINT('',(-0.0302773114202658,0.0162679892158099,0.006));
#2590=CARTESIAN_POINT('',(-0.0302593918000587,0.0162917698975994,0.00825));
#2591=CARTESIAN_POINT('',(-0.0302593918000587,0.0162917698975994,0.006));
#2592=CARTESIAN_POINT('',(-0.0302450400991084,0.0163111943001171,0.00825));
#2593=CARTESIAN_POINT('',(-0.0302450400991084,0.0163111943001171,0.006));
#2594=CARTESIAN_POINT('',(-0.0302338666065166,0.0163265806951923,0.00825));
#2595=CARTESIAN_POINT('',(-0.0302338666065166,0.0163265806951923,0.006));
#2596=CARTESIAN_POINT('',(-0.0302219574769387,0.0163431753573336,0.00825));
#2597=CARTESIAN_POINT('',(-0.0302219574769387,0.0163431753573336,0.006));
#2598=CARTESIAN_POINT('',(-0.0302058061285772,0.0163660530527788,0.00825));
#2599=CARTESIAN_POINT('',(-0.0302058061285772,0.0163660530527788,0.006));
#2600=CARTESIAN_POINT('',(-0.030177548106425,0.0164068927740422,0.00825));
#2601=CARTESIAN_POINT('',(-0.030177548106425,0.0164068927740422,0.006));
#2602=CARTESIAN_POINT('',(-0.0301381666434452,0.0164653172740048,0.00825));
#2603=CARTESIAN_POINT('',(-0.0301381666434452,0.0164653172740048,0.006));
#2604=CARTESIAN_POINT('',(-0.0300855224998546,0.0165457647714397,0.00825));
#2605=CARTESIAN_POINT('',(-0.0300855224998546,0.0165457647714397,0.006));
#2606=CARTESIAN_POINT('',(-0.0300091904857437,0.0166652624225437,0.00825));
#2607=CARTESIAN_POINT('',(-0.0300091904857437,0.0166652624225437,0.006));
#2608=CARTESIAN_POINT('',(-0.029903819103696,0.016835059543916,0.00825));
#2609=CARTESIAN_POINT('',(-0.029903819103696,0.016835059543916,0.006));
#2610=CARTESIAN_POINT('',(-0.0297649347472814,0.0170650432939817,0.00825));
#2611=CARTESIAN_POINT('',(-0.0297649347472814,0.0170650432939817,0.006));
#2612=CARTESIAN_POINT('',(-0.029616081304326,0.0173159817761824,0.00825));
#2613=CARTESIAN_POINT('',(-0.029616081304326,0.0173159817761824,0.006));
#2614=CARTESIAN_POINT('',(-0.0294069764490598,0.0176722865415738,0.00825));
#2615=CARTESIAN_POINT('',(-0.0294069764490598,0.0176722865415738,0.006));
#2616=CARTESIAN_POINT('',(-0.0291299963357831,0.0181475783925453,0.00825));
#2617=CARTESIAN_POINT('',(-0.0291299963357831,0.0181475783925453,0.006));
#2618=CARTESIAN_POINT('',(-0.0288419580531582,0.0186365157257643,0.00825));
#2619=CARTESIAN_POINT('',(-0.0288419580531582,0.0186365157257643,0.006));
#2620=CARTESIAN_POINT('',(-0.0286094758628897,0.0190218186299319,0.00825));
#2621=CARTESIAN_POINT('',(-0.0286094758628897,0.0190218186299319,0.006));
#2622=CARTESIAN_POINT('',(-0.0284350208023893,0.0193046732849621,0.00825));
#2623=CARTESIAN_POINT('',(-0.0284350208023893,0.0193046732849621,0.006));
#2624=CARTESIAN_POINT('',(-0.0282607357624972,0.0195788004724934,0.00825));
#2625=CARTESIAN_POINT('',(-0.0282607357624972,0.0195788004724934,0.006));
#2626=CARTESIAN_POINT('',(-0.0280901201391397,0.0198378315296705,0.00825));
#2627=CARTESIAN_POINT('',(-0.0280901201391397,0.0198378315296705,0.006));
#2628=CARTESIAN_POINT('',(-0.0279222566471337,0.020083975478588,0.00825));
#2629=CARTESIAN_POINT('',(-0.0279222566471337,0.020083975478588,0.006));
#2630=CARTESIAN_POINT('',(-0.027701685451215,0.0203962994127081,0.00825));
#2631=CARTESIAN_POINT('',(-0.027701685451215,0.0203962994127081,0.006));
#2632=CARTESIAN_POINT('',(-0.0274310580468393,0.0207600758501436,0.00825));
#2633=CARTESIAN_POINT('',(-0.0274310580468393,0.0207600758501436,0.006));
#2634=CARTESIAN_POINT('',(-0.027112254789607,0.0211632047429974,0.00825));
#2635=CARTESIAN_POINT('',(-0.027112254789607,0.0211632047429974,0.006));
#2636=CARTESIAN_POINT('',(-0.0268498172144827,0.0214795405723354,0.00825));
#2637=CARTESIAN_POINT('',(-0.0268498172144827,0.0214795405723354,0.006));
#2638=CARTESIAN_POINT('',(-0.0266403923938027,0.0217262974158572,0.00825));
#2639=CARTESIAN_POINT('',(-0.0266403923938027,0.0217262974158572,0.006));
#2640=CARTESIAN_POINT('',(-0.0264827094210247,0.0219102062288576,0.00825));
#2641=CARTESIAN_POINT('',(-0.0264827094210247,0.0219102062288576,0.006));
#2642=CARTESIAN_POINT('',(-0.0263237589486769,0.0220942156310627,0.00825));
#2643=CARTESIAN_POINT('',(-0.0263237589486769,0.0220942156310627,0.006));
#2644=CARTESIAN_POINT('',(-0.0261127140109306,0.0223370708425344,0.00825));
#2645=CARTESIAN_POINT('',(-0.0261127140109306,0.0223370708425344,0.006));
#2646=CARTESIAN_POINT('',(-0.0259058332512086,0.0225735493947,0.00825));
#2647=CARTESIAN_POINT('',(-0.0259058332512086,0.0225735493947,0.006));
#2648=CARTESIAN_POINT('',(-0.0257095152616205,0.0227974456715612,0.00825));
#2649=CARTESIAN_POINT('',(-0.0257095152616205,0.0227974456715612,0.006));
#2650=CARTESIAN_POINT('',(-0.0255692134000766,0.0229574579485442,0.00825));
#2651=CARTESIAN_POINT('',(-0.0255692134000766,0.0229574579485442,0.006));
#2652=CARTESIAN_POINT('',(-0.0254595070289434,0.0230827984729594,0.00825));
#2653=CARTESIAN_POINT('',(-0.0254595070289434,0.0230827984729594,0.006));
#2654=CARTESIAN_POINT('',(-0.0253769743114156,0.0231773641589159,0.00825));
#2655=CARTESIAN_POINT('',(-0.0253769743114156,0.0231773641589159,0.006));
#2656=CARTESIAN_POINT('',(-0.025317944827033,0.0232451777125652,0.00825));
#2657=CARTESIAN_POINT('',(-0.025317944827033,0.0232451777125652,0.006));
#2658=CARTESIAN_POINT('',(-0.0252619942274372,0.0233096649707011,0.00825));
#2659=CARTESIAN_POINT('',(-0.0252619942274372,0.0233096649707011,0.006));
#2660=CARTESIAN_POINT('',(-0.0252095642735139,0.0233703739375807,0.00825));
#2661=CARTESIAN_POINT('',(-0.0252095642735139,0.0233703739375807,0.006));
#2662=CARTESIAN_POINT('',(-0.0251575214887542,0.0234307955354693,0.00825));
#2663=CARTESIAN_POINT('',(-0.0251575214887542,0.0234307955354693,0.006));
#2664=CARTESIAN_POINT('',(-0.0250877523537027,0.0235116402842131,0.00825));
#2665=CARTESIAN_POINT('',(-0.0250877523537027,0.0235116402842131,0.006));
#2666=CARTESIAN_POINT('',(-0.0249973494302024,0.0236154074671421,0.00825));
#2667=CARTESIAN_POINT('',(-0.0249973494302024,0.0236154074671421,0.006));
#2668=CARTESIAN_POINT('',(-0.0248784590592477,0.0237476135972371,0.00825));
#2669=CARTESIAN_POINT('',(-0.0248784590592477,0.0237476135972371,0.006));
#2670=CARTESIAN_POINT('',(-0.0247463604220285,0.023887827165929,0.00825));
#2671=CARTESIAN_POINT('',(-0.0247463604220285,0.023887827165929,0.006));
#2672=CARTESIAN_POINT('',(-0.0245994837258843,0.0240356717742009,0.00825));
#2673=CARTESIAN_POINT('',(-0.0245994837258843,0.0240356717742009,0.006));
#2674=CARTESIAN_POINT('',(-0.0244629189855677,0.0241662109261483,0.00825));
#2675=CARTESIAN_POINT('',(-0.0244629189855677,0.0241662109261483,0.006));
#2676=CARTESIAN_POINT('',(-0.0243433271374967,0.0242765982125249,0.00825));
#2677=CARTESIAN_POINT('',(-0.0243433271374967,0.0242765982125249,0.006));
#2678=CARTESIAN_POINT('',(-0.0242795685091266,0.0243342364028357,0.00825));
#2679=CARTESIAN_POINT('',(-0.0242795685091266,0.0243342364028357,0.006));
#2680=CARTESIAN_POINT('',(-0.02424668496752,0.0243636776571019,0.00825));
#2681=CARTESIAN_POINT('',(-0.02424668496752,0.0243636776571019,0.006));
#2682=CARTESIAN_POINT('',(0.0137515074314444,-0.0312784397891827,0.006));
#2683=CARTESIAN_POINT('',(0.0125841360637077,-0.0313666170429722,0.00607307264644742));
#2684=CARTESIAN_POINT('',(0.0102744003903237,-0.0311587811463028,0.00626019960600979));
#2685=CARTESIAN_POINT('',(0.00681680667160155,-0.0307861287568154,0.00658929811000951));
#2686=CARTESIAN_POINT('',(0.00335376527018837,-0.0304667658081199,0.00686998666252289));
#2687=CARTESIAN_POINT('',(-0.000131975977224152,-0.0303280838210391,0.00699217295492877));
#2688=CARTESIAN_POINT('',(-0.00363906555048018,-0.0304703596465017,0.00686111322364607));
#2689=CARTESIAN_POINT('',(-0.00711284907669811,-0.0307714527567544,0.00658997339561486));
#2690=CARTESIAN_POINT('',(-0.0100028518427637,-0.0310913252749781,0.00632219959186833));
#2691=CARTESIAN_POINT('',(-0.012319315171633,-0.0312902551461052,0.00612484447465883));
#2692=CARTESIAN_POINT('',(-0.0134822205419592,-0.0313345068638218,0.00603852385587151));
#2693=CARTESIAN_POINT('',(-0.0140701877559603,-0.031264942596346,0.006));
#2694=CARTESIAN_POINT('',(0.0137515074314441,-0.0312784397884453,0.006));
#2695=CARTESIAN_POINT('',(-0.0140701877559603,-0.0312649425952698,0.006));
#2696=CARTESIAN_POINT('',(-0.02424668496752,0.0243636776571019,0.006));
#2697=CARTESIAN_POINT('',(-0.0242138014259132,0.024393118911368,0.006));
#2698=CARTESIAN_POINT('',(-0.0241460258878567,0.0244532457381219,0.006));
#2699=CARTESIAN_POINT('',(-0.0240030778206088,0.0245781052261854,0.006));
#2700=CARTESIAN_POINT('',(-0.0237330190355413,0.024809531581374,0.006));
#2701=CARTESIAN_POINT('',(-0.0232928839736228,0.0251766184219629,0.006));
#2702=CARTESIAN_POINT('',(-0.0226928500760389,0.0256666301869642,0.006));
#2703=CARTESIAN_POINT('',(-0.0220399001154442,0.0261935026255669,0.006));
#2704=CARTESIAN_POINT('',(-0.0213541601945311,0.026743532098998,0.006));
#2705=CARTESIAN_POINT('',(-0.0206564510149209,0.027302396811594,0.006));
#2706=CARTESIAN_POINT('',(-0.0200827645758974,0.0277632361713395,0.006));
#2707=CARTESIAN_POINT('',(-0.0196392736128211,0.0281214662311346,0.006));
#2708=CARTESIAN_POINT('',(-0.0193708984456045,0.0283393503664995,0.006));
#2709=CARTESIAN_POINT('',(-0.0191627436164437,0.0285091793741629,0.006));
#2710=CARTESIAN_POINT('',(-0.0190106300909189,0.0286337633515525,0.006));
#2711=CARTESIAN_POINT('',(-0.0188612605860726,0.0287565923254826,0.006));
#2712=CARTESIAN_POINT('',(-0.0186643414951272,0.0289187213020123,0.006));
#2713=CARTESIAN_POINT('',(-0.0184217182080118,0.029118048902152,0.006));
#2714=CARTESIAN_POINT('',(-0.0180362720859587,0.0294299933576104,0.006));
#2715=CARTESIAN_POINT('',(-0.017550932503889,0.0298064649884787,0.006));
#2716=CARTESIAN_POINT('',(-0.0169352745708454,0.0302308824136029,0.006));
#2717=CARTESIAN_POINT('',(-0.016374851239751,0.0305498516774605,0.006));
#2718=CARTESIAN_POINT('',(-0.0158915617208712,0.0307736905215957,0.006));
#2719=CARTESIAN_POINT('',(-0.0155112827364782,0.0309232499015077,0.006));
#2720=CARTESIAN_POINT('',(-0.0151132078306807,0.0310522923688174,0.006));
#2721=CARTESIAN_POINT('',(-0.0146976224745928,0.0311592544186244,0.006));
#2722=CARTESIAN_POINT('',(-0.0143368652546197,0.0312293201497335,0.006));
#2723=CARTESIAN_POINT('',(-0.0140393110648327,0.0312737871829522,0.006));
#2724=CARTESIAN_POINT('',(-0.0137391092930586,0.0313103842490186,0.006));
#2725=CARTESIAN_POINT('',(-0.0133577308013209,0.0313427290299186,0.006));
#2726=CARTESIAN_POINT('',(-0.0127336408888343,0.0313697614537817,0.006));
#2727=CARTESIAN_POINT('',(-0.011925267767438,0.031363495766319,0.006));
#2728=CARTESIAN_POINT('',(-0.0109059243545885,0.0313073028150396,0.006));
#2729=CARTESIAN_POINT('',(-0.00947960211657378,0.0311836620999573,0.006));
#2730=CARTESIAN_POINT('',(-0.00795392006138662,0.0310087302593296,0.006));
#2731=CARTESIAN_POINT('',(-0.00634080808433664,0.0308222331583836,0.006));
#2732=CARTESIAN_POINT('',(-0.00509171664275709,0.0306860621557633,0.006));
#2733=CARTESIAN_POINT('',(-0.00380800169407863,0.0305630563438576,0.006));
#2734=CARTESIAN_POINT('',(-0.00271360931672001,0.0304792952369208,0.006));
#2735=CARTESIAN_POINT('',(-0.00182596235342564,0.0304281424311669,0.006));
#2736=CARTESIAN_POINT('',(-0.00115483790267169,0.0303988434615006,0.006));
#2737=CARTESIAN_POINT('',(-0.00059165084447465,0.0303829309847177,0.006));
#2738=CARTESIAN_POINT('',(-0.000139082105735467,0.0303758537513359,0.006));
#2739=CARTESIAN_POINT('',(0.000314674153940152,0.0303727667724538,0.006));
#2740=CARTESIAN_POINT('',(0.00088701177805211,0.0303763293352583,0.006));
#2741=CARTESIAN_POINT('',(0.00180977162428153,0.0303964967078992,0.006));
#2742=CARTESIAN_POINT('',(0.00297083009371554,0.0304464014897196,0.006));
#2743=CARTESIAN_POINT('',(0.00435771436798651,0.0305376522918754,0.006));
#2744=CARTESIAN_POINT('',(0.00572027846367998,0.0306519374185457,0.006));
#2745=CARTESIAN_POINT('',(0.00704097805733104,0.0307808245514876,0.006));
#2746=CARTESIAN_POINT('',(0.00830275137908398,0.0309158337213897,0.006));
#2747=CARTESIAN_POINT('',(0.00948913349017535,0.0310484765467533,0.006));
#2748=CARTESIAN_POINT('',(0.0105846289710272,0.0311702799116362,0.006));
#2749=CARTESIAN_POINT('',(0.0114102138240699,0.0312557144279248,0.006));
#2750=CARTESIAN_POINT('',(0.0120132995662706,0.0313101401570434,0.006));
#2751=CARTESIAN_POINT('',(0.0124364603585193,0.0313428680666364,0.006));
#2752=CARTESIAN_POINT('',(0.0128307843916567,0.0313662726427276,0.006));
#2753=CARTESIAN_POINT('',(0.0131982220324148,0.0313788089046535,0.006));
#2754=CARTESIAN_POINT('',(0.0134859553858604,0.0313783626412902,0.006));
#2755=CARTESIAN_POINT('',(0.0137106465439674,0.0313691292052468,0.006));
#2756=CARTESIAN_POINT('',(0.0138509879100213,0.0313586911844135,0.006));
#2757=CARTESIAN_POINT('',(0.0139649178909523,0.0313465642005171,0.006));
#2758=CARTESIAN_POINT('',(0.0140787682780021,0.0313317326880284,0.006));
#2759=CARTESIAN_POINT('',(0.0142219033998383,0.0313075445990931,0.006));
#2760=CARTESIAN_POINT('',(0.0143948501910295,0.0312677500275116,0.006));
#2761=CARTESIAN_POINT('',(0.0145668516016618,0.031216081045256,0.006));
#2762=CARTESIAN_POINT('',(0.0147335519975939,0.0311530084282522,0.006));
#2763=CARTESIAN_POINT('',(0.0148894130221864,0.0310812313158268,0.006));
#2764=CARTESIAN_POINT('',(0.0150294632046484,0.0310053945176855,0.006));
#2765=CARTESIAN_POINT('',(0.0151508920407637,0.0309307508284417,0.006));
#2766=CARTESIAN_POINT('',(0.0152535979357173,0.0308615379835118,0.006));
#2767=CARTESIAN_POINT('',(0.0153397070227499,0.0307999932345273,0.006));
#2768=CARTESIAN_POINT('',(0.015412689911074,0.030746288183783,0.006));
#2769=CARTESIAN_POINT('',(0.0154659481227731,0.0307069433621903,0.006));
#2770=CARTESIAN_POINT('',(0.0155061076066797,0.0306776283716512,0.006));
#2771=CARTESIAN_POINT('',(0.0155354928725603,0.0306564383625236,0.006));
#2772=CARTESIAN_POINT('',(0.0155647207638928,0.0306356981194294,0.006));
#2773=CARTESIAN_POINT('',(0.0156037241648057,0.0306085500727575,0.006));
#2774=CARTESIAN_POINT('',(0.0156612778829114,0.0305696212907942,0.006));
#2775=CARTESIAN_POINT('',(0.0157419487132262,0.0305167959272089,0.006));
#2776=CARTESIAN_POINT('',(0.0158332889789308,0.0304585238480189,0.006));
#2777=CARTESIAN_POINT('',(0.0159679250950909,0.0303744401518501,0.006));
#2778=CARTESIAN_POINT('',(0.0161582680543153,0.0302585304445453,0.006));
#2779=CARTESIAN_POINT('',(0.0164165846438769,0.0301048178203971,0.006));
#2780=CARTESIAN_POINT('',(0.0167004543292412,0.0299382983789083,0.006));
#2781=CARTESIAN_POINT('',(0.0170060274203831,0.0297604006276639,0.006));
#2782=CARTESIAN_POINT('',(0.0174377164929345,0.0295096035041916,0.006));
#2783=CARTESIAN_POINT('',(0.0180144790542054,0.0291732407810224,0.006));
#2784=CARTESIAN_POINT('',(0.0187412029078022,0.028740155129978,0.006));
#2785=CARTESIAN_POINT('',(0.0193562153593734,0.0283597113016449,0.006));
#2786=CARTESIAN_POINT('',(0.0198429819810633,0.0280459205847846,0.006));
#2787=CARTESIAN_POINT('',(0.0201427435449562,0.0278463046093316,0.006));
#2788=CARTESIAN_POINT('',(0.0203789753614609,0.0276843848138348,0.006));
#2789=CARTESIAN_POINT('',(0.0206109722988237,0.027522073198906,0.006));
#2790=CARTESIAN_POINT('',(0.0208927540518861,0.0273189287825755,0.006));
#2791=CARTESIAN_POINT('',(0.0212183331284209,0.027075050172484,0.006));
#2792=CARTESIAN_POINT('',(0.0216362564350667,0.0267503411106993,0.006));
#2793=CARTESIAN_POINT('',(0.0221294892392498,0.0263463750691289,0.006));
#2794=CARTESIAN_POINT('',(0.022678407169951,0.0258682087690888,0.006));
#2795=CARTESIAN_POINT('',(0.0231881295198268,0.0254002229710091,0.006));
#2796=CARTESIAN_POINT('',(0.0235833737471523,0.0250217462330666,0.006));
#2797=CARTESIAN_POINT('',(0.0238837320026702,0.0247276699308641,0.006));
#2798=CARTESIAN_POINT('',(0.0240652116214309,0.0245478994677589,0.006));
#2799=CARTESIAN_POINT('',(0.0242069370111988,0.0244066573711742,0.006));
#2800=CARTESIAN_POINT('',(0.0243113933483035,0.0243022326276697,0.006));
#2801=CARTESIAN_POINT('',(0.0244147367433897,0.024198693559439,0.006));
#2802=CARTESIAN_POINT('',(0.0246203426807485,0.0239920706199905,0.006));
#2803=CARTESIAN_POINT('',(0.0249242921542472,0.0236836563661608,0.006));
#2804=CARTESIAN_POINT('',(0.0253235696209834,0.0232667545071548,0.006));
#2805=CARTESIAN_POINT('',(0.0257192714746218,0.0228361334712178,0.006));
#2806=CARTESIAN_POINT('',(0.0260475664846496,0.0224596224712275,0.006));
#2807=CARTESIAN_POINT('',(0.0263100855165995,0.0221443556238961,0.006));
#2808=CARTESIAN_POINT('',(0.0265070710229652,0.0219000928599555,0.006));
#2809=CARTESIAN_POINT('',(0.0266715883350431,0.0216892129623525,0.006));
#2810=CARTESIAN_POINT('',(0.0268032782620517,0.0215160108026043,0.006));
#2811=CARTESIAN_POINT('',(0.0269340066050856,0.0213413247123139,0.006));
#2812=CARTESIAN_POINT('',(0.0270961592454809,0.0211199627489358,0.006));
#2813=CARTESIAN_POINT('',(0.0273530379453293,0.0207610690495952,0.006));
#2814=CARTESIAN_POINT('',(0.0276697573922698,0.0203063796755739,0.006));
#2815=CARTESIAN_POINT('',(0.0280428974235086,0.0197609592065972,0.006));
#2816=CARTESIAN_POINT('',(0.0284082465438268,0.019226410170142,0.006));
#2817=CARTESIAN_POINT('',(0.0287048172042011,0.0187994867555989,0.006));
#2818=CARTESIAN_POINT('',(0.0289070944037063,0.0185157129194718,0.006));
#2819=CARTESIAN_POINT('',(0.0290209301446615,0.0183586639637793,0.006));
#2820=CARTESIAN_POINT('',(0.0291053441927667,0.0182436686663334,0.006));
#2821=CARTESIAN_POINT('',(0.0291888031641613,0.0181315526547606,0.006));
#2822=CARTESIAN_POINT('',(0.0292709132589165,0.0180229993447442,0.006));
#2823=CARTESIAN_POINT('',(0.0293548318494358,0.0179136464399666,0.006));
#2824=CARTESIAN_POINT('',(0.0294686838729249,0.0177666400575693,0.006));
#2825=CARTESIAN_POINT('',(0.0296147624587846,0.0175792494029689,0.006));
#2826=CARTESIAN_POINT('',(0.0297952042570918,0.0173449718261545,0.006));
#2827=CARTESIAN_POINT('',(0.0299793157719407,0.0170976342183232,0.006));
#2828=CARTESIAN_POINT('',(0.0302266027471185,0.0167459091080057,0.006));
#2829=CARTESIAN_POINT('',(0.0304706413286466,0.0163546416813834,0.006));
#2830=CARTESIAN_POINT('',(0.030695039144494,0.0159156803468759,0.006));
#2831=CARTESIAN_POINT('',(0.0308489614974383,0.0155622038639054,0.006));
#2832=CARTESIAN_POINT('',(0.0309845196193678,0.0151846397413677,0.006));
#2833=CARTESIAN_POINT('',(0.0310795096542408,0.0148504964864881,0.006));
#2834=CARTESIAN_POINT('',(0.0311436299829327,0.0145718078776073,0.006));
#2835=CARTESIAN_POINT('',(0.0311786348689739,0.014392833299456,0.006));
#2836=CARTESIAN_POINT('',(0.0312034851031803,0.0142469550438289,0.006));
#2837=CARTESIAN_POINT('',(0.0312260893944444,0.014100525489278,0.006));
#2838=CARTESIAN_POINT('',(0.031250427317313,0.0139159095100501,0.006));
#2839=CARTESIAN_POINT('',(0.0312738921275911,0.0136917921487172,0.006));
#2840=CARTESIAN_POINT('',(0.031298174990433,0.0133892194725518,0.006));
#2841=CARTESIAN_POINT('',(0.0313237563128451,0.0128492998007255,0.006));
#2842=CARTESIAN_POINT('',(0.031319202117448,0.0120451112209927,0.006));
#2843=CARTESIAN_POINT('',(0.0312645237477278,0.0110224642188668,0.006));
#2844=CARTESIAN_POINT('',(0.0311731804100583,0.00994185921110256,0.006));
#2845=CARTESIAN_POINT('',(0.031056272647466,0.00880584478191463,0.006));
#2846=CARTESIAN_POINT('',(0.0309241914131171,0.00761886423205512,0.006));
#2847=CARTESIAN_POINT('',(0.0307870153263532,0.0063865764465621,0.006));
#2848=CARTESIAN_POINT('',(0.0306546499542624,0.00511545787364501,0.006));
#2849=CARTESIAN_POINT('',(0.0305368815456809,0.00381255306744175,0.006));
#2850=CARTESIAN_POINT('',(0.0304589658603158,0.00270652183234307,0.006));
#2851=CARTESIAN_POINT('',(0.0304135335407636,0.00181340951283762,0.006));
#2852=CARTESIAN_POINT('',(0.0303890816229923,0.00114042747837198,0.006));
#2853=CARTESIAN_POINT('',(0.0303776986352318,0.000577811217389704,0.006));
#2854=CARTESIAN_POINT('',(0.0303745516843588,0.000127163075535444,0.006));
#2855=CARTESIAN_POINT('',(0.0303756048213887,-0.000323749858802563,0.006));
#2856=CARTESIAN_POINT('',(0.0303846968740032,-0.000890890285535039,0.006));
#2857=CARTESIAN_POINT('',(0.0304143382907261,-0.00180210781123568,0.006));
#2858=CARTESIAN_POINT('',(0.030477020852514,-0.00294362524258617,0.006));
#2859=CARTESIAN_POINT('',(0.0305843408851107,-0.00430149711903093,0.006));
#2860=CARTESIAN_POINT('',(0.0307146690353492,-0.00563209026607254,0.006));
#2861=CARTESIAN_POINT('',(0.0308588057909264,-0.00692046164721434,0.006));
#2862=CARTESIAN_POINT('',(0.0310074987273473,-0.00815220045990461,0.006));
#2863=CARTESIAN_POINT('',(0.0311514800308157,-0.00931358998073185,0.006));
#2864=CARTESIAN_POINT('',(0.0312814729575815,-0.0103920563472344,0.006));
#2865=CARTESIAN_POINT('',(0.0313703899634017,-0.011212754366439,0.006));
#2866=CARTESIAN_POINT('',(0.0314250347778545,-0.0118193501029521,0.006));
#2867=CARTESIAN_POINT('',(0.0314564418985969,-0.0122493602862386,0.006));
#2868=CARTESIAN_POINT('',(0.0314767484270267,-0.0126552807826196,0.006));
#2869=CARTESIAN_POINT('',(0.031482808040226,-0.0129753969047791,0.006));
#2870=CARTESIAN_POINT('',(0.0314796045139897,-0.0132231248044353,0.006));
#2871=CARTESIAN_POINT('',(0.0314725645419984,-0.0134058012547851,0.006));
#2872=CARTESIAN_POINT('',(0.0314621419248567,-0.013556592140833,0.006));
#2873=CARTESIAN_POINT('',(0.0314504447123582,-0.0136772962683067,0.006));
#2874=CARTESIAN_POINT('',(0.031436178000088,-0.0137985526343301,0.006));
#2875=CARTESIAN_POINT('',(0.0314135586644797,-0.013947894950535,0.006));
#2876=CARTESIAN_POINT('',(0.0313779780901784,-0.0141243331538509,0.006));
#2877=CARTESIAN_POINT('',(0.0313334360209264,-0.0142972708728178,0.006));
#2878=CARTESIAN_POINT('',(0.0312621830975659,-0.0145213043005258,0.006));
#2879=CARTESIAN_POINT('',(0.0311523788432165,-0.0147836205127092,0.006));
#2880=CARTESIAN_POINT('',(0.0310046582951794,-0.0150507731587282,0.006));
#2881=CARTESIAN_POINT('',(0.0308647263618521,-0.0152623705451808,0.006));
#2882=CARTESIAN_POINT('',(0.0307662431466048,-0.0153992881602104,0.006));
#2883=CARTESIAN_POINT('',(0.030698108823899,-0.0154936728623356,0.006));
#2884=CARTESIAN_POINT('',(0.0306590947216578,-0.0155483690037832,0.006));
#2885=CARTESIAN_POINT('',(0.0306294079867022,-0.0155908252994006,0.006));
#2886=CARTESIAN_POINT('',(0.0306078212573017,-0.0156222044625163,0.006));
#2887=CARTESIAN_POINT('',(0.0305864117723508,-0.0156539351293046,0.006));
#2888=CARTESIAN_POINT('',(0.0305634715780698,-0.0156885749948448,0.006));
#2889=CARTESIAN_POINT('',(0.0305395087072426,-0.0157253914532504,0.006));
#2890=CARTESIAN_POINT('',(0.0305061647723344,-0.0157774383003469,0.006));
#2891=CARTESIAN_POINT('',(0.0304445115564702,-0.0158757637905438,0.006));
#2892=CARTESIAN_POINT('',(0.0303482426429453,-0.0160349729846336,0.006));
#2893=CARTESIAN_POINT('',(0.0302224430529556,-0.0162507055984838,0.006));
#2894=CARTESIAN_POINT('',(0.0300434959843066,-0.0165654947787249,0.006));
#2895=CARTESIAN_POINT('',(0.0298024378200709,-0.0170002028794194,0.006));
#2896=CARTESIAN_POINT('',(0.0295450683225111,-0.0174676659156264,0.006));
#2897=CARTESIAN_POINT('',(0.0293322360886215,-0.0178496566410003,0.006));
#2898=CARTESIAN_POINT('',(0.0291696743904423,-0.0181374998436861,0.006));
#2899=CARTESIAN_POINT('',(0.0290046366130061,-0.0184240925616707,0.006));
#2900=CARTESIAN_POINT('',(0.0288651822780336,-0.0186600669334517,0.006));
#2901=CARTESIAN_POINT('',(0.0287526765861782,-0.0188457111352746,0.006));
#2902=CARTESIAN_POINT('',(0.0286404368401956,-0.0190277338291933,0.006));
#2903=CARTESIAN_POINT('',(0.0285001388120257,-0.019249424729583,0.006));
#2904=CARTESIAN_POINT('',(0.0283315581484329,-0.0195067818951463,0.006));
#2905=CARTESIAN_POINT('',(0.0281060317181242,-0.0198395857360982,0.006));
#2906=CARTESIAN_POINT('',(0.0278220231820526,-0.0202382961894487,0.006));
#2907=CARTESIAN_POINT('',(0.0274757999073066,-0.020696037871319,0.006));
#2908=CARTESIAN_POINT('',(0.0271810876934418,-0.0210663690311042,0.006));
#2909=CARTESIAN_POINT('',(0.0269402745276876,-0.0213601168687883,0.006));
#2910=CARTESIAN_POINT('',(0.026756912934963,-0.0215800842400442,0.006));
#2911=CARTESIAN_POINT('',(0.0265697324531953,-0.0218015981737888,0.006));
#2912=CARTESIAN_POINT('',(0.0263150941989646,-0.0220991557592416,0.006));
#2913=CARTESIAN_POINT('',(0.0258586163129177,-0.0226232505593304,0.006));
#2914=CARTESIAN_POINT('',(0.0253211024659426,-0.0232212685202953,0.006));
#2915=CARTESIAN_POINT('',(0.0248533519922069,-0.0237275284570594,0.006));
#2916=CARTESIAN_POINT('',(0.0245891473026718,-0.0240096340227802,0.006));
#2917=CARTESIAN_POINT('',(0.0243931021889873,-0.0242170314932938,0.006));
#2918=CARTESIAN_POINT('',(0.0241997939514585,-0.0244197124051205,0.006));
#2919=CARTESIAN_POINT('',(0.0239411418166734,-0.0246876127622534,0.006));
#2920=CARTESIAN_POINT('',(0.0236128965064963,-0.0250190644377535,0.006));
#2921=CARTESIAN_POINT('',(0.0231993024569666,-0.0254162028669191,0.006));
#2922=CARTESIAN_POINT('',(0.0227558746168774,-0.0258159698605616,0.006));
#2923=CARTESIAN_POINT('',(0.0222731229283575,-0.0262215744379318,0.006));
#2924=CARTESIAN_POINT('',(0.0218305180217248,-0.026567607709797,0.006));
#2925=CARTESIAN_POINT('',(0.0214467110661459,-0.0268519882921252,0.006));
#2926=CARTESIAN_POINT('',(0.0211483553846029,-0.0270663810673797,0.006));
#2927=CARTESIAN_POINT('',(0.0208409211719783,-0.027282016873207,0.006));
#2928=CARTESIAN_POINT('',(0.020421627491063,-0.0275704227082234,0.006));
#2929=CARTESIAN_POINT('',(0.0198849954845062,-0.0279312071092366,0.006));
#2930=CARTESIAN_POINT('',(0.0192386918528185,-0.0283586823980135,0.006));
#2931=CARTESIAN_POINT('',(0.0187138376026173,-0.0287045818397511,0.006));
#2932=CARTESIAN_POINT('',(0.0183121653238663,-0.0289711747265787,0.006));
#2933=CARTESIAN_POINT('',(0.0180226513893966,-0.0291649552055393,0.006));
#2934=CARTESIAN_POINT('',(0.0177476061600665,-0.0293513868703935,0.006));
#2935=CARTESIAN_POINT('',(0.0175328744100733,-0.0294995082155356,0.006));
#2936=CARTESIAN_POINT('',(0.0173713242231437,-0.0296128869862664,0.006));
#2937=CARTESIAN_POINT('',(0.0172557389810418,-0.0296951086450385,0.006));
#2938=CARTESIAN_POINT('',(0.0171460344381636,-0.0297743554107396,0.006));
#2939=CARTESIAN_POINT('',(0.0170432271977545,-0.0298499882991478,0.006));
#2940=CARTESIAN_POINT('',(0.0169416172431721,-0.029925980109927,0.006));
#2941=CARTESIAN_POINT('',(0.0168070010756432,-0.0300276552813281,0.006));
#2942=CARTESIAN_POINT('',(0.0166373734276203,-0.0301564472370116,0.006));
#2943=CARTESIAN_POINT('',(0.016423288913928,-0.0303151784086823,0.006));
#2944=CARTESIAN_POINT('',(0.016190687225563,-0.0304776051189008,0.006));
#2945=CARTESIAN_POINT('',(0.0159330558169357,-0.0306403155028337,0.006));
#2946=CARTESIAN_POINT('',(0.0156466588439673,-0.0307969420678154,0.006));
#2947=CARTESIAN_POINT('',(0.0153315473222694,-0.0309395263031671,0.006));
#2948=CARTESIAN_POINT('',(0.0149910130872234,-0.0310610311254303,0.006));
#2949=CARTESIAN_POINT('',(0.014689559284513,-0.0311413633515463,0.006));
#2950=CARTESIAN_POINT('',(0.0144389785343009,-0.0311927367798189,0.006));
#2951=CARTESIAN_POINT('',(0.0142783508322128,-0.0312196187821514,0.006));
#2952=CARTESIAN_POINT('',(0.0141474973485508,-0.0312380549072793,0.006));
#2953=CARTESIAN_POINT('',(0.0140161994034139,-0.0312543921078089,0.006));
#2954=CARTESIAN_POINT('',(0.0138505673110441,-0.0312712223285765,0.006));
#2955=CARTESIAN_POINT('',(0.0136489212222539,-0.0312863432938902,0.006));
#2956=CARTESIAN_POINT('',(0.0133754962765405,-0.0313004630600867,0.006));
#2957=CARTESIAN_POINT('',(0.0130241181433064,-0.0313079117451751,0.006));
#2958=CARTESIAN_POINT('',(0.0124383959145828,-0.031301596354286,0.006));
#2959=CARTESIAN_POINT('',(0.0116586553153428,-0.031264484804693,0.006));
#2960=CARTESIAN_POINT('',(0.0106438800659804,-0.0311849945313011,0.006));
#2961=CARTESIAN_POINT('',(0.00955315407257292,-0.0310801229376162,0.006));
#2962=CARTESIAN_POINT('',(0.00839242323457896,-0.0309588673681742,0.006));
#2963=CARTESIAN_POINT('',(0.00716933284833385,-0.0308299627646984,0.006));
#2964=CARTESIAN_POINT('',(0.00589251473252697,-0.0307020508320538,0.006));
#2965=CARTESIAN_POINT('',(0.00457126374240508,-0.0305837179210219,0.006));
#2966=CARTESIAN_POINT('',(0.00321526776983788,-0.0304834854015466,0.006));
#2967=CARTESIAN_POINT('',(0.00183475574731752,-0.0304098368786983,0.006));
#2968=CARTESIAN_POINT('',(0.000672010366461119,-0.0303774797103601,0.006));
#2969=CARTESIAN_POINT('',(-0.000259171593503436,-0.0303733030012572,0.006));
#2970=CARTESIAN_POINT('',(-0.000961355622706407,-0.0303813956649206,0.006));
#2971=CARTESIAN_POINT('',(-0.00166543857825626,-0.0303995239249245,0.006));
#2972=CARTESIAN_POINT('',(-0.00260412252496334,-0.0304358422769528,0.006));
#2973=CARTESIAN_POINT('',(-0.00377248749521428,-0.0305014906961675,0.006));
#2974=CARTESIAN_POINT('',(-0.00515139015538275,-0.0306045814236617,0.006));
#2975=CARTESIAN_POINT('',(-0.00649238697789888,-0.0307237709943658,0.006));
#2976=CARTESIAN_POINT('',(-0.00778110816395503,-0.0308507937900078,0.006));
#2977=CARTESIAN_POINT('',(-0.00900371155577638,-0.0309773543543299,0.006));
#2978=CARTESIAN_POINT('',(-0.0101471182376818,-0.0310951474969123,0.006));
#2979=CARTESIAN_POINT('',(-0.0111995919106191,-0.0311958280840629,0.006));
#2980=CARTESIAN_POINT('',(-0.0119929990413213,-0.031258424765545,0.006));
#2981=CARTESIAN_POINT('',(-0.0125756750903429,-0.0312911092482209,0.006));
#2982=CARTESIAN_POINT('',(-0.0129873150519875,-0.0313055471517696,0.006));
#2983=CARTESIAN_POINT('',(-0.013375394481285,-0.0313081731113955,0.006));
#2984=CARTESIAN_POINT('',(-0.0136823850091008,-0.0312984458511814,0.006));
#2985=CARTESIAN_POINT('',(-0.0139222128234907,-0.0312811571123296,0.006));
#2986=CARTESIAN_POINT('',(-0.0140709387289924,-0.0312655557453702,0.006));
#2987=CARTESIAN_POINT('',(-0.0141906641181796,-0.0312493706153072,0.006));
#2988=CARTESIAN_POINT('',(-0.014309300597242,-0.0312306942091259,0.006));
#2989=CARTESIAN_POINT('',(-0.0144556427408208,-0.0312024798652246,0.006));
#2990=CARTESIAN_POINT('',(-0.0146280954189028,-0.031160110656073,0.006));
#2991=CARTESIAN_POINT('',(-0.0148524839513741,-0.0310919474713995,0.006));
#2992=CARTESIAN_POINT('',(-0.01511816499111,-0.030985246984378,0.006));
#2993=CARTESIAN_POINT('',(-0.0153932879888039,-0.0308369185426757,0.006));
#2994=CARTESIAN_POINT('',(-0.0155758257899739,-0.0307169509919449,0.006));
#2995=CARTESIAN_POINT('',(-0.015696385493761,-0.0306316927964775,0.006));
#2996=CARTESIAN_POINT('',(-0.0157759916455656,-0.0305736349404601,0.006));
#2997=CARTESIAN_POINT('',(-0.0158469415498407,-0.0305213515213684,0.006));
#2998=CARTESIAN_POINT('',(-0.0159115669985276,-0.0304740754555352,0.006));
#2999=CARTESIAN_POINT('',(-0.0159625880946555,-0.0304375969570772,0.006));
#3000=CARTESIAN_POINT('',(-0.016002268614245,-0.030409960316147,0.006));
#3001=CARTESIAN_POINT('',(-0.0160441548647415,-0.0303813677571172,0.006));
#3002=CARTESIAN_POINT('',(-0.0161030969496041,-0.0303421996234943,0.006));
#3003=CARTESIAN_POINT('',(-0.0162091297362073,-0.0302739109690286,0.006));
#3004=CARTESIAN_POINT('',(-0.0163622654139997,-0.0301789393882536,0.006));
#3005=CARTESIAN_POINT('',(-0.0165738720555394,-0.030052391477342,0.006));
#3006=CARTESIAN_POINT('',(-0.0168094452822808,-0.0299148097989278,0.006));
#3007=CARTESIAN_POINT('',(-0.0170656316660064,-0.0297672387839749,0.006));
#3008=CARTESIAN_POINT('',(-0.0173394849039474,-0.0296103703152106,0.006));
#3009=CARTESIAN_POINT('',(-0.0177246066693647,-0.0293894476974829,0.006));
#3010=CARTESIAN_POINT('',(-0.0181346544818986,-0.0291515866090929,0.006));
#3011=CARTESIAN_POINT('',(-0.0185603960288043,-0.0288975039902773,0.006));
#3012=CARTESIAN_POINT('',(-0.018885393995042,-0.0286988752686142,0.006));
#3013=CARTESIAN_POINT('',(-0.0192140169328416,-0.0284921331075705,0.006));
#3014=CARTESIAN_POINT('',(-0.0194890716009042,-0.0283131014899106,0.006));
#3015=CARTESIAN_POINT('',(-0.0197091233000888,-0.0281655015386006,0.006));
#3016=CARTESIAN_POINT('',(-0.0199267226042561,-0.0280165507623403,0.006));
#3017=CARTESIAN_POINT('',(-0.0201941903160659,-0.0278281831491726,0.006));
#3018=CARTESIAN_POINT('',(-0.0205071809285253,-0.0276000852916503,0.006));
#3019=CARTESIAN_POINT('',(-0.0209129784748648,-0.0272950769127052,0.006));
#3020=CARTESIAN_POINT('',(-0.0213967965925475,-0.0269156937482843,0.006));
#3021=CARTESIAN_POINT('',(-0.0219336611156258,-0.0264747861239087,0.006));
#3022=CARTESIAN_POINT('',(-0.0223390435007843,-0.0261289030973875,0.006));
#3023=CARTESIAN_POINT('',(-0.0226345726529932,-0.0258710032591112,0.006));
#3024=CARTESIAN_POINT('',(-0.0228408912986844,-0.0256884843102712,0.006));
#3025=CARTESIAN_POINT('',(-0.0229991867934901,-0.0255467975151543,0.006));
#3026=CARTESIAN_POINT('',(-0.0231171863181852,-0.0254404294478004,0.006));
#3027=CARTESIAN_POINT('',(-0.0232289495963596,-0.0253392620930317,0.006));
#3028=CARTESIAN_POINT('',(-0.0233588903978174,-0.0252209653867922,0.006));
#3029=CARTESIAN_POINT('',(-0.0235039713009719,-0.025087447406529,0.006));
#3030=CARTESIAN_POINT('',(-0.0236416112566522,-0.0249589992225392,0.006));
#3031=CARTESIAN_POINT('',(-0.0238196645449607,-0.0247900956026281,0.006));
#3032=CARTESIAN_POINT('',(-0.0239953215302495,-0.0246190184123985,0.006));
#3033=CARTESIAN_POINT('',(-0.0241811451533144,-0.0244337774920551,0.006));
#3034=CARTESIAN_POINT('',(-0.024328952312663,-0.0242846356532909,0.006));
#3035=CARTESIAN_POINT('',(-0.0244903287886311,-0.0241202648660694,0.006));
#3036=CARTESIAN_POINT('',(-0.0247219525899034,-0.0238818649725701,0.006));
#3037=CARTESIAN_POINT('',(-0.0250377631916358,-0.0235514248346269,0.006));
#3038=CARTESIAN_POINT('',(-0.0254453283874792,-0.0231132793585765,0.006));
#3039=CARTESIAN_POINT('',(-0.0257976376357309,-0.0227218946808978,0.006));
#3040=CARTESIAN_POINT('',(-0.0260805642873334,-0.0223977767480159,0.006));
#3041=CARTESIAN_POINT('',(-0.0262916990899715,-0.0221502973565991,0.006));
#3042=CARTESIAN_POINT('',(-0.026465486521508,-0.0219412371069123,0.006));
#3043=CARTESIAN_POINT('',(-0.0266023968436833,-0.0217728404378694,0.006));
#3044=CARTESIAN_POINT('',(-0.0267040002112916,-0.0216458618007399,0.006));
#3045=CARTESIAN_POINT('',(-0.0268036666827563,-0.0215191525361381,0.006));
#3046=CARTESIAN_POINT('',(-0.0269333782822056,-0.0213515625327584,0.006));
#3047=CARTESIAN_POINT('',(-0.0270901984740054,-0.0211442638516833,0.006));
#3048=CARTESIAN_POINT('',(-0.0272707172785009,-0.0208993907013684,0.006));
#3049=CARTESIAN_POINT('',(-0.0275025238768644,-0.0205782918012304,0.006));
#3050=CARTESIAN_POINT('',(-0.0277780660138611,-0.0201874783291672,0.006));
#3051=CARTESIAN_POINT('',(-0.0280413178257688,-0.0198111941971269,0.006));
#3052=CARTESIAN_POINT('',(-0.0282485888794964,-0.019518567552513,0.006));
#3053=CARTESIAN_POINT('',(-0.0284033946258135,-0.0193031027528579,0.006));
#3054=CARTESIAN_POINT('',(-0.0285327276035469,-0.0191266635223852,0.006));
#3055=CARTESIAN_POINT('',(-0.028636891164802,-0.0189872490994248,0.006));
#3056=CARTESIAN_POINT('',(-0.0287024425352451,-0.0189007338524817,0.006));
#3057=CARTESIAN_POINT('',(-0.0287551028538721,-0.0188320290431827,0.006));
#3058=CARTESIAN_POINT('',(-0.028808874627814,-0.0187623886489869,0.006));
#3059=CARTESIAN_POINT('',(-0.0288779988371844,-0.0186736748366811,0.006));
#3060=CARTESIAN_POINT('',(-0.0289638252429762,-0.0185643774489583,0.006));
#3061=CARTESIAN_POINT('',(-0.0290817721500345,-0.0184146743172114,0.006));
#3062=CARTESIAN_POINT('',(-0.0292351783023361,-0.0182196927019065,0.006));
#3063=CARTESIAN_POINT('',(-0.0294266261580262,-0.0179717492326408,0.006));
#3064=CARTESIAN_POINT('',(-0.029622991324762,-0.0177082934171894,0.006));
#3065=CARTESIAN_POINT('',(-0.0298877726816283,-0.0173342091721641,0.006));
#3066=CARTESIAN_POINT('',(-0.0301512411118132,-0.0169226141792325,0.006));
#3067=CARTESIAN_POINT('',(-0.0304004581966934,-0.0164680220555804,0.006));
#3068=CARTESIAN_POINT('',(-0.0305767708599823,-0.0161046709754542,0.006));
#3069=CARTESIAN_POINT('',(-0.0307390677687884,-0.0157183106694621,0.006));
#3070=CARTESIAN_POINT('',(-0.0308840738716107,-0.0153086562925007,0.006));
#3071=CARTESIAN_POINT('',(-0.0309879613785065,-0.0149480478091491,0.006));
#3072=CARTESIAN_POINT('',(-0.0310507031270621,-0.0146853426448308,0.006));
#3073=CARTESIAN_POINT('',(-0.0310834679125414,-0.0145327083558495,0.006));
#3074=CARTESIAN_POINT('',(-0.0311292670059337,-0.0143028584683903,0.006));
#3075=CARTESIAN_POINT('',(-0.0311861637510197,-0.0139533877621358,0.006));
#3076=CARTESIAN_POINT('',(-0.031240034544894,-0.0134774527472941,0.006));
#3077=CARTESIAN_POINT('',(-0.031274686908558,-0.0129909438149904,0.006));
#3078=CARTESIAN_POINT('',(-0.031298358996648,-0.0123275356304323,0.006));
#3079=CARTESIAN_POINT('',(-0.0312908509223302,-0.0114694882568877,0.006));
#3080=CARTESIAN_POINT('',(-0.0312360214979459,-0.0103915753877923,0.006));
#3081=CARTESIAN_POINT('',(-0.0311467057814649,-0.00926505416524129,0.006));
#3082=CARTESIAN_POINT('',(-0.0309953731255119,-0.00769973016959104,0.006));
#3083=CARTESIAN_POINT('',(-0.0308152520121764,-0.00604354783058291,0.006));
#3084=CARTESIAN_POINT('',(-0.0306437608988298,-0.00430941271755362,0.006));
#3085=CARTESIAN_POINT('',(-0.0305285555740779,-0.00297387889483133,0.006));
#3086=CARTESIAN_POINT('',(-0.0304512705953203,-0.00183525067947798,0.006));
#3087=CARTESIAN_POINT('',(-0.0304051475049841,-0.000911188734793251,0.006));
#3088=CARTESIAN_POINT('',(-0.0303837753793412,-0.000328509153625212,0.006));
#3089=CARTESIAN_POINT('',(-0.0303717291762919,0.000140135684210696,0.006));
#3090=CARTESIAN_POINT('',(-0.030363120287292,0.000611761589512785,0.006));
#3091=CARTESIAN_POINT('',(-0.030358491837156,0.0012063575806617,0.006));
#3092=CARTESIAN_POINT('',(-0.0303619628403361,0.00192543586342262,0.006));
#3093=CARTESIAN_POINT('',(-0.0303775139431276,0.00288842450298221,0.006));
#3094=CARTESIAN_POINT('',(-0.0304153408360164,0.00409406164268591,0.006));
#3095=CARTESIAN_POINT('',(-0.0304833158353715,0.00552505026213361,0.006));
#3096=CARTESIAN_POINT('',(-0.0305669335788802,0.00692183805481562,0.006));
#3097=CARTESIAN_POINT('',(-0.0306592034354597,0.00826637524478092,0.006));
#3098=CARTESIAN_POINT('',(-0.0307531093197861,0.00954106516016573,0.006));
#3099=CARTESIAN_POINT('',(-0.0308416286811946,0.0107289397851233,0.006));
#3100=CARTESIAN_POINT('',(-0.0309177226805655,0.0118141475252783,0.006));
#3101=CARTESIAN_POINT('',(-0.0309648802286956,0.0126213211547246,0.006));
#3102=CARTESIAN_POINT('',(-0.0309890947446941,0.0132044016275738,0.006));
#3103=CARTESIAN_POINT('',(-0.0309994181332949,0.0136103827256201,0.006));
#3104=CARTESIAN_POINT('',(-0.0310005641576423,0.0139862586647472,0.006));
#3105=CARTESIAN_POINT('',(-0.0309922797514298,0.0142774181863044,0.006));
#3106=CARTESIAN_POINT('',(-0.0309781580554945,0.0145016482916408,0.006));
#3107=CARTESIAN_POINT('',(-0.0309654112864834,0.0146400011966509,0.006));
#3108=CARTESIAN_POINT('',(-0.0309521031124153,0.014751066113078,0.006));
#3109=CARTESIAN_POINT('',(-0.030936241197594,0.0148634871884801,0.006));
#3110=CARTESIAN_POINT('',(-0.0309113378036072,0.0150042072452981,0.006));
#3111=CARTESIAN_POINT('',(-0.0308714365466122,0.0151743537018361,0.006));
#3112=CARTESIAN_POINT('',(-0.0308198145267931,0.0153448961561803,0.006));
#3113=CARTESIAN_POINT('',(-0.0307560753415146,0.0155122420825661,0.006));
#3114=CARTESIAN_POINT('',(-0.0306821980088676,0.015670619190806,0.006));
#3115=CARTESIAN_POINT('',(-0.0306028677401963,0.0158137757711527,0.006));
#3116=CARTESIAN_POINT('',(-0.0305243273745193,0.0159372133279994,0.006));
#3117=CARTESIAN_POINT('',(-0.0304522599470212,0.0160395222989622,0.006));
#3118=CARTESIAN_POINT('',(-0.030390064973159,0.0161222472097051,0.006));
#3119=CARTESIAN_POINT('',(-0.0303383745554038,0.0161888934602375,0.006));
#3120=CARTESIAN_POINT('',(-0.0303027477281879,0.0162347429646626,0.006));
#3121=CARTESIAN_POINT('',(-0.0302773114202658,0.0162679892158099,0.006));
#3122=CARTESIAN_POINT('',(-0.0302593918000587,0.0162917698975994,0.006));
#3123=CARTESIAN_POINT('',(-0.0302450400991084,0.0163111943001171,0.006));
#3124=CARTESIAN_POINT('',(-0.0302338666065166,0.0163265806951923,0.006));
#3125=CARTESIAN_POINT('',(-0.0302219574769387,0.0163431753573336,0.006));
#3126=CARTESIAN_POINT('',(-0.0302058061285772,0.0163660530527788,0.006));
#3127=CARTESIAN_POINT('',(-0.030177548106425,0.0164068927740422,0.006));
#3128=CARTESIAN_POINT('',(-0.0301381666434452,0.0164653172740048,0.006));
#3129=CARTESIAN_POINT('',(-0.0300855224998546,0.0165457647714397,0.006));
#3130=CARTESIAN_POINT('',(-0.0300091904857437,0.0166652624225437,0.006));
#3131=CARTESIAN_POINT('',(-0.029903819103696,0.016835059543916,0.006));
#3132=CARTESIAN_POINT('',(-0.0297649347472814,0.0170650432939817,0.006));
#3133=CARTESIAN_POINT('',(-0.029616081304326,0.0173159817761824,0.006));
#3134=CARTESIAN_POINT('',(-0.0294069764490598,0.0176722865415738,0.006));
#3135=CARTESIAN_POINT('',(-0.0291299963357831,0.0181475783925453,0.006));
#3136=CARTESIAN_POINT('',(-0.0288419580531582,0.0186365157257643,0.006));
#3137=CARTESIAN_POINT('',(-0.0286094758628897,0.0190218186299319,0.006));
#3138=CARTESIAN_POINT('',(-0.0284350208023893,0.0193046732849621,0.006));
#3139=CARTESIAN_POINT('',(-0.0282607357624972,0.0195788004724934,0.006));
#3140=CARTESIAN_POINT('',(-0.0280901201391397,0.0198378315296705,0.006));
#3141=CARTESIAN_POINT('',(-0.0279222566471337,0.020083975478588,0.006));
#3142=CARTESIAN_POINT('',(-0.027701685451215,0.0203962994127081,0.006));
#3143=CARTESIAN_POINT('',(-0.0274310580468393,0.0207600758501436,0.006));
#3144=CARTESIAN_POINT('',(-0.027112254789607,0.0211632047429974,0.006));
#3145=CARTESIAN_POINT('',(-0.0268498172144827,0.0214795405723354,0.006));
#3146=CARTESIAN_POINT('',(-0.0266403923938027,0.0217262974158572,0.006));
#3147=CARTESIAN_POINT('',(-0.0264827094210247,0.0219102062288576,0.006));
#3148=CARTESIAN_POINT('',(-0.0263237589486769,0.0220942156310627,0.006));
#3149=CARTESIAN_POINT('',(-0.0261127140109306,0.0223370708425344,0.006));
#3150=CARTESIAN_POINT('',(-0.0259058332512086,0.0225735493947,0.006));
#3151=CARTESIAN_POINT('',(-0.0257095152616205,0.0227974456715612,0.006));
#3152=CARTESIAN_POINT('',(-0.0255692134000766,0.0229574579485442,0.006));
#3153=CARTESIAN_POINT('',(-0.0254595070289434,0.0230827984729594,0.006));
#3154=CARTESIAN_POINT('',(-0.0253769743114156,0.0231773641589159,0.006));
#3155=CARTESIAN_POINT('',(-0.025317944827033,0.0232451777125652,0.006));
#3156=CARTESIAN_POINT('',(-0.0252619942274372,0.0233096649707011,0.006));
#3157=CARTESIAN_POINT('',(-0.0252095642735139,0.0233703739375807,0.006));
#3158=CARTESIAN_POINT('',(-0.0251575214887542,0.0234307955354693,0.006));
#3159=CARTESIAN_POINT('',(-0.0250877523537027,0.0235116402842131,0.006));
#3160=CARTESIAN_POINT('',(-0.0249973494302024,0.0236154074671421,0.006));
#3161=CARTESIAN_POINT('',(-0.0248784590592477,0.0237476135972371,0.006));
#3162=CARTESIAN_POINT('',(-0.0247463604220285,0.023887827165929,0.006));
#3163=CARTESIAN_POINT('',(-0.0245994837258843,0.0240356717742009,0.006));
#3164=CARTESIAN_POINT('',(-0.0244629189855677,0.0241662109261483,0.006));
#3165=CARTESIAN_POINT('',(-0.0243433271374967,0.0242765982125249,0.006));
#3166=CARTESIAN_POINT('',(-0.0242795685091266,0.0243342364028357,0.006));
#3167=CARTESIAN_POINT('',(-0.02424668496752,0.0243636776571019,0.006));
#3168=CARTESIAN_POINT('',(0.0313278085057212,-0.0143107481931926,0.006));
#3169=CARTESIAN_POINT('',(0.0313278085057212,-0.0143107481931922,0.006));
#3170=CARTESIAN_POINT('',(0.031496474119612,-0.0137340311349467,0.00603610011592033));
#3171=CARTESIAN_POINT('',(0.0314992702541564,-0.012534882490937,0.0061212846101833));
#3172=CARTESIAN_POINT('',(0.0313290688239373,-0.0107670030515322,0.00626801367552422));
#3173=CARTESIAN_POINT('',(0.031112968335424,-0.00900149950777085,0.00642451230935361));
#3174=CARTESIAN_POINT('',(0.0308216401771107,-0.00664842283735438,0.00663196369476052));
#3175=CARTESIAN_POINT('',(0.0305062010947785,-0.0037019224529815,0.00686063872072743));
#3176=CARTESIAN_POINT('',(0.0303175631864109,-0.000142809821881378,0.00699128996836964));
#3177=CARTESIAN_POINT('',(0.0304761553234488,0.00343395427642743,0.0068735520846123));
#3178=CARTESIAN_POINT('',(0.030846597342866,0.00697281928237802,0.00660342798293705));
#3179=CARTESIAN_POINT('',(0.0312521168086516,0.0105090788854896,0.00627578062816256));
#3180=CARTESIAN_POINT('',(0.0313945466292644,0.012874031359367,0.00607837266351735));
#3181=CARTESIAN_POINT('',(0.0312296879817013,0.0140701877559599,0.006));
#3182=CARTESIAN_POINT('',(0.031229687981704,0.0140701877559404,0.006));
#3183=CARTESIAN_POINT('',(-0.02424668496752,0.0243636776571019,0.006));
#3184=CARTESIAN_POINT('',(-0.0242138014259132,0.024393118911368,0.006));
#3185=CARTESIAN_POINT('',(-0.0241460258878567,0.0244532457381219,0.006));
#3186=CARTESIAN_POINT('',(-0.0240030778206088,0.0245781052261854,0.006));
#3187=CARTESIAN_POINT('',(-0.0237330190355413,0.024809531581374,0.006));
#3188=CARTESIAN_POINT('',(-0.0232928839736228,0.0251766184219629,0.006));
#3189=CARTESIAN_POINT('',(-0.0226928500760389,0.0256666301869642,0.006));
#3190=CARTESIAN_POINT('',(-0.0220399001154442,0.0261935026255669,0.006));
#3191=CARTESIAN_POINT('',(-0.0213541601945311,0.026743532098998,0.006));
#3192=CARTESIAN_POINT('',(-0.0206564510149209,0.027302396811594,0.006));
#3193=CARTESIAN_POINT('',(-0.0200827645758974,0.0277632361713395,0.006));
#3194=CARTESIAN_POINT('',(-0.0196392736128211,0.0281214662311346,0.006));
#3195=CARTESIAN_POINT('',(-0.0193708984456045,0.0283393503664995,0.006));
#3196=CARTESIAN_POINT('',(-0.0191627436164437,0.0285091793741629,0.006));
#3197=CARTESIAN_POINT('',(-0.0190106300909189,0.0286337633515525,0.006));
#3198=CARTESIAN_POINT('',(-0.0188612605860726,0.0287565923254826,0.006));
#3199=CARTESIAN_POINT('',(-0.0186643414951272,0.0289187213020123,0.006));
#3200=CARTESIAN_POINT('',(-0.0184217182080118,0.029118048902152,0.006));
#3201=CARTESIAN_POINT('',(-0.0180362720859587,0.0294299933576104,0.006));
#3202=CARTESIAN_POINT('',(-0.017550932503889,0.0298064649884787,0.006));
#3203=CARTESIAN_POINT('',(-0.0169352745708454,0.0302308824136029,0.006));
#3204=CARTESIAN_POINT('',(-0.016374851239751,0.0305498516774605,0.006));
#3205=CARTESIAN_POINT('',(-0.0158915617208712,0.0307736905215957,0.006));
#3206=CARTESIAN_POINT('',(-0.0155112827364782,0.0309232499015077,0.006));
#3207=CARTESIAN_POINT('',(-0.0151132078306807,0.0310522923688174,0.006));
#3208=CARTESIAN_POINT('',(-0.0146976224745928,0.0311592544186244,0.006));
#3209=CARTESIAN_POINT('',(-0.0143368652546197,0.0312293201497335,0.006));
#3210=CARTESIAN_POINT('',(-0.0140393110648327,0.0312737871829522,0.006));
#3211=CARTESIAN_POINT('',(-0.0137391092930586,0.0313103842490186,0.006));
#3212=CARTESIAN_POINT('',(-0.0133577308013209,0.0313427290299186,0.006));
#3213=CARTESIAN_POINT('',(-0.0127336408888343,0.0313697614537817,0.006));
#3214=CARTESIAN_POINT('',(-0.011925267767438,0.031363495766319,0.006));
#3215=CARTESIAN_POINT('',(-0.0109059243545885,0.0313073028150396,0.006));
#3216=CARTESIAN_POINT('',(-0.00947960211657378,0.0311836620999573,0.006));
#3217=CARTESIAN_POINT('',(-0.00795392006138662,0.0310087302593296,0.006));
#3218=CARTESIAN_POINT('',(-0.00634080808433664,0.0308222331583836,0.006));
#3219=CARTESIAN_POINT('',(-0.00509171664275709,0.0306860621557633,0.006));
#3220=CARTESIAN_POINT('',(-0.00380800169407863,0.0305630563438576,0.006));
#3221=CARTESIAN_POINT('',(-0.00271360931672001,0.0304792952369208,0.006));
#3222=CARTESIAN_POINT('',(-0.00182596235342564,0.0304281424311669,0.006));
#3223=CARTESIAN_POINT('',(-0.00115483790267169,0.0303988434615006,0.006));
#3224=CARTESIAN_POINT('',(-0.00059165084447465,0.0303829309847177,0.006));
#3225=CARTESIAN_POINT('',(-0.000139082105735467,0.0303758537513359,0.006));
#3226=CARTESIAN_POINT('',(0.000314674153940152,0.0303727667724538,0.006));
#3227=CARTESIAN_POINT('',(0.00088701177805211,0.0303763293352583,0.006));
#3228=CARTESIAN_POINT('',(0.00180977162428153,0.0303964967078992,0.006));
#3229=CARTESIAN_POINT('',(0.00297083009371554,0.0304464014897196,0.006));
#3230=CARTESIAN_POINT('',(0.00435771436798651,0.0305376522918754,0.006));
#3231=CARTESIAN_POINT('',(0.00572027846367998,0.0306519374185457,0.006));
#3232=CARTESIAN_POINT('',(0.00704097805733104,0.0307808245514876,0.006));
#3233=CARTESIAN_POINT('',(0.00830275137908398,0.0309158337213897,0.006));
#3234=CARTESIAN_POINT('',(0.00948913349017535,0.0310484765467533,0.006));
#3235=CARTESIAN_POINT('',(0.0105846289710272,0.0311702799116362,0.006));
#3236=CARTESIAN_POINT('',(0.0114102138240699,0.0312557144279248,0.006));
#3237=CARTESIAN_POINT('',(0.0120132995662706,0.0313101401570434,0.006));
#3238=CARTESIAN_POINT('',(0.0124364603585193,0.0313428680666364,0.006));
#3239=CARTESIAN_POINT('',(0.0128307843916567,0.0313662726427276,0.006));
#3240=CARTESIAN_POINT('',(0.0131982220324148,0.0313788089046535,0.006));
#3241=CARTESIAN_POINT('',(0.0134859553858604,0.0313783626412902,0.006));
#3242=CARTESIAN_POINT('',(0.0137106465439674,0.0313691292052468,0.006));
#3243=CARTESIAN_POINT('',(0.0138509879100213,0.0313586911844135,0.006));
#3244=CARTESIAN_POINT('',(0.0139649178909523,0.0313465642005171,0.006));
#3245=CARTESIAN_POINT('',(0.0140787682780021,0.0313317326880284,0.006));
#3246=CARTESIAN_POINT('',(0.0142219033998383,0.0313075445990931,0.006));
#3247=CARTESIAN_POINT('',(0.0143948501910295,0.0312677500275116,0.006));
#3248=CARTESIAN_POINT('',(0.0145668516016618,0.031216081045256,0.006));
#3249=CARTESIAN_POINT('',(0.0147335519975939,0.0311530084282522,0.006));
#3250=CARTESIAN_POINT('',(0.0148894130221864,0.0310812313158268,0.006));
#3251=CARTESIAN_POINT('',(0.0150294632046484,0.0310053945176855,0.006));
#3252=CARTESIAN_POINT('',(0.0151508920407637,0.0309307508284417,0.006));
#3253=CARTESIAN_POINT('',(0.0152535979357173,0.0308615379835118,0.006));
#3254=CARTESIAN_POINT('',(0.0153397070227499,0.0307999932345273,0.006));
#3255=CARTESIAN_POINT('',(0.015412689911074,0.030746288183783,0.006));
#3256=CARTESIAN_POINT('',(0.0154659481227731,0.0307069433621903,0.006));
#3257=CARTESIAN_POINT('',(0.0155061076066797,0.0306776283716512,0.006));
#3258=CARTESIAN_POINT('',(0.0155354928725603,0.0306564383625236,0.006));
#3259=CARTESIAN_POINT('',(0.0155647207638928,0.0306356981194294,0.006));
#3260=CARTESIAN_POINT('',(0.0156037241648057,0.0306085500727575,0.006));
#3261=CARTESIAN_POINT('',(0.0156612778829114,0.0305696212907942,0.006));
#3262=CARTESIAN_POINT('',(0.0157419487132262,0.0305167959272089,0.006));
#3263=CARTESIAN_POINT('',(0.0158332889789308,0.0304585238480189,0.006));
#3264=CARTESIAN_POINT('',(0.0159679250950909,0.0303744401518501,0.006));
#3265=CARTESIAN_POINT('',(0.0161582680543153,0.0302585304445453,0.006));
#3266=CARTESIAN_POINT('',(0.0164165846438769,0.0301048178203971,0.006));
#3267=CARTESIAN_POINT('',(0.0167004543292412,0.0299382983789083,0.006));
#3268=CARTESIAN_POINT('',(0.0170060274203831,0.0297604006276639,0.006));
#3269=CARTESIAN_POINT('',(0.0174377164929345,0.0295096035041916,0.006));
#3270=CARTESIAN_POINT('',(0.0180144790542054,0.0291732407810224,0.006));
#3271=CARTESIAN_POINT('',(0.0187412029078022,0.028740155129978,0.006));
#3272=CARTESIAN_POINT('',(0.0193562153593734,0.0283597113016449,0.006));
#3273=CARTESIAN_POINT('',(0.0198429819810633,0.0280459205847846,0.006));
#3274=CARTESIAN_POINT('',(0.0201427435449562,0.0278463046093316,0.006));
#3275=CARTESIAN_POINT('',(0.0203789753614609,0.0276843848138348,0.006));
#3276=CARTESIAN_POINT('',(0.0206109722988237,0.027522073198906,0.006));
#3277=CARTESIAN_POINT('',(0.0208927540518861,0.0273189287825755,0.006));
#3278=CARTESIAN_POINT('',(0.0212183331284209,0.027075050172484,0.006));
#3279=CARTESIAN_POINT('',(0.0216362564350667,0.0267503411106993,0.006));
#3280=CARTESIAN_POINT('',(0.0221294892392498,0.0263463750691289,0.006));
#3281=CARTESIAN_POINT('',(0.022678407169951,0.0258682087690888,0.006));
#3282=CARTESIAN_POINT('',(0.0231881295198268,0.0254002229710091,0.006));
#3283=CARTESIAN_POINT('',(0.0235833737471523,0.0250217462330666,0.006));
#3284=CARTESIAN_POINT('',(0.0238837320026702,0.0247276699308641,0.006));
#3285=CARTESIAN_POINT('',(0.0240652116214309,0.0245478994677589,0.006));
#3286=CARTESIAN_POINT('',(0.0242069370111988,0.0244066573711742,0.006));
#3287=CARTESIAN_POINT('',(0.0243113933483035,0.0243022326276697,0.006));
#3288=CARTESIAN_POINT('',(0.0244147367433897,0.024198693559439,0.006));
#3289=CARTESIAN_POINT('',(0.0246203426807485,0.0239920706199905,0.006));
#3290=CARTESIAN_POINT('',(0.0249242921542472,0.0236836563661608,0.006));
#3291=CARTESIAN_POINT('',(0.0253235696209834,0.0232667545071548,0.006));
#3292=CARTESIAN_POINT('',(0.0257192714746218,0.0228361334712178,0.006));
#3293=CARTESIAN_POINT('',(0.0260475664846496,0.0224596224712275,0.006));
#3294=CARTESIAN_POINT('',(0.0263100855165995,0.0221443556238961,0.006));
#3295=CARTESIAN_POINT('',(0.0265070710229652,0.0219000928599555,0.006));
#3296=CARTESIAN_POINT('',(0.0266715883350431,0.0216892129623525,0.006));
#3297=CARTESIAN_POINT('',(0.0268032782620517,0.0215160108026043,0.006));
#3298=CARTESIAN_POINT('',(0.0269340066050856,0.0213413247123139,0.006));
#3299=CARTESIAN_POINT('',(0.0270961592454809,0.0211199627489358,0.006));
#3300=CARTESIAN_POINT('',(0.0273530379453293,0.0207610690495952,0.006));
#3301=CARTESIAN_POINT('',(0.0276697573922698,0.0203063796755739,0.006));
#3302=CARTESIAN_POINT('',(0.0280428974235086,0.0197609592065972,0.006));
#3303=CARTESIAN_POINT('',(0.0284082465438268,0.019226410170142,0.006));
#3304=CARTESIAN_POINT('',(0.0287048172042011,0.0187994867555989,0.006));
#3305=CARTESIAN_POINT('',(0.0289070944037063,0.0185157129194718,0.006));
#3306=CARTESIAN_POINT('',(0.0290209301446615,0.0183586639637793,0.006));
#3307=CARTESIAN_POINT('',(0.0291053441927667,0.0182436686663334,0.006));
#3308=CARTESIAN_POINT('',(0.0291888031641613,0.0181315526547606,0.006));
#3309=CARTESIAN_POINT('',(0.0292709132589165,0.0180229993447442,0.006));
#3310=CARTESIAN_POINT('',(0.0293548318494358,0.0179136464399666,0.006));
#3311=CARTESIAN_POINT('',(0.0294686838729249,0.0177666400575693,0.006));
#3312=CARTESIAN_POINT('',(0.0296147624587846,0.0175792494029689,0.006));
#3313=CARTESIAN_POINT('',(0.0297952042570918,0.0173449718261545,0.006));
#3314=CARTESIAN_POINT('',(0.0299793157719407,0.0170976342183232,0.006));
#3315=CARTESIAN_POINT('',(0.0302266027471185,0.0167459091080057,0.006));
#3316=CARTESIAN_POINT('',(0.0304706413286466,0.0163546416813834,0.006));
#3317=CARTESIAN_POINT('',(0.030695039144494,0.0159156803468759,0.006));
#3318=CARTESIAN_POINT('',(0.0308489614974383,0.0155622038639054,0.006));
#3319=CARTESIAN_POINT('',(0.0309845196193678,0.0151846397413677,0.006));
#3320=CARTESIAN_POINT('',(0.0310795096542408,0.0148504964864881,0.006));
#3321=CARTESIAN_POINT('',(0.0311436299829327,0.0145718078776073,0.006));
#3322=CARTESIAN_POINT('',(0.0311786348689739,0.014392833299456,0.006));
#3323=CARTESIAN_POINT('',(0.0312034851031803,0.0142469550438289,0.006));
#3324=CARTESIAN_POINT('',(0.0312260893944444,0.014100525489278,0.006));
#3325=CARTESIAN_POINT('',(0.031250427317313,0.0139159095100501,0.006));
#3326=CARTESIAN_POINT('',(0.0312738921275911,0.0136917921487172,0.006));
#3327=CARTESIAN_POINT('',(0.031298174990433,0.0133892194725518,0.006));
#3328=CARTESIAN_POINT('',(0.0313237563128451,0.0128492998007255,0.006));
#3329=CARTESIAN_POINT('',(0.031319202117448,0.0120451112209927,0.006));
#3330=CARTESIAN_POINT('',(0.0312645237477278,0.0110224642188668,0.006));
#3331=CARTESIAN_POINT('',(0.0311731804100583,0.00994185921110256,0.006));
#3332=CARTESIAN_POINT('',(0.031056272647466,0.00880584478191463,0.006));
#3333=CARTESIAN_POINT('',(0.0309241914131171,0.00761886423205512,0.006));
#3334=CARTESIAN_POINT('',(0.0307870153263532,0.0063865764465621,0.006));
#3335=CARTESIAN_POINT('',(0.0306546499542624,0.00511545787364501,0.006));
#3336=CARTESIAN_POINT('',(0.0305368815456809,0.00381255306744175,0.006));
#3337=CARTESIAN_POINT('',(0.0304589658603158,0.00270652183234307,0.006));
#3338=CARTESIAN_POINT('',(0.0304135335407636,0.00181340951283762,0.006));
#3339=CARTESIAN_POINT('',(0.0303890816229923,0.00114042747837198,0.006));
#3340=CARTESIAN_POINT('',(0.0303776986352318,0.000577811217389704,0.006));
#3341=CARTESIAN_POINT('',(0.0303745516843588,0.000127163075535444,0.006));
#3342=CARTESIAN_POINT('',(0.0303756048213887,-0.000323749858802563,0.006));
#3343=CARTESIAN_POINT('',(0.0303846968740032,-0.000890890285535039,0.006));
#3344=CARTESIAN_POINT('',(0.0304143382907261,-0.00180210781123568,0.006));
#3345=CARTESIAN_POINT('',(0.030477020852514,-0.00294362524258617,0.006));
#3346=CARTESIAN_POINT('',(0.0305843408851107,-0.00430149711903093,0.006));
#3347=CARTESIAN_POINT('',(0.0307146690353492,-0.00563209026607254,0.006));
#3348=CARTESIAN_POINT('',(0.0308588057909264,-0.00692046164721434,0.006));
#3349=CARTESIAN_POINT('',(0.0310074987273473,-0.00815220045990461,0.006));
#3350=CARTESIAN_POINT('',(0.0311514800308157,-0.00931358998073185,0.006));
#3351=CARTESIAN_POINT('',(0.0312814729575815,-0.0103920563472344,0.006));
#3352=CARTESIAN_POINT('',(0.0313703899634017,-0.011212754366439,0.006));
#3353=CARTESIAN_POINT('',(0.0314250347778545,-0.0118193501029521,0.006));
#3354=CARTESIAN_POINT('',(0.0314564418985969,-0.0122493602862386,0.006));
#3355=CARTESIAN_POINT('',(0.0314767484270267,-0.0126552807826196,0.006));
#3356=CARTESIAN_POINT('',(0.031482808040226,-0.0129753969047791,0.006));
#3357=CARTESIAN_POINT('',(0.0314796045139897,-0.0132231248044353,0.006));
#3358=CARTESIAN_POINT('',(0.0314725645419984,-0.0134058012547851,0.006));
#3359=CARTESIAN_POINT('',(0.0314621419248567,-0.013556592140833,0.006));
#3360=CARTESIAN_POINT('',(0.0314504447123582,-0.0136772962683067,0.006));
#3361=CARTESIAN_POINT('',(0.031436178000088,-0.0137985526343301,0.006));
#3362=CARTESIAN_POINT('',(0.0314135586644797,-0.013947894950535,0.006));
#3363=CARTESIAN_POINT('',(0.0313779780901784,-0.0141243331538509,0.006));
#3364=CARTESIAN_POINT('',(0.0313334360209264,-0.0142972708728178,0.006));
#3365=CARTESIAN_POINT('',(0.0312621830975659,-0.0145213043005258,0.006));
#3366=CARTESIAN_POINT('',(0.0311523788432165,-0.0147836205127092,0.006));
#3367=CARTESIAN_POINT('',(0.0310046582951794,-0.0150507731587282,0.006));
#3368=CARTESIAN_POINT('',(0.0308647263618521,-0.0152623705451808,0.006));
#3369=CARTESIAN_POINT('',(0.0307662431466048,-0.0153992881602104,0.006));
#3370=CARTESIAN_POINT('',(0.030698108823899,-0.0154936728623356,0.006));
#3371=CARTESIAN_POINT('',(0.0306590947216578,-0.0155483690037832,0.006));
#3372=CARTESIAN_POINT('',(0.0306294079867022,-0.0155908252994006,0.006));
#3373=CARTESIAN_POINT('',(0.0306078212573017,-0.0156222044625163,0.006));
#3374=CARTESIAN_POINT('',(0.0305864117723508,-0.0156539351293046,0.006));
#3375=CARTESIAN_POINT('',(0.0305634715780698,-0.0156885749948448,0.006));
#3376=CARTESIAN_POINT('',(0.0305395087072426,-0.0157253914532504,0.006));
#3377=CARTESIAN_POINT('',(0.0305061647723344,-0.0157774383003469,0.006));
#3378=CARTESIAN_POINT('',(0.0304445115564702,-0.0158757637905438,0.006));
#3379=CARTESIAN_POINT('',(0.0303482426429453,-0.0160349729846336,0.006));
#3380=CARTESIAN_POINT('',(0.0302224430529556,-0.0162507055984838,0.006));
#3381=CARTESIAN_POINT('',(0.0300434959843066,-0.0165654947787249,0.006));
#3382=CARTESIAN_POINT('',(0.0298024378200709,-0.0170002028794194,0.006));
#3383=CARTESIAN_POINT('',(0.0295450683225111,-0.0174676659156264,0.006));
#3384=CARTESIAN_POINT('',(0.0293322360886215,-0.0178496566410003,0.006));
#3385=CARTESIAN_POINT('',(0.0291696743904423,-0.0181374998436861,0.006));
#3386=CARTESIAN_POINT('',(0.0290046366130061,-0.0184240925616707,0.006));
#3387=CARTESIAN_POINT('',(0.0288651822780336,-0.0186600669334517,0.006));
#3388=CARTESIAN_POINT('',(0.0287526765861782,-0.0188457111352746,0.006));
#3389=CARTESIAN_POINT('',(0.0286404368401956,-0.0190277338291933,0.006));
#3390=CARTESIAN_POINT('',(0.0285001388120257,-0.019249424729583,0.006));
#3391=CARTESIAN_POINT('',(0.0283315581484329,-0.0195067818951463,0.006));
#3392=CARTESIAN_POINT('',(0.0281060317181242,-0.0198395857360982,0.006));
#3393=CARTESIAN_POINT('',(0.0278220231820526,-0.0202382961894487,0.006));
#3394=CARTESIAN_POINT('',(0.0274757999073066,-0.020696037871319,0.006));
#3395=CARTESIAN_POINT('',(0.0271810876934418,-0.0210663690311042,0.006));
#3396=CARTESIAN_POINT('',(0.0269402745276876,-0.0213601168687883,0.006));
#3397=CARTESIAN_POINT('',(0.026756912934963,-0.0215800842400442,0.006));
#3398=CARTESIAN_POINT('',(0.0265697324531953,-0.0218015981737888,0.006));
#3399=CARTESIAN_POINT('',(0.0263150941989646,-0.0220991557592416,0.006));
#3400=CARTESIAN_POINT('',(0.0258586163129177,-0.0226232505593304,0.006));
#3401=CARTESIAN_POINT('',(0.0253211024659426,-0.0232212685202953,0.006));
#3402=CARTESIAN_POINT('',(0.0248533519922069,-0.0237275284570594,0.006));
#3403=CARTESIAN_POINT('',(0.0245891473026718,-0.0240096340227802,0.006));
#3404=CARTESIAN_POINT('',(0.0243931021889873,-0.0242170314932938,0.006));
#3405=CARTESIAN_POINT('',(0.0241997939514585,-0.0244197124051205,0.006));
#3406=CARTESIAN_POINT('',(0.0239411418166734,-0.0246876127622534,0.006));
#3407=CARTESIAN_POINT('',(0.0236128965064963,-0.0250190644377535,0.006));
#3408=CARTESIAN_POINT('',(0.0231993024569666,-0.0254162028669191,0.006));
#3409=CARTESIAN_POINT('',(0.0227558746168774,-0.0258159698605616,0.006));
#3410=CARTESIAN_POINT('',(0.0222731229283575,-0.0262215744379318,0.006));
#3411=CARTESIAN_POINT('',(0.0218305180217248,-0.026567607709797,0.006));
#3412=CARTESIAN_POINT('',(0.0214467110661459,-0.0268519882921252,0.006));
#3413=CARTESIAN_POINT('',(0.0211483553846029,-0.0270663810673797,0.006));
#3414=CARTESIAN_POINT('',(0.0208409211719783,-0.027282016873207,0.006));
#3415=CARTESIAN_POINT('',(0.020421627491063,-0.0275704227082234,0.006));
#3416=CARTESIAN_POINT('',(0.0198849954845062,-0.0279312071092366,0.006));
#3417=CARTESIAN_POINT('',(0.0192386918528185,-0.0283586823980135,0.006));
#3418=CARTESIAN_POINT('',(0.0187138376026173,-0.0287045818397511,0.006));
#3419=CARTESIAN_POINT('',(0.0183121653238663,-0.0289711747265787,0.006));
#3420=CARTESIAN_POINT('',(0.0180226513893966,-0.0291649552055393,0.006));
#3421=CARTESIAN_POINT('',(0.0177476061600665,-0.0293513868703935,0.006));
#3422=CARTESIAN_POINT('',(0.0175328744100733,-0.0294995082155356,0.006));
#3423=CARTESIAN_POINT('',(0.0173713242231437,-0.0296128869862664,0.006));
#3424=CARTESIAN_POINT('',(0.0172557389810418,-0.0296951086450385,0.006));
#3425=CARTESIAN_POINT('',(0.0171460344381636,-0.0297743554107396,0.006));
#3426=CARTESIAN_POINT('',(0.0170432271977545,-0.0298499882991478,0.006));
#3427=CARTESIAN_POINT('',(0.0169416172431721,-0.029925980109927,0.006));
#3428=CARTESIAN_POINT('',(0.0168070010756432,-0.0300276552813281,0.006));
#3429=CARTESIAN_POINT('',(0.0166373734276203,-0.0301564472370116,0.006));
#3430=CARTESIAN_POINT('',(0.016423288913928,-0.0303151784086823,0.006));
#3431=CARTESIAN_POINT('',(0.016190687225563,-0.0304776051189008,0.006));
#3432=CARTESIAN_POINT('',(0.0159330558169357,-0.0306403155028337,0.006));
#3433=CARTESIAN_POINT('',(0.0156466588439673,-0.0307969420678154,0.006));
#3434=CARTESIAN_POINT('',(0.0153315473222694,-0.0309395263031671,0.006));
#3435=CARTESIAN_POINT('',(0.0149910130872234,-0.0310610311254303,0.006));
#3436=CARTESIAN_POINT('',(0.014689559284513,-0.0311413633515463,0.006));
#3437=CARTESIAN_POINT('',(0.0144389785343009,-0.0311927367798189,0.006));
#3438=CARTESIAN_POINT('',(0.0142783508322128,-0.0312196187821514,0.006));
#3439=CARTESIAN_POINT('',(0.0141474973485508,-0.0312380549072793,0.006));
#3440=CARTESIAN_POINT('',(0.0140161994034139,-0.0312543921078089,0.006));
#3441=CARTESIAN_POINT('',(0.0138505673110441,-0.0312712223285765,0.006));
#3442=CARTESIAN_POINT('',(0.0136489212222539,-0.0312863432938902,0.006));
#3443=CARTESIAN_POINT('',(0.0133754962765405,-0.0313004630600867,0.006));
#3444=CARTESIAN_POINT('',(0.0130241181433064,-0.0313079117451751,0.006));
#3445=CARTESIAN_POINT('',(0.0124383959145828,-0.031301596354286,0.006));
#3446=CARTESIAN_POINT('',(0.0116586553153428,-0.031264484804693,0.006));
#3447=CARTESIAN_POINT('',(0.0106438800659804,-0.0311849945313011,0.006));
#3448=CARTESIAN_POINT('',(0.00955315407257292,-0.0310801229376162,0.006));
#3449=CARTESIAN_POINT('',(0.00839242323457896,-0.0309588673681742,0.006));
#3450=CARTESIAN_POINT('',(0.00716933284833385,-0.0308299627646984,0.006));
#3451=CARTESIAN_POINT('',(0.00589251473252697,-0.0307020508320538,0.006));
#3452=CARTESIAN_POINT('',(0.00457126374240508,-0.0305837179210219,0.006));
#3453=CARTESIAN_POINT('',(0.00321526776983788,-0.0304834854015466,0.006));
#3454=CARTESIAN_POINT('',(0.00183475574731752,-0.0304098368786983,0.006));
#3455=CARTESIAN_POINT('',(0.000672010366461119,-0.0303774797103601,0.006));
#3456=CARTESIAN_POINT('',(-0.000259171593503436,-0.0303733030012572,0.006));
#3457=CARTESIAN_POINT('',(-0.000961355622706407,-0.0303813956649206,0.006));
#3458=CARTESIAN_POINT('',(-0.00166543857825626,-0.0303995239249245,0.006));
#3459=CARTESIAN_POINT('',(-0.00260412252496334,-0.0304358422769528,0.006));
#3460=CARTESIAN_POINT('',(-0.00377248749521428,-0.0305014906961675,0.006));
#3461=CARTESIAN_POINT('',(-0.00515139015538275,-0.0306045814236617,0.006));
#3462=CARTESIAN_POINT('',(-0.00649238697789888,-0.0307237709943658,0.006));
#3463=CARTESIAN_POINT('',(-0.00778110816395503,-0.0308507937900078,0.006));
#3464=CARTESIAN_POINT('',(-0.00900371155577638,-0.0309773543543299,0.006));
#3465=CARTESIAN_POINT('',(-0.0101471182376818,-0.0310951474969123,0.006));
#3466=CARTESIAN_POINT('',(-0.0111995919106191,-0.0311958280840629,0.006));
#3467=CARTESIAN_POINT('',(-0.0119929990413213,-0.031258424765545,0.006));
#3468=CARTESIAN_POINT('',(-0.0125756750903429,-0.0312911092482209,0.006));
#3469=CARTESIAN_POINT('',(-0.0129873150519875,-0.0313055471517696,0.006));
#3470=CARTESIAN_POINT('',(-0.013375394481285,-0.0313081731113955,0.006));
#3471=CARTESIAN_POINT('',(-0.0136823850091008,-0.0312984458511814,0.006));
#3472=CARTESIAN_POINT('',(-0.0139222128234907,-0.0312811571123296,0.006));
#3473=CARTESIAN_POINT('',(-0.0140709387289924,-0.0312655557453702,0.006));
#3474=CARTESIAN_POINT('',(-0.0141906641181796,-0.0312493706153072,0.006));
#3475=CARTESIAN_POINT('',(-0.014309300597242,-0.0312306942091259,0.006));
#3476=CARTESIAN_POINT('',(-0.0144556427408208,-0.0312024798652246,0.006));
#3477=CARTESIAN_POINT('',(-0.0146280954189028,-0.031160110656073,0.006));
#3478=CARTESIAN_POINT('',(-0.0148524839513741,-0.0310919474713995,0.006));
#3479=CARTESIAN_POINT('',(-0.01511816499111,-0.030985246984378,0.006));
#3480=CARTESIAN_POINT('',(-0.0153932879888039,-0.0308369185426757,0.006));
#3481=CARTESIAN_POINT('',(-0.0155758257899739,-0.0307169509919449,0.006));
#3482=CARTESIAN_POINT('',(-0.015696385493761,-0.0306316927964775,0.006));
#3483=CARTESIAN_POINT('',(-0.0157759916455656,-0.0305736349404601,0.006));
#3484=CARTESIAN_POINT('',(-0.0158469415498407,-0.0305213515213684,0.006));
#3485=CARTESIAN_POINT('',(-0.0159115669985276,-0.0304740754555352,0.006));
#3486=CARTESIAN_POINT('',(-0.0159625880946555,-0.0304375969570772,0.006));
#3487=CARTESIAN_POINT('',(-0.016002268614245,-0.030409960316147,0.006));
#3488=CARTESIAN_POINT('',(-0.0160441548647415,-0.0303813677571172,0.006));
#3489=CARTESIAN_POINT('',(-0.0161030969496041,-0.0303421996234943,0.006));
#3490=CARTESIAN_POINT('',(-0.0162091297362073,-0.0302739109690286,0.006));
#3491=CARTESIAN_POINT('',(-0.0163622654139997,-0.0301789393882536,0.006));
#3492=CARTESIAN_POINT('',(-0.0165738720555394,-0.030052391477342,0.006));
#3493=CARTESIAN_POINT('',(-0.0168094452822808,-0.0299148097989278,0.006));
#3494=CARTESIAN_POINT('',(-0.0170656316660064,-0.0297672387839749,0.006));
#3495=CARTESIAN_POINT('',(-0.0173394849039474,-0.0296103703152106,0.006));
#3496=CARTESIAN_POINT('',(-0.0177246066693647,-0.0293894476974829,0.006));
#3497=CARTESIAN_POINT('',(-0.0181346544818986,-0.0291515866090929,0.006));
#3498=CARTESIAN_POINT('',(-0.0185603960288043,-0.0288975039902773,0.006));
#3499=CARTESIAN_POINT('',(-0.018885393995042,-0.0286988752686142,0.006));
#3500=CARTESIAN_POINT('',(-0.0192140169328416,-0.0284921331075705,0.006));
#3501=CARTESIAN_POINT('',(-0.0194890716009042,-0.0283131014899106,0.006));
#3502=CARTESIAN_POINT('',(-0.0197091233000888,-0.0281655015386006,0.006));
#3503=CARTESIAN_POINT('',(-0.0199267226042561,-0.0280165507623403,0.006));
#3504=CARTESIAN_POINT('',(-0.0201941903160659,-0.0278281831491726,0.006));
#3505=CARTESIAN_POINT('',(-0.0205071809285253,-0.0276000852916503,0.006));
#3506=CARTESIAN_POINT('',(-0.0209129784748648,-0.0272950769127052,0.006));
#3507=CARTESIAN_POINT('',(-0.0213967965925475,-0.0269156937482843,0.006));
#3508=CARTESIAN_POINT('',(-0.0219336611156258,-0.0264747861239087,0.006));
#3509=CARTESIAN_POINT('',(-0.0223390435007843,-0.0261289030973875,0.006));
#3510=CARTESIAN_POINT('',(-0.0226345726529932,-0.0258710032591112,0.006));
#3511=CARTESIAN_POINT('',(-0.0228408912986844,-0.0256884843102712,0.006));
#3512=CARTESIAN_POINT('',(-0.0229991867934901,-0.0255467975151543,0.006));
#3513=CARTESIAN_POINT('',(-0.0231171863181852,-0.0254404294478004,0.006));
#3514=CARTESIAN_POINT('',(-0.0232289495963596,-0.0253392620930317,0.006));
#3515=CARTESIAN_POINT('',(-0.0233588903978174,-0.0252209653867922,0.006));
#3516=CARTESIAN_POINT('',(-0.0235039713009719,-0.025087447406529,0.006));
#3517=CARTESIAN_POINT('',(-0.0236416112566522,-0.0249589992225392,0.006));
#3518=CARTESIAN_POINT('',(-0.0238196645449607,-0.0247900956026281,0.006));
#3519=CARTESIAN_POINT('',(-0.0239953215302495,-0.0246190184123985,0.006));
#3520=CARTESIAN_POINT('',(-0.0241811451533144,-0.0244337774920551,0.006));
#3521=CARTESIAN_POINT('',(-0.024328952312663,-0.0242846356532909,0.006));
#3522=CARTESIAN_POINT('',(-0.0244903287886311,-0.0241202648660694,0.006));
#3523=CARTESIAN_POINT('',(-0.0247219525899034,-0.0238818649725701,0.006));
#3524=CARTESIAN_POINT('',(-0.0250377631916358,-0.0235514248346269,0.006));
#3525=CARTESIAN_POINT('',(-0.0254453283874792,-0.0231132793585765,0.006));
#3526=CARTESIAN_POINT('',(-0.0257976376357309,-0.0227218946808978,0.006));
#3527=CARTESIAN_POINT('',(-0.0260805642873334,-0.0223977767480159,0.006));
#3528=CARTESIAN_POINT('',(-0.0262916990899715,-0.0221502973565991,0.006));
#3529=CARTESIAN_POINT('',(-0.026465486521508,-0.0219412371069123,0.006));
#3530=CARTESIAN_POINT('',(-0.0266023968436833,-0.0217728404378694,0.006));
#3531=CARTESIAN_POINT('',(-0.0267040002112916,-0.0216458618007399,0.006));
#3532=CARTESIAN_POINT('',(-0.0268036666827563,-0.0215191525361381,0.006));
#3533=CARTESIAN_POINT('',(-0.0269333782822056,-0.0213515625327584,0.006));
#3534=CARTESIAN_POINT('',(-0.0270901984740054,-0.0211442638516833,0.006));
#3535=CARTESIAN_POINT('',(-0.0272707172785009,-0.0208993907013684,0.006));
#3536=CARTESIAN_POINT('',(-0.0275025238768644,-0.0205782918012304,0.006));
#3537=CARTESIAN_POINT('',(-0.0277780660138611,-0.0201874783291672,0.006));
#3538=CARTESIAN_POINT('',(-0.0280413178257688,-0.0198111941971269,0.006));
#3539=CARTESIAN_POINT('',(-0.0282485888794964,-0.019518567552513,0.006));
#3540=CARTESIAN_POINT('',(-0.0284033946258135,-0.0193031027528579,0.006));
#3541=CARTESIAN_POINT('',(-0.0285327276035469,-0.0191266635223852,0.006));
#3542=CARTESIAN_POINT('',(-0.028636891164802,-0.0189872490994248,0.006));
#3543=CARTESIAN_POINT('',(-0.0287024425352451,-0.0189007338524817,0.006));
#3544=CARTESIAN_POINT('',(-0.0287551028538721,-0.0188320290431827,0.006));
#3545=CARTESIAN_POINT('',(-0.028808874627814,-0.0187623886489869,0.006));
#3546=CARTESIAN_POINT('',(-0.0288779988371844,-0.0186736748366811,0.006));
#3547=CARTESIAN_POINT('',(-0.0289638252429762,-0.0185643774489583,0.006));
#3548=CARTESIAN_POINT('',(-0.0290817721500345,-0.0184146743172114,0.006));
#3549=CARTESIAN_POINT('',(-0.0292351783023361,-0.0182196927019065,0.006));
#3550=CARTESIAN_POINT('',(-0.0294266261580262,-0.0179717492326408,0.006));
#3551=CARTESIAN_POINT('',(-0.029622991324762,-0.0177082934171894,0.006));
#3552=CARTESIAN_POINT('',(-0.0298877726816283,-0.0173342091721641,0.006));
#3553=CARTESIAN_POINT('',(-0.0301512411118132,-0.0169226141792325,0.006));
#3554=CARTESIAN_POINT('',(-0.0304004581966934,-0.0164680220555804,0.006));
#3555=CARTESIAN_POINT('',(-0.0305767708599823,-0.0161046709754542,0.006));
#3556=CARTESIAN_POINT('',(-0.0307390677687884,-0.0157183106694621,0.006));
#3557=CARTESIAN_POINT('',(-0.0308840738716107,-0.0153086562925007,0.006));
#3558=CARTESIAN_POINT('',(-0.0309879613785065,-0.0149480478091491,0.006));
#3559=CARTESIAN_POINT('',(-0.0310507031270621,-0.0146853426448308,0.006));
#3560=CARTESIAN_POINT('',(-0.0310834679125414,-0.0145327083558495,0.006));
#3561=CARTESIAN_POINT('',(-0.0311292670059337,-0.0143028584683903,0.006));
#3562=CARTESIAN_POINT('',(-0.0311861637510197,-0.0139533877621358,0.006));
#3563=CARTESIAN_POINT('',(-0.031240034544894,-0.0134774527472941,0.006));
#3564=CARTESIAN_POINT('',(-0.031274686908558,-0.0129909438149904,0.006));
#3565=CARTESIAN_POINT('',(-0.031298358996648,-0.0123275356304323,0.006));
#3566=CARTESIAN_POINT('',(-0.0312908509223302,-0.0114694882568877,0.006));
#3567=CARTESIAN_POINT('',(-0.0312360214979459,-0.0103915753877923,0.006));
#3568=CARTESIAN_POINT('',(-0.0311467057814649,-0.00926505416524129,0.006));
#3569=CARTESIAN_POINT('',(-0.0309953731255119,-0.00769973016959104,0.006));
#3570=CARTESIAN_POINT('',(-0.0308152520121764,-0.00604354783058291,0.006));
#3571=CARTESIAN_POINT('',(-0.0306437608988298,-0.00430941271755362,0.006));
#3572=CARTESIAN_POINT('',(-0.0305285555740779,-0.00297387889483133,0.006));
#3573=CARTESIAN_POINT('',(-0.0304512705953203,-0.00183525067947798,0.006));
#3574=CARTESIAN_POINT('',(-0.0304051475049841,-0.000911188734793251,0.006));
#3575=CARTESIAN_POINT('',(-0.0303837753793412,-0.000328509153625212,0.006));
#3576=CARTESIAN_POINT('',(-0.0303717291762919,0.000140135684210696,0.006));
#3577=CARTESIAN_POINT('',(-0.030363120287292,0.000611761589512785,0.006));
#3578=CARTESIAN_POINT('',(-0.030358491837156,0.0012063575806617,0.006));
#3579=CARTESIAN_POINT('',(-0.0303619628403361,0.00192543586342262,0.006));
#3580=CARTESIAN_POINT('',(-0.0303775139431276,0.00288842450298221,0.006));
#3581=CARTESIAN_POINT('',(-0.0304153408360164,0.00409406164268591,0.006));
#3582=CARTESIAN_POINT('',(-0.0304833158353715,0.00552505026213361,0.006));
#3583=CARTESIAN_POINT('',(-0.0305669335788802,0.00692183805481562,0.006));
#3584=CARTESIAN_POINT('',(-0.0306592034354597,0.00826637524478092,0.006));
#3585=CARTESIAN_POINT('',(-0.0307531093197861,0.00954106516016573,0.006));
#3586=CARTESIAN_POINT('',(-0.0308416286811946,0.0107289397851233,0.006));
#3587=CARTESIAN_POINT('',(-0.0309177226805655,0.0118141475252783,0.006));
#3588=CARTESIAN_POINT('',(-0.0309648802286956,0.0126213211547246,0.006));
#3589=CARTESIAN_POINT('',(-0.0309890947446941,0.0132044016275738,0.006));
#3590=CARTESIAN_POINT('',(-0.0309994181332949,0.0136103827256201,0.006));
#3591=CARTESIAN_POINT('',(-0.0310005641576423,0.0139862586647472,0.006));
#3592=CARTESIAN_POINT('',(-0.0309922797514298,0.0142774181863044,0.006));
#3593=CARTESIAN_POINT('',(-0.0309781580554945,0.0145016482916408,0.006));
#3594=CARTESIAN_POINT('',(-0.0309654112864834,0.0146400011966509,0.006));
#3595=CARTESIAN_POINT('',(-0.0309521031124153,0.014751066113078,0.006));
#3596=CARTESIAN_POINT('',(-0.030936241197594,0.0148634871884801,0.006));
#3597=CARTESIAN_POINT('',(-0.0309113378036072,0.0150042072452981,0.006));
#3598=CARTESIAN_POINT('',(-0.0308714365466122,0.0151743537018361,0.006));
#3599=CARTESIAN_POINT('',(-0.0308198145267931,0.0153448961561803,0.006));
#3600=CARTESIAN_POINT('',(-0.0307560753415146,0.0155122420825661,0.006));
#3601=CARTESIAN_POINT('',(-0.0306821980088676,0.015670619190806,0.006));
#3602=CARTESIAN_POINT('',(-0.0306028677401963,0.0158137757711527,0.006));
#3603=CARTESIAN_POINT('',(-0.0305243273745193,0.0159372133279994,0.006));
#3604=CARTESIAN_POINT('',(-0.0304522599470212,0.0160395222989622,0.006));
#3605=CARTESIAN_POINT('',(-0.030390064973159,0.0161222472097051,0.006));
#3606=CARTESIAN_POINT('',(-0.0303383745554038,0.0161888934602375,0.006));
#3607=CARTESIAN_POINT('',(-0.0303027477281879,0.0162347429646626,0.006));
#3608=CARTESIAN_POINT('',(-0.0302773114202658,0.0162679892158099,0.006));
#3609=CARTESIAN_POINT('',(-0.0302593918000587,0.0162917698975994,0.006));
#3610=CARTESIAN_POINT('',(-0.0302450400991084,0.0163111943001171,0.006));
#3611=CARTESIAN_POINT('',(-0.0302338666065166,0.0163265806951923,0.006));
#3612=CARTESIAN_POINT('',(-0.0302219574769387,0.0163431753573336,0.006));
#3613=CARTESIAN_POINT('',(-0.0302058061285772,0.0163660530527788,0.006));
#3614=CARTESIAN_POINT('',(-0.030177548106425,0.0164068927740422,0.006));
#3615=CARTESIAN_POINT('',(-0.0301381666434452,0.0164653172740048,0.006));
#3616=CARTESIAN_POINT('',(-0.0300855224998546,0.0165457647714397,0.006));
#3617=CARTESIAN_POINT('',(-0.0300091904857437,0.0166652624225437,0.006));
#3618=CARTESIAN_POINT('',(-0.029903819103696,0.016835059543916,0.006));
#3619=CARTESIAN_POINT('',(-0.0297649347472814,0.0170650432939817,0.006));
#3620=CARTESIAN_POINT('',(-0.029616081304326,0.0173159817761824,0.006));
#3621=CARTESIAN_POINT('',(-0.0294069764490598,0.0176722865415738,0.006));
#3622=CARTESIAN_POINT('',(-0.0291299963357831,0.0181475783925453,0.006));
#3623=CARTESIAN_POINT('',(-0.0288419580531582,0.0186365157257643,0.006));
#3624=CARTESIAN_POINT('',(-0.0286094758628897,0.0190218186299319,0.006));
#3625=CARTESIAN_POINT('',(-0.0284350208023893,0.0193046732849621,0.006));
#3626=CARTESIAN_POINT('',(-0.0282607357624972,0.0195788004724934,0.006));
#3627=CARTESIAN_POINT('',(-0.0280901201391397,0.0198378315296705,0.006));
#3628=CARTESIAN_POINT('',(-0.0279222566471337,0.020083975478588,0.006));
#3629=CARTESIAN_POINT('',(-0.027701685451215,0.0203962994127081,0.006));
#3630=CARTESIAN_POINT('',(-0.0274310580468393,0.0207600758501436,0.006));
#3631=CARTESIAN_POINT('',(-0.027112254789607,0.0211632047429974,0.006));
#3632=CARTESIAN_POINT('',(-0.0268498172144827,0.0214795405723354,0.006));
#3633=CARTESIAN_POINT('',(-0.0266403923938027,0.0217262974158572,0.006));
#3634=CARTESIAN_POINT('',(-0.0264827094210247,0.0219102062288576,0.006));
#3635=CARTESIAN_POINT('',(-0.0263237589486769,0.0220942156310627,0.006));
#3636=CARTESIAN_POINT('',(-0.0261127140109306,0.0223370708425344,0.006));
#3637=CARTESIAN_POINT('',(-0.0259058332512086,0.0225735493947,0.006));
#3638=CARTESIAN_POINT('',(-0.0257095152616205,0.0227974456715612,0.006));
#3639=CARTESIAN_POINT('',(-0.0255692134000766,0.0229574579485442,0.006));
#3640=CARTESIAN_POINT('',(-0.0254595070289434,0.0230827984729594,0.006));
#3641=CARTESIAN_POINT('',(-0.0253769743114156,0.0231773641589159,0.006));
#3642=CARTESIAN_POINT('',(-0.025317944827033,0.0232451777125652,0.006));
#3643=CARTESIAN_POINT('',(-0.0252619942274372,0.0233096649707011,0.006));
#3644=CARTESIAN_POINT('',(-0.0252095642735139,0.0233703739375807,0.006));
#3645=CARTESIAN_POINT('',(-0.0251575214887542,0.0234307955354693,0.006));
#3646=CARTESIAN_POINT('',(-0.0250877523537027,0.0235116402842131,0.006));
#3647=CARTESIAN_POINT('',(-0.0249973494302024,0.0236154074671421,0.006));
#3648=CARTESIAN_POINT('',(-0.0248784590592477,0.0237476135972371,0.006));
#3649=CARTESIAN_POINT('',(-0.0247463604220285,0.023887827165929,0.006));
#3650=CARTESIAN_POINT('',(-0.0245994837258843,0.0240356717742009,0.006));
#3651=CARTESIAN_POINT('',(-0.0244629189855677,0.0241662109261483,0.006));
#3652=CARTESIAN_POINT('',(-0.0243433271374967,0.0242765982125249,0.006));
#3653=CARTESIAN_POINT('',(-0.0242795685091266,0.0243342364028357,0.006));
#3654=CARTESIAN_POINT('',(-0.02424668496752,0.0243636776571019,0.006));
#3655=CARTESIAN_POINT('',(0.0137515074314441,0.0313656666440565,0.006));
#3656=CARTESIAN_POINT('',(-0.0140701877559606,0.031268511250005,0.006));
#3657=CARTESIAN_POINT('',(-0.0129072362047772,0.0314307020021191,0.00607619706826589));
#3658=CARTESIAN_POINT('',(-0.0105921958747567,0.0313182002169583,0.00626765923501592));
#3659=CARTESIAN_POINT('',(-0.0071285373099934,0.0309095788357149,0.00658852929495196));
#3660=CARTESIAN_POINT('',(-0.00366574549273542,0.0305235560902382,0.00685927175402933));
#3661=CARTESIAN_POINT('',(-0.000163200181929611,0.0303236195739724,0.00699211674183125));
#3662=CARTESIAN_POINT('',(0.0033299437192441,0.0304418710864557,0.00687171297772205));
#3663=CARTESIAN_POINT('',(0.00680344409423255,0.0307412394965068,0.00659055975885612));
#3664=CARTESIAN_POINT('',(0.00968976852185383,0.0310775306040413,0.00631582779382623));
#3665=CARTESIAN_POINT('',(0.0120029400338538,0.0313161399886048,0.00612009446800276));
#3666=CARTESIAN_POINT('',(0.0131635202753856,0.0314045370850515,0.00603680557769169));
#3667=CARTESIAN_POINT('',(0.0137515074314441,0.0313656666439265,0.006));
#3668=CARTESIAN_POINT('',(-0.0140701877559603,0.0312685112500054,0.006));
#3669=CARTESIAN_POINT('',(-0.02424668496752,0.0243636776571019,0.006));
#3670=CARTESIAN_POINT('',(-0.0242138014259132,0.024393118911368,0.006));
#3671=CARTESIAN_POINT('',(-0.0241460258878567,0.0244532457381219,0.006));
#3672=CARTESIAN_POINT('',(-0.0240030778206088,0.0245781052261854,0.006));
#3673=CARTESIAN_POINT('',(-0.0237330190355413,0.024809531581374,0.006));
#3674=CARTESIAN_POINT('',(-0.0232928839736228,0.0251766184219629,0.006));
#3675=CARTESIAN_POINT('',(-0.0226928500760389,0.0256666301869642,0.006));
#3676=CARTESIAN_POINT('',(-0.0220399001154442,0.0261935026255669,0.006));
#3677=CARTESIAN_POINT('',(-0.0213541601945311,0.026743532098998,0.006));
#3678=CARTESIAN_POINT('',(-0.0206564510149209,0.027302396811594,0.006));
#3679=CARTESIAN_POINT('',(-0.0200827645758974,0.0277632361713395,0.006));
#3680=CARTESIAN_POINT('',(-0.0196392736128211,0.0281214662311346,0.006));
#3681=CARTESIAN_POINT('',(-0.0193708984456045,0.0283393503664995,0.006));
#3682=CARTESIAN_POINT('',(-0.0191627436164437,0.0285091793741629,0.006));
#3683=CARTESIAN_POINT('',(-0.0190106300909189,0.0286337633515525,0.006));
#3684=CARTESIAN_POINT('',(-0.0188612605860726,0.0287565923254826,0.006));
#3685=CARTESIAN_POINT('',(-0.0186643414951272,0.0289187213020123,0.006));
#3686=CARTESIAN_POINT('',(-0.0184217182080118,0.029118048902152,0.006));
#3687=CARTESIAN_POINT('',(-0.0180362720859587,0.0294299933576104,0.006));
#3688=CARTESIAN_POINT('',(-0.017550932503889,0.0298064649884787,0.006));
#3689=CARTESIAN_POINT('',(-0.0169352745708454,0.0302308824136029,0.006));
#3690=CARTESIAN_POINT('',(-0.016374851239751,0.0305498516774605,0.006));
#3691=CARTESIAN_POINT('',(-0.0158915617208712,0.0307736905215957,0.006));
#3692=CARTESIAN_POINT('',(-0.0155112827364782,0.0309232499015077,0.006));
#3693=CARTESIAN_POINT('',(-0.0151132078306807,0.0310522923688174,0.006));
#3694=CARTESIAN_POINT('',(-0.0146976224745928,0.0311592544186244,0.006));
#3695=CARTESIAN_POINT('',(-0.0143368652546197,0.0312293201497335,0.006));
#3696=CARTESIAN_POINT('',(-0.0140393110648327,0.0312737871829522,0.006));
#3697=CARTESIAN_POINT('',(-0.0137391092930586,0.0313103842490186,0.006));
#3698=CARTESIAN_POINT('',(-0.0133577308013209,0.0313427290299186,0.006));
#3699=CARTESIAN_POINT('',(-0.0127336408888343,0.0313697614537817,0.006));
#3700=CARTESIAN_POINT('',(-0.011925267767438,0.031363495766319,0.006));
#3701=CARTESIAN_POINT('',(-0.0109059243545885,0.0313073028150396,0.006));
#3702=CARTESIAN_POINT('',(-0.00947960211657378,0.0311836620999573,0.006));
#3703=CARTESIAN_POINT('',(-0.00795392006138662,0.0310087302593296,0.006));
#3704=CARTESIAN_POINT('',(-0.00634080808433664,0.0308222331583836,0.006));
#3705=CARTESIAN_POINT('',(-0.00509171664275709,0.0306860621557633,0.006));
#3706=CARTESIAN_POINT('',(-0.00380800169407863,0.0305630563438576,0.006));
#3707=CARTESIAN_POINT('',(-0.00271360931672001,0.0304792952369208,0.006));
#3708=CARTESIAN_POINT('',(-0.00182596235342564,0.0304281424311669,0.006));
#3709=CARTESIAN_POINT('',(-0.00115483790267169,0.0303988434615006,0.006));
#3710=CARTESIAN_POINT('',(-0.00059165084447465,0.0303829309847177,0.006));
#3711=CARTESIAN_POINT('',(-0.000139082105735467,0.0303758537513359,0.006));
#3712=CARTESIAN_POINT('',(0.000314674153940152,0.0303727667724538,0.006));
#3713=CARTESIAN_POINT('',(0.00088701177805211,0.0303763293352583,0.006));
#3714=CARTESIAN_POINT('',(0.00180977162428153,0.0303964967078992,0.006));
#3715=CARTESIAN_POINT('',(0.00297083009371554,0.0304464014897196,0.006));
#3716=CARTESIAN_POINT('',(0.00435771436798651,0.0305376522918754,0.006));
#3717=CARTESIAN_POINT('',(0.00572027846367998,0.0306519374185457,0.006));
#3718=CARTESIAN_POINT('',(0.00704097805733104,0.0307808245514876,0.006));
#3719=CARTESIAN_POINT('',(0.00830275137908398,0.0309158337213897,0.006));
#3720=CARTESIAN_POINT('',(0.00948913349017535,0.0310484765467533,0.006));
#3721=CARTESIAN_POINT('',(0.0105846289710272,0.0311702799116362,0.006));
#3722=CARTESIAN_POINT('',(0.0114102138240699,0.0312557144279248,0.006));
#3723=CARTESIAN_POINT('',(0.0120132995662706,0.0313101401570434,0.006));
#3724=CARTESIAN_POINT('',(0.0124364603585193,0.0313428680666364,0.006));
#3725=CARTESIAN_POINT('',(0.0128307843916567,0.0313662726427276,0.006));
#3726=CARTESIAN_POINT('',(0.0131982220324148,0.0313788089046535,0.006));
#3727=CARTESIAN_POINT('',(0.0134859553858604,0.0313783626412902,0.006));
#3728=CARTESIAN_POINT('',(0.0137106465439674,0.0313691292052468,0.006));
#3729=CARTESIAN_POINT('',(0.0138509879100213,0.0313586911844135,0.006));
#3730=CARTESIAN_POINT('',(0.0139649178909523,0.0313465642005171,0.006));
#3731=CARTESIAN_POINT('',(0.0140787682780021,0.0313317326880284,0.006));
#3732=CARTESIAN_POINT('',(0.0142219033998383,0.0313075445990931,0.006));
#3733=CARTESIAN_POINT('',(0.0143948501910295,0.0312677500275116,0.006));
#3734=CARTESIAN_POINT('',(0.0145668516016618,0.031216081045256,0.006));
#3735=CARTESIAN_POINT('',(0.0147335519975939,0.0311530084282522,0.006));
#3736=CARTESIAN_POINT('',(0.0148894130221864,0.0310812313158268,0.006));
#3737=CARTESIAN_POINT('',(0.0150294632046484,0.0310053945176855,0.006));
#3738=CARTESIAN_POINT('',(0.0151508920407637,0.0309307508284417,0.006));
#3739=CARTESIAN_POINT('',(0.0152535979357173,0.0308615379835118,0.006));
#3740=CARTESIAN_POINT('',(0.0153397070227499,0.0307999932345273,0.006));
#3741=CARTESIAN_POINT('',(0.015412689911074,0.030746288183783,0.006));
#3742=CARTESIAN_POINT('',(0.0154659481227731,0.0307069433621903,0.006));
#3743=CARTESIAN_POINT('',(0.0155061076066797,0.0306776283716512,0.006));
#3744=CARTESIAN_POINT('',(0.0155354928725603,0.0306564383625236,0.006));
#3745=CARTESIAN_POINT('',(0.0155647207638928,0.0306356981194294,0.006));
#3746=CARTESIAN_POINT('',(0.0156037241648057,0.0306085500727575,0.006));
#3747=CARTESIAN_POINT('',(0.0156612778829114,0.0305696212907942,0.006));
#3748=CARTESIAN_POINT('',(0.0157419487132262,0.0305167959272089,0.006));
#3749=CARTESIAN_POINT('',(0.0158332889789308,0.0304585238480189,0.006));
#3750=CARTESIAN_POINT('',(0.0159679250950909,0.0303744401518501,0.006));
#3751=CARTESIAN_POINT('',(0.0161582680543153,0.0302585304445453,0.006));
#3752=CARTESIAN_POINT('',(0.0164165846438769,0.0301048178203971,0.006));
#3753=CARTESIAN_POINT('',(0.0167004543292412,0.0299382983789083,0.006));
#3754=CARTESIAN_POINT('',(0.0170060274203831,0.0297604006276639,0.006));
#3755=CARTESIAN_POINT('',(0.0174377164929345,0.0295096035041916,0.006));
#3756=CARTESIAN_POINT('',(0.0180144790542054,0.0291732407810224,0.006));
#3757=CARTESIAN_POINT('',(0.0187412029078022,0.028740155129978,0.006));
#3758=CARTESIAN_POINT('',(0.0193562153593734,0.0283597113016449,0.006));
#3759=CARTESIAN_POINT('',(0.0198429819810633,0.0280459205847846,0.006));
#3760=CARTESIAN_POINT('',(0.0201427435449562,0.0278463046093316,0.006));
#3761=CARTESIAN_POINT('',(0.0203789753614609,0.0276843848138348,0.006));
#3762=CARTESIAN_POINT('',(0.0206109722988237,0.027522073198906,0.006));
#3763=CARTESIAN_POINT('',(0.0208927540518861,0.0273189287825755,0.006));
#3764=CARTESIAN_POINT('',(0.0212183331284209,0.027075050172484,0.006));
#3765=CARTESIAN_POINT('',(0.0216362564350667,0.0267503411106993,0.006));
#3766=CARTESIAN_POINT('',(0.0221294892392498,0.0263463750691289,0.006));
#3767=CARTESIAN_POINT('',(0.022678407169951,0.0258682087690888,0.006));
#3768=CARTESIAN_POINT('',(0.0231881295198268,0.0254002229710091,0.006));
#3769=CARTESIAN_POINT('',(0.0235833737471523,0.0250217462330666,0.006));
#3770=CARTESIAN_POINT('',(0.0238837320026702,0.0247276699308641,0.006));
#3771=CARTESIAN_POINT('',(0.0240652116214309,0.0245478994677589,0.006));
#3772=CARTESIAN_POINT('',(0.0242069370111988,0.0244066573711742,0.006));
#3773=CARTESIAN_POINT('',(0.0243113933483035,0.0243022326276697,0.006));
#3774=CARTESIAN_POINT('',(0.0244147367433897,0.024198693559439,0.006));
#3775=CARTESIAN_POINT('',(0.0246203426807485,0.0239920706199905,0.006));
#3776=CARTESIAN_POINT('',(0.0249242921542472,0.0236836563661608,0.006));
#3777=CARTESIAN_POINT('',(0.0253235696209834,0.0232667545071548,0.006));
#3778=CARTESIAN_POINT('',(0.0257192714746218,0.0228361334712178,0.006));
#3779=CARTESIAN_POINT('',(0.0260475664846496,0.0224596224712275,0.006));
#3780=CARTESIAN_POINT('',(0.0263100855165995,0.0221443556238961,0.006));
#3781=CARTESIAN_POINT('',(0.0265070710229652,0.0219000928599555,0.006));
#3782=CARTESIAN_POINT('',(0.0266715883350431,0.0216892129623525,0.006));
#3783=CARTESIAN_POINT('',(0.0268032782620517,0.0215160108026043,0.006));
#3784=CARTESIAN_POINT('',(0.0269340066050856,0.0213413247123139,0.006));
#3785=CARTESIAN_POINT('',(0.0270961592454809,0.0211199627489358,0.006));
#3786=CARTESIAN_POINT('',(0.0273530379453293,0.0207610690495952,0.006));
#3787=CARTESIAN_POINT('',(0.0276697573922698,0.0203063796755739,0.006));
#3788=CARTESIAN_POINT('',(0.0280428974235086,0.0197609592065972,0.006));
#3789=CARTESIAN_POINT('',(0.0284082465438268,0.019226410170142,0.006));
#3790=CARTESIAN_POINT('',(0.0287048172042011,0.0187994867555989,0.006));
#3791=CARTESIAN_POINT('',(0.0289070944037063,0.0185157129194718,0.006));
#3792=CARTESIAN_POINT('',(0.0290209301446615,0.0183586639637793,0.006));
#3793=CARTESIAN_POINT('',(0.0291053441927667,0.0182436686663334,0.006));
#3794=CARTESIAN_POINT('',(0.0291888031641613,0.0181315526547606,0.006));
#3795=CARTESIAN_POINT('',(0.0292709132589165,0.0180229993447442,0.006));
#3796=CARTESIAN_POINT('',(0.0293548318494358,0.0179136464399666,0.006));
#3797=CARTESIAN_POINT('',(0.0294686838729249,0.0177666400575693,0.006));
#3798=CARTESIAN_POINT('',(0.0296147624587846,0.0175792494029689,0.006));
#3799=CARTESIAN_POINT('',(0.0297952042570918,0.0173449718261545,0.006));
#3800=CARTESIAN_POINT('',(0.0299793157719407,0.0170976342183232,0.006));
#3801=CARTESIAN_POINT('',(0.0302266027471185,0.0167459091080057,0.006));
#3802=CARTESIAN_POINT('',(0.0304706413286466,0.0163546416813834,0.006));
#3803=CARTESIAN_POINT('',(0.030695039144494,0.0159156803468759,0.006));
#3804=CARTESIAN_POINT('',(0.0308489614974383,0.0155622038639054,0.006));
#3805=CARTESIAN_POINT('',(0.0309845196193678,0.0151846397413677,0.006));
#3806=CARTESIAN_POINT('',(0.0310795096542408,0.0148504964864881,0.006));
#3807=CARTESIAN_POINT('',(0.0311436299829327,0.0145718078776073,0.006));
#3808=CARTESIAN_POINT('',(0.0311786348689739,0.014392833299456,0.006));
#3809=CARTESIAN_POINT('',(0.0312034851031803,0.0142469550438289,0.006));
#3810=CARTESIAN_POINT('',(0.0312260893944444,0.014100525489278,0.006));
#3811=CARTESIAN_POINT('',(0.031250427317313,0.0139159095100501,0.006));
#3812=CARTESIAN_POINT('',(0.0312738921275911,0.0136917921487172,0.006));
#3813=CARTESIAN_POINT('',(0.031298174990433,0.0133892194725518,0.006));
#3814=CARTESIAN_POINT('',(0.0313237563128451,0.0128492998007255,0.006));
#3815=CARTESIAN_POINT('',(0.031319202117448,0.0120451112209927,0.006));
#3816=CARTESIAN_POINT('',(0.0312645237477278,0.0110224642188668,0.006));
#3817=CARTESIAN_POINT('',(0.0311731804100583,0.00994185921110256,0.006));
#3818=CARTESIAN_POINT('',(0.031056272647466,0.00880584478191463,0.006));
#3819=CARTESIAN_POINT('',(0.0309241914131171,0.00761886423205512,0.006));
#3820=CARTESIAN_POINT('',(0.0307870153263532,0.0063865764465621,0.006));
#3821=CARTESIAN_POINT('',(0.0306546499542624,0.00511545787364501,0.006));
#3822=CARTESIAN_POINT('',(0.0305368815456809,0.00381255306744175,0.006));
#3823=CARTESIAN_POINT('',(0.0304589658603158,0.00270652183234307,0.006));
#3824=CARTESIAN_POINT('',(0.0304135335407636,0.00181340951283762,0.006));
#3825=CARTESIAN_POINT('',(0.0303890816229923,0.00114042747837198,0.006));
#3826=CARTESIAN_POINT('',(0.0303776986352318,0.000577811217389704,0.006));
#3827=CARTESIAN_POINT('',(0.0303745516843588,0.000127163075535444,0.006));
#3828=CARTESIAN_POINT('',(0.0303756048213887,-0.000323749858802563,0.006));
#3829=CARTESIAN_POINT('',(0.0303846968740032,-0.000890890285535039,0.006));
#3830=CARTESIAN_POINT('',(0.0304143382907261,-0.00180210781123568,0.006));
#3831=CARTESIAN_POINT('',(0.030477020852514,-0.00294362524258617,0.006));
#3832=CARTESIAN_POINT('',(0.0305843408851107,-0.00430149711903093,0.006));
#3833=CARTESIAN_POINT('',(0.0307146690353492,-0.00563209026607254,0.006));
#3834=CARTESIAN_POINT('',(0.0308588057909264,-0.00692046164721434,0.006));
#3835=CARTESIAN_POINT('',(0.0310074987273473,-0.00815220045990461,0.006));
#3836=CARTESIAN_POINT('',(0.0311514800308157,-0.00931358998073185,0.006));
#3837=CARTESIAN_POINT('',(0.0312814729575815,-0.0103920563472344,0.006));
#3838=CARTESIAN_POINT('',(0.0313703899634017,-0.011212754366439,0.006));
#3839=CARTESIAN_POINT('',(0.0314250347778545,-0.0118193501029521,0.006));
#3840=CARTESIAN_POINT('',(0.0314564418985969,-0.0122493602862386,0.006));
#3841=CARTESIAN_POINT('',(0.0314767484270267,-0.0126552807826196,0.006));
#3842=CARTESIAN_POINT('',(0.031482808040226,-0.0129753969047791,0.006));
#3843=CARTESIAN_POINT('',(0.0314796045139897,-0.0132231248044353,0.006));
#3844=CARTESIAN_POINT('',(0.0314725645419984,-0.0134058012547851,0.006));
#3845=CARTESIAN_POINT('',(0.0314621419248567,-0.013556592140833,0.006));
#3846=CARTESIAN_POINT('',(0.0314504447123582,-0.0136772962683067,0.006));
#3847=CARTESIAN_POINT('',(0.031436178000088,-0.0137985526343301,0.006));
#3848=CARTESIAN_POINT('',(0.0314135586644797,-0.013947894950535,0.006));
#3849=CARTESIAN_POINT('',(0.0313779780901784,-0.0141243331538509,0.006));
#3850=CARTESIAN_POINT('',(0.0313334360209264,-0.0142972708728178,0.006));
#3851=CARTESIAN_POINT('',(0.0312621830975659,-0.0145213043005258,0.006));
#3852=CARTESIAN_POINT('',(0.0311523788432165,-0.0147836205127092,0.006));
#3853=CARTESIAN_POINT('',(0.0310046582951794,-0.0150507731587282,0.006));
#3854=CARTESIAN_POINT('',(0.0308647263618521,-0.0152623705451808,0.006));
#3855=CARTESIAN_POINT('',(0.0307662431466048,-0.0153992881602104,0.006));
#3856=CARTESIAN_POINT('',(0.030698108823899,-0.0154936728623356,0.006));
#3857=CARTESIAN_POINT('',(0.0306590947216578,-0.0155483690037832,0.006));
#3858=CARTESIAN_POINT('',(0.0306294079867022,-0.0155908252994006,0.006));
#3859=CARTESIAN_POINT('',(0.0306078212573017,-0.0156222044625163,0.006));
#3860=CARTESIAN_POINT('',(0.0305864117723508,-0.0156539351293046,0.006));
#3861=CARTESIAN_POINT('',(0.0305634715780698,-0.0156885749948448,0.006));
#3862=CARTESIAN_POINT('',(0.0305395087072426,-0.0157253914532504,0.006));
#3863=CARTESIAN_POINT('',(0.0305061647723344,-0.0157774383003469,0.006));
#3864=CARTESIAN_POINT('',(0.0304445115564702,-0.0158757637905438,0.006));
#3865=CARTESIAN_POINT('',(0.0303482426429453,-0.0160349729846336,0.006));
#3866=CARTESIAN_POINT('',(0.0302224430529556,-0.0162507055984838,0.006));
#3867=CARTESIAN_POINT('',(0.0300434959843066,-0.0165654947787249,0.006));
#3868=CARTESIAN_POINT('',(0.0298024378200709,-0.0170002028794194,0.006));
#3869=CARTESIAN_POINT('',(0.0295450683225111,-0.0174676659156264,0.006));
#3870=CARTESIAN_POINT('',(0.0293322360886215,-0.0178496566410003,0.006));
#3871=CARTESIAN_POINT('',(0.0291696743904423,-0.0181374998436861,0.006));
#3872=CARTESIAN_POINT('',(0.0290046366130061,-0.0184240925616707,0.006));
#3873=CARTESIAN_POINT('',(0.0288651822780336,-0.0186600669334517,0.006));
#3874=CARTESIAN_POINT('',(0.0287526765861782,-0.0188457111352746,0.006));
#3875=CARTESIAN_POINT('',(0.0286404368401956,-0.0190277338291933,0.006));
#3876=CARTESIAN_POINT('',(0.0285001388120257,-0.019249424729583,0.006));
#3877=CARTESIAN_POINT('',(0.0283315581484329,-0.0195067818951463,0.006));
#3878=CARTESIAN_POINT('',(0.0281060317181242,-0.0198395857360982,0.006));
#3879=CARTESIAN_POINT('',(0.0278220231820526,-0.0202382961894487,0.006));
#3880=CARTESIAN_POINT('',(0.0274757999073066,-0.020696037871319,0.006));
#3881=CARTESIAN_POINT('',(0.0271810876934418,-0.0210663690311042,0.006));
#3882=CARTESIAN_POINT('',(0.0269402745276876,-0.0213601168687883,0.006));
#3883=CARTESIAN_POINT('',(0.026756912934963,-0.0215800842400442,0.006));
#3884=CARTESIAN_POINT('',(0.0265697324531953,-0.0218015981737888,0.006));
#3885=CARTESIAN_POINT('',(0.0263150941989646,-0.0220991557592416,0.006));
#3886=CARTESIAN_POINT('',(0.0258586163129177,-0.0226232505593304,0.006));
#3887=CARTESIAN_POINT('',(0.0253211024659426,-0.0232212685202953,0.006));
#3888=CARTESIAN_POINT('',(0.0248533519922069,-0.0237275284570594,0.006));
#3889=CARTESIAN_POINT('',(0.0245891473026718,-0.0240096340227802,0.006));
#3890=CARTESIAN_POINT('',(0.0243931021889873,-0.0242170314932938,0.006));
#3891=CARTESIAN_POINT('',(0.0241997939514585,-0.0244197124051205,0.006));
#3892=CARTESIAN_POINT('',(0.0239411418166734,-0.0246876127622534,0.006));
#3893=CARTESIAN_POINT('',(0.0236128965064963,-0.0250190644377535,0.006));
#3894=CARTESIAN_POINT('',(0.0231993024569666,-0.0254162028669191,0.006));
#3895=CARTESIAN_POINT('',(0.0227558746168774,-0.0258159698605616,0.006));
#3896=CARTESIAN_POINT('',(0.0222731229283575,-0.0262215744379318,0.006));
#3897=CARTESIAN_POINT('',(0.0218305180217248,-0.026567607709797,0.006));
#3898=CARTESIAN_POINT('',(0.0214467110661459,-0.0268519882921252,0.006));
#3899=CARTESIAN_POINT('',(0.0211483553846029,-0.0270663810673797,0.006));
#3900=CARTESIAN_POINT('',(0.0208409211719783,-0.027282016873207,0.006));
#3901=CARTESIAN_POINT('',(0.020421627491063,-0.0275704227082234,0.006));
#3902=CARTESIAN_POINT('',(0.0198849954845062,-0.0279312071092366,0.006));
#3903=CARTESIAN_POINT('',(0.0192386918528185,-0.0283586823980135,0.006));
#3904=CARTESIAN_POINT('',(0.0187138376026173,-0.0287045818397511,0.006));
#3905=CARTESIAN_POINT('',(0.0183121653238663,-0.0289711747265787,0.006));
#3906=CARTESIAN_POINT('',(0.0180226513893966,-0.0291649552055393,0.006));
#3907=CARTESIAN_POINT('',(0.0177476061600665,-0.0293513868703935,0.006));
#3908=CARTESIAN_POINT('',(0.0175328744100733,-0.0294995082155356,0.006));
#3909=CARTESIAN_POINT('',(0.0173713242231437,-0.0296128869862664,0.006));
#3910=CARTESIAN_POINT('',(0.0172557389810418,-0.0296951086450385,0.006));
#3911=CARTESIAN_POINT('',(0.0171460344381636,-0.0297743554107396,0.006));
#3912=CARTESIAN_POINT('',(0.0170432271977545,-0.0298499882991478,0.006));
#3913=CARTESIAN_POINT('',(0.0169416172431721,-0.029925980109927,0.006));
#3914=CARTESIAN_POINT('',(0.0168070010756432,-0.0300276552813281,0.006));
#3915=CARTESIAN_POINT('',(0.0166373734276203,-0.0301564472370116,0.006));
#3916=CARTESIAN_POINT('',(0.016423288913928,-0.0303151784086823,0.006));
#3917=CARTESIAN_POINT('',(0.016190687225563,-0.0304776051189008,0.006));
#3918=CARTESIAN_POINT('',(0.0159330558169357,-0.0306403155028337,0.006));
#3919=CARTESIAN_POINT('',(0.0156466588439673,-0.0307969420678154,0.006));
#3920=CARTESIAN_POINT('',(0.0153315473222694,-0.0309395263031671,0.006));
#3921=CARTESIAN_POINT('',(0.0149910130872234,-0.0310610311254303,0.006));
#3922=CARTESIAN_POINT('',(0.014689559284513,-0.0311413633515463,0.006));
#3923=CARTESIAN_POINT('',(0.0144389785343009,-0.0311927367798189,0.006));
#3924=CARTESIAN_POINT('',(0.0142783508322128,-0.0312196187821514,0.006));
#3925=CARTESIAN_POINT('',(0.0141474973485508,-0.0312380549072793,0.006));
#3926=CARTESIAN_POINT('',(0.0140161994034139,-0.0312543921078089,0.006));
#3927=CARTESIAN_POINT('',(0.0138505673110441,-0.0312712223285765,0.006));
#3928=CARTESIAN_POINT('',(0.0136489212222539,-0.0312863432938902,0.006));
#3929=CARTESIAN_POINT('',(0.0133754962765405,-0.0313004630600867,0.006));
#3930=CARTESIAN_POINT('',(0.0130241181433064,-0.0313079117451751,0.006));
#3931=CARTESIAN_POINT('',(0.0124383959145828,-0.031301596354286,0.006));
#3932=CARTESIAN_POINT('',(0.0116586553153428,-0.031264484804693,0.006));
#3933=CARTESIAN_POINT('',(0.0106438800659804,-0.0311849945313011,0.006));
#3934=CARTESIAN_POINT('',(0.00955315407257292,-0.0310801229376162,0.006));
#3935=CARTESIAN_POINT('',(0.00839242323457896,-0.0309588673681742,0.006));
#3936=CARTESIAN_POINT('',(0.00716933284833385,-0.0308299627646984,0.006));
#3937=CARTESIAN_POINT('',(0.00589251473252697,-0.0307020508320538,0.006));
#3938=CARTESIAN_POINT('',(0.00457126374240508,-0.0305837179210219,0.006));
#3939=CARTESIAN_POINT('',(0.00321526776983788,-0.0304834854015466,0.006));
#3940=CARTESIAN_POINT('',(0.00183475574731752,-0.0304098368786983,0.006));
#3941=CARTESIAN_POINT('',(0.000672010366461119,-0.0303774797103601,0.006));
#3942=CARTESIAN_POINT('',(-0.000259171593503436,-0.0303733030012572,0.006));
#3943=CARTESIAN_POINT('',(-0.000961355622706407,-0.0303813956649206,0.006));
#3944=CARTESIAN_POINT('',(-0.00166543857825626,-0.0303995239249245,0.006));
#3945=CARTESIAN_POINT('',(-0.00260412252496334,-0.0304358422769528,0.006));
#3946=CARTESIAN_POINT('',(-0.00377248749521428,-0.0305014906961675,0.006));
#3947=CARTESIAN_POINT('',(-0.00515139015538275,-0.0306045814236617,0.006));
#3948=CARTESIAN_POINT('',(-0.00649238697789888,-0.0307237709943658,0.006));
#3949=CARTESIAN_POINT('',(-0.00778110816395503,-0.0308507937900078,0.006));
#3950=CARTESIAN_POINT('',(-0.00900371155577638,-0.0309773543543299,0.006));
#3951=CARTESIAN_POINT('',(-0.0101471182376818,-0.0310951474969123,0.006));
#3952=CARTESIAN_POINT('',(-0.0111995919106191,-0.0311958280840629,0.006));
#3953=CARTESIAN_POINT('',(-0.0119929990413213,-0.031258424765545,0.006));
#3954=CARTESIAN_POINT('',(-0.0125756750903429,-0.0312911092482209,0.006));
#3955=CARTESIAN_POINT('',(-0.0129873150519875,-0.0313055471517696,0.006));
#3956=CARTESIAN_POINT('',(-0.013375394481285,-0.0313081731113955,0.006));
#3957=CARTESIAN_POINT('',(-0.0136823850091008,-0.0312984458511814,0.006));
#3958=CARTESIAN_POINT('',(-0.0139222128234907,-0.0312811571123296,0.006));
#3959=CARTESIAN_POINT('',(-0.0140709387289924,-0.0312655557453702,0.006));
#3960=CARTESIAN_POINT('',(-0.0141906641181796,-0.0312493706153072,0.006));
#3961=CARTESIAN_POINT('',(-0.014309300597242,-0.0312306942091259,0.006));
#3962=CARTESIAN_POINT('',(-0.0144556427408208,-0.0312024798652246,0.006));
#3963=CARTESIAN_POINT('',(-0.0146280954189028,-0.031160110656073,0.006));
#3964=CARTESIAN_POINT('',(-0.0148524839513741,-0.0310919474713995,0.006));
#3965=CARTESIAN_POINT('',(-0.01511816499111,-0.030985246984378,0.006));
#3966=CARTESIAN_POINT('',(-0.0153932879888039,-0.0308369185426757,0.006));
#3967=CARTESIAN_POINT('',(-0.0155758257899739,-0.0307169509919449,0.006));
#3968=CARTESIAN_POINT('',(-0.015696385493761,-0.0306316927964775,0.006));
#3969=CARTESIAN_POINT('',(-0.0157759916455656,-0.0305736349404601,0.006));
#3970=CARTESIAN_POINT('',(-0.0158469415498407,-0.0305213515213684,0.006));
#3971=CARTESIAN_POINT('',(-0.0159115669985276,-0.0304740754555352,0.006));
#3972=CARTESIAN_POINT('',(-0.0159625880946555,-0.0304375969570772,0.006));
#3973=CARTESIAN_POINT('',(-0.016002268614245,-0.030409960316147,0.006));
#3974=CARTESIAN_POINT('',(-0.0160441548647415,-0.0303813677571172,0.006));
#3975=CARTESIAN_POINT('',(-0.0161030969496041,-0.0303421996234943,0.006));
#3976=CARTESIAN_POINT('',(-0.0162091297362073,-0.0302739109690286,0.006));
#3977=CARTESIAN_POINT('',(-0.0163622654139997,-0.0301789393882536,0.006));
#3978=CARTESIAN_POINT('',(-0.0165738720555394,-0.030052391477342,0.006));
#3979=CARTESIAN_POINT('',(-0.0168094452822808,-0.0299148097989278,0.006));
#3980=CARTESIAN_POINT('',(-0.0170656316660064,-0.0297672387839749,0.006));
#3981=CARTESIAN_POINT('',(-0.0173394849039474,-0.0296103703152106,0.006));
#3982=CARTESIAN_POINT('',(-0.0177246066693647,-0.0293894476974829,0.006));
#3983=CARTESIAN_POINT('',(-0.0181346544818986,-0.0291515866090929,0.006));
#3984=CARTESIAN_POINT('',(-0.0185603960288043,-0.0288975039902773,0.006));
#3985=CARTESIAN_POINT('',(-0.018885393995042,-0.0286988752686142,0.006));
#3986=CARTESIAN_POINT('',(-0.0192140169328416,-0.0284921331075705,0.006));
#3987=CARTESIAN_POINT('',(-0.0194890716009042,-0.0283131014899106,0.006));
#3988=CARTESIAN_POINT('',(-0.0197091233000888,-0.0281655015386006,0.006));
#3989=CARTESIAN_POINT('',(-0.0199267226042561,-0.0280165507623403,0.006));
#3990=CARTESIAN_POINT('',(-0.0201941903160659,-0.0278281831491726,0.006));
#3991=CARTESIAN_POINT('',(-0.0205071809285253,-0.0276000852916503,0.006));
#3992=CARTESIAN_POINT('',(-0.0209129784748648,-0.0272950769127052,0.006));
#3993=CARTESIAN_POINT('',(-0.0213967965925475,-0.0269156937482843,0.006));
#3994=CARTESIAN_POINT('',(-0.0219336611156258,-0.0264747861239087,0.006));
#3995=CARTESIAN_POINT('',(-0.0223390435007843,-0.0261289030973875,0.006));
#3996=CARTESIAN_POINT('',(-0.0226345726529932,-0.0258710032591112,0.006));
#3997=CARTESIAN_POINT('',(-0.0228408912986844,-0.0256884843102712,0.006));
#3998=CARTESIAN_POINT('',(-0.0229991867934901,-0.0255467975151543,0.006));
#3999=CARTESIAN_POINT('',(-0.0231171863181852,-0.0254404294478004,0.006));
#4000=CARTESIAN_POINT('',(-0.0232289495963596,-0.0253392620930317,0.006));
#4001=CARTESIAN_POINT('',(-0.0233588903978174,-0.0252209653867922,0.006));
#4002=CARTESIAN_POINT('',(-0.0235039713009719,-0.025087447406529,0.006));
#4003=CARTESIAN_POINT('',(-0.0236416112566522,-0.0249589992225392,0.006));
#4004=CARTESIAN_POINT('',(-0.0238196645449607,-0.0247900956026281,0.006));
#4005=CARTESIAN_POINT('',(-0.0239953215302495,-0.0246190184123985,0.006));
#4006=CARTESIAN_POINT('',(-0.0241811451533144,-0.0244337774920551,0.006));
#4007=CARTESIAN_POINT('',(-0.024328952312663,-0.0242846356532909,0.006));
#4008=CARTESIAN_POINT('',(-0.0244903287886311,-0.0241202648660694,0.006));
#4009=CARTESIAN_POINT('',(-0.0247219525899034,-0.0238818649725701,0.006));
#4010=CARTESIAN_POINT('',(-0.0250377631916358,-0.0235514248346269,0.006));
#4011=CARTESIAN_POINT('',(-0.0254453283874792,-0.0231132793585765,0.006));
#4012=CARTESIAN_POINT('',(-0.0257976376357309,-0.0227218946808978,0.006));
#4013=CARTESIAN_POINT('',(-0.0260805642873334,-0.0223977767480159,0.006));
#4014=CARTESIAN_POINT('',(-0.0262916990899715,-0.0221502973565991,0.006));
#4015=CARTESIAN_POINT('',(-0.026465486521508,-0.0219412371069123,0.006));
#4016=CARTESIAN_POINT('',(-0.0266023968436833,-0.0217728404378694,0.006));
#4017=CARTESIAN_POINT('',(-0.0267040002112916,-0.0216458618007399,0.006));
#4018=CARTESIAN_POINT('',(-0.0268036666827563,-0.0215191525361381,0.006));
#4019=CARTESIAN_POINT('',(-0.0269333782822056,-0.0213515625327584,0.006));
#4020=CARTESIAN_POINT('',(-0.0270901984740054,-0.0211442638516833,0.006));
#4021=CARTESIAN_POINT('',(-0.0272707172785009,-0.0208993907013684,0.006));
#4022=CARTESIAN_POINT('',(-0.0275025238768644,-0.0205782918012304,0.006));
#4023=CARTESIAN_POINT('',(-0.0277780660138611,-0.0201874783291672,0.006));
#4024=CARTESIAN_POINT('',(-0.0280413178257688,-0.0198111941971269,0.006));
#4025=CARTESIAN_POINT('',(-0.0282485888794964,-0.019518567552513,0.006));
#4026=CARTESIAN_POINT('',(-0.0284033946258135,-0.0193031027528579,0.006));
#4027=CARTESIAN_POINT('',(-0.0285327276035469,-0.0191266635223852,0.006));
#4028=CARTESIAN_POINT('',(-0.028636891164802,-0.0189872490994248,0.006));
#4029=CARTESIAN_POINT('',(-0.0287024425352451,-0.0189007338524817,0.006));
#4030=CARTESIAN_POINT('',(-0.0287551028538721,-0.0188320290431827,0.006));
#4031=CARTESIAN_POINT('',(-0.028808874627814,-0.0187623886489869,0.006));
#4032=CARTESIAN_POINT('',(-0.0288779988371844,-0.0186736748366811,0.006));
#4033=CARTESIAN_POINT('',(-0.0289638252429762,-0.0185643774489583,0.006));
#4034=CARTESIAN_POINT('',(-0.0290817721500345,-0.0184146743172114,0.006));
#4035=CARTESIAN_POINT('',(-0.0292351783023361,-0.0182196927019065,0.006));
#4036=CARTESIAN_POINT('',(-0.0294266261580262,-0.0179717492326408,0.006));
#4037=CARTESIAN_POINT('',(-0.029622991324762,-0.0177082934171894,0.006));
#4038=CARTESIAN_POINT('',(-0.0298877726816283,-0.0173342091721641,0.006));
#4039=CARTESIAN_POINT('',(-0.0301512411118132,-0.0169226141792325,0.006));
#4040=CARTESIAN_POINT('',(-0.0304004581966934,-0.0164680220555804,0.006));
#4041=CARTESIAN_POINT('',(-0.0305767708599823,-0.0161046709754542,0.006));
#4042=CARTESIAN_POINT('',(-0.0307390677687884,-0.0157183106694621,0.006));
#4043=CARTESIAN_POINT('',(-0.0308840738716107,-0.0153086562925007,0.006));
#4044=CARTESIAN_POINT('',(-0.0309879613785065,-0.0149480478091491,0.006));
#4045=CARTESIAN_POINT('',(-0.0310507031270621,-0.0146853426448308,0.006));
#4046=CARTESIAN_POINT('',(-0.0310834679125414,-0.0145327083558495,0.006));
#4047=CARTESIAN_POINT('',(-0.0311292670059337,-0.0143028584683903,0.006));
#4048=CARTESIAN_POINT('',(-0.0311861637510197,-0.0139533877621358,0.006));
#4049=CARTESIAN_POINT('',(-0.031240034544894,-0.0134774527472941,0.006));
#4050=CARTESIAN_POINT('',(-0.031274686908558,-0.0129909438149904,0.006));
#4051=CARTESIAN_POINT('',(-0.031298358996648,-0.0123275356304323,0.006));
#4052=CARTESIAN_POINT('',(-0.0312908509223302,-0.0114694882568877,0.006));
#4053=CARTESIAN_POINT('',(-0.0312360214979459,-0.0103915753877923,0.006));
#4054=CARTESIAN_POINT('',(-0.0311467057814649,-0.00926505416524129,0.006));
#4055=CARTESIAN_POINT('',(-0.0309953731255119,-0.00769973016959104,0.006));
#4056=CARTESIAN_POINT('',(-0.0308152520121764,-0.00604354783058291,0.006));
#4057=CARTESIAN_POINT('',(-0.0306437608988298,-0.00430941271755362,0.006));
#4058=CARTESIAN_POINT('',(-0.0305285555740779,-0.00297387889483133,0.006));
#4059=CARTESIAN_POINT('',(-0.0304512705953203,-0.00183525067947798,0.006));
#4060=CARTESIAN_POINT('',(-0.0304051475049841,-0.000911188734793251,0.006));
#4061=CARTESIAN_POINT('',(-0.0303837753793412,-0.000328509153625212,0.006));
#4062=CARTESIAN_POINT('',(-0.0303717291762919,0.000140135684210696,0.006));
#4063=CARTESIAN_POINT('',(-0.030363120287292,0.000611761589512785,0.006));
#4064=CARTESIAN_POINT('',(-0.030358491837156,0.0012063575806617,0.006));
#4065=CARTESIAN_POINT('',(-0.0303619628403361,0.00192543586342262,0.006));
#4066=CARTESIAN_POINT('',(-0.0303775139431276,0.00288842450298221,0.006));
#4067=CARTESIAN_POINT('',(-0.0304153408360164,0.00409406164268591,0.006));
#4068=CARTESIAN_POINT('',(-0.0304833158353715,0.00552505026213361,0.006));
#4069=CARTESIAN_POINT('',(-0.0305669335788802,0.00692183805481562,0.006));
#4070=CARTESIAN_POINT('',(-0.0306592034354597,0.00826637524478092,0.006));
#4071=CARTESIAN_POINT('',(-0.0307531093197861,0.00954106516016573,0.006));
#4072=CARTESIAN_POINT('',(-0.0308416286811946,0.0107289397851233,0.006));
#4073=CARTESIAN_POINT('',(-0.0309177226805655,0.0118141475252783,0.006));
#4074=CARTESIAN_POINT('',(-0.0309648802286956,0.0126213211547246,0.006));
#4075=CARTESIAN_POINT('',(-0.0309890947446941,0.0132044016275738,0.006));
#4076=CARTESIAN_POINT('',(-0.0309994181332949,0.0136103827256201,0.006));
#4077=CARTESIAN_POINT('',(-0.0310005641576423,0.0139862586647472,0.006));
#4078=CARTESIAN_POINT('',(-0.0309922797514298,0.0142774181863044,0.006));
#4079=CARTESIAN_POINT('',(-0.0309781580554945,0.0145016482916408,0.006));
#4080=CARTESIAN_POINT('',(-0.0309654112864834,0.0146400011966509,0.006));
#4081=CARTESIAN_POINT('',(-0.0309521031124153,0.014751066113078,0.006));
#4082=CARTESIAN_POINT('',(-0.030936241197594,0.0148634871884801,0.006));
#4083=CARTESIAN_POINT('',(-0.0309113378036072,0.0150042072452981,0.006));
#4084=CARTESIAN_POINT('',(-0.0308714365466122,0.0151743537018361,0.006));
#4085=CARTESIAN_POINT('',(-0.0308198145267931,0.0153448961561803,0.006));
#4086=CARTESIAN_POINT('',(-0.0307560753415146,0.0155122420825661,0.006));
#4087=CARTESIAN_POINT('',(-0.0306821980088676,0.015670619190806,0.006));
#4088=CARTESIAN_POINT('',(-0.0306028677401963,0.0158137757711527,0.006));
#4089=CARTESIAN_POINT('',(-0.0305243273745193,0.0159372133279994,0.006));
#4090=CARTESIAN_POINT('',(-0.0304522599470212,0.0160395222989622,0.006));
#4091=CARTESIAN_POINT('',(-0.030390064973159,0.0161222472097051,0.006));
#4092=CARTESIAN_POINT('',(-0.0303383745554038,0.0161888934602375,0.006));
#4093=CARTESIAN_POINT('',(-0.0303027477281879,0.0162347429646626,0.006));
#4094=CARTESIAN_POINT('',(-0.0302773114202658,0.0162679892158099,0.006));
#4095=CARTESIAN_POINT('',(-0.0302593918000587,0.0162917698975994,0.006));
#4096=CARTESIAN_POINT('',(-0.0302450400991084,0.0163111943001171,0.006));
#4097=CARTESIAN_POINT('',(-0.0302338666065166,0.0163265806951923,0.006));
#4098=CARTESIAN_POINT('',(-0.0302219574769387,0.0163431753573336,0.006));
#4099=CARTESIAN_POINT('',(-0.0302058061285772,0.0163660530527788,0.006));
#4100=CARTESIAN_POINT('',(-0.030177548106425,0.0164068927740422,0.006));
#4101=CARTESIAN_POINT('',(-0.0301381666434452,0.0164653172740048,0.006));
#4102=CARTESIAN_POINT('',(-0.0300855224998546,0.0165457647714397,0.006));
#4103=CARTESIAN_POINT('',(-0.0300091904857437,0.0166652624225437,0.006));
#4104=CARTESIAN_POINT('',(-0.029903819103696,0.016835059543916,0.006));
#4105=CARTESIAN_POINT('',(-0.0297649347472814,0.0170650432939817,0.006));
#4106=CARTESIAN_POINT('',(-0.029616081304326,0.0173159817761824,0.006));
#4107=CARTESIAN_POINT('',(-0.0294069764490598,0.0176722865415738,0.006));
#4108=CARTESIAN_POINT('',(-0.0291299963357831,0.0181475783925453,0.006));
#4109=CARTESIAN_POINT('',(-0.0288419580531582,0.0186365157257643,0.006));
#4110=CARTESIAN_POINT('',(-0.0286094758628897,0.0190218186299319,0.006));
#4111=CARTESIAN_POINT('',(-0.0284350208023893,0.0193046732849621,0.006));
#4112=CARTESIAN_POINT('',(-0.0282607357624972,0.0195788004724934,0.006));
#4113=CARTESIAN_POINT('',(-0.0280901201391397,0.0198378315296705,0.006));
#4114=CARTESIAN_POINT('',(-0.0279222566471337,0.020083975478588,0.006));
#4115=CARTESIAN_POINT('',(-0.027701685451215,0.0203962994127081,0.006));
#4116=CARTESIAN_POINT('',(-0.0274310580468393,0.0207600758501436,0.006));
#4117=CARTESIAN_POINT('',(-0.027112254789607,0.0211632047429974,0.006));
#4118=CARTESIAN_POINT('',(-0.0268498172144827,0.0214795405723354,0.006));
#4119=CARTESIAN_POINT('',(-0.0266403923938027,0.0217262974158572,0.006));
#4120=CARTESIAN_POINT('',(-0.0264827094210247,0.0219102062288576,0.006));
#4121=CARTESIAN_POINT('',(-0.0263237589486769,0.0220942156310627,0.006));
#4122=CARTESIAN_POINT('',(-0.0261127140109306,0.0223370708425344,0.006));
#4123=CARTESIAN_POINT('',(-0.0259058332512086,0.0225735493947,0.006));
#4124=CARTESIAN_POINT('',(-0.0257095152616205,0.0227974456715612,0.006));
#4125=CARTESIAN_POINT('',(-0.0255692134000766,0.0229574579485442,0.006));
#4126=CARTESIAN_POINT('',(-0.0254595070289434,0.0230827984729594,0.006));
#4127=CARTESIAN_POINT('',(-0.0253769743114156,0.0231773641589159,0.006));
#4128=CARTESIAN_POINT('',(-0.025317944827033,0.0232451777125652,0.006));
#4129=CARTESIAN_POINT('',(-0.0252619942274372,0.0233096649707011,0.006));
#4130=CARTESIAN_POINT('',(-0.0252095642735139,0.0233703739375807,0.006));
#4131=CARTESIAN_POINT('',(-0.0251575214887542,0.0234307955354693,0.006));
#4132=CARTESIAN_POINT('',(-0.0250877523537027,0.0235116402842131,0.006));
#4133=CARTESIAN_POINT('',(-0.0249973494302024,0.0236154074671421,0.006));
#4134=CARTESIAN_POINT('',(-0.0248784590592477,0.0237476135972371,0.006));
#4135=CARTESIAN_POINT('',(-0.0247463604220285,0.023887827165929,0.006));
#4136=CARTESIAN_POINT('',(-0.0245994837258843,0.0240356717742009,0.006));
#4137=CARTESIAN_POINT('',(-0.0244629189855677,0.0241662109261483,0.006));
#4138=CARTESIAN_POINT('',(-0.0243433271374967,0.0242765982125249,0.006));
#4139=CARTESIAN_POINT('',(-0.0242795685091266,0.0243342364028357,0.006));
#4140=CARTESIAN_POINT('',(-0.02424668496752,0.0243636776571019,0.006));
#4141=CARTESIAN_POINT('',(-0.0309972910413168,0.0140701877559603,0.006));
#4142=CARTESIAN_POINT('',(-0.0309972910413168,0.0140701877559599,0.006));
#4143=CARTESIAN_POINT('',(-0.0310093439907908,0.0134768840859455,0.00603887350268417));
#4144=CARTESIAN_POINT('',(-0.0309513564832439,0.0122956634551521,0.00612679211735049));
#4145=CARTESIAN_POINT('',(-0.0307862322809968,0.00993816252585446,0.00632864428286128));
#4146=CARTESIAN_POINT('',(-0.0305595625334184,0.0069935926495668,0.0066016741369974));
#4147=CARTESIAN_POINT('',(-0.0303711958853056,0.00345484623233914,0.0068720043411562));
#4148=CARTESIAN_POINT('',(-0.030333400545886,-9.98977754359042E-5,0.00699116403356569));
#4149=CARTESIAN_POINT('',(-0.0305637878288597,-0.00366544310090215,0.00686309205390023));
#4150=CARTESIAN_POINT('',(-0.0309434096669203,-0.00720301918050008,0.00658924252071327));
#4151=CARTESIAN_POINT('',(-0.0313025707949581,-0.0107408118213949,0.00626518108422845));
#4152=CARTESIAN_POINT('',(-0.0313400184521073,-0.0131114772317223,0.00607506942981826));
#4153=CARTESIAN_POINT('',(-0.031125904989325,-0.0143107481931922,0.006));
#4154=CARTESIAN_POINT('',(-0.0311259049893365,-0.0143107481931272,0.006));
#4155=CARTESIAN_POINT('',(-0.02424668496752,0.0243636776571019,0.006));
#4156=CARTESIAN_POINT('',(-0.0242138014259132,0.024393118911368,0.006));
#4157=CARTESIAN_POINT('',(-0.0241460258878567,0.0244532457381219,0.006));
#4158=CARTESIAN_POINT('',(-0.0240030778206088,0.0245781052261854,0.006));
#4159=CARTESIAN_POINT('',(-0.0237330190355413,0.024809531581374,0.006));
#4160=CARTESIAN_POINT('',(-0.0232928839736228,0.0251766184219629,0.006));
#4161=CARTESIAN_POINT('',(-0.0226928500760389,0.0256666301869642,0.006));
#4162=CARTESIAN_POINT('',(-0.0220399001154442,0.0261935026255669,0.006));
#4163=CARTESIAN_POINT('',(-0.0213541601945311,0.026743532098998,0.006));
#4164=CARTESIAN_POINT('',(-0.0206564510149209,0.027302396811594,0.006));
#4165=CARTESIAN_POINT('',(-0.0200827645758974,0.0277632361713395,0.006));
#4166=CARTESIAN_POINT('',(-0.0196392736128211,0.0281214662311346,0.006));
#4167=CARTESIAN_POINT('',(-0.0193708984456045,0.0283393503664995,0.006));
#4168=CARTESIAN_POINT('',(-0.0191627436164437,0.0285091793741629,0.006));
#4169=CARTESIAN_POINT('',(-0.0190106300909189,0.0286337633515525,0.006));
#4170=CARTESIAN_POINT('',(-0.0188612605860726,0.0287565923254826,0.006));
#4171=CARTESIAN_POINT('',(-0.0186643414951272,0.0289187213020123,0.006));
#4172=CARTESIAN_POINT('',(-0.0184217182080118,0.029118048902152,0.006));
#4173=CARTESIAN_POINT('',(-0.0180362720859587,0.0294299933576104,0.006));
#4174=CARTESIAN_POINT('',(-0.017550932503889,0.0298064649884787,0.006));
#4175=CARTESIAN_POINT('',(-0.0169352745708454,0.0302308824136029,0.006));
#4176=CARTESIAN_POINT('',(-0.016374851239751,0.0305498516774605,0.006));
#4177=CARTESIAN_POINT('',(-0.0158915617208712,0.0307736905215957,0.006));
#4178=CARTESIAN_POINT('',(-0.0155112827364782,0.0309232499015077,0.006));
#4179=CARTESIAN_POINT('',(-0.0151132078306807,0.0310522923688174,0.006));
#4180=CARTESIAN_POINT('',(-0.0146976224745928,0.0311592544186244,0.006));
#4181=CARTESIAN_POINT('',(-0.0143368652546197,0.0312293201497335,0.006));
#4182=CARTESIAN_POINT('',(-0.0140393110648327,0.0312737871829522,0.006));
#4183=CARTESIAN_POINT('',(-0.0137391092930586,0.0313103842490186,0.006));
#4184=CARTESIAN_POINT('',(-0.0133577308013209,0.0313427290299186,0.006));
#4185=CARTESIAN_POINT('',(-0.0127336408888343,0.0313697614537817,0.006));
#4186=CARTESIAN_POINT('',(-0.011925267767438,0.031363495766319,0.006));
#4187=CARTESIAN_POINT('',(-0.0109059243545885,0.0313073028150396,0.006));
#4188=CARTESIAN_POINT('',(-0.00947960211657378,0.0311836620999573,0.006));
#4189=CARTESIAN_POINT('',(-0.00795392006138662,0.0310087302593296,0.006));
#4190=CARTESIAN_POINT('',(-0.00634080808433664,0.0308222331583836,0.006));
#4191=CARTESIAN_POINT('',(-0.00509171664275709,0.0306860621557633,0.006));
#4192=CARTESIAN_POINT('',(-0.00380800169407863,0.0305630563438576,0.006));
#4193=CARTESIAN_POINT('',(-0.00271360931672001,0.0304792952369208,0.006));
#4194=CARTESIAN_POINT('',(-0.00182596235342564,0.0304281424311669,0.006));
#4195=CARTESIAN_POINT('',(-0.00115483790267169,0.0303988434615006,0.006));
#4196=CARTESIAN_POINT('',(-0.00059165084447465,0.0303829309847177,0.006));
#4197=CARTESIAN_POINT('',(-0.000139082105735467,0.0303758537513359,0.006));
#4198=CARTESIAN_POINT('',(0.000314674153940152,0.0303727667724538,0.006));
#4199=CARTESIAN_POINT('',(0.00088701177805211,0.0303763293352583,0.006));
#4200=CARTESIAN_POINT('',(0.00180977162428153,0.0303964967078992,0.006));
#4201=CARTESIAN_POINT('',(0.00297083009371554,0.0304464014897196,0.006));
#4202=CARTESIAN_POINT('',(0.00435771436798651,0.0305376522918754,0.006));
#4203=CARTESIAN_POINT('',(0.00572027846367998,0.0306519374185457,0.006));
#4204=CARTESIAN_POINT('',(0.00704097805733104,0.0307808245514876,0.006));
#4205=CARTESIAN_POINT('',(0.00830275137908398,0.0309158337213897,0.006));
#4206=CARTESIAN_POINT('',(0.00948913349017535,0.0310484765467533,0.006));
#4207=CARTESIAN_POINT('',(0.0105846289710272,0.0311702799116362,0.006));
#4208=CARTESIAN_POINT('',(0.0114102138240699,0.0312557144279248,0.006));
#4209=CARTESIAN_POINT('',(0.0120132995662706,0.0313101401570434,0.006));
#4210=CARTESIAN_POINT('',(0.0124364603585193,0.0313428680666364,0.006));
#4211=CARTESIAN_POINT('',(0.0128307843916567,0.0313662726427276,0.006));
#4212=CARTESIAN_POINT('',(0.0131982220324148,0.0313788089046535,0.006));
#4213=CARTESIAN_POINT('',(0.0134859553858604,0.0313783626412902,0.006));
#4214=CARTESIAN_POINT('',(0.0137106465439674,0.0313691292052468,0.006));
#4215=CARTESIAN_POINT('',(0.0138509879100213,0.0313586911844135,0.006));
#4216=CARTESIAN_POINT('',(0.0139649178909523,0.0313465642005171,0.006));
#4217=CARTESIAN_POINT('',(0.0140787682780021,0.0313317326880284,0.006));
#4218=CARTESIAN_POINT('',(0.0142219033998383,0.0313075445990931,0.006));
#4219=CARTESIAN_POINT('',(0.0143948501910295,0.0312677500275116,0.006));
#4220=CARTESIAN_POINT('',(0.0145668516016618,0.031216081045256,0.006));
#4221=CARTESIAN_POINT('',(0.0147335519975939,0.0311530084282522,0.006));
#4222=CARTESIAN_POINT('',(0.0148894130221864,0.0310812313158268,0.006));
#4223=CARTESIAN_POINT('',(0.0150294632046484,0.0310053945176855,0.006));
#4224=CARTESIAN_POINT('',(0.0151508920407637,0.0309307508284417,0.006));
#4225=CARTESIAN_POINT('',(0.0152535979357173,0.0308615379835118,0.006));
#4226=CARTESIAN_POINT('',(0.0153397070227499,0.0307999932345273,0.006));
#4227=CARTESIAN_POINT('',(0.015412689911074,0.030746288183783,0.006));
#4228=CARTESIAN_POINT('',(0.0154659481227731,0.0307069433621903,0.006));
#4229=CARTESIAN_POINT('',(0.0155061076066797,0.0306776283716512,0.006));
#4230=CARTESIAN_POINT('',(0.0155354928725603,0.0306564383625236,0.006));
#4231=CARTESIAN_POINT('',(0.0155647207638928,0.0306356981194294,0.006));
#4232=CARTESIAN_POINT('',(0.0156037241648057,0.0306085500727575,0.006));
#4233=CARTESIAN_POINT('',(0.0156612778829114,0.0305696212907942,0.006));
#4234=CARTESIAN_POINT('',(0.0157419487132262,0.0305167959272089,0.006));
#4235=CARTESIAN_POINT('',(0.0158332889789308,0.0304585238480189,0.006));
#4236=CARTESIAN_POINT('',(0.0159679250950909,0.0303744401518501,0.006));
#4237=CARTESIAN_POINT('',(0.0161582680543153,0.0302585304445453,0.006));
#4238=CARTESIAN_POINT('',(0.0164165846438769,0.0301048178203971,0.006));
#4239=CARTESIAN_POINT('',(0.0167004543292412,0.0299382983789083,0.006));
#4240=CARTESIAN_POINT('',(0.0170060274203831,0.0297604006276639,0.006));
#4241=CARTESIAN_POINT('',(0.0174377164929345,0.0295096035041916,0.006));
#4242=CARTESIAN_POINT('',(0.0180144790542054,0.0291732407810224,0.006));
#4243=CARTESIAN_POINT('',(0.0187412029078022,0.028740155129978,0.006));
#4244=CARTESIAN_POINT('',(0.0193562153593734,0.0283597113016449,0.006));
#4245=CARTESIAN_POINT('',(0.0198429819810633,0.0280459205847846,0.006));
#4246=CARTESIAN_POINT('',(0.0201427435449562,0.0278463046093316,0.006));
#4247=CARTESIAN_POINT('',(0.0203789753614609,0.0276843848138348,0.006));
#4248=CARTESIAN_POINT('',(0.0206109722988237,0.027522073198906,0.006));
#4249=CARTESIAN_POINT('',(0.0208927540518861,0.0273189287825755,0.006));
#4250=CARTESIAN_POINT('',(0.0212183331284209,0.027075050172484,0.006));
#4251=CARTESIAN_POINT('',(0.0216362564350667,0.0267503411106993,0.006));
#4252=CARTESIAN_POINT('',(0.0221294892392498,0.0263463750691289,0.006));
#4253=CARTESIAN_POINT('',(0.022678407169951,0.0258682087690888,0.006));
#4254=CARTESIAN_POINT('',(0.0231881295198268,0.0254002229710091,0.006));
#4255=CARTESIAN_POINT('',(0.0235833737471523,0.0250217462330666,0.006));
#4256=CARTESIAN_POINT('',(0.0238837320026702,0.0247276699308641,0.006));
#4257=CARTESIAN_POINT('',(0.0240652116214309,0.0245478994677589,0.006));
#4258=CARTESIAN_POINT('',(0.0242069370111988,0.0244066573711742,0.006));
#4259=CARTESIAN_POINT('',(0.0243113933483035,0.0243022326276697,0.006));
#4260=CARTESIAN_POINT('',(0.0244147367433897,0.024198693559439,0.006));
#4261=CARTESIAN_POINT('',(0.0246203426807485,0.0239920706199905,0.006));
#4262=CARTESIAN_POINT('',(0.0249242921542472,0.0236836563661608,0.006));
#4263=CARTESIAN_POINT('',(0.0253235696209834,0.0232667545071548,0.006));
#4264=CARTESIAN_POINT('',(0.0257192714746218,0.0228361334712178,0.006));
#4265=CARTESIAN_POINT('',(0.0260475664846496,0.0224596224712275,0.006));
#4266=CARTESIAN_POINT('',(0.0263100855165995,0.0221443556238961,0.006));
#4267=CARTESIAN_POINT('',(0.0265070710229652,0.0219000928599555,0.006));
#4268=CARTESIAN_POINT('',(0.0266715883350431,0.0216892129623525,0.006));
#4269=CARTESIAN_POINT('',(0.0268032782620517,0.0215160108026043,0.006));
#4270=CARTESIAN_POINT('',(0.0269340066050856,0.0213413247123139,0.006));
#4271=CARTESIAN_POINT('',(0.0270961592454809,0.0211199627489358,0.006));
#4272=CARTESIAN_POINT('',(0.0273530379453293,0.0207610690495952,0.006));
#4273=CARTESIAN_POINT('',(0.0276697573922698,0.0203063796755739,0.006));
#4274=CARTESIAN_POINT('',(0.0280428974235086,0.0197609592065972,0.006));
#4275=CARTESIAN_POINT('',(0.0284082465438268,0.019226410170142,0.006));
#4276=CARTESIAN_POINT('',(0.0287048172042011,0.0187994867555989,0.006));
#4277=CARTESIAN_POINT('',(0.0289070944037063,0.0185157129194718,0.006));
#4278=CARTESIAN_POINT('',(0.0290209301446615,0.0183586639637793,0.006));
#4279=CARTESIAN_POINT('',(0.0291053441927667,0.0182436686663334,0.006));
#4280=CARTESIAN_POINT('',(0.0291888031641613,0.0181315526547606,0.006));
#4281=CARTESIAN_POINT('',(0.0292709132589165,0.0180229993447442,0.006));
#4282=CARTESIAN_POINT('',(0.0293548318494358,0.0179136464399666,0.006));
#4283=CARTESIAN_POINT('',(0.0294686838729249,0.0177666400575693,0.006));
#4284=CARTESIAN_POINT('',(0.0296147624587846,0.0175792494029689,0.006));
#4285=CARTESIAN_POINT('',(0.0297952042570918,0.0173449718261545,0.006));
#4286=CARTESIAN_POINT('',(0.0299793157719407,0.0170976342183232,0.006));
#4287=CARTESIAN_POINT('',(0.0302266027471185,0.0167459091080057,0.006));
#4288=CARTESIAN_POINT('',(0.0304706413286466,0.0163546416813834,0.006));
#4289=CARTESIAN_POINT('',(0.030695039144494,0.0159156803468759,0.006));
#4290=CARTESIAN_POINT('',(0.0308489614974383,0.0155622038639054,0.006));
#4291=CARTESIAN_POINT('',(0.0309845196193678,0.0151846397413677,0.006));
#4292=CARTESIAN_POINT('',(0.0310795096542408,0.0148504964864881,0.006));
#4293=CARTESIAN_POINT('',(0.0311436299829327,0.0145718078776073,0.006));
#4294=CARTESIAN_POINT('',(0.0311786348689739,0.014392833299456,0.006));
#4295=CARTESIAN_POINT('',(0.0312034851031803,0.0142469550438289,0.006));
#4296=CARTESIAN_POINT('',(0.0312260893944444,0.014100525489278,0.006));
#4297=CARTESIAN_POINT('',(0.031250427317313,0.0139159095100501,0.006));
#4298=CARTESIAN_POINT('',(0.0312738921275911,0.0136917921487172,0.006));
#4299=CARTESIAN_POINT('',(0.031298174990433,0.0133892194725518,0.006));
#4300=CARTESIAN_POINT('',(0.0313237563128451,0.0128492998007255,0.006));
#4301=CARTESIAN_POINT('',(0.031319202117448,0.0120451112209927,0.006));
#4302=CARTESIAN_POINT('',(0.0312645237477278,0.0110224642188668,0.006));
#4303=CARTESIAN_POINT('',(0.0311731804100583,0.00994185921110256,0.006));
#4304=CARTESIAN_POINT('',(0.031056272647466,0.00880584478191463,0.006));
#4305=CARTESIAN_POINT('',(0.0309241914131171,0.00761886423205512,0.006));
#4306=CARTESIAN_POINT('',(0.0307870153263532,0.0063865764465621,0.006));
#4307=CARTESIAN_POINT('',(0.0306546499542624,0.00511545787364501,0.006));
#4308=CARTESIAN_POINT('',(0.0305368815456809,0.00381255306744175,0.006));
#4309=CARTESIAN_POINT('',(0.0304589658603158,0.00270652183234307,0.006));
#4310=CARTESIAN_POINT('',(0.0304135335407636,0.00181340951283762,0.006));
#4311=CARTESIAN_POINT('',(0.0303890816229923,0.00114042747837198,0.006));
#4312=CARTESIAN_POINT('',(0.0303776986352318,0.000577811217389704,0.006));
#4313=CARTESIAN_POINT('',(0.0303745516843588,0.000127163075535444,0.006));
#4314=CARTESIAN_POINT('',(0.0303756048213887,-0.000323749858802563,0.006));
#4315=CARTESIAN_POINT('',(0.0303846968740032,-0.000890890285535039,0.006));
#4316=CARTESIAN_POINT('',(0.0304143382907261,-0.00180210781123568,0.006));
#4317=CARTESIAN_POINT('',(0.030477020852514,-0.00294362524258617,0.006));
#4318=CARTESIAN_POINT('',(0.0305843408851107,-0.00430149711903093,0.006));
#4319=CARTESIAN_POINT('',(0.0307146690353492,-0.00563209026607254,0.006));
#4320=CARTESIAN_POINT('',(0.0308588057909264,-0.00692046164721434,0.006));
#4321=CARTESIAN_POINT('',(0.0310074987273473,-0.00815220045990461,0.006));
#4322=CARTESIAN_POINT('',(0.0311514800308157,-0.00931358998073185,0.006));
#4323=CARTESIAN_POINT('',(0.0312814729575815,-0.0103920563472344,0.006));
#4324=CARTESIAN_POINT('',(0.0313703899634017,-0.011212754366439,0.006));
#4325=CARTESIAN_POINT('',(0.0314250347778545,-0.0118193501029521,0.006));
#4326=CARTESIAN_POINT('',(0.0314564418985969,-0.0122493602862386,0.006));
#4327=CARTESIAN_POINT('',(0.0314767484270267,-0.0126552807826196,0.006));
#4328=CARTESIAN_POINT('',(0.031482808040226,-0.0129753969047791,0.006));
#4329=CARTESIAN_POINT('',(0.0314796045139897,-0.0132231248044353,0.006));
#4330=CARTESIAN_POINT('',(0.0314725645419984,-0.0134058012547851,0.006));
#4331=CARTESIAN_POINT('',(0.0314621419248567,-0.013556592140833,0.006));
#4332=CARTESIAN_POINT('',(0.0314504447123582,-0.0136772962683067,0.006));
#4333=CARTESIAN_POINT('',(0.031436178000088,-0.0137985526343301,0.006));
#4334=CARTESIAN_POINT('',(0.0314135586644797,-0.013947894950535,0.006));
#4335=CARTESIAN_POINT('',(0.0313779780901784,-0.0141243331538509,0.006));
#4336=CARTESIAN_POINT('',(0.0313334360209264,-0.0142972708728178,0.006));
#4337=CARTESIAN_POINT('',(0.0312621830975659,-0.0145213043005258,0.006));
#4338=CARTESIAN_POINT('',(0.0311523788432165,-0.0147836205127092,0.006));
#4339=CARTESIAN_POINT('',(0.0310046582951794,-0.0150507731587282,0.006));
#4340=CARTESIAN_POINT('',(0.0308647263618521,-0.0152623705451808,0.006));
#4341=CARTESIAN_POINT('',(0.0307662431466048,-0.0153992881602104,0.006));
#4342=CARTESIAN_POINT('',(0.030698108823899,-0.0154936728623356,0.006));
#4343=CARTESIAN_POINT('',(0.0306590947216578,-0.0155483690037832,0.006));
#4344=CARTESIAN_POINT('',(0.0306294079867022,-0.0155908252994006,0.006));
#4345=CARTESIAN_POINT('',(0.0306078212573017,-0.0156222044625163,0.006));
#4346=CARTESIAN_POINT('',(0.0305864117723508,-0.0156539351293046,0.006));
#4347=CARTESIAN_POINT('',(0.0305634715780698,-0.0156885749948448,0.006));
#4348=CARTESIAN_POINT('',(0.0305395087072426,-0.0157253914532504,0.006));
#4349=CARTESIAN_POINT('',(0.0305061647723344,-0.0157774383003469,0.006));
#4350=CARTESIAN_POINT('',(0.0304445115564702,-0.0158757637905438,0.006));
#4351=CARTESIAN_POINT('',(0.0303482426429453,-0.0160349729846336,0.006));
#4352=CARTESIAN_POINT('',(0.0302224430529556,-0.0162507055984838,0.006));
#4353=CARTESIAN_POINT('',(0.0300434959843066,-0.0165654947787249,0.006));
#4354=CARTESIAN_POINT('',(0.0298024378200709,-0.0170002028794194,0.006));
#4355=CARTESIAN_POINT('',(0.0295450683225111,-0.0174676659156264,0.006));
#4356=CARTESIAN_POINT('',(0.0293322360886215,-0.0178496566410003,0.006));
#4357=CARTESIAN_POINT('',(0.0291696743904423,-0.0181374998436861,0.006));
#4358=CARTESIAN_POINT('',(0.0290046366130061,-0.0184240925616707,0.006));
#4359=CARTESIAN_POINT('',(0.0288651822780336,-0.0186600669334517,0.006));
#4360=CARTESIAN_POINT('',(0.0287526765861782,-0.0188457111352746,0.006));
#4361=CARTESIAN_POINT('',(0.0286404368401956,-0.0190277338291933,0.006));
#4362=CARTESIAN_POINT('',(0.0285001388120257,-0.019249424729583,0.006));
#4363=CARTESIAN_POINT('',(0.0283315581484329,-0.0195067818951463,0.006));
#4364=CARTESIAN_POINT('',(0.0281060317181242,-0.0198395857360982,0.006));
#4365=CARTESIAN_POINT('',(0.0278220231820526,-0.0202382961894487,0.006));
#4366=CARTESIAN_POINT('',(0.0274757999073066,-0.020696037871319,0.006));
#4367=CARTESIAN_POINT('',(0.0271810876934418,-0.0210663690311042,0.006));
#4368=CARTESIAN_POINT('',(0.0269402745276876,-0.0213601168687883,0.006));
#4369=CARTESIAN_POINT('',(0.026756912934963,-0.0215800842400442,0.006));
#4370=CARTESIAN_POINT('',(0.0265697324531953,-0.0218015981737888,0.006));
#4371=CARTESIAN_POINT('',(0.0263150941989646,-0.0220991557592416,0.006));
#4372=CARTESIAN_POINT('',(0.0258586163129177,-0.0226232505593304,0.006));
#4373=CARTESIAN_POINT('',(0.0253211024659426,-0.0232212685202953,0.006));
#4374=CARTESIAN_POINT('',(0.0248533519922069,-0.0237275284570594,0.006));
#4375=CARTESIAN_POINT('',(0.0245891473026718,-0.0240096340227802,0.006));
#4376=CARTESIAN_POINT('',(0.0243931021889873,-0.0242170314932938,0.006));
#4377=CARTESIAN_POINT('',(0.0241997939514585,-0.0244197124051205,0.006));
#4378=CARTESIAN_POINT('',(0.0239411418166734,-0.0246876127622534,0.006));
#4379=CARTESIAN_POINT('',(0.0236128965064963,-0.0250190644377535,0.006));
#4380=CARTESIAN_POINT('',(0.0231993024569666,-0.0254162028669191,0.006));
#4381=CARTESIAN_POINT('',(0.0227558746168774,-0.0258159698605616,0.006));
#4382=CARTESIAN_POINT('',(0.0222731229283575,-0.0262215744379318,0.006));
#4383=CARTESIAN_POINT('',(0.0218305180217248,-0.026567607709797,0.006));
#4384=CARTESIAN_POINT('',(0.0214467110661459,-0.0268519882921252,0.006));
#4385=CARTESIAN_POINT('',(0.0211483553846029,-0.0270663810673797,0.006));
#4386=CARTESIAN_POINT('',(0.0208409211719783,-0.027282016873207,0.006));
#4387=CARTESIAN_POINT('',(0.020421627491063,-0.0275704227082234,0.006));
#4388=CARTESIAN_POINT('',(0.0198849954845062,-0.0279312071092366,0.006));
#4389=CARTESIAN_POINT('',(0.0192386918528185,-0.0283586823980135,0.006));
#4390=CARTESIAN_POINT('',(0.0187138376026173,-0.0287045818397511,0.006));
#4391=CARTESIAN_POINT('',(0.0183121653238663,-0.0289711747265787,0.006));
#4392=CARTESIAN_POINT('',(0.0180226513893966,-0.0291649552055393,0.006));
#4393=CARTESIAN_POINT('',(0.0177476061600665,-0.0293513868703935,0.006));
#4394=CARTESIAN_POINT('',(0.0175328744100733,-0.0294995082155356,0.006));
#4395=CARTESIAN_POINT('',(0.0173713242231437,-0.0296128869862664,0.006));
#4396=CARTESIAN_POINT('',(0.0172557389810418,-0.0296951086450385,0.006));
#4397=CARTESIAN_POINT('',(0.0171460344381636,-0.0297743554107396,0.006));
#4398=CARTESIAN_POINT('',(0.0170432271977545,-0.0298499882991478,0.006));
#4399=CARTESIAN_POINT('',(0.0169416172431721,-0.029925980109927,0.006));
#4400=CARTESIAN_POINT('',(0.0168070010756432,-0.0300276552813281,0.006));
#4401=CARTESIAN_POINT('',(0.0166373734276203,-0.0301564472370116,0.006));
#4402=CARTESIAN_POINT('',(0.016423288913928,-0.0303151784086823,0.006));
#4403=CARTESIAN_POINT('',(0.016190687225563,-0.0304776051189008,0.006));
#4404=CARTESIAN_POINT('',(0.0159330558169357,-0.0306403155028337,0.006));
#4405=CARTESIAN_POINT('',(0.0156466588439673,-0.0307969420678154,0.006));
#4406=CARTESIAN_POINT('',(0.0153315473222694,-0.0309395263031671,0.006));
#4407=CARTESIAN_POINT('',(0.0149910130872234,-0.0310610311254303,0.006));
#4408=CARTESIAN_POINT('',(0.014689559284513,-0.0311413633515463,0.006));
#4409=CARTESIAN_POINT('',(0.0144389785343009,-0.0311927367798189,0.006));
#4410=CARTESIAN_POINT('',(0.0142783508322128,-0.0312196187821514,0.006));
#4411=CARTESIAN_POINT('',(0.0141474973485508,-0.0312380549072793,0.006));
#4412=CARTESIAN_POINT('',(0.0140161994034139,-0.0312543921078089,0.006));
#4413=CARTESIAN_POINT('',(0.0138505673110441,-0.0312712223285765,0.006));
#4414=CARTESIAN_POINT('',(0.0136489212222539,-0.0312863432938902,0.006));
#4415=CARTESIAN_POINT('',(0.0133754962765405,-0.0313004630600867,0.006));
#4416=CARTESIAN_POINT('',(0.0130241181433064,-0.0313079117451751,0.006));
#4417=CARTESIAN_POINT('',(0.0124383959145828,-0.031301596354286,0.006));
#4418=CARTESIAN_POINT('',(0.0116586553153428,-0.031264484804693,0.006));
#4419=CARTESIAN_POINT('',(0.0106438800659804,-0.0311849945313011,0.006));
#4420=CARTESIAN_POINT('',(0.00955315407257292,-0.0310801229376162,0.006));
#4421=CARTESIAN_POINT('',(0.00839242323457896,-0.0309588673681742,0.006));
#4422=CARTESIAN_POINT('',(0.00716933284833385,-0.0308299627646984,0.006));
#4423=CARTESIAN_POINT('',(0.00589251473252697,-0.0307020508320538,0.006));
#4424=CARTESIAN_POINT('',(0.00457126374240508,-0.0305837179210219,0.006));
#4425=CARTESIAN_POINT('',(0.00321526776983788,-0.0304834854015466,0.006));
#4426=CARTESIAN_POINT('',(0.00183475574731752,-0.0304098368786983,0.006));
#4427=CARTESIAN_POINT('',(0.000672010366461119,-0.0303774797103601,0.006));
#4428=CARTESIAN_POINT('',(-0.000259171593503436,-0.0303733030012572,0.006));
#4429=CARTESIAN_POINT('',(-0.000961355622706407,-0.0303813956649206,0.006));
#4430=CARTESIAN_POINT('',(-0.00166543857825626,-0.0303995239249245,0.006));
#4431=CARTESIAN_POINT('',(-0.00260412252496334,-0.0304358422769528,0.006));
#4432=CARTESIAN_POINT('',(-0.00377248749521428,-0.0305014906961675,0.006));
#4433=CARTESIAN_POINT('',(-0.00515139015538275,-0.0306045814236617,0.006));
#4434=CARTESIAN_POINT('',(-0.00649238697789888,-0.0307237709943658,0.006));
#4435=CARTESIAN_POINT('',(-0.00778110816395503,-0.0308507937900078,0.006));
#4436=CARTESIAN_POINT('',(-0.00900371155577638,-0.0309773543543299,0.006));
#4437=CARTESIAN_POINT('',(-0.0101471182376818,-0.0310951474969123,0.006));
#4438=CARTESIAN_POINT('',(-0.0111995919106191,-0.0311958280840629,0.006));
#4439=CARTESIAN_POINT('',(-0.0119929990413213,-0.031258424765545,0.006));
#4440=CARTESIAN_POINT('',(-0.0125756750903429,-0.0312911092482209,0.006));
#4441=CARTESIAN_POINT('',(-0.0129873150519875,-0.0313055471517696,0.006));
#4442=CARTESIAN_POINT('',(-0.013375394481285,-0.0313081731113955,0.006));
#4443=CARTESIAN_POINT('',(-0.0136823850091008,-0.0312984458511814,0.006));
#4444=CARTESIAN_POINT('',(-0.0139222128234907,-0.0312811571123296,0.006));
#4445=CARTESIAN_POINT('',(-0.0140709387289924,-0.0312655557453702,0.006));
#4446=CARTESIAN_POINT('',(-0.0141906641181796,-0.0312493706153072,0.006));
#4447=CARTESIAN_POINT('',(-0.014309300597242,-0.0312306942091259,0.006));
#4448=CARTESIAN_POINT('',(-0.0144556427408208,-0.0312024798652246,0.006));
#4449=CARTESIAN_POINT('',(-0.0146280954189028,-0.031160110656073,0.006));
#4450=CARTESIAN_POINT('',(-0.0148524839513741,-0.0310919474713995,0.006));
#4451=CARTESIAN_POINT('',(-0.01511816499111,-0.030985246984378,0.006));
#4452=CARTESIAN_POINT('',(-0.0153932879888039,-0.0308369185426757,0.006));
#4453=CARTESIAN_POINT('',(-0.0155758257899739,-0.0307169509919449,0.006));
#4454=CARTESIAN_POINT('',(-0.015696385493761,-0.0306316927964775,0.006));
#4455=CARTESIAN_POINT('',(-0.0157759916455656,-0.0305736349404601,0.006));
#4456=CARTESIAN_POINT('',(-0.0158469415498407,-0.0305213515213684,0.006));
#4457=CARTESIAN_POINT('',(-0.0159115669985276,-0.0304740754555352,0.006));
#4458=CARTESIAN_POINT('',(-0.0159625880946555,-0.0304375969570772,0.006));
#4459=CARTESIAN_POINT('',(-0.016002268614245,-0.030409960316147,0.006));
#4460=CARTESIAN_POINT('',(-0.0160441548647415,-0.0303813677571172,0.006));
#4461=CARTESIAN_POINT('',(-0.0161030969496041,-0.0303421996234943,0.006));
#4462=CARTESIAN_POINT('',(-0.0162091297362073,-0.0302739109690286,0.006));
#4463=CARTESIAN_POINT('',(-0.0163622654139997,-0.0301789393882536,0.006));
#4464=CARTESIAN_POINT('',(-0.0165738720555394,-0.030052391477342,0.006));
#4465=CARTESIAN_POINT('',(-0.0168094452822808,-0.0299148097989278,0.006));
#4466=CARTESIAN_POINT('',(-0.0170656316660064,-0.0297672387839749,0.006));
#4467=CARTESIAN_POINT('',(-0.0173394849039474,-0.0296103703152106,0.006));
#4468=CARTESIAN_POINT('',(-0.0177246066693647,-0.0293894476974829,0.006));
#4469=CARTESIAN_POINT('',(-0.0181346544818986,-0.0291515866090929,0.006));
#4470=CARTESIAN_POINT('',(-0.0185603960288043,-0.0288975039902773,0.006));
#4471=CARTESIAN_POINT('',(-0.018885393995042,-0.0286988752686142,0.006));
#4472=CARTESIAN_POINT('',(-0.0192140169328416,-0.0284921331075705,0.006));
#4473=CARTESIAN_POINT('',(-0.0194890716009042,-0.0283131014899106,0.006));
#4474=CARTESIAN_POINT('',(-0.0197091233000888,-0.0281655015386006,0.006));
#4475=CARTESIAN_POINT('',(-0.0199267226042561,-0.0280165507623403,0.006));
#4476=CARTESIAN_POINT('',(-0.0201941903160659,-0.0278281831491726,0.006));
#4477=CARTESIAN_POINT('',(-0.0205071809285253,-0.0276000852916503,0.006));
#4478=CARTESIAN_POINT('',(-0.0209129784748648,-0.0272950769127052,0.006));
#4479=CARTESIAN_POINT('',(-0.0213967965925475,-0.0269156937482843,0.006));
#4480=CARTESIAN_POINT('',(-0.0219336611156258,-0.0264747861239087,0.006));
#4481=CARTESIAN_POINT('',(-0.0223390435007843,-0.0261289030973875,0.006));
#4482=CARTESIAN_POINT('',(-0.0226345726529932,-0.0258710032591112,0.006));
#4483=CARTESIAN_POINT('',(-0.0228408912986844,-0.0256884843102712,0.006));
#4484=CARTESIAN_POINT('',(-0.0229991867934901,-0.0255467975151543,0.006));
#4485=CARTESIAN_POINT('',(-0.0231171863181852,-0.0254404294478004,0.006));
#4486=CARTESIAN_POINT('',(-0.0232289495963596,-0.0253392620930317,0.006));
#4487=CARTESIAN_POINT('',(-0.0233588903978174,-0.0252209653867922,0.006));
#4488=CARTESIAN_POINT('',(-0.0235039713009719,-0.025087447406529,0.006));
#4489=CARTESIAN_POINT('',(-0.0236416112566522,-0.0249589992225392,0.006));
#4490=CARTESIAN_POINT('',(-0.0238196645449607,-0.0247900956026281,0.006));
#4491=CARTESIAN_POINT('',(-0.0239953215302495,-0.0246190184123985,0.006));
#4492=CARTESIAN_POINT('',(-0.0241811451533144,-0.0244337774920551,0.006));
#4493=CARTESIAN_POINT('',(-0.024328952312663,-0.0242846356532909,0.006));
#4494=CARTESIAN_POINT('',(-0.0244903287886311,-0.0241202648660694,0.006));
#4495=CARTESIAN_POINT('',(-0.0247219525899034,-0.0238818649725701,0.006));
#4496=CARTESIAN_POINT('',(-0.0250377631916358,-0.0235514248346269,0.006));
#4497=CARTESIAN_POINT('',(-0.0254453283874792,-0.0231132793585765,0.006));
#4498=CARTESIAN_POINT('',(-0.0257976376357309,-0.0227218946808978,0.006));
#4499=CARTESIAN_POINT('',(-0.0260805642873334,-0.0223977767480159,0.006));
#4500=CARTESIAN_POINT('',(-0.0262916990899715,-0.0221502973565991,0.006));
#4501=CARTESIAN_POINT('',(-0.026465486521508,-0.0219412371069123,0.006));
#4502=CARTESIAN_POINT('',(-0.0266023968436833,-0.0217728404378694,0.006));
#4503=CARTESIAN_POINT('',(-0.0267040002112916,-0.0216458618007399,0.006));
#4504=CARTESIAN_POINT('',(-0.0268036666827563,-0.0215191525361381,0.006));
#4505=CARTESIAN_POINT('',(-0.0269333782822056,-0.0213515625327584,0.006));
#4506=CARTESIAN_POINT('',(-0.0270901984740054,-0.0211442638516833,0.006));
#4507=CARTESIAN_POINT('',(-0.0272707172785009,-0.0208993907013684,0.006));
#4508=CARTESIAN_POINT('',(-0.0275025238768644,-0.0205782918012304,0.006));
#4509=CARTESIAN_POINT('',(-0.0277780660138611,-0.0201874783291672,0.006));
#4510=CARTESIAN_POINT('',(-0.0280413178257688,-0.0198111941971269,0.006));
#4511=CARTESIAN_POINT('',(-0.0282485888794964,-0.019518567552513,0.006));
#4512=CARTESIAN_POINT('',(-0.0284033946258135,-0.0193031027528579,0.006));
#4513=CARTESIAN_POINT('',(-0.0285327276035469,-0.0191266635223852,0.006));
#4514=CARTESIAN_POINT('',(-0.028636891164802,-0.0189872490994248,0.006));
#4515=CARTESIAN_POINT('',(-0.0287024425352451,-0.0189007338524817,0.006));
#4516=CARTESIAN_POINT('',(-0.0287551028538721,-0.0188320290431827,0.006));
#4517=CARTESIAN_POINT('',(-0.028808874627814,-0.0187623886489869,0.006));
#4518=CARTESIAN_POINT('',(-0.0288779988371844,-0.0186736748366811,0.006));
#4519=CARTESIAN_POINT('',(-0.0289638252429762,-0.0185643774489583,0.006));
#4520=CARTESIAN_POINT('',(-0.0290817721500345,-0.0184146743172114,0.006));
#4521=CARTESIAN_POINT('',(-0.0292351783023361,-0.0182196927019065,0.006));
#4522=CARTESIAN_POINT('',(-0.0294266261580262,-0.0179717492326408,0.006));
#4523=CARTESIAN_POINT('',(-0.029622991324762,-0.0177082934171894,0.006));
#4524=CARTESIAN_POINT('',(-0.0298877726816283,-0.0173342091721641,0.006));
#4525=CARTESIAN_POINT('',(-0.0301512411118132,-0.0169226141792325,0.006));
#4526=CARTESIAN_POINT('',(-0.0304004581966934,-0.0164680220555804,0.006));
#4527=CARTESIAN_POINT('',(-0.0305767708599823,-0.0161046709754542,0.006));
#4528=CARTESIAN_POINT('',(-0.0307390677687884,-0.0157183106694621,0.006));
#4529=CARTESIAN_POINT('',(-0.0308840738716107,-0.0153086562925007,0.006));
#4530=CARTESIAN_POINT('',(-0.0309879613785065,-0.0149480478091491,0.006));
#4531=CARTESIAN_POINT('',(-0.0310507031270621,-0.0146853426448308,0.006));
#4532=CARTESIAN_POINT('',(-0.0310834679125414,-0.0145327083558495,0.006));
#4533=CARTESIAN_POINT('',(-0.0311292670059337,-0.0143028584683903,0.006));
#4534=CARTESIAN_POINT('',(-0.0311861637510197,-0.0139533877621358,0.006));
#4535=CARTESIAN_POINT('',(-0.031240034544894,-0.0134774527472941,0.006));
#4536=CARTESIAN_POINT('',(-0.031274686908558,-0.0129909438149904,0.006));
#4537=CARTESIAN_POINT('',(-0.031298358996648,-0.0123275356304323,0.006));
#4538=CARTESIAN_POINT('',(-0.0312908509223302,-0.0114694882568877,0.006));
#4539=CARTESIAN_POINT('',(-0.0312360214979459,-0.0103915753877923,0.006));
#4540=CARTESIAN_POINT('',(-0.0311467057814649,-0.00926505416524129,0.006));
#4541=CARTESIAN_POINT('',(-0.0309953731255119,-0.00769973016959104,0.006));
#4542=CARTESIAN_POINT('',(-0.0308152520121764,-0.00604354783058291,0.006));
#4543=CARTESIAN_POINT('',(-0.0306437608988298,-0.00430941271755362,0.006));
#4544=CARTESIAN_POINT('',(-0.0305285555740779,-0.00297387889483133,0.006));
#4545=CARTESIAN_POINT('',(-0.0304512705953203,-0.00183525067947798,0.006));
#4546=CARTESIAN_POINT('',(-0.0304051475049841,-0.000911188734793251,0.006));
#4547=CARTESIAN_POINT('',(-0.0303837753793412,-0.000328509153625212,0.006));
#4548=CARTESIAN_POINT('',(-0.0303717291762919,0.000140135684210696,0.006));
#4549=CARTESIAN_POINT('',(-0.030363120287292,0.000611761589512785,0.006));
#4550=CARTESIAN_POINT('',(-0.030358491837156,0.0012063575806617,0.006));
#4551=CARTESIAN_POINT('',(-0.0303619628403361,0.00192543586342262,0.006));
#4552=CARTESIAN_POINT('',(-0.0303775139431276,0.00288842450298221,0.006));
#4553=CARTESIAN_POINT('',(-0.0304153408360164,0.00409406164268591,0.006));
#4554=CARTESIAN_POINT('',(-0.0304833158353715,0.00552505026213361,0.006));
#4555=CARTESIAN_POINT('',(-0.0305669335788802,0.00692183805481562,0.006));
#4556=CARTESIAN_POINT('',(-0.0306592034354597,0.00826637524478092,0.006));
#4557=CARTESIAN_POINT('',(-0.0307531093197861,0.00954106516016573,0.006));
#4558=CARTESIAN_POINT('',(-0.0308416286811946,0.0107289397851233,0.006));
#4559=CARTESIAN_POINT('',(-0.0309177226805655,0.0118141475252783,0.006));
#4560=CARTESIAN_POINT('',(-0.0309648802286956,0.0126213211547246,0.006));
#4561=CARTESIAN_POINT('',(-0.0309890947446941,0.0132044016275738,0.006));
#4562=CARTESIAN_POINT('',(-0.0309994181332949,0.0136103827256201,0.006));
#4563=CARTESIAN_POINT('',(-0.0310005641576423,0.0139862586647472,0.006));
#4564=CARTESIAN_POINT('',(-0.0309922797514298,0.0142774181863044,0.006));
#4565=CARTESIAN_POINT('',(-0.0309781580554945,0.0145016482916408,0.006));
#4566=CARTESIAN_POINT('',(-0.0309654112864834,0.0146400011966509,0.006));
#4567=CARTESIAN_POINT('',(-0.0309521031124153,0.014751066113078,0.006));
#4568=CARTESIAN_POINT('',(-0.030936241197594,0.0148634871884801,0.006));
#4569=CARTESIAN_POINT('',(-0.0309113378036072,0.0150042072452981,0.006));
#4570=CARTESIAN_POINT('',(-0.0308714365466122,0.0151743537018361,0.006));
#4571=CARTESIAN_POINT('',(-0.0308198145267931,0.0153448961561803,0.006));
#4572=CARTESIAN_POINT('',(-0.0307560753415146,0.0155122420825661,0.006));
#4573=CARTESIAN_POINT('',(-0.0306821980088676,0.015670619190806,0.006));
#4574=CARTESIAN_POINT('',(-0.0306028677401963,0.0158137757711527,0.006));
#4575=CARTESIAN_POINT('',(-0.0305243273745193,0.0159372133279994,0.006));
#4576=CARTESIAN_POINT('',(-0.0304522599470212,0.0160395222989622,0.006));
#4577=CARTESIAN_POINT('',(-0.030390064973159,0.0161222472097051,0.006));
#4578=CARTESIAN_POINT('',(-0.0303383745554038,0.0161888934602375,0.006));
#4579=CARTESIAN_POINT('',(-0.0303027477281879,0.0162347429646626,0.006));
#4580=CARTESIAN_POINT('',(-0.0302773114202658,0.0162679892158099,0.006));
#4581=CARTESIAN_POINT('',(-0.0302593918000587,0.0162917698975994,0.006));
#4582=CARTESIAN_POINT('',(-0.0302450400991084,0.0163111943001171,0.006));
#4583=CARTESIAN_POINT('',(-0.0302338666065166,0.0163265806951923,0.006));
#4584=CARTESIAN_POINT('',(-0.0302219574769387,0.0163431753573336,0.006));
#4585=CARTESIAN_POINT('',(-0.0302058061285772,0.0163660530527788,0.006));
#4586=CARTESIAN_POINT('',(-0.030177548106425,0.0164068927740422,0.006));
#4587=CARTESIAN_POINT('',(-0.0301381666434452,0.0164653172740048,0.006));
#4588=CARTESIAN_POINT('',(-0.0300855224998546,0.0165457647714397,0.006));
#4589=CARTESIAN_POINT('',(-0.0300091904857437,0.0166652624225437,0.006));
#4590=CARTESIAN_POINT('',(-0.029903819103696,0.016835059543916,0.006));
#4591=CARTESIAN_POINT('',(-0.0297649347472814,0.0170650432939817,0.006));
#4592=CARTESIAN_POINT('',(-0.029616081304326,0.0173159817761824,0.006));
#4593=CARTESIAN_POINT('',(-0.0294069764490598,0.0176722865415738,0.006));
#4594=CARTESIAN_POINT('',(-0.0291299963357831,0.0181475783925453,0.006));
#4595=CARTESIAN_POINT('',(-0.0288419580531582,0.0186365157257643,0.006));
#4596=CARTESIAN_POINT('',(-0.0286094758628897,0.0190218186299319,0.006));
#4597=CARTESIAN_POINT('',(-0.0284350208023893,0.0193046732849621,0.006));
#4598=CARTESIAN_POINT('',(-0.0282607357624972,0.0195788004724934,0.006));
#4599=CARTESIAN_POINT('',(-0.0280901201391397,0.0198378315296705,0.006));
#4600=CARTESIAN_POINT('',(-0.0279222566471337,0.020083975478588,0.006));
#4601=CARTESIAN_POINT('',(-0.027701685451215,0.0203962994127081,0.006));
#4602=CARTESIAN_POINT('',(-0.0274310580468393,0.0207600758501436,0.006));
#4603=CARTESIAN_POINT('',(-0.027112254789607,0.0211632047429974,0.006));
#4604=CARTESIAN_POINT('',(-0.0268498172144827,0.0214795405723354,0.006));
#4605=CARTESIAN_POINT('',(-0.0266403923938027,0.0217262974158572,0.006));
#4606=CARTESIAN_POINT('',(-0.0264827094210247,0.0219102062288576,0.006));
#4607=CARTESIAN_POINT('',(-0.0263237589486769,0.0220942156310627,0.006));
#4608=CARTESIAN_POINT('',(-0.0261127140109306,0.0223370708425344,0.006));
#4609=CARTESIAN_POINT('',(-0.0259058332512086,0.0225735493947,0.006));
#4610=CARTESIAN_POINT('',(-0.0257095152616205,0.0227974456715612,0.006));
#4611=CARTESIAN_POINT('',(-0.0255692134000766,0.0229574579485442,0.006));
#4612=CARTESIAN_POINT('',(-0.0254595070289434,0.0230827984729594,0.006));
#4613=CARTESIAN_POINT('',(-0.0253769743114156,0.0231773641589159,0.006));
#4614=CARTESIAN_POINT('',(-0.025317944827033,0.0232451777125652,0.006));
#4615=CARTESIAN_POINT('',(-0.0252619942274372,0.0233096649707011,0.006));
#4616=CARTESIAN_POINT('',(-0.0252095642735139,0.0233703739375807,0.006));
#4617=CARTESIAN_POINT('',(-0.0251575214887542,0.0234307955354693,0.006));
#4618=CARTESIAN_POINT('',(-0.0250877523537027,0.0235116402842131,0.006));
#4619=CARTESIAN_POINT('',(-0.0249973494302024,0.0236154074671421,0.006));
#4620=CARTESIAN_POINT('',(-0.0248784590592477,0.0237476135972371,0.006));
#4621=CARTESIAN_POINT('',(-0.0247463604220285,0.023887827165929,0.006));
#4622=CARTESIAN_POINT('',(-0.0245994837258843,0.0240356717742009,0.006));
#4623=CARTESIAN_POINT('',(-0.0244629189855677,0.0241662109261483,0.006));
#4624=CARTESIAN_POINT('',(-0.0243433271374967,0.0242765982125249,0.006));
#4625=CARTESIAN_POINT('',(-0.0242795685091266,0.0243342364028357,0.006));
#4626=CARTESIAN_POINT('',(-0.02424668496752,0.0243636776571019,0.006));
#4627=CARTESIAN_POINT('',(-0.02424668496752,0.0243636776571019,0.00825));
#4628=CARTESIAN_POINT('',(-0.0242138014259132,0.024393118911368,0.00825));
#4629=CARTESIAN_POINT('',(-0.0241460258878567,0.0244532457381219,0.00825));
#4630=CARTESIAN_POINT('',(-0.0240030778206088,0.0245781052261854,0.00825));
#4631=CARTESIAN_POINT('',(-0.0237330190355413,0.024809531581374,0.00825));
#4632=CARTESIAN_POINT('',(-0.0232928839736228,0.0251766184219629,0.00825));
#4633=CARTESIAN_POINT('',(-0.0226928500760389,0.0256666301869642,0.00825));
#4634=CARTESIAN_POINT('',(-0.0220399001154442,0.0261935026255669,0.00825));
#4635=CARTESIAN_POINT('',(-0.0213541601945311,0.026743532098998,0.00825));
#4636=CARTESIAN_POINT('',(-0.0206564510149209,0.027302396811594,0.00825));
#4637=CARTESIAN_POINT('',(-0.0200827645758974,0.0277632361713395,0.00825));
#4638=CARTESIAN_POINT('',(-0.0196392736128211,0.0281214662311346,0.00825));
#4639=CARTESIAN_POINT('',(-0.0193708984456045,0.0283393503664995,0.00825));
#4640=CARTESIAN_POINT('',(-0.0191627436164437,0.0285091793741629,0.00825));
#4641=CARTESIAN_POINT('',(-0.0190106300909189,0.0286337633515525,0.00825));
#4642=CARTESIAN_POINT('',(-0.0188612605860726,0.0287565923254826,0.00825));
#4643=CARTESIAN_POINT('',(-0.0186643414951272,0.0289187213020123,0.00825));
#4644=CARTESIAN_POINT('',(-0.0184217182080118,0.029118048902152,0.00825));
#4645=CARTESIAN_POINT('',(-0.0180362720859587,0.0294299933576104,0.00825));
#4646=CARTESIAN_POINT('',(-0.017550932503889,0.0298064649884787,0.00825));
#4647=CARTESIAN_POINT('',(-0.0169352745708454,0.0302308824136029,0.00825));
#4648=CARTESIAN_POINT('',(-0.016374851239751,0.0305498516774605,0.00825));
#4649=CARTESIAN_POINT('',(-0.0158915617208712,0.0307736905215957,0.00825));
#4650=CARTESIAN_POINT('',(-0.0155112827364782,0.0309232499015077,0.00825));
#4651=CARTESIAN_POINT('',(-0.0151132078306807,0.0310522923688174,0.00825));
#4652=CARTESIAN_POINT('',(-0.0146976224745928,0.0311592544186244,0.00825));
#4653=CARTESIAN_POINT('',(-0.0143368652546197,0.0312293201497335,0.00825));
#4654=CARTESIAN_POINT('',(-0.0140393110648327,0.0312737871829522,0.00825));
#4655=CARTESIAN_POINT('',(-0.0137391092930586,0.0313103842490186,0.00825));
#4656=CARTESIAN_POINT('',(-0.0133577308013209,0.0313427290299186,0.00825));
#4657=CARTESIAN_POINT('',(-0.0127336408888343,0.0313697614537817,0.00825));
#4658=CARTESIAN_POINT('',(-0.011925267767438,0.031363495766319,0.00825));
#4659=CARTESIAN_POINT('',(-0.0109059243545885,0.0313073028150396,0.00825));
#4660=CARTESIAN_POINT('',(-0.00947960211657378,0.0311836620999573,0.00825));
#4661=CARTESIAN_POINT('',(-0.00795392006138662,0.0310087302593296,0.00825));
#4662=CARTESIAN_POINT('',(-0.00634080808433664,0.0308222331583836,0.00825));
#4663=CARTESIAN_POINT('',(-0.00509171664275709,0.0306860621557633,0.00825));
#4664=CARTESIAN_POINT('',(-0.00380800169407863,0.0305630563438576,0.00825));
#4665=CARTESIAN_POINT('',(-0.00271360931672001,0.0304792952369208,0.00825));
#4666=CARTESIAN_POINT('',(-0.00182596235342564,0.0304281424311669,0.00825));
#4667=CARTESIAN_POINT('',(-0.00115483790267169,0.0303988434615006,0.00825));
#4668=CARTESIAN_POINT('',(-0.00059165084447465,0.0303829309847177,0.00825));
#4669=CARTESIAN_POINT('',(-0.000139082105735467,0.0303758537513359,0.00825));
#4670=CARTESIAN_POINT('',(0.000314674153940152,0.0303727667724538,0.00825));
#4671=CARTESIAN_POINT('',(0.00088701177805211,0.0303763293352583,0.00825));
#4672=CARTESIAN_POINT('',(0.00180977162428153,0.0303964967078992,0.00825));
#4673=CARTESIAN_POINT('',(0.00297083009371554,0.0304464014897196,0.00825));
#4674=CARTESIAN_POINT('',(0.00435771436798651,0.0305376522918754,0.00825));
#4675=CARTESIAN_POINT('',(0.00572027846367998,0.0306519374185457,0.00825));
#4676=CARTESIAN_POINT('',(0.00704097805733104,0.0307808245514876,0.00825));
#4677=CARTESIAN_POINT('',(0.00830275137908398,0.0309158337213897,0.00825));
#4678=CARTESIAN_POINT('',(0.00948913349017535,0.0310484765467533,0.00825));
#4679=CARTESIAN_POINT('',(0.0105846289710272,0.0311702799116362,0.00825));
#4680=CARTESIAN_POINT('',(0.0114102138240699,0.0312557144279248,0.00825));
#4681=CARTESIAN_POINT('',(0.0120132995662706,0.0313101401570434,0.00825));
#4682=CARTESIAN_POINT('',(0.0124364603585193,0.0313428680666364,0.00825));
#4683=CARTESIAN_POINT('',(0.0128307843916567,0.0313662726427276,0.00825));
#4684=CARTESIAN_POINT('',(0.0131982220324148,0.0313788089046535,0.00825));
#4685=CARTESIAN_POINT('',(0.0134859553858604,0.0313783626412902,0.00825));
#4686=CARTESIAN_POINT('',(0.0137106465439674,0.0313691292052468,0.00825));
#4687=CARTESIAN_POINT('',(0.0138509879100213,0.0313586911844135,0.00825));
#4688=CARTESIAN_POINT('',(0.0139649178909523,0.0313465642005171,0.00825));
#4689=CARTESIAN_POINT('',(0.0140787682780021,0.0313317326880284,0.00825));
#4690=CARTESIAN_POINT('',(0.0142219033998383,0.0313075445990931,0.00825));
#4691=CARTESIAN_POINT('',(0.0143948501910295,0.0312677500275116,0.00825));
#4692=CARTESIAN_POINT('',(0.0145668516016618,0.031216081045256,0.00825));
#4693=CARTESIAN_POINT('',(0.0147335519975939,0.0311530084282522,0.00825));
#4694=CARTESIAN_POINT('',(0.0148894130221864,0.0310812313158268,0.00825));
#4695=CARTESIAN_POINT('',(0.0150294632046484,0.0310053945176855,0.00825));
#4696=CARTESIAN_POINT('',(0.0151508920407637,0.0309307508284417,0.00825));
#4697=CARTESIAN_POINT('',(0.0152535979357173,0.0308615379835118,0.00825));
#4698=CARTESIAN_POINT('',(0.0153397070227499,0.0307999932345273,0.00825));
#4699=CARTESIAN_POINT('',(0.015412689911074,0.030746288183783,0.00825));
#4700=CARTESIAN_POINT('',(0.0154659481227731,0.0307069433621903,0.00825));
#4701=CARTESIAN_POINT('',(0.0155061076066797,0.0306776283716512,0.00825));
#4702=CARTESIAN_POINT('',(0.0155354928725603,0.0306564383625236,0.00825));
#4703=CARTESIAN_POINT('',(0.0155647207638928,0.0306356981194294,0.00825));
#4704=CARTESIAN_POINT('',(0.0156037241648057,0.0306085500727575,0.00825));
#4705=CARTESIAN_POINT('',(0.0156612778829114,0.0305696212907942,0.00825));
#4706=CARTESIAN_POINT('',(0.0157419487132262,0.0305167959272089,0.00825));
#4707=CARTESIAN_POINT('',(0.0158332889789308,0.0304585238480189,0.00825));
#4708=CARTESIAN_POINT('',(0.0159679250950909,0.0303744401518501,0.00825));
#4709=CARTESIAN_POINT('',(0.0161582680543153,0.0302585304445453,0.00825));
#4710=CARTESIAN_POINT('',(0.0164165846438769,0.0301048178203971,0.00825));
#4711=CARTESIAN_POINT('',(0.0167004543292412,0.0299382983789083,0.00825));
#4712=CARTESIAN_POINT('',(0.0170060274203831,0.0297604006276639,0.00825));
#4713=CARTESIAN_POINT('',(0.0174377164929345,0.0295096035041916,0.00825));
#4714=CARTESIAN_POINT('',(0.0180144790542054,0.0291732407810224,0.00825));
#4715=CARTESIAN_POINT('',(0.0187412029078022,0.028740155129978,0.00825));
#4716=CARTESIAN_POINT('',(0.0193562153593734,0.0283597113016449,0.00825));
#4717=CARTESIAN_POINT('',(0.0198429819810633,0.0280459205847846,0.00825));
#4718=CARTESIAN_POINT('',(0.0201427435449562,0.0278463046093316,0.00825));
#4719=CARTESIAN_POINT('',(0.0203789753614609,0.0276843848138348,0.00825));
#4720=CARTESIAN_POINT('',(0.0206109722988237,0.027522073198906,0.00825));
#4721=CARTESIAN_POINT('',(0.0208927540518861,0.0273189287825755,0.00825));
#4722=CARTESIAN_POINT('',(0.0212183331284209,0.027075050172484,0.00825));
#4723=CARTESIAN_POINT('',(0.0216362564350667,0.0267503411106993,0.00825));
#4724=CARTESIAN_POINT('',(0.0221294892392498,0.0263463750691289,0.00825));
#4725=CARTESIAN_POINT('',(0.022678407169951,0.0258682087690888,0.00825));
#4726=CARTESIAN_POINT('',(0.0231881295198268,0.0254002229710091,0.00825));
#4727=CARTESIAN_POINT('',(0.0235833737471523,0.0250217462330666,0.00825));
#4728=CARTESIAN_POINT('',(0.0238837320026702,0.0247276699308641,0.00825));
#4729=CARTESIAN_POINT('',(0.0240652116214309,0.0245478994677589,0.00825));
#4730=CARTESIAN_POINT('',(0.0242069370111988,0.0244066573711742,0.00825));
#4731=CARTESIAN_POINT('',(0.0243113933483035,0.0243022326276697,0.00825));
#4732=CARTESIAN_POINT('',(0.0244147367433897,0.024198693559439,0.00825));
#4733=CARTESIAN_POINT('',(0.0246203426807485,0.0239920706199905,0.00825));
#4734=CARTESIAN_POINT('',(0.0249242921542472,0.0236836563661608,0.00825));
#4735=CARTESIAN_POINT('',(0.0253235696209834,0.0232667545071548,0.00825));
#4736=CARTESIAN_POINT('',(0.0257192714746218,0.0228361334712178,0.00825));
#4737=CARTESIAN_POINT('',(0.0260475664846496,0.0224596224712275,0.00825));
#4738=CARTESIAN_POINT('',(0.0263100855165995,0.0221443556238961,0.00825));
#4739=CARTESIAN_POINT('',(0.0265070710229652,0.0219000928599555,0.00825));
#4740=CARTESIAN_POINT('',(0.0266715883350431,0.0216892129623525,0.00825));
#4741=CARTESIAN_POINT('',(0.0268032782620517,0.0215160108026043,0.00825));
#4742=CARTESIAN_POINT('',(0.0269340066050856,0.0213413247123139,0.00825));
#4743=CARTESIAN_POINT('',(0.0270961592454809,0.0211199627489358,0.00825));
#4744=CARTESIAN_POINT('',(0.0273530379453293,0.0207610690495952,0.00825));
#4745=CARTESIAN_POINT('',(0.0276697573922698,0.0203063796755739,0.00825));
#4746=CARTESIAN_POINT('',(0.0280428974235086,0.0197609592065972,0.00825));
#4747=CARTESIAN_POINT('',(0.0284082465438268,0.019226410170142,0.00825));
#4748=CARTESIAN_POINT('',(0.0287048172042011,0.0187994867555989,0.00825));
#4749=CARTESIAN_POINT('',(0.0289070944037063,0.0185157129194718,0.00825));
#4750=CARTESIAN_POINT('',(0.0290209301446615,0.0183586639637793,0.00825));
#4751=CARTESIAN_POINT('',(0.0291053441927667,0.0182436686663334,0.00825));
#4752=CARTESIAN_POINT('',(0.0291888031641613,0.0181315526547606,0.00825));
#4753=CARTESIAN_POINT('',(0.0292709132589165,0.0180229993447442,0.00825));
#4754=CARTESIAN_POINT('',(0.0293548318494358,0.0179136464399666,0.00825));
#4755=CARTESIAN_POINT('',(0.0294686838729249,0.0177666400575693,0.00825));
#4756=CARTESIAN_POINT('',(0.0296147624587846,0.0175792494029689,0.00825));
#4757=CARTESIAN_POINT('',(0.0297952042570918,0.0173449718261545,0.00825));
#4758=CARTESIAN_POINT('',(0.0299793157719407,0.0170976342183232,0.00825));
#4759=CARTESIAN_POINT('',(0.0302266027471185,0.0167459091080057,0.00825));
#4760=CARTESIAN_POINT('',(0.0304706413286466,0.0163546416813834,0.00825));
#4761=CARTESIAN_POINT('',(0.030695039144494,0.0159156803468759,0.00825));
#4762=CARTESIAN_POINT('',(0.0308489614974383,0.0155622038639054,0.00825));
#4763=CARTESIAN_POINT('',(0.0309845196193678,0.0151846397413677,0.00825));
#4764=CARTESIAN_POINT('',(0.0310795096542408,0.0148504964864881,0.00825));
#4765=CARTESIAN_POINT('',(0.0311436299829327,0.0145718078776073,0.00825));
#4766=CARTESIAN_POINT('',(0.0311786348689739,0.014392833299456,0.00825));
#4767=CARTESIAN_POINT('',(0.0312034851031803,0.0142469550438289,0.00825));
#4768=CARTESIAN_POINT('',(0.0312260893944444,0.014100525489278,0.00825));
#4769=CARTESIAN_POINT('',(0.031250427317313,0.0139159095100501,0.00825));
#4770=CARTESIAN_POINT('',(0.0312738921275911,0.0136917921487172,0.00825));
#4771=CARTESIAN_POINT('',(0.031298174990433,0.0133892194725518,0.00825));
#4772=CARTESIAN_POINT('',(0.0313237563128451,0.0128492998007255,0.00825));
#4773=CARTESIAN_POINT('',(0.031319202117448,0.0120451112209927,0.00825));
#4774=CARTESIAN_POINT('',(0.0312645237477278,0.0110224642188668,0.00825));
#4775=CARTESIAN_POINT('',(0.0311731804100583,0.00994185921110256,0.00825));
#4776=CARTESIAN_POINT('',(0.031056272647466,0.00880584478191463,0.00825));
#4777=CARTESIAN_POINT('',(0.0309241914131171,0.00761886423205512,0.00825));
#4778=CARTESIAN_POINT('',(0.0307870153263532,0.0063865764465621,0.00825));
#4779=CARTESIAN_POINT('',(0.0306546499542624,0.00511545787364501,0.00825));
#4780=CARTESIAN_POINT('',(0.0305368815456809,0.00381255306744175,0.00825));
#4781=CARTESIAN_POINT('',(0.0304589658603158,0.00270652183234307,0.00825));
#4782=CARTESIAN_POINT('',(0.0304135335407636,0.00181340951283762,0.00825));
#4783=CARTESIAN_POINT('',(0.0303890816229923,0.00114042747837198,0.00825));
#4784=CARTESIAN_POINT('',(0.0303776986352318,0.000577811217389704,0.00825));
#4785=CARTESIAN_POINT('',(0.0303745516843588,0.000127163075535444,0.00825));
#4786=CARTESIAN_POINT('',(0.0303756048213887,-0.000323749858802563,0.00825));
#4787=CARTESIAN_POINT('',(0.0303846968740032,-0.000890890285535039,0.00825));
#4788=CARTESIAN_POINT('',(0.0304143382907261,-0.00180210781123568,0.00825));
#4789=CARTESIAN_POINT('',(0.030477020852514,-0.00294362524258617,0.00825));
#4790=CARTESIAN_POINT('',(0.0305843408851107,-0.00430149711903093,0.00825));
#4791=CARTESIAN_POINT('',(0.0307146690353492,-0.00563209026607254,0.00825));
#4792=CARTESIAN_POINT('',(0.0308588057909264,-0.00692046164721434,0.00825));
#4793=CARTESIAN_POINT('',(0.0310074987273473,-0.00815220045990461,0.00825));
#4794=CARTESIAN_POINT('',(0.0311514800308157,-0.00931358998073185,0.00825));
#4795=CARTESIAN_POINT('',(0.0312814729575815,-0.0103920563472344,0.00825));
#4796=CARTESIAN_POINT('',(0.0313703899634017,-0.011212754366439,0.00825));
#4797=CARTESIAN_POINT('',(0.0314250347778545,-0.0118193501029521,0.00825));
#4798=CARTESIAN_POINT('',(0.0314564418985969,-0.0122493602862386,0.00825));
#4799=CARTESIAN_POINT('',(0.0314767484270267,-0.0126552807826196,0.00825));
#4800=CARTESIAN_POINT('',(0.031482808040226,-0.0129753969047791,0.00825));
#4801=CARTESIAN_POINT('',(0.0314796045139897,-0.0132231248044353,0.00825));
#4802=CARTESIAN_POINT('',(0.0314725645419984,-0.0134058012547851,0.00825));
#4803=CARTESIAN_POINT('',(0.0314621419248567,-0.013556592140833,0.00825));
#4804=CARTESIAN_POINT('',(0.0314504447123582,-0.0136772962683067,0.00825));
#4805=CARTESIAN_POINT('',(0.031436178000088,-0.0137985526343301,0.00825));
#4806=CARTESIAN_POINT('',(0.0314135586644797,-0.013947894950535,0.00825));
#4807=CARTESIAN_POINT('',(0.0313779780901784,-0.0141243331538509,0.00825));
#4808=CARTESIAN_POINT('',(0.0313334360209264,-0.0142972708728178,0.00825));
#4809=CARTESIAN_POINT('',(0.0312621830975659,-0.0145213043005258,0.00825));
#4810=CARTESIAN_POINT('',(0.0311523788432165,-0.0147836205127092,0.00825));
#4811=CARTESIAN_POINT('',(0.0310046582951794,-0.0150507731587282,0.00825));
#4812=CARTESIAN_POINT('',(0.0308647263618521,-0.0152623705451808,0.00825));
#4813=CARTESIAN_POINT('',(0.0307662431466048,-0.0153992881602104,0.00825));
#4814=CARTESIAN_POINT('',(0.030698108823899,-0.0154936728623356,0.00825));
#4815=CARTESIAN_POINT('',(0.0306590947216578,-0.0155483690037832,0.00825));
#4816=CARTESIAN_POINT('',(0.0306294079867022,-0.0155908252994006,0.00825));
#4817=CARTESIAN_POINT('',(0.0306078212573017,-0.0156222044625163,0.00825));
#4818=CARTESIAN_POINT('',(0.0305864117723508,-0.0156539351293046,0.00825));
#4819=CARTESIAN_POINT('',(0.0305634715780698,-0.0156885749948448,0.00825));
#4820=CARTESIAN_POINT('',(0.0305395087072426,-0.0157253914532504,0.00825));
#4821=CARTESIAN_POINT('',(0.0305061647723344,-0.0157774383003469,0.00825));
#4822=CARTESIAN_POINT('',(0.0304445115564702,-0.0158757637905438,0.00825));
#4823=CARTESIAN_POINT('',(0.0303482426429453,-0.0160349729846336,0.00825));
#4824=CARTESIAN_POINT('',(0.0302224430529556,-0.0162507055984838,0.00825));
#4825=CARTESIAN_POINT('',(0.0300434959843066,-0.0165654947787249,0.00825));
#4826=CARTESIAN_POINT('',(0.0298024378200709,-0.0170002028794194,0.00825));
#4827=CARTESIAN_POINT('',(0.0295450683225111,-0.0174676659156264,0.00825));
#4828=CARTESIAN_POINT('',(0.0293322360886215,-0.0178496566410003,0.00825));
#4829=CARTESIAN_POINT('',(0.0291696743904423,-0.0181374998436861,0.00825));
#4830=CARTESIAN_POINT('',(0.0290046366130061,-0.0184240925616707,0.00825));
#4831=CARTESIAN_POINT('',(0.0288651822780336,-0.0186600669334517,0.00825));
#4832=CARTESIAN_POINT('',(0.0287526765861782,-0.0188457111352746,0.00825));
#4833=CARTESIAN_POINT('',(0.0286404368401956,-0.0190277338291933,0.00825));
#4834=CARTESIAN_POINT('',(0.0285001388120257,-0.019249424729583,0.00825));
#4835=CARTESIAN_POINT('',(0.0283315581484329,-0.0195067818951463,0.00825));
#4836=CARTESIAN_POINT('',(0.0281060317181242,-0.0198395857360982,0.00825));
#4837=CARTESIAN_POINT('',(0.0278220231820526,-0.0202382961894487,0.00825));
#4838=CARTESIAN_POINT('',(0.0274757999073066,-0.020696037871319,0.00825));
#4839=CARTESIAN_POINT('',(0.0271810876934418,-0.0210663690311042,0.00825));
#4840=CARTESIAN_POINT('',(0.0269402745276876,-0.0213601168687883,0.00825));
#4841=CARTESIAN_POINT('',(0.026756912934963,-0.0215800842400442,0.00825));
#4842=CARTESIAN_POINT('',(0.0265697324531953,-0.0218015981737888,0.00825));
#4843=CARTESIAN_POINT('',(0.0263150941989646,-0.0220991557592416,0.00825));
#4844=CARTESIAN_POINT('',(0.0258586163129177,-0.0226232505593304,0.00825));
#4845=CARTESIAN_POINT('',(0.0253211024659426,-0.0232212685202953,0.00825));
#4846=CARTESIAN_POINT('',(0.0248533519922069,-0.0237275284570594,0.00825));
#4847=CARTESIAN_POINT('',(0.0245891473026718,-0.0240096340227802,0.00825));
#4848=CARTESIAN_POINT('',(0.0243931021889873,-0.0242170314932938,0.00825));
#4849=CARTESIAN_POINT('',(0.0241997939514585,-0.0244197124051205,0.00825));
#4850=CARTESIAN_POINT('',(0.0239411418166734,-0.0246876127622534,0.00825));
#4851=CARTESIAN_POINT('',(0.0236128965064963,-0.0250190644377535,0.00825));
#4852=CARTESIAN_POINT('',(0.0231993024569666,-0.0254162028669191,0.00825));
#4853=CARTESIAN_POINT('',(0.0227558746168774,-0.0258159698605616,0.00825));
#4854=CARTESIAN_POINT('',(0.0222731229283575,-0.0262215744379318,0.00825));
#4855=CARTESIAN_POINT('',(0.0218305180217248,-0.026567607709797,0.00825));
#4856=CARTESIAN_POINT('',(0.0214467110661459,-0.0268519882921252,0.00825));
#4857=CARTESIAN_POINT('',(0.0211483553846029,-0.0270663810673797,0.00825));
#4858=CARTESIAN_POINT('',(0.0208409211719783,-0.027282016873207,0.00825));
#4859=CARTESIAN_POINT('',(0.020421627491063,-0.0275704227082234,0.00825));
#4860=CARTESIAN_POINT('',(0.0198849954845062,-0.0279312071092366,0.00825));
#4861=CARTESIAN_POINT('',(0.0192386918528185,-0.0283586823980135,0.00825));
#4862=CARTESIAN_POINT('',(0.0187138376026173,-0.0287045818397511,0.00825));
#4863=CARTESIAN_POINT('',(0.0183121653238663,-0.0289711747265787,0.00825));
#4864=CARTESIAN_POINT('',(0.0180226513893966,-0.0291649552055393,0.00825));
#4865=CARTESIAN_POINT('',(0.0177476061600665,-0.0293513868703935,0.00825));
#4866=CARTESIAN_POINT('',(0.0175328744100733,-0.0294995082155356,0.00825));
#4867=CARTESIAN_POINT('',(0.0173713242231437,-0.0296128869862664,0.00825));
#4868=CARTESIAN_POINT('',(0.0172557389810418,-0.0296951086450385,0.00825));
#4869=CARTESIAN_POINT('',(0.0171460344381636,-0.0297743554107396,0.00825));
#4870=CARTESIAN_POINT('',(0.0170432271977545,-0.0298499882991478,0.00825));
#4871=CARTESIAN_POINT('',(0.0169416172431721,-0.029925980109927,0.00825));
#4872=CARTESIAN_POINT('',(0.0168070010756432,-0.0300276552813281,0.00825));
#4873=CARTESIAN_POINT('',(0.0166373734276203,-0.0301564472370116,0.00825));
#4874=CARTESIAN_POINT('',(0.016423288913928,-0.0303151784086823,0.00825));
#4875=CARTESIAN_POINT('',(0.016190687225563,-0.0304776051189008,0.00825));
#4876=CARTESIAN_POINT('',(0.0159330558169357,-0.0306403155028337,0.00825));
#4877=CARTESIAN_POINT('',(0.0156466588439673,-0.0307969420678154,0.00825));
#4878=CARTESIAN_POINT('',(0.0153315473222694,-0.0309395263031671,0.00825));
#4879=CARTESIAN_POINT('',(0.0149910130872234,-0.0310610311254303,0.00825));
#4880=CARTESIAN_POINT('',(0.014689559284513,-0.0311413633515463,0.00825));
#4881=CARTESIAN_POINT('',(0.0144389785343009,-0.0311927367798189,0.00825));
#4882=CARTESIAN_POINT('',(0.0142783508322128,-0.0312196187821514,0.00825));
#4883=CARTESIAN_POINT('',(0.0141474973485508,-0.0312380549072793,0.00825));
#4884=CARTESIAN_POINT('',(0.0140161994034139,-0.0312543921078089,0.00825));
#4885=CARTESIAN_POINT('',(0.0138505673110441,-0.0312712223285765,0.00825));
#4886=CARTESIAN_POINT('',(0.0136489212222539,-0.0312863432938902,0.00825));
#4887=CARTESIAN_POINT('',(0.0133754962765405,-0.0313004630600867,0.00825));
#4888=CARTESIAN_POINT('',(0.0130241181433064,-0.0313079117451751,0.00825));
#4889=CARTESIAN_POINT('',(0.0124383959145828,-0.031301596354286,0.00825));
#4890=CARTESIAN_POINT('',(0.0116586553153428,-0.031264484804693,0.00825));
#4891=CARTESIAN_POINT('',(0.0106438800659804,-0.0311849945313011,0.00825));
#4892=CARTESIAN_POINT('',(0.00955315407257292,-0.0310801229376162,0.00825));
#4893=CARTESIAN_POINT('',(0.00839242323457896,-0.0309588673681742,0.00825));
#4894=CARTESIAN_POINT('',(0.00716933284833385,-0.0308299627646984,0.00825));
#4895=CARTESIAN_POINT('',(0.00589251473252697,-0.0307020508320538,0.00825));
#4896=CARTESIAN_POINT('',(0.00457126374240508,-0.0305837179210219,0.00825));
#4897=CARTESIAN_POINT('',(0.00321526776983788,-0.0304834854015466,0.00825));
#4898=CARTESIAN_POINT('',(0.00183475574731752,-0.0304098368786983,0.00825));
#4899=CARTESIAN_POINT('',(0.000672010366461119,-0.0303774797103601,0.00825));
#4900=CARTESIAN_POINT('',(-0.000259171593503436,-0.0303733030012572,0.00825));
#4901=CARTESIAN_POINT('',(-0.000961355622706407,-0.0303813956649206,0.00825));
#4902=CARTESIAN_POINT('',(-0.00166543857825626,-0.0303995239249245,0.00825));
#4903=CARTESIAN_POINT('',(-0.00260412252496334,-0.0304358422769528,0.00825));
#4904=CARTESIAN_POINT('',(-0.00377248749521428,-0.0305014906961675,0.00825));
#4905=CARTESIAN_POINT('',(-0.00515139015538275,-0.0306045814236617,0.00825));
#4906=CARTESIAN_POINT('',(-0.00649238697789888,-0.0307237709943658,0.00825));
#4907=CARTESIAN_POINT('',(-0.00778110816395503,-0.0308507937900078,0.00825));
#4908=CARTESIAN_POINT('',(-0.00900371155577638,-0.0309773543543299,0.00825));
#4909=CARTESIAN_POINT('',(-0.0101471182376818,-0.0310951474969123,0.00825));
#4910=CARTESIAN_POINT('',(-0.0111995919106191,-0.0311958280840629,0.00825));
#4911=CARTESIAN_POINT('',(-0.0119929990413213,-0.031258424765545,0.00825));
#4912=CARTESIAN_POINT('',(-0.0125756750903429,-0.0312911092482209,0.00825));
#4913=CARTESIAN_POINT('',(-0.0129873150519875,-0.0313055471517696,0.00825));
#4914=CARTESIAN_POINT('',(-0.013375394481285,-0.0313081731113955,0.00825));
#4915=CARTESIAN_POINT('',(-0.0136823850091008,-0.0312984458511814,0.00825));
#4916=CARTESIAN_POINT('',(-0.0139222128234907,-0.0312811571123296,0.00825));
#4917=CARTESIAN_POINT('',(-0.0140709387289924,-0.0312655557453702,0.00825));
#4918=CARTESIAN_POINT('',(-0.0141906641181796,-0.0312493706153072,0.00825));
#4919=CARTESIAN_POINT('',(-0.014309300597242,-0.0312306942091259,0.00825));
#4920=CARTESIAN_POINT('',(-0.0144556427408208,-0.0312024798652246,0.00825));
#4921=CARTESIAN_POINT('',(-0.0146280954189028,-0.031160110656073,0.00825));
#4922=CARTESIAN_POINT('',(-0.0148524839513741,-0.0310919474713995,0.00825));
#4923=CARTESIAN_POINT('',(-0.01511816499111,-0.030985246984378,0.00825));
#4924=CARTESIAN_POINT('',(-0.0153932879888039,-0.0308369185426757,0.00825));
#4925=CARTESIAN_POINT('',(-0.0155758257899739,-0.0307169509919449,0.00825));
#4926=CARTESIAN_POINT('',(-0.015696385493761,-0.0306316927964775,0.00825));
#4927=CARTESIAN_POINT('',(-0.0157759916455656,-0.0305736349404601,0.00825));
#4928=CARTESIAN_POINT('',(-0.0158469415498407,-0.0305213515213684,0.00825));
#4929=CARTESIAN_POINT('',(-0.0159115669985276,-0.0304740754555352,0.00825));
#4930=CARTESIAN_POINT('',(-0.0159625880946555,-0.0304375969570772,0.00825));
#4931=CARTESIAN_POINT('',(-0.016002268614245,-0.030409960316147,0.00825));
#4932=CARTESIAN_POINT('',(-0.0160441548647415,-0.0303813677571172,0.00825));
#4933=CARTESIAN_POINT('',(-0.0161030969496041,-0.0303421996234943,0.00825));
#4934=CARTESIAN_POINT('',(-0.0162091297362073,-0.0302739109690286,0.00825));
#4935=CARTESIAN_POINT('',(-0.0163622654139997,-0.0301789393882536,0.00825));
#4936=CARTESIAN_POINT('',(-0.0165738720555394,-0.030052391477342,0.00825));
#4937=CARTESIAN_POINT('',(-0.0168094452822808,-0.0299148097989278,0.00825));
#4938=CARTESIAN_POINT('',(-0.0170656316660064,-0.0297672387839749,0.00825));
#4939=CARTESIAN_POINT('',(-0.0173394849039474,-0.0296103703152106,0.00825));
#4940=CARTESIAN_POINT('',(-0.0177246066693647,-0.0293894476974829,0.00825));
#4941=CARTESIAN_POINT('',(-0.0181346544818986,-0.0291515866090929,0.00825));
#4942=CARTESIAN_POINT('',(-0.0185603960288043,-0.0288975039902773,0.00825));
#4943=CARTESIAN_POINT('',(-0.018885393995042,-0.0286988752686142,0.00825));
#4944=CARTESIAN_POINT('',(-0.0192140169328416,-0.0284921331075705,0.00825));
#4945=CARTESIAN_POINT('',(-0.0194890716009042,-0.0283131014899106,0.00825));
#4946=CARTESIAN_POINT('',(-0.0197091233000888,-0.0281655015386006,0.00825));
#4947=CARTESIAN_POINT('',(-0.0199267226042561,-0.0280165507623403,0.00825));
#4948=CARTESIAN_POINT('',(-0.0201941903160659,-0.0278281831491726,0.00825));
#4949=CARTESIAN_POINT('',(-0.0205071809285253,-0.0276000852916503,0.00825));
#4950=CARTESIAN_POINT('',(-0.0209129784748648,-0.0272950769127052,0.00825));
#4951=CARTESIAN_POINT('',(-0.0213967965925475,-0.0269156937482843,0.00825));
#4952=CARTESIAN_POINT('',(-0.0219336611156258,-0.0264747861239087,0.00825));
#4953=CARTESIAN_POINT('',(-0.0223390435007843,-0.0261289030973875,0.00825));
#4954=CARTESIAN_POINT('',(-0.0226345726529932,-0.0258710032591112,0.00825));
#4955=CARTESIAN_POINT('',(-0.0228408912986844,-0.0256884843102712,0.00825));
#4956=CARTESIAN_POINT('',(-0.0229991867934901,-0.0255467975151543,0.00825));
#4957=CARTESIAN_POINT('',(-0.0231171863181852,-0.0254404294478004,0.00825));
#4958=CARTESIAN_POINT('',(-0.0232289495963596,-0.0253392620930317,0.00825));
#4959=CARTESIAN_POINT('',(-0.0233588903978174,-0.0252209653867922,0.00825));
#4960=CARTESIAN_POINT('',(-0.0235039713009719,-0.025087447406529,0.00825));
#4961=CARTESIAN_POINT('',(-0.0236416112566522,-0.0249589992225392,0.00825));
#4962=CARTESIAN_POINT('',(-0.0238196645449607,-0.0247900956026281,0.00825));
#4963=CARTESIAN_POINT('',(-0.0239953215302495,-0.0246190184123985,0.00825));
#4964=CARTESIAN_POINT('',(-0.0241811451533144,-0.0244337774920551,0.00825));
#4965=CARTESIAN_POINT('',(-0.024328952312663,-0.0242846356532909,0.00825));
#4966=CARTESIAN_POINT('',(-0.0244903287886311,-0.0241202648660694,0.00825));
#4967=CARTESIAN_POINT('',(-0.0247219525899034,-0.0238818649725701,0.00825));
#4968=CARTESIAN_POINT('',(-0.0250377631916358,-0.0235514248346269,0.00825));
#4969=CARTESIAN_POINT('',(-0.0254453283874792,-0.0231132793585765,0.00825));
#4970=CARTESIAN_POINT('',(-0.0257976376357309,-0.0227218946808978,0.00825));
#4971=CARTESIAN_POINT('',(-0.0260805642873334,-0.0223977767480159,0.00825));
#4972=CARTESIAN_POINT('',(-0.0262916990899715,-0.0221502973565991,0.00825));
#4973=CARTESIAN_POINT('',(-0.026465486521508,-0.0219412371069123,0.00825));
#4974=CARTESIAN_POINT('',(-0.0266023968436833,-0.0217728404378694,0.00825));
#4975=CARTESIAN_POINT('',(-0.0267040002112916,-0.0216458618007399,0.00825));
#4976=CARTESIAN_POINT('',(-0.0268036666827563,-0.0215191525361381,0.00825));
#4977=CARTESIAN_POINT('',(-0.0269333782822056,-0.0213515625327584,0.00825));
#4978=CARTESIAN_POINT('',(-0.0270901984740054,-0.0211442638516833,0.00825));
#4979=CARTESIAN_POINT('',(-0.0272707172785009,-0.0208993907013684,0.00825));
#4980=CARTESIAN_POINT('',(-0.0275025238768644,-0.0205782918012304,0.00825));
#4981=CARTESIAN_POINT('',(-0.0277780660138611,-0.0201874783291672,0.00825));
#4982=CARTESIAN_POINT('',(-0.0280413178257688,-0.0198111941971269,0.00825));
#4983=CARTESIAN_POINT('',(-0.0282485888794964,-0.019518567552513,0.00825));
#4984=CARTESIAN_POINT('',(-0.0284033946258135,-0.0193031027528579,0.00825));
#4985=CARTESIAN_POINT('',(-0.0285327276035469,-0.0191266635223852,0.00825));
#4986=CARTESIAN_POINT('',(-0.028636891164802,-0.0189872490994248,0.00825));
#4987=CARTESIAN_POINT('',(-0.0287024425352451,-0.0189007338524817,0.00825));
#4988=CARTESIAN_POINT('',(-0.0287551028538721,-0.0188320290431827,0.00825));
#4989=CARTESIAN_POINT('',(-0.028808874627814,-0.0187623886489869,0.00825));
#4990=CARTESIAN_POINT('',(-0.0288779988371844,-0.0186736748366811,0.00825));
#4991=CARTESIAN_POINT('',(-0.0289638252429762,-0.0185643774489583,0.00825));
#4992=CARTESIAN_POINT('',(-0.0290817721500345,-0.0184146743172114,0.00825));
#4993=CARTESIAN_POINT('',(-0.0292351783023361,-0.0182196927019065,0.00825));
#4994=CARTESIAN_POINT('',(-0.0294266261580262,-0.0179717492326408,0.00825));
#4995=CARTESIAN_POINT('',(-0.029622991324762,-0.0177082934171894,0.00825));
#4996=CARTESIAN_POINT('',(-0.0298877726816283,-0.0173342091721641,0.00825));
#4997=CARTESIAN_POINT('',(-0.0301512411118132,-0.0169226141792325,0.00825));
#4998=CARTESIAN_POINT('',(-0.0304004581966934,-0.0164680220555804,0.00825));
#4999=CARTESIAN_POINT('',(-0.0305767708599823,-0.0161046709754542,0.00825));
#5000=CARTESIAN_POINT('',(-0.0307390677687884,-0.0157183106694621,0.00825));
#5001=CARTESIAN_POINT('',(-0.0308840738716107,-0.0153086562925007,0.00825));
#5002=CARTESIAN_POINT('',(-0.0309879613785065,-0.0149480478091491,0.00825));
#5003=CARTESIAN_POINT('',(-0.0310507031270621,-0.0146853426448308,0.00825));
#5004=CARTESIAN_POINT('',(-0.0310834679125414,-0.0145327083558495,0.00825));
#5005=CARTESIAN_POINT('',(-0.0311292670059337,-0.0143028584683903,0.00825));
#5006=CARTESIAN_POINT('',(-0.0311861637510197,-0.0139533877621358,0.00825));
#5007=CARTESIAN_POINT('',(-0.031240034544894,-0.0134774527472941,0.00825));
#5008=CARTESIAN_POINT('',(-0.031274686908558,-0.0129909438149904,0.00825));
#5009=CARTESIAN_POINT('',(-0.031298358996648,-0.0123275356304323,0.00825));
#5010=CARTESIAN_POINT('',(-0.0312908509223302,-0.0114694882568877,0.00825));
#5011=CARTESIAN_POINT('',(-0.0312360214979459,-0.0103915753877923,0.00825));
#5012=CARTESIAN_POINT('',(-0.0311467057814649,-0.00926505416524129,0.00825));
#5013=CARTESIAN_POINT('',(-0.0309953731255119,-0.00769973016959104,0.00825));
#5014=CARTESIAN_POINT('',(-0.0308152520121764,-0.00604354783058291,0.00825));
#5015=CARTESIAN_POINT('',(-0.0306437608988298,-0.00430941271755362,0.00825));
#5016=CARTESIAN_POINT('',(-0.0305285555740779,-0.00297387889483133,0.00825));
#5017=CARTESIAN_POINT('',(-0.0304512705953203,-0.00183525067947798,0.00825));
#5018=CARTESIAN_POINT('',(-0.0304051475049841,-0.000911188734793251,0.00825));
#5019=CARTESIAN_POINT('',(-0.0303837753793412,-0.000328509153625212,0.00825));
#5020=CARTESIAN_POINT('',(-0.0303717291762919,0.000140135684210696,0.00825));
#5021=CARTESIAN_POINT('',(-0.030363120287292,0.000611761589512785,0.00825));
#5022=CARTESIAN_POINT('',(-0.030358491837156,0.0012063575806617,0.00825));
#5023=CARTESIAN_POINT('',(-0.0303619628403361,0.00192543586342262,0.00825));
#5024=CARTESIAN_POINT('',(-0.0303775139431276,0.00288842450298221,0.00825));
#5025=CARTESIAN_POINT('',(-0.0304153408360164,0.00409406164268591,0.00825));
#5026=CARTESIAN_POINT('',(-0.0304833158353715,0.00552505026213361,0.00825));
#5027=CARTESIAN_POINT('',(-0.0305669335788802,0.00692183805481562,0.00825));
#5028=CARTESIAN_POINT('',(-0.0306592034354597,0.00826637524478092,0.00825));
#5029=CARTESIAN_POINT('',(-0.0307531093197861,0.00954106516016573,0.00825));
#5030=CARTESIAN_POINT('',(-0.0308416286811946,0.0107289397851233,0.00825));
#5031=CARTESIAN_POINT('',(-0.0309177226805655,0.0118141475252783,0.00825));
#5032=CARTESIAN_POINT('',(-0.0309648802286956,0.0126213211547246,0.00825));
#5033=CARTESIAN_POINT('',(-0.0309890947446941,0.0132044016275738,0.00825));
#5034=CARTESIAN_POINT('',(-0.0309994181332949,0.0136103827256201,0.00825));
#5035=CARTESIAN_POINT('',(-0.0310005641576423,0.0139862586647472,0.00825));
#5036=CARTESIAN_POINT('',(-0.0309922797514298,0.0142774181863044,0.00825));
#5037=CARTESIAN_POINT('',(-0.0309781580554945,0.0145016482916408,0.00825));
#5038=CARTESIAN_POINT('',(-0.0309654112864834,0.0146400011966509,0.00825));
#5039=CARTESIAN_POINT('',(-0.0309521031124153,0.014751066113078,0.00825));
#5040=CARTESIAN_POINT('',(-0.030936241197594,0.0148634871884801,0.00825));
#5041=CARTESIAN_POINT('',(-0.0309113378036072,0.0150042072452981,0.00825));
#5042=CARTESIAN_POINT('',(-0.0308714365466122,0.0151743537018361,0.00825));
#5043=CARTESIAN_POINT('',(-0.0308198145267931,0.0153448961561803,0.00825));
#5044=CARTESIAN_POINT('',(-0.0307560753415146,0.0155122420825661,0.00825));
#5045=CARTESIAN_POINT('',(-0.0306821980088676,0.015670619190806,0.00825));
#5046=CARTESIAN_POINT('',(-0.0306028677401963,0.0158137757711527,0.00825));
#5047=CARTESIAN_POINT('',(-0.0305243273745193,0.0159372133279994,0.00825));
#5048=CARTESIAN_POINT('',(-0.0304522599470212,0.0160395222989622,0.00825));
#5049=CARTESIAN_POINT('',(-0.030390064973159,0.0161222472097051,0.00825));
#5050=CARTESIAN_POINT('',(-0.0303383745554038,0.0161888934602375,0.00825));
#5051=CARTESIAN_POINT('',(-0.0303027477281879,0.0162347429646626,0.00825));
#5052=CARTESIAN_POINT('',(-0.0302773114202658,0.0162679892158099,0.00825));
#5053=CARTESIAN_POINT('',(-0.0302593918000587,0.0162917698975994,0.00825));
#5054=CARTESIAN_POINT('',(-0.0302450400991084,0.0163111943001171,0.00825));
#5055=CARTESIAN_POINT('',(-0.0302338666065166,0.0163265806951923,0.00825));
#5056=CARTESIAN_POINT('',(-0.0302219574769387,0.0163431753573336,0.00825));
#5057=CARTESIAN_POINT('',(-0.0302058061285772,0.0163660530527788,0.00825));
#5058=CARTESIAN_POINT('',(-0.030177548106425,0.0164068927740422,0.00825));
#5059=CARTESIAN_POINT('',(-0.0301381666434452,0.0164653172740048,0.00825));
#5060=CARTESIAN_POINT('',(-0.0300855224998546,0.0165457647714397,0.00825));
#5061=CARTESIAN_POINT('',(-0.0300091904857437,0.0166652624225437,0.00825));
#5062=CARTESIAN_POINT('',(-0.029903819103696,0.016835059543916,0.00825));
#5063=CARTESIAN_POINT('',(-0.0297649347472814,0.0170650432939817,0.00825));
#5064=CARTESIAN_POINT('',(-0.029616081304326,0.0173159817761824,0.00825));
#5065=CARTESIAN_POINT('',(-0.0294069764490598,0.0176722865415738,0.00825));
#5066=CARTESIAN_POINT('',(-0.0291299963357831,0.0181475783925453,0.00825));
#5067=CARTESIAN_POINT('',(-0.0288419580531582,0.0186365157257643,0.00825));
#5068=CARTESIAN_POINT('',(-0.0286094758628897,0.0190218186299319,0.00825));
#5069=CARTESIAN_POINT('',(-0.0284350208023893,0.0193046732849621,0.00825));
#5070=CARTESIAN_POINT('',(-0.0282607357624972,0.0195788004724934,0.00825));
#5071=CARTESIAN_POINT('',(-0.0280901201391397,0.0198378315296705,0.00825));
#5072=CARTESIAN_POINT('',(-0.0279222566471337,0.020083975478588,0.00825));
#5073=CARTESIAN_POINT('',(-0.027701685451215,0.0203962994127081,0.00825));
#5074=CARTESIAN_POINT('',(-0.0274310580468393,0.0207600758501436,0.00825));
#5075=CARTESIAN_POINT('',(-0.027112254789607,0.0211632047429974,0.00825));
#5076=CARTESIAN_POINT('',(-0.0268498172144827,0.0214795405723354,0.00825));
#5077=CARTESIAN_POINT('',(-0.0266403923938027,0.0217262974158572,0.00825));
#5078=CARTESIAN_POINT('',(-0.0264827094210247,0.0219102062288576,0.00825));
#5079=CARTESIAN_POINT('',(-0.0263237589486769,0.0220942156310627,0.00825));
#5080=CARTESIAN_POINT('',(-0.0261127140109306,0.0223370708425344,0.00825));
#5081=CARTESIAN_POINT('',(-0.0259058332512086,0.0225735493947,0.00825));
#5082=CARTESIAN_POINT('',(-0.0257095152616205,0.0227974456715612,0.00825));
#5083=CARTESIAN_POINT('',(-0.0255692134000766,0.0229574579485442,0.00825));
#5084=CARTESIAN_POINT('',(-0.0254595070289434,0.0230827984729594,0.00825));
#5085=CARTESIAN_POINT('',(-0.0253769743114156,0.0231773641589159,0.00825));
#5086=CARTESIAN_POINT('',(-0.025317944827033,0.0232451777125652,0.00825));
#5087=CARTESIAN_POINT('',(-0.0252619942274372,0.0233096649707011,0.00825));
#5088=CARTESIAN_POINT('',(-0.0252095642735139,0.0233703739375807,0.00825));
#5089=CARTESIAN_POINT('',(-0.0251575214887542,0.0234307955354693,0.00825));
#5090=CARTESIAN_POINT('',(-0.0250877523537027,0.0235116402842131,0.00825));
#5091=CARTESIAN_POINT('',(-0.0249973494302024,0.0236154074671421,0.00825));
#5092=CARTESIAN_POINT('',(-0.0248784590592477,0.0237476135972371,0.00825));
#5093=CARTESIAN_POINT('',(-0.0247463604220285,0.023887827165929,0.00825));
#5094=CARTESIAN_POINT('',(-0.0245994837258843,0.0240356717742009,0.00825));
#5095=CARTESIAN_POINT('',(-0.0244629189855677,0.0241662109261483,0.00825));
#5096=CARTESIAN_POINT('',(-0.0243433271374967,0.0242765982125249,0.00825));
#5097=CARTESIAN_POINT('',(-0.0242795685091266,0.0243342364028357,0.00825));
#5098=CARTESIAN_POINT('',(-0.02424668496752,0.0243636776571019,0.00825));
#5099=CARTESIAN_POINT('',(-0.02424668496752,0.0243636776571019,0.00825));
#5100=CARTESIAN_POINT('',(1.04083408558608E-17,6.93889390390723E-18,0.006));
#5101=CARTESIAN_POINT('',(0.,2.01301317609846E-18,0.006));
#5102=CARTESIAN_POINT('',(1.04083408558608E-17,6.93889390390723E-18,0.006));
#5103=CARTESIAN_POINT('',(0.,2.01301317609846E-18,0.006));
#5104=CARTESIAN_POINT('',(1.04083408558608E-17,6.93889390390723E-18,0.006));
#5105=CARTESIAN_POINT('',(0.028875,1.3010426069826E-18,0.006));
#5106=CARTESIAN_POINT('',(0.0288813332145002,-0.00567597838079299,0.006));
#5107=CARTESIAN_POINT('',(0.0305908076190724,-0.0135350769302164,0.006));
#5108=CARTESIAN_POINT('',(0.0292937707650122,-0.0146667948562041,0.006));
#5109=CARTESIAN_POINT('',(0.0275436401965883,-0.0181676808513185,0.006));
#5110=CARTESIAN_POINT('',(0.0256984630824212,-0.020578405525358,0.006));
#5111=CARTESIAN_POINT('',(0.0231870679922223,-0.0233544746318481,0.006));
#5112=CARTESIAN_POINT('',(0.0209248910802824,-0.0255805971397946,0.006));
#5113=CARTESIAN_POINT('',(0.0160404460697289,-0.0285577571548007,0.006));
#5114=CARTESIAN_POINT('',(0.0140175604649078,-0.0305938397432809,0.006));
#5115=CARTESIAN_POINT('',(0.00592159721601312,-0.0288884121860192,0.006));
#5116=CARTESIAN_POINT('',(1.4896434334486E-12,-0.0288750000000034,0.006));
#5117=CARTESIAN_POINT('',(0.0162106715966806,-0.0286003453018416,0.006));
#5118=CARTESIAN_POINT('',(0.0140033027608513,-0.0297434553605988,0.006));
#5119=CARTESIAN_POINT('',(0.,2.01301317609846E-18,0.006));
#5120=CARTESIAN_POINT('',(1.04083408558608E-17,6.93889390390723E-18,0.006));
#5121=CARTESIAN_POINT('',(0.028875,1.3010426069826E-18,0.006));
#5122=CARTESIAN_POINT('',(0.0288813332145002,-0.00567597838079299,0.006));
#5123=CARTESIAN_POINT('',(0.0305908076190724,-0.0135350769302164,0.006));
#5124=CARTESIAN_POINT('',(0.0292937707650122,-0.0146667948562041,0.006));
#5125=CARTESIAN_POINT('',(0.0275436401965883,-0.0181676808513185,0.006));
#5126=CARTESIAN_POINT('',(0.0256984630824212,-0.020578405525358,0.006));
#5127=CARTESIAN_POINT('',(0.0231870679922223,-0.0233544746318481,0.006));
#5128=CARTESIAN_POINT('',(0.0209248910802824,-0.0255805971397946,0.006));
#5129=CARTESIAN_POINT('',(0.0160404460697289,-0.0285577571548007,0.006));
#5130=CARTESIAN_POINT('',(0.0140175604649078,-0.0305938397432809,0.006));
#5131=CARTESIAN_POINT('',(0.00592159721601312,-0.0288884121860192,0.006));
#5132=CARTESIAN_POINT('',(1.4896434334486E-12,-0.0288750000000034,0.006));
#5133=CARTESIAN_POINT('',(0.0232461354315078,-0.0232461354315078,0.006));
#5134=CARTESIAN_POINT('',(0.0207230516615368,-0.0255209865568178,0.006));
#5135=CARTESIAN_POINT('',(0.,2.01301317609846E-18,0.006));
#5136=CARTESIAN_POINT('',(-0.025,0.0433012701892219,-0.0065));
#5137=CARTESIAN_POINT('',(-0.05,0.0288675134594813,-0.0065));
#5138=CARTESIAN_POINT('',(-6.93889390390723E-18,0.0577350269189626,-0.0065));
#5139=CARTESIAN_POINT('',(-0.05,0.,-0.0065));
#5140=CARTESIAN_POINT('',(-0.05,-0.0288675134594813,-0.0065));
#5141=CARTESIAN_POINT('',(-0.025,-0.0433012701892219,-0.0065));
#5142=CARTESIAN_POINT('',(-6.93889390390723E-18,-0.0577350269189626,-0.0065));
#5143=CARTESIAN_POINT('',(0.025,-0.0433012701892219,-0.0065));
#5144=CARTESIAN_POINT('',(0.05,-0.0288675134594813,-0.0065));
#5145=CARTESIAN_POINT('',(0.05,-6.93889390390723E-18,-0.0065));
#5146=CARTESIAN_POINT('',(0.05,0.0288675134594812,-0.0065));
#5147=CARTESIAN_POINT('',(0.,2.01301317609846E-18,-0.0065));
#5148=CARTESIAN_POINT('',(0.,2.01301317609846E-18,0.006));
#5149=CARTESIAN_POINT('',(-0.0151476721405638,-0.0291772797519232,0.006));
#5150=CARTESIAN_POINT('',(0.0137515074314441,-0.0298607044183981,0.006));
#5151=CARTESIAN_POINT('',(0.,2.01301317609846E-18,0.006));
#5152=CARTESIAN_POINT('',(0.0162106715966806,-0.0286003453018416,0.00825));
#5153=CARTESIAN_POINT('',(0.0162106715966806,-0.0286003453018416,0.00825));
#5154=CARTESIAN_POINT('',(0.,2.01301317609846E-18,0.00825));
#5155=CARTESIAN_POINT('',(0.0207230516615368,-0.0255209865568178,0.00825));
#5156=CARTESIAN_POINT('',(0.0207230516615368,-0.0255209865568178,0.00825));
#5157=CARTESIAN_POINT('',(0.0232461354315078,-0.0232461354315078,0.00825));
#5158=CARTESIAN_POINT('',(0.0232461354315078,-0.0232461354315078,0.00825));
#5159=CARTESIAN_POINT('',(0.,2.01301317609846E-18,0.00825));
#5160=CARTESIAN_POINT('',(0.,2.01301317609846E-18,0.006));
#5161=CARTESIAN_POINT('',(0.,2.01301317609846E-18,0.00825));
#5162=CARTESIAN_POINT('',(0.0137515074314441,0.0298607044183981,0.00825));
#5163=CARTESIAN_POINT('',(0.0137515074314441,0.0298607044183981,0.00825));
#5164=CARTESIAN_POINT('',(0.0137515074314441,0.0298607044183981,0.006));
#5165=CARTESIAN_POINT('',(0.,2.01301317609846E-18,0.006));
#5166=CARTESIAN_POINT('',(-0.0180816838153682,0.0274557523189778,0.006));
#5167=CARTESIAN_POINT('',(-0.0180816838153682,0.0274557523189778,0.00825));
#5168=CARTESIAN_POINT('',(-0.0180816838153682,0.0274557523189778,0.00825));
#5169=CARTESIAN_POINT('',(0.,2.01301317609846E-18,0.00825));
#5170=CARTESIAN_POINT('',(0.,2.01301317609846E-18,0.006));
#5171=CARTESIAN_POINT('',(-0.0297118737462319,0.0140701877559603,0.006));
#5172=CARTESIAN_POINT('',(0.,2.01301317609846E-18,0.006));
#5173=CARTESIAN_POINT('',(0.,2.01301317609846E-18,0.00825));
#5174=CARTESIAN_POINT('',(-0.0151476721405638,-0.0291772797519232,0.00825));
#5175=CARTESIAN_POINT('',(-0.0151476721405638,-0.0291772797519232,0.00825));
#5176=CARTESIAN_POINT('',(0.025,0.0433012701892219,-0.0065));
#5177=CARTESIAN_POINT('',(-0.022,0.0381051177665153,0.093));
#5178=CARTESIAN_POINT('',(1.7347234759768E-17,0.0508068236886871,0.093));
#5179=CARTESIAN_POINT('',(-0.044,0.0254034118443436,0.093));
#5180=CARTESIAN_POINT('',(0.022,0.0381051177665153,0.093));
#5181=CARTESIAN_POINT('',(0.0248354487630254,0.0364680706599092,0.0717439934847633));
#5182=CARTESIAN_POINT('',(0.0354009586891955,0.0303680706599092,0.0717439934847633));
#5183=CARTESIAN_POINT('',(0.0142699388368552,0.0425680706599093,0.0717439934847633));
#5184=CARTESIAN_POINT('',(0.0142699388368552,0.0425680706599093,0.0927297735425926));
#5185=CARTESIAN_POINT('',(0.044,0.0254034118443435,0.093));
#5186=CARTESIAN_POINT('',(0.0354009586891955,0.0303680706599092,0.0821017702849743));
#5187=CARTESIAN_POINT('',(0.044,-1.38777878078145E-17,0.093));
#5188=CARTESIAN_POINT('',(0.044,-0.0254034118443436,0.093));
#5189=CARTESIAN_POINT('',(0.022,-0.0381051177665153,0.093));
#5190=CARTESIAN_POINT('',(0.,-0.0508068236886871,0.093));
#5191=CARTESIAN_POINT('',(-0.022,-0.0381051177665153,0.093));
#5192=CARTESIAN_POINT('',(-0.044,-0.0254034118443436,0.093));
#5193=CARTESIAN_POINT('',(-0.044,-6.93889390390723E-18,0.093));
#5194=CARTESIAN_POINT('',(0.,2.16609402599188E-18,0.006));
#5195=CARTESIAN_POINT('',(0.,2.16609402599188E-18,0.006));
#5196=CARTESIAN_POINT('',(0.,0.035375,0.006));
#5197=CARTESIAN_POINT('',(1.04083408558608E-17,6.93889390390723E-18,0.006));
#5198=CARTESIAN_POINT('',(0.0137515074314441,-0.0369,0.006));
#5199=CARTESIAN_POINT('',(-7.93003171159217E-5,-0.0288748911073207,0.006));
#5200=CARTESIAN_POINT('',(-0.00596565719687713,-0.0288720384809856,0.006));
#5201=CARTESIAN_POINT('',(-0.013942831947532,-0.0303888361737585,0.006));
#5202=CARTESIAN_POINT('',(-0.015056491219435,-0.0290795073215854,0.006));
#5203=CARTESIAN_POINT('',(-0.0189411518931747,-0.0271346838727996,0.006));
#5204=CARTESIAN_POINT('',(-0.0221835164602592,-0.0242816406605687,0.006));
#5205=CARTESIAN_POINT('',(-0.0232287658023565,-0.0232865483762292,0.006));
#5206=CARTESIAN_POINT('',(-0.0257115020727414,-0.020679642929621,0.006));
#5207=CARTESIAN_POINT('',(-0.0274791500907264,-0.0178414977216222,0.006));
#5208=CARTESIAN_POINT('',(-0.0309409506776806,-0.0141117638161593,0.006));
#5209=CARTESIAN_POINT('',(-0.0290201673652588,-0.00600959035881023,0.006));
#5210=CARTESIAN_POINT('',(-0.0288750000000893,-3.69605034989967E-12,0.006));
#5211=CARTESIAN_POINT('',(-0.0140701877559602,-0.0297487740749436,0.006));
#5212=CARTESIAN_POINT('',(-0.0140701877559603,-0.0369,0.006));
#5213=CARTESIAN_POINT('',(0.0383,-0.0143107481931926,0.006));
#5214=CARTESIAN_POINT('',(0.0383,0.0140701877559603,0.006));
#5215=CARTESIAN_POINT('',(-0.0140701877559603,-0.0369,0.006));
#5216=CARTESIAN_POINT('',(-0.0140701877559603,0.0297506207919103,0.006));
#5217=CARTESIAN_POINT('',(-0.0288613315689922,0.000888349629759177,0.006));
#5218=CARTESIAN_POINT('',(-0.0288204390305313,0.00671755522569019,0.006));
#5219=CARTESIAN_POINT('',(-0.0299283188625256,0.0146602993057996,0.006));
#5220=CARTESIAN_POINT('',(-0.028971327474812,0.0153165838223644,0.006));
#5221=CARTESIAN_POINT('',(-0.0270813218790539,0.0188359865506464,0.006));
#5222=CARTESIAN_POINT('',(-0.0255722699418359,0.0206941966322198,0.006));
#5223=CARTESIAN_POINT('',(-0.0240463202311867,0.0224087821386573,0.006));
#5224=CARTESIAN_POINT('',(-0.0236763389366741,0.0228609688511075,0.006));
#5225=CARTESIAN_POINT('',(-0.0232461354315078,0.0232461354315078,0.006));
#5226=CARTESIAN_POINT('',(-0.0222492470123925,0.024138662105094,0.006));
#5227=CARTESIAN_POINT('',(-0.0177559073458413,0.0276376008558342,0.006));
#5228=CARTESIAN_POINT('',(-0.0140241006401523,0.0309794394792046,0.006));
#5229=CARTESIAN_POINT('',(-0.00577988088488235,0.0289173900016381,0.006));
#5230=CARTESIAN_POINT('',(-1.09050022557269E-15,0.028875,0.006));
#5231=CARTESIAN_POINT('',(0.0137515074314441,-0.0369,0.006));
#5232=CARTESIAN_POINT('',(0.0383,0.0140701877559603,0.006));
#5233=CARTESIAN_POINT('',(0.0383,-0.0143107481931926,0.006));
#5234=CARTESIAN_POINT('',(0.,0.,0.006));
#5235=CARTESIAN_POINT('',(0.0137515074314441,-0.0369,0.006));
#5236=CARTESIAN_POINT('',(0.0137515074314441,-0.0297731551039417,0.006));
#5237=CARTESIAN_POINT('',(0.028875,1.3010426069826E-18,0.006));
#5238=CARTESIAN_POINT('',(0.0288813332145002,-0.00567597838079299,0.006));
#5239=CARTESIAN_POINT('',(0.0305908076190724,-0.0135350769302164,0.006));
#5240=CARTESIAN_POINT('',(0.0292937707650122,-0.0146667948562041,0.006));
#5241=CARTESIAN_POINT('',(0.0275436401965883,-0.0181676808513185,0.006));
#5242=CARTESIAN_POINT('',(0.0256984630824212,-0.020578405525358,0.006));
#5243=CARTESIAN_POINT('',(0.0231870679922223,-0.0233544746318481,0.006));
#5244=CARTESIAN_POINT('',(0.0209248910802824,-0.0255805971397946,0.006));
#5245=CARTESIAN_POINT('',(0.0160404460697289,-0.0285577571548007,0.006));
#5246=CARTESIAN_POINT('',(0.0140175604649078,-0.0305938397432809,0.006));
#5247=CARTESIAN_POINT('',(0.00592159721601312,-0.0288884121860192,0.006));
#5248=CARTESIAN_POINT('',(1.4896434334486E-12,-0.0288750000000034,0.006));
#5249=CARTESIAN_POINT('',(-0.0180816838153683,0.0274557523189777,0.00825));
#5250=CARTESIAN_POINT('',(-0.0180816838153683,0.0274557523189777,0.006));
#5251=CARTESIAN_POINT('',(-0.0175860427222072,0.0278622825256165,0.00825));
#5252=CARTESIAN_POINT('',(-0.0175860427222072,0.0278622825256165,0.006));
#5253=CARTESIAN_POINT('',(-0.0167106760474073,0.02859667918758,0.00825));
#5254=CARTESIAN_POINT('',(-0.0167106760474073,0.02859667918758,0.006));
#5255=CARTESIAN_POINT('',(-0.0154486774335552,0.0294033164517571,0.00825));
#5256=CARTESIAN_POINT('',(-0.0154486774335552,0.0294033164517571,0.006));
#5257=CARTESIAN_POINT('',(-0.0139358034740274,0.029853254122364,0.00825));
#5258=CARTESIAN_POINT('',(-0.0139358034740274,0.029853254122364,0.006));
#5259=CARTESIAN_POINT('',(-0.0118885019574407,0.0298944981015677,0.00825));
#5260=CARTESIAN_POINT('',(-0.0118885019574407,0.0298944981015677,0.006));
#5261=CARTESIAN_POINT('',(-0.00939696141669821,0.0296733253307783,0.00825));
#5262=CARTESIAN_POINT('',(-0.00939696141669821,0.0296733253307783,0.006));
#5263=CARTESIAN_POINT('',(-0.00558263703324319,0.0292128574443877,0.00825));
#5264=CARTESIAN_POINT('',(-0.00558263703324319,0.0292128574443877,0.006));
#5265=CARTESIAN_POINT('',(-0.00228662519486979,0.0288917702497139,0.00825));
#5266=CARTESIAN_POINT('',(-0.00228662519486979,0.0288917702497139,0.006));
#5267=CARTESIAN_POINT('',(-1.09050022557269E-15,0.028875,0.00825));
#5268=CARTESIAN_POINT('',(-1.09050022557269E-15,0.028875,0.006));
#5269=CARTESIAN_POINT('',(-0.0140701877559603,0.0297506207919103,0.006));
#5270=CARTESIAN_POINT('',(-0.0134798773418648,0.0298525547548697,0.00603867738331415));
#5271=CARTESIAN_POINT('',(-0.0123051237271099,0.0298923581247838,0.00612591487138828));
#5272=CARTESIAN_POINT('',(-0.00996465186233618,0.0297441744636577,0.00632561770153697));
#5273=CARTESIAN_POINT('',(-0.00704644676954078,0.0293851021627589,0.00659606778231263));
#5274=CARTESIAN_POINT('',(-0.00353900805527737,0.0290072789879075,0.0068677792069258));
#5275=CARTESIAN_POINT('',(-0.00118420757445569,0.0288836850511318,0.00695134696106182));
#5276=CARTESIAN_POINT('',(-1.09050022557269E-15,0.028875,0.00695));
#5277=CARTESIAN_POINT('',(-1.26514976337629E-16,0.028875,0.00695));
#5278=CARTESIAN_POINT('',(-1.26462675527937E-16,0.028875,0.00825));
#5279=CARTESIAN_POINT('',(-1.26462675527937E-16,0.028875,0.00825));
#5280=CARTESIAN_POINT('',(-0.0288613315689922,0.000888349629759177,0.00825));
#5281=CARTESIAN_POINT('',(-0.0288204390305313,0.00671755522569019,0.00825));
#5282=CARTESIAN_POINT('',(-0.0299283188625256,0.0146602993057996,0.00825));
#5283=CARTESIAN_POINT('',(-0.028971327474812,0.0153165838223644,0.00825));
#5284=CARTESIAN_POINT('',(-0.0270813218790539,0.0188359865506464,0.00825));
#5285=CARTESIAN_POINT('',(-0.0255722699418359,0.0206941966322198,0.00825));
#5286=CARTESIAN_POINT('',(-0.0240463202311867,0.0224087821386573,0.00825));
#5287=CARTESIAN_POINT('',(-0.0236763389366741,0.0228609688511075,0.00825));
#5288=CARTESIAN_POINT('',(-0.0232461354315078,0.0232461354315078,0.00825));
#5289=CARTESIAN_POINT('',(-0.0222492470123925,0.024138662105094,0.00825));
#5290=CARTESIAN_POINT('',(-0.0177559073458413,0.0276376008558342,0.00825));
#5291=CARTESIAN_POINT('',(-0.0140241006401523,0.0309794394792046,0.00825));
#5292=CARTESIAN_POINT('',(-0.00577988088488235,0.0289173900016381,0.00825));
#5293=CARTESIAN_POINT('',(-1.09050022557269E-15,0.028875,0.00825));
#5294=CARTESIAN_POINT('',(-1.26467429474185E-16,5.52960455202367E-14,0.00825));
#5295=CARTESIAN_POINT('',(0.000246311107950235,0.0288739494326305,0.0069490974321591));
#5296=CARTESIAN_POINT('',(0.000164209652956455,0.0288746498044445,0.00694960407001162));
#5297=CARTESIAN_POINT('',(8.21059565028039E-5,0.028875,0.00694990660967828));
#5298=CARTESIAN_POINT('',(-1.26567277147322E-16,0.028875,0.00695));
#5299=CARTESIAN_POINT('',(0.000246311107951266,0.0288739494326302,0.0069490974321591));
#5300=CARTESIAN_POINT('',(0.000246311107950234,0.0288739494326302,0.00825));
#5301=CARTESIAN_POINT('',(0.000246311107950234,0.0288739494326302,0.00825));
#5302=CARTESIAN_POINT('',(-1.26467429474185E-16,5.52960455202367E-14,0.00825));
#5303=CARTESIAN_POINT('',(0.000246311107951267,0.0288739494326302,0.00825));
#5304=CARTESIAN_POINT('',(0.000246311107951267,0.0288739494326302,0.0059865));
#5305=CARTESIAN_POINT('',(0.00592027280154974,0.0288669389439925,0.00825));
#5306=CARTESIAN_POINT('',(0.00592027280154974,0.0288669389439925,0.0059865));
#5307=CARTESIAN_POINT('',(0.0120692384441031,0.0300321329038145,0.00825));
#5308=CARTESIAN_POINT('',(0.0120692384441031,0.0300321329038145,0.0059865));
#5309=CARTESIAN_POINT('',(0.0137515074315213,0.0298607044183903,0.00825));
#5310=CARTESIAN_POINT('',(0.0137515074315213,0.0298607044183903,0.0059865));
#5311=CARTESIAN_POINT('',(0.000246311107951266,0.0288739494326302,0.0069490974321591));
#5312=CARTESIAN_POINT('',(0.00138084366616539,0.0288725476558756,0.00694209637305541));
#5313=CARTESIAN_POINT('',(0.00363998627143955,0.0289611162745315,0.00684974196422282));
#5314=CARTESIAN_POINT('',(0.006449726490524,0.0292080748603375,0.0066173154024223));
#5315=CARTESIAN_POINT('',(0.00869280205002889,0.0294492192996015,0.00641101309468414));
#5316=CARTESIAN_POINT('',(0.0103741070136544,0.0296383913613555,0.00625761512093234));
#5317=CARTESIAN_POINT('',(0.0117766419825779,0.0297905127990427,0.00613961846622622));
#5318=CARTESIAN_POINT('',(0.0129020545652473,0.0298722239991917,0.00605567062614586));
#5319=CARTESIAN_POINT('',(0.0134666322056696,0.0298897340972658,0.00601783201749672));
#5320=CARTESIAN_POINT('',(0.0137515074314441,0.0298607044183981,0.006));
#5321=CARTESIAN_POINT('',(0.000246311107951267,0.0288739494326302,0.00825));
#5322=CARTESIAN_POINT('',(0.00592027280146289,0.0288669389439926,0.00825));
#5323=CARTESIAN_POINT('',(0.0138141102906165,0.0303627761785341,0.00825));
#5324=CARTESIAN_POINT('',(0.0146142597719374,0.0293003626893511,0.00825));
#5325=CARTESIAN_POINT('',(0.0198562221922749,0.0265721582065754,0.00825));
#5326=CARTESIAN_POINT('',(0.0232089364951976,0.0233100332904224,0.00825));
#5327=CARTESIAN_POINT('',(0.025603809553858,0.020839780287319,0.00825));
#5328=CARTESIAN_POINT('',(0.0279916191225875,0.017010799950249,0.00825));
#5329=CARTESIAN_POINT('',(0.0308638958347878,0.0140162060365884,0.00825));
#5330=CARTESIAN_POINT('',(0.0288741347431226,0.0058043358791513,0.00825));
#5331=CARTESIAN_POINT('',(0.0288749770380977,3.64149607273751E-5,0.00825));
#5332=CARTESIAN_POINT('',(0.0232461354308407,-0.0232461354322082,0.00825));
#5333=CARTESIAN_POINT('',(0.0232461354308407,-0.0232461354322082,0.006));
#5334=CARTESIAN_POINT('',(0.0224848006486845,-0.0240455492917448,0.00825));
#5335=CARTESIAN_POINT('',(0.0224848006486845,-0.0240455492917448,0.006));
#5336=CARTESIAN_POINT('',(0.0217970409812794,-0.0247223474976751,0.00825));
#5337=CARTESIAN_POINT('',(0.0217970409812794,-0.0247223474976751,0.006));
#5338=CARTESIAN_POINT('',(0.0207230516615438,-0.0255209865568126,0.00825));
#5339=CARTESIAN_POINT('',(0.0207230516615438,-0.0255209865568126,0.006));
#5340=CARTESIAN_POINT('',(0.028875,1.3010426069826E-18,0.00825));
#5341=CARTESIAN_POINT('',(0.0288813332145002,-0.00567597838079299,0.00825));
#5342=CARTESIAN_POINT('',(0.0305908076190724,-0.0135350769302164,0.00825));
#5343=CARTESIAN_POINT('',(0.0292937707650122,-0.0146667948562041,0.00825));
#5344=CARTESIAN_POINT('',(0.0275436401965883,-0.0181676808513185,0.00825));
#5345=CARTESIAN_POINT('',(0.0256984630824212,-0.020578405525358,0.00825));
#5346=CARTESIAN_POINT('',(0.0231870679922223,-0.0233544746318481,0.00825));
#5347=CARTESIAN_POINT('',(0.0209248910802824,-0.0255805971397946,0.00825));
#5348=CARTESIAN_POINT('',(0.0160404460697289,-0.0285577571548007,0.00825));
#5349=CARTESIAN_POINT('',(0.0140175604649078,-0.0305938397432809,0.00825));
#5350=CARTESIAN_POINT('',(0.00592159721601312,-0.0288884121860192,0.00825));
#5351=CARTESIAN_POINT('',(1.4896434334486E-12,-0.0288750000000034,0.00825));
#5352=CARTESIAN_POINT('',(0.0162106715966806,-0.0286003453018416,0.00825));
#5353=CARTESIAN_POINT('',(0.0162106715966806,-0.0286003453018416,0.006));
#5354=CARTESIAN_POINT('',(0.0158783722651994,-0.0288445433757803,0.00825));
#5355=CARTESIAN_POINT('',(0.0158783722651994,-0.0288445433757803,0.006));
#5356=CARTESIAN_POINT('',(0.0153437423849201,-0.0292755144287114,0.00825));
#5357=CARTESIAN_POINT('',(0.0153437423849201,-0.0292755144287114,0.006));
#5358=CARTESIAN_POINT('',(0.014519444633388,-0.029703486682591,0.00825));
#5359=CARTESIAN_POINT('',(0.014519444633388,-0.029703486682591,0.006));
#5360=CARTESIAN_POINT('',(0.0131817048520959,-0.0298456787698549,0.00825));
#5361=CARTESIAN_POINT('',(0.0131817048520959,-0.0298456787698549,0.006));
#5362=CARTESIAN_POINT('',(0.0106053257909235,-0.0297107275456876,0.00825));
#5363=CARTESIAN_POINT('',(0.0106053257909235,-0.0297107275456876,0.006));
#5364=CARTESIAN_POINT('',(0.0062552319753214,-0.0291891257376047,0.00825));
#5365=CARTESIAN_POINT('',(0.0062552319753214,-0.0291891257376047,0.006));
#5366=CARTESIAN_POINT('',(0.00210353052198472,-0.0288797644143343,0.00825));
#5367=CARTESIAN_POINT('',(0.00210353052198472,-0.0288797644143343,0.006));
#5368=CARTESIAN_POINT('',(1.4896434334486E-12,-0.0288750000000034,0.00825));
#5369=CARTESIAN_POINT('',(1.4896434334486E-12,-0.0288750000000034,0.006));
#5370=CARTESIAN_POINT('',(0.0137515074314441,-0.0297731551039417,0.006));
#5371=CARTESIAN_POINT('',(0.0131746974180886,-0.0298272742172698,0.00603610593452791));
#5372=CARTESIAN_POINT('',(0.012027680283361,-0.0297939954959086,0.00611821589795656));
#5373=CARTESIAN_POINT('',(0.0097408191497505,-0.0296035443880669,0.0063112303180634));
#5374=CARTESIAN_POINT('',(0.00688904369743575,-0.0292817623627396,0.00658246286669583));
#5375=CARTESIAN_POINT('',(0.00345876934953847,-0.0289728830673691,0.00686252970647337));
#5376=CARTESIAN_POINT('',(0.00115697442741573,-0.0288776205018129,0.00694868401488125));
#5377=CARTESIAN_POINT('',(1.4896434334486E-12,-0.0288750000000034,0.00694999999999831));
#5378=CARTESIAN_POINT('',(1.48964813763819E-12,-0.028875,0.00694999999999831));
#5379=CARTESIAN_POINT('',(1.4896434334486E-12,-0.0288750000000034,0.00825));
#5380=CARTESIAN_POINT('',(1.4896434334486E-12,-0.0288750000000034,0.00825));
#5381=CARTESIAN_POINT('',(0.028875,1.3010426069826E-18,0.00825));
#5382=CARTESIAN_POINT('',(0.0288813332145002,-0.00567597838079299,0.00825));
#5383=CARTESIAN_POINT('',(0.0305908076190724,-0.0135350769302164,0.00825));
#5384=CARTESIAN_POINT('',(0.0292937707650122,-0.0146667948562041,0.00825));
#5385=CARTESIAN_POINT('',(0.0275436401965883,-0.0181676808513185,0.00825));
#5386=CARTESIAN_POINT('',(0.0256984630824212,-0.020578405525358,0.00825));
#5387=CARTESIAN_POINT('',(0.0231870679922223,-0.0233544746318481,0.00825));
#5388=CARTESIAN_POINT('',(0.0209248910802824,-0.0255805971397946,0.00825));
#5389=CARTESIAN_POINT('',(0.0160404460697289,-0.0285577571548007,0.00825));
#5390=CARTESIAN_POINT('',(0.0140175604649078,-0.0305938397432809,0.00825));
#5391=CARTESIAN_POINT('',(0.00592159721601312,-0.0288884121860192,0.00825));
#5392=CARTESIAN_POINT('',(1.4896434334486E-12,-0.0288750000000034,0.00825));
#5393=CARTESIAN_POINT('',(-3.17968909935262E-15,-3.16729975580188E-12,0.00825));
#5394=CARTESIAN_POINT('',(-7.9300315632453E-5,-0.0288748911073261,0.00695002538559996));
#5395=CARTESIAN_POINT('',(-5.28669195415988E-5,-0.0288749637024623,0.00695003845577822));
#5396=CARTESIAN_POINT('',(-2.6433480477664E-5,-0.0288750000000014,0.00695003006640953));
#5397=CARTESIAN_POINT('',(1.48964839731441E-12,-0.028875,0.00694999999999831));
#5398=CARTESIAN_POINT('',(-7.93003171159215E-5,-0.0288748911073207,0.00695002538559923));
#5399=CARTESIAN_POINT('',(-7.93003156324519E-5,-0.0288748911073215,0.00825));
#5400=CARTESIAN_POINT('',(-7.93003156324519E-5,-0.0288748911073215,0.00825));
#5401=CARTESIAN_POINT('',(-3.17968909935262E-15,-3.16729975580188E-12,0.00825));
#5402=CARTESIAN_POINT('',(-7.93003171159217E-5,-0.0288748911073207,0.00825));
#5403=CARTESIAN_POINT('',(-7.93003171159217E-5,-0.0288748911073207,0.006));
#5404=CARTESIAN_POINT('',(-0.00200762148604364,-0.0288739566108467,0.00825));
#5405=CARTESIAN_POINT('',(-0.00200762148604364,-0.0288739566108467,0.006));
#5406=CARTESIAN_POINT('',(-0.00590901829298353,-0.0291214223809389,0.00825));
#5407=CARTESIAN_POINT('',(-0.00590901829298353,-0.0291214223809389,0.006));
#5408=CARTESIAN_POINT('',(-0.0109552641481488,-0.0296940299118842,0.00825));
#5409=CARTESIAN_POINT('',(-0.0109552641481488,-0.0296940299118842,0.006));
#5410=CARTESIAN_POINT('',(-0.0143106415977392,-0.0299314370224257,0.00825));
#5411=CARTESIAN_POINT('',(-0.0143106415977392,-0.0299314370224257,0.006));
#5412=CARTESIAN_POINT('',(-0.0147017495984728,-0.0294852010118027,0.00825));
#5413=CARTESIAN_POINT('',(-0.0147017495984728,-0.0294852010118027,0.006));
#5414=CARTESIAN_POINT('',(-0.0151476721405646,-0.0291772797519227,0.00825));
#5415=CARTESIAN_POINT('',(-0.0151476721405646,-0.0291772797519227,0.006));
#5416=CARTESIAN_POINT('',(-7.93003171159215E-5,-0.0288748911073207,0.00695002538559923));
#5417=CARTESIAN_POINT('',(-0.00125330014142381,-0.028874322167502,0.00694944489310882));
#5418=CARTESIAN_POINT('',(-0.00359170457095862,-0.0289636695569869,0.00686428548148327));
#5419=CARTESIAN_POINT('',(-0.00650081728765165,-0.0292124936348211,0.00663801497332124));
#5420=CARTESIAN_POINT('',(-0.00882413419548431,-0.0294503679011897,0.00643136205271123));
#5421=CARTESIAN_POINT('',(-0.0105661919949719,-0.0296309200471141,0.00627425630290773));
#5422=CARTESIAN_POINT('',(-0.012019566410482,-0.0297658732892023,0.00615031924268956));
#5423=CARTESIAN_POINT('',(-0.0131870100339139,-0.0298152160982832,0.00606044647497369));
#5424=CARTESIAN_POINT('',(-0.0137734698990263,-0.029804351212846,0.00601944107712613));
#5425=CARTESIAN_POINT('',(-0.0140701877559603,-0.0297487740749436,0.006));
#5426=CARTESIAN_POINT('',(-7.93003171159217E-5,-0.0288748911073207,0.00825));
#5427=CARTESIAN_POINT('',(-0.00596565719687713,-0.0288720384809856,0.00825));
#5428=CARTESIAN_POINT('',(-0.013942831947532,-0.0303888361737585,0.00825));
#5429=CARTESIAN_POINT('',(-0.015056491219435,-0.0290795073215854,0.00825));
#5430=CARTESIAN_POINT('',(-0.0189411518931747,-0.0271346838727996,0.00825));
#5431=CARTESIAN_POINT('',(-0.0221835164602592,-0.0242816406605687,0.00825));
#5432=CARTESIAN_POINT('',(-0.0232287658023565,-0.0232865483762292,0.00825));
#5433=CARTESIAN_POINT('',(-0.0257115020727414,-0.020679642929621,0.00825));
#5434=CARTESIAN_POINT('',(-0.0274791500907264,-0.0178414977216222,0.00825));
#5435=CARTESIAN_POINT('',(-0.0309409506776806,-0.0141117638161593,0.00825));
#5436=CARTESIAN_POINT('',(-0.0290201673652588,-0.00600959035881023,0.00825));
#5437=CARTESIAN_POINT('',(-0.0288750000000893,-3.69605034989967E-12,0.00825));
#5438=CARTESIAN_POINT('',(0.,0.,0.00825));
#5439=CARTESIAN_POINT('',(0.,0.,0.006));
#5440=CARTESIAN_POINT('',(0.0383,0.0140701877559603,0.006));
#5441=CARTESIAN_POINT('',(0.0315545412323476,0.0140701877559603,0.006));
#5442=CARTESIAN_POINT('',(0.0288586506843059,0.0140701877559603,0.006));
#5443=CARTESIAN_POINT('',(0.0315545412323476,0.00935075236034668,0.00630921936571657));
#5444=CARTESIAN_POINT('',(0.0288586506843059,0.00935075236034668,0.00630921936571657));
#5445=CARTESIAN_POINT('',(0.0315545412323476,-8.83461522181925E-5,0.00759205556306394));
#5446=CARTESIAN_POINT('',(0.0288586506843059,-8.83461522181925E-5,0.00759205556306394));
#5447=CARTESIAN_POINT('',(0.0315545412323476,-0.00941153768148169,0.00630667042852682));
#5448=CARTESIAN_POINT('',(0.0288586506843059,-0.00941153768148169,0.00630667042852682));
#5449=CARTESIAN_POINT('',(0.0315545412323476,-0.0143107481931926,0.006));
#5450=CARTESIAN_POINT('',(0.0288586506843059,-0.0143107481931926,0.006));
#5451=CARTESIAN_POINT('',(-0.0288222074687712,0.0140701877559603,0.006));
#5452=CARTESIAN_POINT('',(-0.0319368910228702,0.0140701877559603,0.006));
#5453=CARTESIAN_POINT('',(-0.0288222074687712,0.00935075236034668,0.00630921936571657));
#5454=CARTESIAN_POINT('',(-0.0319368910228702,0.00935075236034668,0.00630921936571657));
#5455=CARTESIAN_POINT('',(-0.0288222074687712,-8.83461522181925E-5,0.00759205556306394));
#5456=CARTESIAN_POINT('',(-0.0319368910228702,-8.83461522181925E-5,0.00759205556306394));
#5457=CARTESIAN_POINT('',(-0.0288222074687712,-0.00941153768148169,0.00630667042852682));
#5458=CARTESIAN_POINT('',(-0.0319368910228702,-0.00941153768148169,0.00630667042852682));
#5459=CARTESIAN_POINT('',(-0.0288222074687712,-0.0143107481931926,0.006));
#5460=CARTESIAN_POINT('',(-0.0319368910228702,-0.0143107481931926,0.006));
#5461=CARTESIAN_POINT('',(-0.0140701877559603,-0.0317949544410519,0.006));
#5462=CARTESIAN_POINT('',(-0.0140701877559603,-0.0288563350413698,0.006));
#5463=CARTESIAN_POINT('',(-0.0093507523603467,-0.0317949544410519,0.00630921936571657));
#5464=CARTESIAN_POINT('',(-0.0093507523603467,-0.0288563350413698,0.00630921936571657));
#5465=CARTESIAN_POINT('',(9.35614782193121E-5,-0.0317949544410519,0.00759210728092898));
#5466=CARTESIAN_POINT('',(9.35614782193121E-5,-0.0288563350413698,0.00759210728092898));
#5467=CARTESIAN_POINT('',(0.00885229691973321,-0.0317949544410519,0.00630667042852681));
#5468=CARTESIAN_POINT('',(0.00885229691973321,-0.0288563350413698,0.00630667042852681));
#5469=CARTESIAN_POINT('',(0.0137515074314441,-0.0317949544410519,0.006));
#5470=CARTESIAN_POINT('',(0.0137515074314441,-0.0288563350413698,0.006));
#5471=CARTESIAN_POINT('',(-0.0140701877559603,0.0288552296036723,0.006));
#5472=CARTESIAN_POINT('',(-0.0140701877559603,0.0315419795390539,0.006));
#5473=CARTESIAN_POINT('',(-0.0093507523603468,0.0288552296036723,0.00630921936571656));
#5474=CARTESIAN_POINT('',(-0.0093507523603468,0.0315419795390539,0.00630921936571656));
#5475=CARTESIAN_POINT('',(9.35614782188246E-5,0.0288552296036723,0.00759210728092898));
#5476=CARTESIAN_POINT('',(9.35614782188246E-5,0.0315419795390539,0.00759210728092898));
#5477=CARTESIAN_POINT('',(0.0088522969197331,0.0288552296036723,0.00630667042852682));
#5478=CARTESIAN_POINT('',(0.0088522969197331,0.0315419795390539,0.00630667042852682));
#5479=CARTESIAN_POINT('',(0.0137515074314441,0.0288552296036723,0.006));
#5480=CARTESIAN_POINT('',(0.0137515074314441,0.0315419795390539,0.006));
#5481=CARTESIAN_POINT('',(0.0154449388368552,0.0446032303588026,0.0927297735425926));
#5482=CARTESIAN_POINT('',(0.0154449388368553,0.0446032303588026,0.0717439934847633));
#5483=CARTESIAN_POINT('',(0.0154449388368553,0.0446032303588026,0.0717439934847633));
#5484=CARTESIAN_POINT('',(0.0154449388368552,0.0446032303588026,0.0927297735425926));
#5485=CARTESIAN_POINT('',(0.0260104487630254,0.0385032303588027,0.0717439934847633));
#5486=CARTESIAN_POINT('',(0.0365759586891955,0.0324032303588027,0.0717439934847633));
#5487=CARTESIAN_POINT('',(0.0365759586891955,0.0324032303588027,0.0717439934847633));
#5488=CARTESIAN_POINT('',(0.0260104487630254,0.0385032303588027,0.0717439934847633));
#5489=CARTESIAN_POINT('',(0.0365759586891955,0.0324032303588027,0.0821017702849743));
#5490=CARTESIAN_POINT('',(0.0365759586891955,0.0324032303588027,0.0821017702849743));
#5491=CARTESIAN_POINT('',(0.023175,0.0401402774654087,0.047291275113821));
#5492=CARTESIAN_POINT('',(-0.0383786796564404,0.00912132034355964,0.0035));
#5493=CARTESIAN_POINT('',(-0.0392573593128808,0.01,0.0035));
#5494=CARTESIAN_POINT('',(-0.0375,0.0082426406871193,0.0035));
#5495=CARTESIAN_POINT('',(-0.0375,0.00762132034355965,0.0035));
#5496=CARTESIAN_POINT('',(-0.0375,-0.00824264068711933,0.0035));
#5497=CARTESIAN_POINT('',(-0.0383786796564404,-0.00912132034355966,0.0035));
#5498=CARTESIAN_POINT('',(-0.0392573593128807,-0.01,0.0035));
#5499=CARTESIAN_POINT('',(-0.0398786796564403,-0.01,0.0035));
#5500=CARTESIAN_POINT('',(-0.0417426406871193,-0.01,0.0035));
#5501=CARTESIAN_POINT('',(-0.0426213203435597,-0.00912132034355966,0.0035));
#5502=CARTESIAN_POINT('',(-0.0435,-0.00824264068711932,0.0035));
#5503=CARTESIAN_POINT('',(-0.0435,-0.00762132034355966,0.0035));
#5504=CARTESIAN_POINT('',(-0.0435,0.00824264068711932,0.0035));
#5505=CARTESIAN_POINT('',(-0.0426213203435597,0.00912132034355967,0.0035));
#5506=CARTESIAN_POINT('',(-0.0417426406871193,0.01,0.0035));
#5507=CARTESIAN_POINT('',(-0.0411213203435596,0.01,0.0035));
#5508=MECHANICAL_DESIGN_GEOMETRIC_PRESENTATION_REPRESENTATION('',(#1103),
#5509);
#5509=(
GEOMETRIC_REPRESENTATION_CONTEXT(3)
GLOBAL_UNCERTAINTY_ASSIGNED_CONTEXT((#5510))
GLOBAL_UNIT_ASSIGNED_CONTEXT((#5513,#5512,#5511))
REPRESENTATION_CONTEXT('Part 1','TOP_LEVEL_ASSEMBLY_PART')
);
#5510=UNCERTAINTY_MEASURE_WITH_UNIT(LENGTH_MEASURE(2.E-5),#5513,
'DISTANCE_ACCURACY_VALUE','Maximum Tolerance applied to model');
#5511=(
NAMED_UNIT(*)
SI_UNIT($,.STERADIAN.)
SOLID_ANGLE_UNIT()
);
#5512=(
NAMED_UNIT(*)
PLANE_ANGLE_UNIT()
SI_UNIT($,.RADIAN.)
);
#5513=(
LENGTH_UNIT()
NAMED_UNIT(*)
SI_UNIT($,.METRE.)
);
#5514=PRODUCT_DEFINITION_SHAPE('','',#5515);
#5515=PRODUCT_DEFINITION('','',#5517,#5516);
#5516=PRODUCT_DEFINITION_CONTEXT('',#5523,'design');
#5517=PRODUCT_DEFINITION_FORMATION_WITH_SPECIFIED_SOURCE('','',#5519,
 .NOT_KNOWN.);
#5518=PRODUCT_RELATED_PRODUCT_CATEGORY('','',(#5519));
#5519=PRODUCT('Part 1','Part 1','Part 1',(#5521));
#5520=PRODUCT_CATEGORY('','');
#5521=PRODUCT_CONTEXT('',#5523,'mechanical');
#5522=APPLICATION_PROTOCOL_DEFINITION('international standard',
'ap242_managed_model_based_3d_engineering',2011,#5523);
#5523=APPLICATION_CONTEXT('managed model based 3d engineering');
ENDSEC;
END-ISO-10303-21;
